ISO-10303-21;
HEADER;
/* Generated by software containing ST-Developer
 * from STEP Tools, Inc. (www.steptools.com) 
 */
/* OPTION: using custom renumber hook */

FILE_DESCRIPTION(
/* description */ ('STEP AP242 Edition 2',
'CAx-IF Rec.Pracs.---Representation and Presentation of Product Manufa
cturing Information (PMI)---4.0---2014-10-13',
'CAx-IF Rec.Pracs.---3D Tessellated Geometry---0.4---2014-09-14','2;1',
'CAx-IF Rec.Pracs.---User Defined Attributes---1.5---2016-08-15'),
/* implementation_level */ '2;1');

FILE_NAME(
/* name */ 'Keycaps - 2.0u',
/* time_stamp */ '2026-04-23T14:41:54Z',
/* author */ (''),
/* organization */ (''),
/* preprocessor_version */ 'ST-DEVELOPER v20',
/* originating_system */ 'ONSHAPE BY PTC INC, 1.213',
/* authorisation */ '  ');

FILE_SCHEMA (('AP242_MANAGED_MODEL_BASED_3D_ENGINEERING_MIM_LF { 1 0 10303 442 3 1 4 }'));
ENDSEC;

DATA;
#10=SHAPE_REPRESENTATION_RELATIONSHIP('','',#2315,#11);
#11=ADVANCED_BREP_SHAPE_REPRESENTATION('',(#2313),#3838);
#12=SPHERICAL_SURFACE('',#2475,0.00061008);
#13=SPHERICAL_SURFACE('',#2480,0.00061008);
#14=SPHERICAL_SURFACE('',#2485,0.00061008);
#15=SPHERICAL_SURFACE('',#2490,0.00061008);
#16=ELLIPSE('',#2455,0.00065223185518821,0.00061008);
#17=ELLIPSE('',#2456,0.00065223185518821,0.00061008);
#18=ELLIPSE('',#2458,0.000652228850077105,0.00061008);
#19=ELLIPSE('',#2459,0.000652228850077105,0.00061008);
#20=ELLIPSE('',#2461,0.000652228765821906,0.00061008);
#21=ELLIPSE('',#2462,0.000652228765821906,0.00061008);
#22=ELLIPSE('',#2468,0.000652231770933399,0.00061008);
#23=ELLIPSE('',#2469,0.000652231770933399,0.00061008);
#24=B_SPLINE_SURFACE_WITH_KNOTS('',3,1,((#3688,#3689),(#3690,#3691),(#3692,
#3693),(#3694,#3695)),.SURF_OF_LINEAR_EXTRUSION.,.F.,.F.,.F.,(4,4),(2,2),
(2.4731924809433,3.97817172434813),(0.,1.),.PIECEWISE_BEZIER_KNOTS.);
#25=B_SPLINE_SURFACE_WITH_KNOTS('',3,1,((#3707,#3708),(#3709,#3710),(#3711,
#3712),(#3713,#3714)),.SURF_OF_LINEAR_EXTRUSION.,.F.,.F.,.F.,(4,4),(2,2),
(5.44663532653633,6.95161840811362),(0.,1.),.PIECEWISE_BEZIER_KNOTS.);
#26=B_SPLINE_SURFACE_WITH_KNOTS('',3,1,((#3726,#3727),(#3728,#3729),(#3730,
#3731),(#3732,#3733)),.SURF_OF_LINEAR_EXTRUSION.,.F.,.F.,.F.,(4,4),(2,2),
(2.47316069699264,3.97814393296574),(0.,1.),.PIECEWISE_BEZIER_KNOTS.);
#27=B_SPLINE_SURFACE_WITH_KNOTS('',3,1,((#3761,#3762),(#3763,#3764),(#3765,
#3766),(#3767,#3768)),.SURF_OF_LINEAR_EXTRUSION.,.F.,.F.,.F.,(4,4),(2,2),
(5.4466049376969,6.95158433550656),(0.,1.),.PIECEWISE_BEZIER_KNOTS.);
#28=CYLINDRICAL_SURFACE('',#2323,0.0026);
#29=CYLINDRICAL_SURFACE('',#2331,0.0026);
#30=CYLINDRICAL_SURFACE('',#2339,0.0026);
#31=CYLINDRICAL_SURFACE('',#2341,0.0026);
#32=CYLINDRICAL_SURFACE('',#2346,0.0026);
#33=CYLINDRICAL_SURFACE('',#2354,0.0026);
#34=CYLINDRICAL_SURFACE('',#2356,0.0026);
#35=CYLINDRICAL_SURFACE('',#2362,0.0026);
#36=CYLINDRICAL_SURFACE('',#2368,0.0026);
#37=CYLINDRICAL_SURFACE('',#2378,0.0003);
#38=CYLINDRICAL_SURFACE('',#2384,0.0003);
#39=CYLINDRICAL_SURFACE('',#2390,0.0003);
#40=CYLINDRICAL_SURFACE('',#2396,0.0003);
#41=CYLINDRICAL_SURFACE('',#2401,0.0026);
#42=CYLINDRICAL_SURFACE('',#2404,0.0003);
#43=CYLINDRICAL_SURFACE('',#2410,0.0003);
#44=CYLINDRICAL_SURFACE('',#2416,0.0003);
#45=CYLINDRICAL_SURFACE('',#2422,0.0003);
#46=CYLINDRICAL_SURFACE('',#2426,0.0026);
#47=CYLINDRICAL_SURFACE('',#2429,0.0003);
#48=CYLINDRICAL_SURFACE('',#2435,0.0003);
#49=CYLINDRICAL_SURFACE('',#2441,0.0003);
#50=CYLINDRICAL_SURFACE('',#2447,0.0003);
#51=CYLINDRICAL_SURFACE('',#2451,0.0026);
#52=CYLINDRICAL_SURFACE('',#2472,0.00061008);
#53=CYLINDRICAL_SURFACE('',#2478,0.00061008);
#54=CYLINDRICAL_SURFACE('',#2483,0.00061008);
#55=CYLINDRICAL_SURFACE('',#2488,0.00061008);
#56=CYLINDRICAL_SURFACE('',#2492,0.00061008);
#57=CYLINDRICAL_SURFACE('',#2494,0.00061008);
#58=CYLINDRICAL_SURFACE('',#2496,0.00061008);
#59=CYLINDRICAL_SURFACE('',#2498,0.00061008);
#60=CIRCLE('',#2318,0.0003);
#61=CIRCLE('',#2319,0.0026);
#62=CIRCLE('',#2321,0.0026);
#63=CIRCLE('',#2322,0.0003);
#64=CIRCLE('',#2324,0.0026);
#65=CIRCLE('',#2326,0.0003);
#66=CIRCLE('',#2327,0.0026);
#67=CIRCLE('',#2329,0.0026);
#68=CIRCLE('',#2330,0.0003);
#69=CIRCLE('',#2332,0.0026);
#70=CIRCLE('',#2334,0.0003);
#71=CIRCLE('',#2335,0.0026);
#72=CIRCLE('',#2337,0.0026);
#73=CIRCLE('',#2338,0.0003);
#74=CIRCLE('',#2340,0.0026);
#75=CIRCLE('',#2342,0.0026);
#76=CIRCLE('',#2343,0.0026);
#77=CIRCLE('',#2345,0.0003);
#78=CIRCLE('',#2347,0.0026);
#79=CIRCLE('',#2348,0.0026);
#80=CIRCLE('',#2350,0.0003);
#81=CIRCLE('',#2352,0.0003);
#82=CIRCLE('',#2353,0.0026);
#83=CIRCLE('',#2355,0.0026);
#84=CIRCLE('',#2357,0.0026);
#85=CIRCLE('',#2358,0.0026);
#86=CIRCLE('',#2360,0.0003);
#87=CIRCLE('',#2363,0.0026);
#88=CIRCLE('',#2364,0.0026);
#89=CIRCLE('',#2366,0.0003);
#90=CIRCLE('',#2369,0.0026);
#91=CIRCLE('',#2370,0.0026);
#92=CIRCLE('',#2372,0.0003);
#93=CIRCLE('',#2379,0.0003);
#94=CIRCLE('',#2385,0.0003);
#95=CIRCLE('',#2391,0.0003);
#96=CIRCLE('',#2397,0.0003);
#97=CIRCLE('',#2402,0.0026);
#98=CIRCLE('',#2405,0.0003);
#99=CIRCLE('',#2411,0.0003);
#100=CIRCLE('',#2417,0.0003);
#101=CIRCLE('',#2423,0.0003);
#102=CIRCLE('',#2427,0.0026);
#103=CIRCLE('',#2430,0.0003);
#104=CIRCLE('',#2436,0.0003);
#105=CIRCLE('',#2442,0.0003);
#106=CIRCLE('',#2448,0.0003);
#107=CIRCLE('',#2452,0.0026);
#108=CIRCLE('',#2473,0.00061008);
#109=CIRCLE('',#2474,0.00061008);
#110=CIRCLE('',#2476,0.00061008);
#111=CIRCLE('',#2477,0.00061008);
#112=CIRCLE('',#2479,0.00061008);
#113=CIRCLE('',#2481,0.00061008);
#114=CIRCLE('',#2482,0.00061008);
#115=CIRCLE('',#2484,0.00061008);
#116=CIRCLE('',#2486,0.00061008);
#117=CIRCLE('',#2487,0.00061008);
#118=CIRCLE('',#2489,0.00061008);
#119=CIRCLE('',#2491,0.00061008);
#120=ORIENTED_EDGE('',*,*,#766,.T.);
#121=ORIENTED_EDGE('',*,*,#767,.T.);
#122=ORIENTED_EDGE('',*,*,#768,.T.);
#123=ORIENTED_EDGE('',*,*,#769,.F.);
#124=ORIENTED_EDGE('',*,*,#770,.F.);
#125=ORIENTED_EDGE('',*,*,#771,.T.);
#126=ORIENTED_EDGE('',*,*,#772,.F.);
#127=ORIENTED_EDGE('',*,*,#773,.T.);
#128=ORIENTED_EDGE('',*,*,#774,.F.);
#129=ORIENTED_EDGE('',*,*,#775,.T.);
#130=ORIENTED_EDGE('',*,*,#776,.T.);
#131=ORIENTED_EDGE('',*,*,#777,.F.);
#132=ORIENTED_EDGE('',*,*,#778,.F.);
#133=ORIENTED_EDGE('',*,*,#779,.F.);
#134=ORIENTED_EDGE('',*,*,#780,.T.);
#135=ORIENTED_EDGE('',*,*,#781,.T.);
#136=ORIENTED_EDGE('',*,*,#774,.T.);
#137=ORIENTED_EDGE('',*,*,#782,.T.);
#138=ORIENTED_EDGE('',*,*,#783,.T.);
#139=ORIENTED_EDGE('',*,*,#784,.T.);
#140=ORIENTED_EDGE('',*,*,#785,.F.);
#141=ORIENTED_EDGE('',*,*,#786,.F.);
#142=ORIENTED_EDGE('',*,*,#787,.T.);
#143=ORIENTED_EDGE('',*,*,#788,.F.);
#144=ORIENTED_EDGE('',*,*,#789,.T.);
#145=ORIENTED_EDGE('',*,*,#790,.F.);
#146=ORIENTED_EDGE('',*,*,#791,.T.);
#147=ORIENTED_EDGE('',*,*,#792,.T.);
#148=ORIENTED_EDGE('',*,*,#793,.F.);
#149=ORIENTED_EDGE('',*,*,#794,.F.);
#150=ORIENTED_EDGE('',*,*,#795,.F.);
#151=ORIENTED_EDGE('',*,*,#796,.T.);
#152=ORIENTED_EDGE('',*,*,#797,.T.);
#153=ORIENTED_EDGE('',*,*,#790,.T.);
#154=ORIENTED_EDGE('',*,*,#798,.T.);
#155=ORIENTED_EDGE('',*,*,#799,.T.);
#156=ORIENTED_EDGE('',*,*,#800,.T.);
#157=ORIENTED_EDGE('',*,*,#801,.F.);
#158=ORIENTED_EDGE('',*,*,#802,.F.);
#159=ORIENTED_EDGE('',*,*,#803,.T.);
#160=ORIENTED_EDGE('',*,*,#804,.F.);
#161=ORIENTED_EDGE('',*,*,#805,.T.);
#162=ORIENTED_EDGE('',*,*,#806,.F.);
#163=ORIENTED_EDGE('',*,*,#807,.T.);
#164=ORIENTED_EDGE('',*,*,#808,.T.);
#165=ORIENTED_EDGE('',*,*,#809,.F.);
#166=ORIENTED_EDGE('',*,*,#810,.F.);
#167=ORIENTED_EDGE('',*,*,#811,.F.);
#168=ORIENTED_EDGE('',*,*,#812,.T.);
#169=ORIENTED_EDGE('',*,*,#813,.T.);
#170=ORIENTED_EDGE('',*,*,#806,.T.);
#171=ORIENTED_EDGE('',*,*,#814,.F.);
#172=ORIENTED_EDGE('',*,*,#815,.T.);
#173=ORIENTED_EDGE('',*,*,#816,.F.);
#174=ORIENTED_EDGE('',*,*,#817,.T.);
#175=ORIENTED_EDGE('',*,*,#818,.T.);
#176=ORIENTED_EDGE('',*,*,#817,.F.);
#177=ORIENTED_EDGE('',*,*,#819,.F.);
#178=ORIENTED_EDGE('',*,*,#820,.T.);
#179=ORIENTED_EDGE('',*,*,#821,.T.);
#180=ORIENTED_EDGE('',*,*,#822,.F.);
#181=ORIENTED_EDGE('',*,*,#823,.F.);
#182=ORIENTED_EDGE('',*,*,#824,.F.);
#183=ORIENTED_EDGE('',*,*,#825,.T.);
#184=ORIENTED_EDGE('',*,*,#826,.F.);
#185=ORIENTED_EDGE('',*,*,#827,.T.);
#186=ORIENTED_EDGE('',*,*,#828,.T.);
#187=ORIENTED_EDGE('',*,*,#827,.F.);
#188=ORIENTED_EDGE('',*,*,#829,.F.);
#189=ORIENTED_EDGE('',*,*,#830,.T.);
#190=ORIENTED_EDGE('',*,*,#831,.T.);
#191=ORIENTED_EDGE('',*,*,#832,.F.);
#192=ORIENTED_EDGE('',*,*,#833,.F.);
#193=ORIENTED_EDGE('',*,*,#834,.T.);
#194=ORIENTED_EDGE('',*,*,#835,.T.);
#195=ORIENTED_EDGE('',*,*,#836,.T.);
#196=ORIENTED_EDGE('',*,*,#837,.F.);
#197=ORIENTED_EDGE('',*,*,#838,.F.);
#198=ORIENTED_EDGE('',*,*,#839,.T.);
#199=ORIENTED_EDGE('',*,*,#840,.F.);
#200=ORIENTED_EDGE('',*,*,#841,.T.);
#201=ORIENTED_EDGE('',*,*,#842,.T.);
#202=ORIENTED_EDGE('',*,*,#804,.T.);
#203=ORIENTED_EDGE('',*,*,#843,.F.);
#204=ORIENTED_EDGE('',*,*,#844,.F.);
#205=ORIENTED_EDGE('',*,*,#845,.T.);
#206=ORIENTED_EDGE('',*,*,#846,.T.);
#207=ORIENTED_EDGE('',*,*,#847,.T.);
#208=ORIENTED_EDGE('',*,*,#848,.T.);
#209=ORIENTED_EDGE('',*,*,#847,.F.);
#210=ORIENTED_EDGE('',*,*,#849,.T.);
#211=ORIENTED_EDGE('',*,*,#850,.T.);
#212=ORIENTED_EDGE('',*,*,#851,.F.);
#213=ORIENTED_EDGE('',*,*,#852,.F.);
#214=ORIENTED_EDGE('',*,*,#853,.T.);
#215=ORIENTED_EDGE('',*,*,#854,.T.);
#216=ORIENTED_EDGE('',*,*,#855,.T.);
#217=ORIENTED_EDGE('',*,*,#856,.T.);
#218=ORIENTED_EDGE('',*,*,#857,.T.);
#219=ORIENTED_EDGE('',*,*,#858,.F.);
#220=ORIENTED_EDGE('',*,*,#857,.F.);
#221=ORIENTED_EDGE('',*,*,#859,.T.);
#222=ORIENTED_EDGE('',*,*,#860,.T.);
#223=ORIENTED_EDGE('',*,*,#861,.F.);
#224=ORIENTED_EDGE('',*,*,#862,.F.);
#225=ORIENTED_EDGE('',*,*,#863,.T.);
#226=ORIENTED_EDGE('',*,*,#864,.T.);
#227=ORIENTED_EDGE('',*,*,#865,.T.);
#228=ORIENTED_EDGE('',*,*,#866,.T.);
#229=ORIENTED_EDGE('',*,*,#867,.T.);
#230=ORIENTED_EDGE('',*,*,#868,.T.);
#231=ORIENTED_EDGE('',*,*,#869,.F.);
#232=ORIENTED_EDGE('',*,*,#868,.F.);
#233=ORIENTED_EDGE('',*,*,#870,.T.);
#234=ORIENTED_EDGE('',*,*,#871,.T.);
#235=ORIENTED_EDGE('',*,*,#872,.F.);
#236=ORIENTED_EDGE('',*,*,#873,.F.);
#237=ORIENTED_EDGE('',*,*,#874,.T.);
#238=ORIENTED_EDGE('',*,*,#875,.T.);
#239=ORIENTED_EDGE('',*,*,#876,.T.);
#240=ORIENTED_EDGE('',*,*,#877,.T.);
#241=ORIENTED_EDGE('',*,*,#878,.F.);
#242=ORIENTED_EDGE('',*,*,#879,.F.);
#243=ORIENTED_EDGE('',*,*,#880,.T.);
#244=ORIENTED_EDGE('',*,*,#881,.T.);
#245=ORIENTED_EDGE('',*,*,#882,.T.);
#246=ORIENTED_EDGE('',*,*,#876,.F.);
#247=ORIENTED_EDGE('',*,*,#883,.T.);
#248=ORIENTED_EDGE('',*,*,#879,.T.);
#249=ORIENTED_EDGE('',*,*,#884,.T.);
#250=ORIENTED_EDGE('',*,*,#881,.F.);
#251=ORIENTED_EDGE('',*,*,#885,.T.);
#252=ORIENTED_EDGE('',*,*,#878,.T.);
#253=ORIENTED_EDGE('',*,*,#886,.T.);
#254=ORIENTED_EDGE('',*,*,#887,.F.);
#255=ORIENTED_EDGE('',*,*,#888,.T.);
#256=ORIENTED_EDGE('',*,*,#836,.F.);
#257=ORIENTED_EDGE('',*,*,#889,.F.);
#258=ORIENTED_EDGE('',*,*,#888,.F.);
#259=ORIENTED_EDGE('',*,*,#890,.T.);
#260=ORIENTED_EDGE('',*,*,#891,.T.);
#261=ORIENTED_EDGE('',*,*,#837,.T.);
#262=ORIENTED_EDGE('',*,*,#891,.F.);
#263=ORIENTED_EDGE('',*,*,#892,.T.);
#264=ORIENTED_EDGE('',*,*,#893,.T.);
#265=ORIENTED_EDGE('',*,*,#838,.T.);
#266=ORIENTED_EDGE('',*,*,#894,.F.);
#267=ORIENTED_EDGE('',*,*,#895,.F.);
#268=ORIENTED_EDGE('',*,*,#896,.T.);
#269=ORIENTED_EDGE('',*,*,#839,.F.);
#270=ORIENTED_EDGE('',*,*,#893,.F.);
#271=ORIENTED_EDGE('',*,*,#897,.F.);
#272=ORIENTED_EDGE('',*,*,#898,.T.);
#273=ORIENTED_EDGE('',*,*,#849,.F.);
#274=ORIENTED_EDGE('',*,*,#846,.F.);
#275=ORIENTED_EDGE('',*,*,#899,.F.);
#276=ORIENTED_EDGE('',*,*,#900,.T.);
#277=ORIENTED_EDGE('',*,*,#850,.F.);
#278=ORIENTED_EDGE('',*,*,#898,.F.);
#279=ORIENTED_EDGE('',*,*,#900,.F.);
#280=ORIENTED_EDGE('',*,*,#901,.T.);
#281=ORIENTED_EDGE('',*,*,#902,.T.);
#282=ORIENTED_EDGE('',*,*,#851,.T.);
#283=ORIENTED_EDGE('',*,*,#902,.F.);
#284=ORIENTED_EDGE('',*,*,#903,.T.);
#285=ORIENTED_EDGE('',*,*,#904,.T.);
#286=ORIENTED_EDGE('',*,*,#852,.T.);
#287=ORIENTED_EDGE('',*,*,#905,.F.);
#288=ORIENTED_EDGE('',*,*,#906,.F.);
#289=ORIENTED_EDGE('',*,*,#844,.T.);
#290=ORIENTED_EDGE('',*,*,#848,.F.);
#291=ORIENTED_EDGE('',*,*,#904,.F.);
#292=ORIENTED_EDGE('',*,*,#907,.F.);
#293=ORIENTED_EDGE('',*,*,#908,.T.);
#294=ORIENTED_EDGE('',*,*,#807,.F.);
#295=ORIENTED_EDGE('',*,*,#813,.F.);
#296=ORIENTED_EDGE('',*,*,#909,.T.);
#297=ORIENTED_EDGE('',*,*,#910,.F.);
#298=ORIENTED_EDGE('',*,*,#911,.T.);
#299=ORIENTED_EDGE('',*,*,#808,.F.);
#300=ORIENTED_EDGE('',*,*,#908,.F.);
#301=ORIENTED_EDGE('',*,*,#911,.F.);
#302=ORIENTED_EDGE('',*,*,#912,.T.);
#303=ORIENTED_EDGE('',*,*,#913,.T.);
#304=ORIENTED_EDGE('',*,*,#809,.T.);
#305=ORIENTED_EDGE('',*,*,#913,.F.);
#306=ORIENTED_EDGE('',*,*,#914,.T.);
#307=ORIENTED_EDGE('',*,*,#915,.T.);
#308=ORIENTED_EDGE('',*,*,#810,.T.);
#309=ORIENTED_EDGE('',*,*,#916,.F.);
#310=ORIENTED_EDGE('',*,*,#917,.F.);
#311=ORIENTED_EDGE('',*,*,#811,.T.);
#312=ORIENTED_EDGE('',*,*,#805,.F.);
#313=ORIENTED_EDGE('',*,*,#915,.F.);
#314=ORIENTED_EDGE('',*,*,#918,.F.);
#315=ORIENTED_EDGE('',*,*,#919,.T.);
#316=ORIENTED_EDGE('',*,*,#799,.F.);
#317=ORIENTED_EDGE('',*,*,#920,.F.);
#318=ORIENTED_EDGE('',*,*,#921,.F.);
#319=ORIENTED_EDGE('',*,*,#922,.T.);
#320=ORIENTED_EDGE('',*,*,#800,.F.);
#321=ORIENTED_EDGE('',*,*,#919,.F.);
#322=ORIENTED_EDGE('',*,*,#922,.F.);
#323=ORIENTED_EDGE('',*,*,#923,.T.);
#324=ORIENTED_EDGE('',*,*,#924,.T.);
#325=ORIENTED_EDGE('',*,*,#801,.T.);
#326=ORIENTED_EDGE('',*,*,#924,.F.);
#327=ORIENTED_EDGE('',*,*,#925,.T.);
#328=ORIENTED_EDGE('',*,*,#926,.T.);
#329=ORIENTED_EDGE('',*,*,#802,.T.);
#330=ORIENTED_EDGE('',*,*,#927,.F.);
#331=ORIENTED_EDGE('',*,*,#928,.F.);
#332=ORIENTED_EDGE('',*,*,#843,.T.);
#333=ORIENTED_EDGE('',*,*,#803,.F.);
#334=ORIENTED_EDGE('',*,*,#926,.F.);
#335=ORIENTED_EDGE('',*,*,#929,.F.);
#336=ORIENTED_EDGE('',*,*,#889,.T.);
#337=ORIENTED_EDGE('',*,*,#835,.F.);
#338=ORIENTED_EDGE('',*,*,#930,.F.);
#339=ORIENTED_EDGE('',*,*,#931,.T.);
#340=ORIENTED_EDGE('',*,*,#932,.T.);
#341=ORIENTED_EDGE('',*,*,#840,.T.);
#342=ORIENTED_EDGE('',*,*,#896,.F.);
#343=ORIENTED_EDGE('',*,*,#933,.F.);
#344=ORIENTED_EDGE('',*,*,#934,.T.);
#345=ORIENTED_EDGE('',*,*,#821,.F.);
#346=ORIENTED_EDGE('',*,*,#935,.F.);
#347=ORIENTED_EDGE('',*,*,#934,.F.);
#348=ORIENTED_EDGE('',*,*,#936,.T.);
#349=ORIENTED_EDGE('',*,*,#937,.T.);
#350=ORIENTED_EDGE('',*,*,#822,.T.);
#351=ORIENTED_EDGE('',*,*,#937,.F.);
#352=ORIENTED_EDGE('',*,*,#938,.T.);
#353=ORIENTED_EDGE('',*,*,#939,.T.);
#354=ORIENTED_EDGE('',*,*,#823,.T.);
#355=ORIENTED_EDGE('',*,*,#940,.F.);
#356=ORIENTED_EDGE('',*,*,#941,.F.);
#357=ORIENTED_EDGE('',*,*,#814,.T.);
#358=ORIENTED_EDGE('',*,*,#818,.F.);
#359=ORIENTED_EDGE('',*,*,#939,.F.);
#360=ORIENTED_EDGE('',*,*,#942,.F.);
#361=ORIENTED_EDGE('',*,*,#943,.T.);
#362=ORIENTED_EDGE('',*,*,#859,.F.);
#363=ORIENTED_EDGE('',*,*,#856,.F.);
#364=ORIENTED_EDGE('',*,*,#944,.F.);
#365=ORIENTED_EDGE('',*,*,#945,.T.);
#366=ORIENTED_EDGE('',*,*,#860,.F.);
#367=ORIENTED_EDGE('',*,*,#943,.F.);
#368=ORIENTED_EDGE('',*,*,#945,.F.);
#369=ORIENTED_EDGE('',*,*,#946,.T.);
#370=ORIENTED_EDGE('',*,*,#947,.T.);
#371=ORIENTED_EDGE('',*,*,#861,.T.);
#372=ORIENTED_EDGE('',*,*,#947,.F.);
#373=ORIENTED_EDGE('',*,*,#948,.T.);
#374=ORIENTED_EDGE('',*,*,#949,.T.);
#375=ORIENTED_EDGE('',*,*,#862,.T.);
#376=ORIENTED_EDGE('',*,*,#950,.F.);
#377=ORIENTED_EDGE('',*,*,#951,.F.);
#378=ORIENTED_EDGE('',*,*,#858,.T.);
#379=ORIENTED_EDGE('',*,*,#863,.F.);
#380=ORIENTED_EDGE('',*,*,#949,.F.);
#381=ORIENTED_EDGE('',*,*,#952,.F.);
#382=ORIENTED_EDGE('',*,*,#953,.T.);
#383=ORIENTED_EDGE('',*,*,#775,.F.);
#384=ORIENTED_EDGE('',*,*,#781,.F.);
#385=ORIENTED_EDGE('',*,*,#954,.T.);
#386=ORIENTED_EDGE('',*,*,#955,.F.);
#387=ORIENTED_EDGE('',*,*,#956,.T.);
#388=ORIENTED_EDGE('',*,*,#776,.F.);
#389=ORIENTED_EDGE('',*,*,#953,.F.);
#390=ORIENTED_EDGE('',*,*,#956,.F.);
#391=ORIENTED_EDGE('',*,*,#957,.T.);
#392=ORIENTED_EDGE('',*,*,#958,.T.);
#393=ORIENTED_EDGE('',*,*,#777,.T.);
#394=ORIENTED_EDGE('',*,*,#958,.F.);
#395=ORIENTED_EDGE('',*,*,#959,.T.);
#396=ORIENTED_EDGE('',*,*,#960,.T.);
#397=ORIENTED_EDGE('',*,*,#778,.T.);
#398=ORIENTED_EDGE('',*,*,#961,.F.);
#399=ORIENTED_EDGE('',*,*,#962,.F.);
#400=ORIENTED_EDGE('',*,*,#779,.T.);
#401=ORIENTED_EDGE('',*,*,#773,.F.);
#402=ORIENTED_EDGE('',*,*,#960,.F.);
#403=ORIENTED_EDGE('',*,*,#963,.F.);
#404=ORIENTED_EDGE('',*,*,#964,.T.);
#405=ORIENTED_EDGE('',*,*,#767,.F.);
#406=ORIENTED_EDGE('',*,*,#965,.F.);
#407=ORIENTED_EDGE('',*,*,#966,.F.);
#408=ORIENTED_EDGE('',*,*,#967,.T.);
#409=ORIENTED_EDGE('',*,*,#768,.F.);
#410=ORIENTED_EDGE('',*,*,#964,.F.);
#411=ORIENTED_EDGE('',*,*,#967,.F.);
#412=ORIENTED_EDGE('',*,*,#968,.T.);
#413=ORIENTED_EDGE('',*,*,#969,.T.);
#414=ORIENTED_EDGE('',*,*,#769,.T.);
#415=ORIENTED_EDGE('',*,*,#969,.F.);
#416=ORIENTED_EDGE('',*,*,#970,.T.);
#417=ORIENTED_EDGE('',*,*,#971,.T.);
#418=ORIENTED_EDGE('',*,*,#770,.T.);
#419=ORIENTED_EDGE('',*,*,#972,.F.);
#420=ORIENTED_EDGE('',*,*,#935,.T.);
#421=ORIENTED_EDGE('',*,*,#820,.F.);
#422=ORIENTED_EDGE('',*,*,#853,.F.);
#423=ORIENTED_EDGE('',*,*,#973,.T.);
#424=ORIENTED_EDGE('',*,*,#974,.T.);
#425=ORIENTED_EDGE('',*,*,#772,.T.);
#426=ORIENTED_EDGE('',*,*,#975,.T.);
#427=ORIENTED_EDGE('',*,*,#976,.F.);
#428=ORIENTED_EDGE('',*,*,#977,.T.);
#429=ORIENTED_EDGE('',*,*,#831,.F.);
#430=ORIENTED_EDGE('',*,*,#978,.F.);
#431=ORIENTED_EDGE('',*,*,#977,.F.);
#432=ORIENTED_EDGE('',*,*,#979,.T.);
#433=ORIENTED_EDGE('',*,*,#980,.T.);
#434=ORIENTED_EDGE('',*,*,#832,.T.);
#435=ORIENTED_EDGE('',*,*,#980,.F.);
#436=ORIENTED_EDGE('',*,*,#981,.T.);
#437=ORIENTED_EDGE('',*,*,#982,.T.);
#438=ORIENTED_EDGE('',*,*,#833,.T.);
#439=ORIENTED_EDGE('',*,*,#983,.F.);
#440=ORIENTED_EDGE('',*,*,#984,.F.);
#441=ORIENTED_EDGE('',*,*,#824,.T.);
#442=ORIENTED_EDGE('',*,*,#828,.F.);
#443=ORIENTED_EDGE('',*,*,#982,.F.);
#444=ORIENTED_EDGE('',*,*,#985,.F.);
#445=ORIENTED_EDGE('',*,*,#986,.T.);
#446=ORIENTED_EDGE('',*,*,#870,.F.);
#447=ORIENTED_EDGE('',*,*,#867,.F.);
#448=ORIENTED_EDGE('',*,*,#987,.F.);
#449=ORIENTED_EDGE('',*,*,#988,.T.);
#450=ORIENTED_EDGE('',*,*,#871,.F.);
#451=ORIENTED_EDGE('',*,*,#986,.F.);
#452=ORIENTED_EDGE('',*,*,#988,.F.);
#453=ORIENTED_EDGE('',*,*,#989,.T.);
#454=ORIENTED_EDGE('',*,*,#990,.T.);
#455=ORIENTED_EDGE('',*,*,#872,.T.);
#456=ORIENTED_EDGE('',*,*,#990,.F.);
#457=ORIENTED_EDGE('',*,*,#991,.T.);
#458=ORIENTED_EDGE('',*,*,#992,.T.);
#459=ORIENTED_EDGE('',*,*,#873,.T.);
#460=ORIENTED_EDGE('',*,*,#993,.F.);
#461=ORIENTED_EDGE('',*,*,#994,.F.);
#462=ORIENTED_EDGE('',*,*,#869,.T.);
#463=ORIENTED_EDGE('',*,*,#874,.F.);
#464=ORIENTED_EDGE('',*,*,#992,.F.);
#465=ORIENTED_EDGE('',*,*,#995,.F.);
#466=ORIENTED_EDGE('',*,*,#996,.T.);
#467=ORIENTED_EDGE('',*,*,#791,.F.);
#468=ORIENTED_EDGE('',*,*,#797,.F.);
#469=ORIENTED_EDGE('',*,*,#997,.T.);
#470=ORIENTED_EDGE('',*,*,#998,.F.);
#471=ORIENTED_EDGE('',*,*,#999,.T.);
#472=ORIENTED_EDGE('',*,*,#792,.F.);
#473=ORIENTED_EDGE('',*,*,#996,.F.);
#474=ORIENTED_EDGE('',*,*,#999,.F.);
#475=ORIENTED_EDGE('',*,*,#1000,.T.);
#476=ORIENTED_EDGE('',*,*,#1001,.T.);
#477=ORIENTED_EDGE('',*,*,#793,.T.);
#478=ORIENTED_EDGE('',*,*,#1001,.F.);
#479=ORIENTED_EDGE('',*,*,#1002,.T.);
#480=ORIENTED_EDGE('',*,*,#1003,.T.);
#481=ORIENTED_EDGE('',*,*,#794,.T.);
#482=ORIENTED_EDGE('',*,*,#1004,.F.);
#483=ORIENTED_EDGE('',*,*,#1005,.F.);
#484=ORIENTED_EDGE('',*,*,#795,.T.);
#485=ORIENTED_EDGE('',*,*,#789,.F.);
#486=ORIENTED_EDGE('',*,*,#1003,.F.);
#487=ORIENTED_EDGE('',*,*,#1006,.F.);
#488=ORIENTED_EDGE('',*,*,#1007,.T.);
#489=ORIENTED_EDGE('',*,*,#783,.F.);
#490=ORIENTED_EDGE('',*,*,#1008,.F.);
#491=ORIENTED_EDGE('',*,*,#1009,.F.);
#492=ORIENTED_EDGE('',*,*,#1010,.T.);
#493=ORIENTED_EDGE('',*,*,#784,.F.);
#494=ORIENTED_EDGE('',*,*,#1007,.F.);
#495=ORIENTED_EDGE('',*,*,#1010,.F.);
#496=ORIENTED_EDGE('',*,*,#1011,.T.);
#497=ORIENTED_EDGE('',*,*,#1012,.T.);
#498=ORIENTED_EDGE('',*,*,#785,.T.);
#499=ORIENTED_EDGE('',*,*,#1012,.F.);
#500=ORIENTED_EDGE('',*,*,#1013,.T.);
#501=ORIENTED_EDGE('',*,*,#1014,.T.);
#502=ORIENTED_EDGE('',*,*,#786,.T.);
#503=ORIENTED_EDGE('',*,*,#1015,.F.);
#504=ORIENTED_EDGE('',*,*,#978,.T.);
#505=ORIENTED_EDGE('',*,*,#830,.F.);
#506=ORIENTED_EDGE('',*,*,#864,.F.);
#507=ORIENTED_EDGE('',*,*,#1016,.T.);
#508=ORIENTED_EDGE('',*,*,#1017,.T.);
#509=ORIENTED_EDGE('',*,*,#788,.T.);
#510=ORIENTED_EDGE('',*,*,#1018,.T.);
#511=ORIENTED_EDGE('',*,*,#962,.T.);
#512=ORIENTED_EDGE('',*,*,#961,.T.);
#513=ORIENTED_EDGE('',*,*,#959,.F.);
#514=ORIENTED_EDGE('',*,*,#957,.F.);
#515=ORIENTED_EDGE('',*,*,#955,.T.);
#516=ORIENTED_EDGE('',*,*,#952,.T.);
#517=ORIENTED_EDGE('',*,*,#954,.F.);
#518=ORIENTED_EDGE('',*,*,#780,.F.);
#519=ORIENTED_EDGE('',*,*,#963,.T.);
#520=ORIENTED_EDGE('',*,*,#1019,.F.);
#521=ORIENTED_EDGE('',*,*,#973,.F.);
#522=ORIENTED_EDGE('',*,*,#1020,.F.);
#523=ORIENTED_EDGE('',*,*,#1021,.T.);
#524=ORIENTED_EDGE('',*,*,#970,.F.);
#525=ORIENTED_EDGE('',*,*,#968,.F.);
#526=ORIENTED_EDGE('',*,*,#966,.T.);
#527=ORIENTED_EDGE('',*,*,#1005,.T.);
#528=ORIENTED_EDGE('',*,*,#1004,.T.);
#529=ORIENTED_EDGE('',*,*,#1002,.F.);
#530=ORIENTED_EDGE('',*,*,#1000,.F.);
#531=ORIENTED_EDGE('',*,*,#998,.T.);
#532=ORIENTED_EDGE('',*,*,#995,.T.);
#533=ORIENTED_EDGE('',*,*,#997,.F.);
#534=ORIENTED_EDGE('',*,*,#796,.F.);
#535=ORIENTED_EDGE('',*,*,#1006,.T.);
#536=ORIENTED_EDGE('',*,*,#1022,.F.);
#537=ORIENTED_EDGE('',*,*,#1016,.F.);
#538=ORIENTED_EDGE('',*,*,#1023,.F.);
#539=ORIENTED_EDGE('',*,*,#1024,.T.);
#540=ORIENTED_EDGE('',*,*,#1013,.F.);
#541=ORIENTED_EDGE('',*,*,#1011,.F.);
#542=ORIENTED_EDGE('',*,*,#1009,.T.);
#543=ORIENTED_EDGE('',*,*,#917,.T.);
#544=ORIENTED_EDGE('',*,*,#916,.T.);
#545=ORIENTED_EDGE('',*,*,#914,.F.);
#546=ORIENTED_EDGE('',*,*,#912,.F.);
#547=ORIENTED_EDGE('',*,*,#910,.T.);
#548=ORIENTED_EDGE('',*,*,#907,.T.);
#549=ORIENTED_EDGE('',*,*,#909,.F.);
#550=ORIENTED_EDGE('',*,*,#812,.F.);
#551=ORIENTED_EDGE('',*,*,#918,.T.);
#552=ORIENTED_EDGE('',*,*,#1025,.F.);
#553=ORIENTED_EDGE('',*,*,#841,.F.);
#554=ORIENTED_EDGE('',*,*,#928,.T.);
#555=ORIENTED_EDGE('',*,*,#927,.T.);
#556=ORIENTED_EDGE('',*,*,#925,.F.);
#557=ORIENTED_EDGE('',*,*,#923,.F.);
#558=ORIENTED_EDGE('',*,*,#921,.T.);
#559=ORIENTED_EDGE('',*,*,#941,.T.);
#560=ORIENTED_EDGE('',*,*,#940,.T.);
#561=ORIENTED_EDGE('',*,*,#938,.F.);
#562=ORIENTED_EDGE('',*,*,#936,.F.);
#563=ORIENTED_EDGE('',*,*,#933,.T.);
#564=ORIENTED_EDGE('',*,*,#972,.T.);
#565=ORIENTED_EDGE('',*,*,#1026,.T.);
#566=ORIENTED_EDGE('',*,*,#815,.F.);
#567=ORIENTED_EDGE('',*,*,#942,.T.);
#568=ORIENTED_EDGE('',*,*,#855,.F.);
#569=ORIENTED_EDGE('',*,*,#951,.T.);
#570=ORIENTED_EDGE('',*,*,#950,.T.);
#571=ORIENTED_EDGE('',*,*,#948,.F.);
#572=ORIENTED_EDGE('',*,*,#946,.F.);
#573=ORIENTED_EDGE('',*,*,#944,.T.);
#574=ORIENTED_EDGE('',*,*,#984,.T.);
#575=ORIENTED_EDGE('',*,*,#983,.T.);
#576=ORIENTED_EDGE('',*,*,#981,.F.);
#577=ORIENTED_EDGE('',*,*,#979,.F.);
#578=ORIENTED_EDGE('',*,*,#976,.T.);
#579=ORIENTED_EDGE('',*,*,#1015,.T.);
#580=ORIENTED_EDGE('',*,*,#1027,.T.);
#581=ORIENTED_EDGE('',*,*,#825,.F.);
#582=ORIENTED_EDGE('',*,*,#985,.T.);
#583=ORIENTED_EDGE('',*,*,#866,.F.);
#584=ORIENTED_EDGE('',*,*,#994,.T.);
#585=ORIENTED_EDGE('',*,*,#993,.T.);
#586=ORIENTED_EDGE('',*,*,#991,.F.);
#587=ORIENTED_EDGE('',*,*,#989,.F.);
#588=ORIENTED_EDGE('',*,*,#987,.T.);
#589=ORIENTED_EDGE('',*,*,#929,.T.);
#590=ORIENTED_EDGE('',*,*,#1028,.F.);
#591=ORIENTED_EDGE('',*,*,#931,.F.);
#592=ORIENTED_EDGE('',*,*,#895,.T.);
#593=ORIENTED_EDGE('',*,*,#894,.T.);
#594=ORIENTED_EDGE('',*,*,#892,.F.);
#595=ORIENTED_EDGE('',*,*,#890,.F.);
#596=ORIENTED_EDGE('',*,*,#887,.T.);
#597=ORIENTED_EDGE('',*,*,#906,.T.);
#598=ORIENTED_EDGE('',*,*,#905,.T.);
#599=ORIENTED_EDGE('',*,*,#903,.F.);
#600=ORIENTED_EDGE('',*,*,#901,.F.);
#601=ORIENTED_EDGE('',*,*,#899,.T.);
#602=ORIENTED_EDGE('',*,*,#897,.T.);
#603=ORIENTED_EDGE('',*,*,#845,.F.);
#604=ORIENTED_EDGE('',*,*,#875,.F.);
#605=ORIENTED_EDGE('',*,*,#885,.F.);
#606=ORIENTED_EDGE('',*,*,#880,.F.);
#607=ORIENTED_EDGE('',*,*,#883,.F.);
#608=ORIENTED_EDGE('',*,*,#1029,.T.);
#609=ORIENTED_EDGE('',*,*,#1030,.F.);
#610=ORIENTED_EDGE('',*,*,#1031,.F.);
#611=ORIENTED_EDGE('',*,*,#1032,.T.);
#612=ORIENTED_EDGE('',*,*,#1033,.T.);
#613=ORIENTED_EDGE('',*,*,#1034,.F.);
#614=ORIENTED_EDGE('',*,*,#1035,.F.);
#615=ORIENTED_EDGE('',*,*,#1030,.T.);
#616=ORIENTED_EDGE('',*,*,#1036,.T.);
#617=ORIENTED_EDGE('',*,*,#1037,.F.);
#618=ORIENTED_EDGE('',*,*,#1038,.F.);
#619=ORIENTED_EDGE('',*,*,#1034,.T.);
#620=ORIENTED_EDGE('',*,*,#1039,.T.);
#621=ORIENTED_EDGE('',*,*,#1040,.F.);
#622=ORIENTED_EDGE('',*,*,#1041,.F.);
#623=ORIENTED_EDGE('',*,*,#1037,.T.);
#624=ORIENTED_EDGE('',*,*,#1042,.T.);
#625=ORIENTED_EDGE('',*,*,#1043,.F.);
#626=ORIENTED_EDGE('',*,*,#1044,.F.);
#627=ORIENTED_EDGE('',*,*,#1040,.T.);
#628=ORIENTED_EDGE('',*,*,#1045,.T.);
#629=ORIENTED_EDGE('',*,*,#1046,.F.);
#630=ORIENTED_EDGE('',*,*,#1047,.F.);
#631=ORIENTED_EDGE('',*,*,#1043,.T.);
#632=ORIENTED_EDGE('',*,*,#1048,.T.);
#633=ORIENTED_EDGE('',*,*,#1049,.F.);
#634=ORIENTED_EDGE('',*,*,#1050,.F.);
#635=ORIENTED_EDGE('',*,*,#1046,.T.);
#636=ORIENTED_EDGE('',*,*,#882,.F.);
#637=ORIENTED_EDGE('',*,*,#1051,.F.);
#638=ORIENTED_EDGE('',*,*,#1052,.T.);
#639=ORIENTED_EDGE('',*,*,#1053,.T.);
#640=ORIENTED_EDGE('',*,*,#886,.F.);
#641=ORIENTED_EDGE('',*,*,#1054,.F.);
#642=ORIENTED_EDGE('',*,*,#1055,.T.);
#643=ORIENTED_EDGE('',*,*,#1051,.T.);
#644=ORIENTED_EDGE('',*,*,#877,.F.);
#645=ORIENTED_EDGE('',*,*,#1056,.F.);
#646=ORIENTED_EDGE('',*,*,#1057,.T.);
#647=ORIENTED_EDGE('',*,*,#1054,.T.);
#648=ORIENTED_EDGE('',*,*,#884,.F.);
#649=ORIENTED_EDGE('',*,*,#1053,.F.);
#650=ORIENTED_EDGE('',*,*,#1058,.T.);
#651=ORIENTED_EDGE('',*,*,#1056,.T.);
#652=ORIENTED_EDGE('',*,*,#1059,.T.);
#653=ORIENTED_EDGE('',*,*,#1032,.F.);
#654=ORIENTED_EDGE('',*,*,#1060,.F.);
#655=ORIENTED_EDGE('',*,*,#1049,.T.);
#656=ORIENTED_EDGE('',*,*,#1052,.F.);
#657=ORIENTED_EDGE('',*,*,#1055,.F.);
#658=ORIENTED_EDGE('',*,*,#1057,.F.);
#659=ORIENTED_EDGE('',*,*,#1058,.F.);
#660=ORIENTED_EDGE('',*,*,#1031,.T.);
#661=ORIENTED_EDGE('',*,*,#1035,.T.);
#662=ORIENTED_EDGE('',*,*,#1038,.T.);
#663=ORIENTED_EDGE('',*,*,#1041,.T.);
#664=ORIENTED_EDGE('',*,*,#1044,.T.);
#665=ORIENTED_EDGE('',*,*,#1047,.T.);
#666=ORIENTED_EDGE('',*,*,#1050,.T.);
#667=ORIENTED_EDGE('',*,*,#1060,.T.);
#668=ORIENTED_EDGE('',*,*,#1061,.T.);
#669=ORIENTED_EDGE('',*,*,#1062,.T.);
#670=ORIENTED_EDGE('',*,*,#1063,.T.);
#671=ORIENTED_EDGE('',*,*,#1064,.T.);
#672=ORIENTED_EDGE('',*,*,#1065,.T.);
#673=ORIENTED_EDGE('',*,*,#1064,.F.);
#674=ORIENTED_EDGE('',*,*,#1066,.F.);
#675=ORIENTED_EDGE('',*,*,#1067,.F.);
#676=ORIENTED_EDGE('',*,*,#1066,.T.);
#677=ORIENTED_EDGE('',*,*,#1068,.T.);
#678=ORIENTED_EDGE('',*,*,#1069,.F.);
#679=ORIENTED_EDGE('',*,*,#1070,.T.);
#680=ORIENTED_EDGE('',*,*,#1071,.F.);
#681=ORIENTED_EDGE('',*,*,#1068,.F.);
#682=ORIENTED_EDGE('',*,*,#1063,.F.);
#683=ORIENTED_EDGE('',*,*,#1072,.T.);
#684=ORIENTED_EDGE('',*,*,#1073,.T.);
#685=ORIENTED_EDGE('',*,*,#1070,.F.);
#686=ORIENTED_EDGE('',*,*,#1074,.T.);
#687=ORIENTED_EDGE('',*,*,#1075,.F.);
#688=ORIENTED_EDGE('',*,*,#1072,.F.);
#689=ORIENTED_EDGE('',*,*,#1062,.F.);
#690=ORIENTED_EDGE('',*,*,#1076,.F.);
#691=ORIENTED_EDGE('',*,*,#1077,.T.);
#692=ORIENTED_EDGE('',*,*,#1074,.F.);
#693=ORIENTED_EDGE('',*,*,#1076,.T.);
#694=ORIENTED_EDGE('',*,*,#1061,.F.);
#695=ORIENTED_EDGE('',*,*,#1078,.F.);
#696=ORIENTED_EDGE('',*,*,#1079,.F.);
#697=ORIENTED_EDGE('',*,*,#1080,.T.);
#698=ORIENTED_EDGE('',*,*,#1078,.T.);
#699=ORIENTED_EDGE('',*,*,#1065,.F.);
#700=ORIENTED_EDGE('',*,*,#1059,.F.);
#701=ORIENTED_EDGE('',*,*,#1081,.F.);
#702=ORIENTED_EDGE('',*,*,#1080,.F.);
#703=ORIENTED_EDGE('',*,*,#1082,.F.);
#704=ORIENTED_EDGE('',*,*,#1079,.T.);
#705=ORIENTED_EDGE('',*,*,#1081,.T.);
#706=ORIENTED_EDGE('',*,*,#1048,.F.);
#707=ORIENTED_EDGE('',*,*,#1083,.T.);
#708=ORIENTED_EDGE('',*,*,#1077,.F.);
#709=ORIENTED_EDGE('',*,*,#1083,.F.);
#710=ORIENTED_EDGE('',*,*,#1045,.F.);
#711=ORIENTED_EDGE('',*,*,#1084,.F.);
#712=ORIENTED_EDGE('',*,*,#1042,.F.);
#713=ORIENTED_EDGE('',*,*,#1085,.T.);
#714=ORIENTED_EDGE('',*,*,#1075,.T.);
#715=ORIENTED_EDGE('',*,*,#1084,.T.);
#716=ORIENTED_EDGE('',*,*,#1039,.F.);
#717=ORIENTED_EDGE('',*,*,#1086,.F.);
#718=ORIENTED_EDGE('',*,*,#1073,.F.);
#719=ORIENTED_EDGE('',*,*,#1085,.F.);
#720=ORIENTED_EDGE('',*,*,#1036,.F.);
#721=ORIENTED_EDGE('',*,*,#1087,.T.);
#722=ORIENTED_EDGE('',*,*,#1071,.T.);
#723=ORIENTED_EDGE('',*,*,#1086,.T.);
#724=ORIENTED_EDGE('',*,*,#1069,.T.);
#725=ORIENTED_EDGE('',*,*,#1087,.F.);
#726=ORIENTED_EDGE('',*,*,#1033,.F.);
#727=ORIENTED_EDGE('',*,*,#1088,.F.);
#728=ORIENTED_EDGE('',*,*,#1067,.T.);
#729=ORIENTED_EDGE('',*,*,#1088,.T.);
#730=ORIENTED_EDGE('',*,*,#1029,.F.);
#731=ORIENTED_EDGE('',*,*,#1082,.T.);
#732=ORIENTED_EDGE('',*,*,#1024,.F.);
#733=ORIENTED_EDGE('',*,*,#1023,.T.);
#734=ORIENTED_EDGE('',*,*,#1018,.F.);
#735=ORIENTED_EDGE('',*,*,#787,.F.);
#736=ORIENTED_EDGE('',*,*,#1014,.F.);
#737=ORIENTED_EDGE('',*,*,#829,.T.);
#738=ORIENTED_EDGE('',*,*,#826,.T.);
#739=ORIENTED_EDGE('',*,*,#1027,.F.);
#740=ORIENTED_EDGE('',*,*,#865,.F.);
#741=ORIENTED_EDGE('',*,*,#1021,.F.);
#742=ORIENTED_EDGE('',*,*,#1020,.T.);
#743=ORIENTED_EDGE('',*,*,#975,.F.);
#744=ORIENTED_EDGE('',*,*,#771,.F.);
#745=ORIENTED_EDGE('',*,*,#971,.F.);
#746=ORIENTED_EDGE('',*,*,#819,.T.);
#747=ORIENTED_EDGE('',*,*,#816,.T.);
#748=ORIENTED_EDGE('',*,*,#1026,.F.);
#749=ORIENTED_EDGE('',*,*,#854,.F.);
#750=ORIENTED_EDGE('',*,*,#1028,.T.);
#751=ORIENTED_EDGE('',*,*,#930,.T.);
#752=ORIENTED_EDGE('',*,*,#834,.F.);
#753=ORIENTED_EDGE('',*,*,#932,.F.);
#754=ORIENTED_EDGE('',*,*,#1025,.T.);
#755=ORIENTED_EDGE('',*,*,#920,.T.);
#756=ORIENTED_EDGE('',*,*,#798,.F.);
#757=ORIENTED_EDGE('',*,*,#842,.F.);
#758=ORIENTED_EDGE('',*,*,#1022,.T.);
#759=ORIENTED_EDGE('',*,*,#1008,.T.);
#760=ORIENTED_EDGE('',*,*,#782,.F.);
#761=ORIENTED_EDGE('',*,*,#1017,.F.);
#762=ORIENTED_EDGE('',*,*,#1019,.T.);
#763=ORIENTED_EDGE('',*,*,#965,.T.);
#764=ORIENTED_EDGE('',*,*,#766,.F.);
#765=ORIENTED_EDGE('',*,*,#974,.F.);
#766=EDGE_CURVE('',#1089,#1090,#1300,.T.);
#767=EDGE_CURVE('',#1090,#1091,#1301,.T.);
#768=EDGE_CURVE('',#1091,#1092,#1302,.T.);
#769=EDGE_CURVE('',#1093,#1092,#60,.T.);
#770=EDGE_CURVE('',#1094,#1093,#1303,.T.);
#771=EDGE_CURVE('',#1094,#1095,#1304,.T.);
#772=EDGE_CURVE('',#1089,#1095,#61,.T.);
#773=EDGE_CURVE('',#1096,#1097,#1305,.T.);
#774=EDGE_CURVE('',#1098,#1097,#62,.T.);
#775=EDGE_CURVE('',#1098,#1099,#1306,.T.);
#776=EDGE_CURVE('',#1099,#1100,#1307,.T.);
#777=EDGE_CURVE('',#1101,#1100,#63,.T.);
#778=EDGE_CURVE('',#1096,#1101,#1308,.T.);
#779=EDGE_CURVE('',#1102,#1097,#1309,.T.);
#780=EDGE_CURVE('',#1102,#1103,#64,.T.);
#781=EDGE_CURVE('',#1103,#1098,#1310,.T.);
#782=EDGE_CURVE('',#1104,#1105,#1311,.T.);
#783=EDGE_CURVE('',#1105,#1106,#1312,.T.);
#784=EDGE_CURVE('',#1106,#1107,#1313,.T.);
#785=EDGE_CURVE('',#1108,#1107,#65,.T.);
#786=EDGE_CURVE('',#1109,#1108,#1314,.T.);
#787=EDGE_CURVE('',#1109,#1110,#1315,.T.);
#788=EDGE_CURVE('',#1104,#1110,#66,.T.);
#789=EDGE_CURVE('',#1111,#1112,#1316,.T.);
#790=EDGE_CURVE('',#1113,#1112,#67,.T.);
#791=EDGE_CURVE('',#1113,#1114,#1317,.T.);
#792=EDGE_CURVE('',#1114,#1115,#1318,.T.);
#793=EDGE_CURVE('',#1116,#1115,#68,.T.);
#794=EDGE_CURVE('',#1111,#1116,#1319,.T.);
#795=EDGE_CURVE('',#1117,#1112,#1320,.T.);
#796=EDGE_CURVE('',#1117,#1118,#69,.T.);
#797=EDGE_CURVE('',#1118,#1113,#1321,.T.);
#798=EDGE_CURVE('',#1119,#1120,#1322,.T.);
#799=EDGE_CURVE('',#1120,#1121,#1323,.T.);
#800=EDGE_CURVE('',#1121,#1122,#1324,.T.);
#801=EDGE_CURVE('',#1123,#1122,#70,.T.);
#802=EDGE_CURVE('',#1124,#1123,#1325,.T.);
#803=EDGE_CURVE('',#1124,#1125,#1326,.T.);
#804=EDGE_CURVE('',#1119,#1125,#71,.T.);
#805=EDGE_CURVE('',#1126,#1127,#1327,.T.);
#806=EDGE_CURVE('',#1128,#1127,#72,.T.);
#807=EDGE_CURVE('',#1128,#1129,#1328,.T.);
#808=EDGE_CURVE('',#1129,#1130,#1329,.T.);
#809=EDGE_CURVE('',#1131,#1130,#73,.T.);
#810=EDGE_CURVE('',#1126,#1131,#1330,.T.);
#811=EDGE_CURVE('',#1132,#1127,#1331,.T.);
#812=EDGE_CURVE('',#1132,#1133,#74,.T.);
#813=EDGE_CURVE('',#1133,#1128,#1332,.T.);
#814=EDGE_CURVE('',#1134,#1135,#1333,.T.);
#815=EDGE_CURVE('',#1134,#1136,#75,.T.);
#816=EDGE_CURVE('',#1137,#1136,#1334,.F.);
#817=EDGE_CURVE('',#1137,#1135,#76,.T.);
#818=EDGE_CURVE('',#1138,#1135,#1335,.T.);
#819=EDGE_CURVE('',#1139,#1137,#1336,.T.);
#820=EDGE_CURVE('',#1139,#1140,#1337,.T.);
#821=EDGE_CURVE('',#1140,#1141,#1338,.T.);
#822=EDGE_CURVE('',#1142,#1141,#77,.T.);
#823=EDGE_CURVE('',#1138,#1142,#1339,.T.);
#824=EDGE_CURVE('',#1143,#1144,#1340,.T.);
#825=EDGE_CURVE('',#1143,#1145,#78,.T.);
#826=EDGE_CURVE('',#1146,#1145,#1341,.F.);
#827=EDGE_CURVE('',#1146,#1144,#79,.T.);
#828=EDGE_CURVE('',#1147,#1144,#1342,.T.);
#829=EDGE_CURVE('',#1148,#1146,#1343,.T.);
#830=EDGE_CURVE('',#1148,#1149,#1344,.T.);
#831=EDGE_CURVE('',#1149,#1150,#1345,.T.);
#832=EDGE_CURVE('',#1151,#1150,#80,.T.);
#833=EDGE_CURVE('',#1147,#1151,#1346,.T.);
#834=EDGE_CURVE('',#1152,#1153,#1347,.T.);
#835=EDGE_CURVE('',#1153,#1154,#1348,.T.);
#836=EDGE_CURVE('',#1154,#1155,#1349,.T.);
#837=EDGE_CURVE('',#1156,#1155,#81,.T.);
#838=EDGE_CURVE('',#1157,#1156,#1350,.T.);
#839=EDGE_CURVE('',#1157,#1158,#1351,.T.);
#840=EDGE_CURVE('',#1152,#1158,#82,.T.);
#841=EDGE_CURVE('',#1159,#1160,#83,.T.);
#842=EDGE_CURVE('',#1160,#1119,#1352,.T.);
#843=EDGE_CURVE('',#1159,#1125,#1353,.T.);
#844=EDGE_CURVE('',#1161,#1162,#1354,.T.);
#845=EDGE_CURVE('',#1161,#1163,#84,.T.);
#846=EDGE_CURVE('',#1163,#1164,#1355,.T.);
#847=EDGE_CURVE('',#1164,#1162,#85,.T.);
#848=EDGE_CURVE('',#1165,#1162,#1356,.T.);
#849=EDGE_CURVE('',#1164,#1166,#1357,.T.);
#850=EDGE_CURVE('',#1166,#1167,#1358,.T.);
#851=EDGE_CURVE('',#1168,#1167,#86,.T.);
#852=EDGE_CURVE('',#1165,#1168,#1359,.T.);
#853=EDGE_CURVE('',#1169,#1139,#1360,.T.);
#854=EDGE_CURVE('',#1139,#1169,#1361,.T.);
#855=EDGE_CURVE('',#1170,#1171,#87,.T.);
#856=EDGE_CURVE('',#1171,#1172,#1362,.T.);
#857=EDGE_CURVE('',#1172,#1173,#88,.T.);
#858=EDGE_CURVE('',#1170,#1173,#1363,.T.);
#859=EDGE_CURVE('',#1172,#1174,#1364,.T.);
#860=EDGE_CURVE('',#1174,#1175,#1365,.T.);
#861=EDGE_CURVE('',#1176,#1175,#89,.T.);
#862=EDGE_CURVE('',#1177,#1176,#1366,.T.);
#863=EDGE_CURVE('',#1177,#1173,#1367,.T.);
#864=EDGE_CURVE('',#1178,#1148,#1368,.T.);
#865=EDGE_CURVE('',#1148,#1178,#1369,.T.);
#866=EDGE_CURVE('',#1179,#1180,#90,.T.);
#867=EDGE_CURVE('',#1180,#1181,#1370,.T.);
#868=EDGE_CURVE('',#1181,#1182,#91,.T.);
#869=EDGE_CURVE('',#1179,#1182,#1371,.T.);
#870=EDGE_CURVE('',#1181,#1183,#1372,.T.);
#871=EDGE_CURVE('',#1183,#1184,#1373,.T.);
#872=EDGE_CURVE('',#1185,#1184,#92,.T.);
#873=EDGE_CURVE('',#1186,#1185,#1374,.T.);
#874=EDGE_CURVE('',#1186,#1182,#1375,.T.);
#875=EDGE_CURVE('',#1187,#1188,#1376,.T.);
#876=EDGE_CURVE('',#1188,#1189,#1377,.F.);
#877=EDGE_CURVE('',#1189,#1190,#1378,.T.);
#878=EDGE_CURVE('',#1187,#1190,#1379,.T.);
#879=EDGE_CURVE('',#1191,#1192,#1380,.T.);
#880=EDGE_CURVE('',#1191,#1193,#1381,.F.);
#881=EDGE_CURVE('',#1193,#1194,#1382,.F.);
#882=EDGE_CURVE('',#1194,#1192,#1383,.F.);
#883=EDGE_CURVE('',#1188,#1191,#1384,.F.);
#884=EDGE_CURVE('',#1192,#1189,#1385,.F.);
#885=EDGE_CURVE('',#1193,#1187,#1386,.T.);
#886=EDGE_CURVE('',#1190,#1194,#1387,.T.);
#887=EDGE_CURVE('',#1195,#1196,#1388,.T.);
#888=EDGE_CURVE('',#1195,#1155,#1389,.T.);
#889=EDGE_CURVE('',#1196,#1154,#1390,.T.);
#890=EDGE_CURVE('',#1195,#1197,#93,.T.);
#891=EDGE_CURVE('',#1197,#1156,#1391,.T.);
#892=EDGE_CURVE('',#1197,#1198,#1392,.T.);
#893=EDGE_CURVE('',#1198,#1157,#1393,.T.);
#894=EDGE_CURVE('',#1199,#1198,#1394,.T.);
#895=EDGE_CURVE('',#1200,#1199,#1395,.T.);
#896=EDGE_CURVE('',#1200,#1158,#1396,.T.);
#897=EDGE_CURVE('',#1201,#1163,#1397,.T.);
#898=EDGE_CURVE('',#1201,#1166,#1398,.T.);
#899=EDGE_CURVE('',#1202,#1201,#1399,.T.);
#900=EDGE_CURVE('',#1202,#1167,#1400,.T.);
#901=EDGE_CURVE('',#1202,#1203,#94,.T.);
#902=EDGE_CURVE('',#1203,#1168,#1401,.T.);
#903=EDGE_CURVE('',#1203,#1204,#1402,.T.);
#904=EDGE_CURVE('',#1204,#1165,#1403,.T.);
#905=EDGE_CURVE('',#1205,#1204,#1404,.T.);
#906=EDGE_CURVE('',#1161,#1205,#1405,.T.);
#907=EDGE_CURVE('',#1206,#1207,#1406,.T.);
#908=EDGE_CURVE('',#1206,#1129,#1407,.T.);
#909=EDGE_CURVE('',#1133,#1207,#1408,.T.);
#910=EDGE_CURVE('',#1208,#1206,#1409,.T.);
#911=EDGE_CURVE('',#1208,#1130,#1410,.T.);
#912=EDGE_CURVE('',#1208,#1209,#95,.T.);
#913=EDGE_CURVE('',#1209,#1131,#1411,.T.);
#914=EDGE_CURVE('',#1209,#1210,#1412,.T.);
#915=EDGE_CURVE('',#1210,#1126,#1413,.T.);
#916=EDGE_CURVE('',#1211,#1210,#1414,.T.);
#917=EDGE_CURVE('',#1132,#1211,#1415,.T.);
#918=EDGE_CURVE('',#1212,#1213,#1416,.T.);
#919=EDGE_CURVE('',#1212,#1121,#1417,.T.);
#920=EDGE_CURVE('',#1213,#1120,#1418,.T.);
#921=EDGE_CURVE('',#1214,#1212,#1419,.T.);
#922=EDGE_CURVE('',#1214,#1122,#1420,.T.);
#923=EDGE_CURVE('',#1214,#1215,#96,.T.);
#924=EDGE_CURVE('',#1215,#1123,#1421,.T.);
#925=EDGE_CURVE('',#1215,#1216,#1422,.T.);
#926=EDGE_CURVE('',#1216,#1124,#1423,.T.);
#927=EDGE_CURVE('',#1217,#1216,#1424,.T.);
#928=EDGE_CURVE('',#1159,#1217,#1425,.T.);
#929=EDGE_CURVE('',#1196,#1218,#1426,.T.);
#930=EDGE_CURVE('',#1218,#1153,#1427,.T.);
#931=EDGE_CURVE('',#1200,#1219,#97,.T.);
#932=EDGE_CURVE('',#1219,#1152,#1428,.T.);
#933=EDGE_CURVE('',#1220,#1221,#1429,.T.);
#934=EDGE_CURVE('',#1220,#1141,#1430,.T.);
#935=EDGE_CURVE('',#1221,#1140,#1431,.T.);
#936=EDGE_CURVE('',#1220,#1222,#98,.T.);
#937=EDGE_CURVE('',#1222,#1142,#1432,.T.);
#938=EDGE_CURVE('',#1222,#1223,#1433,.T.);
#939=EDGE_CURVE('',#1223,#1138,#1434,.T.);
#940=EDGE_CURVE('',#1224,#1223,#1435,.T.);
#941=EDGE_CURVE('',#1134,#1224,#1436,.T.);
#942=EDGE_CURVE('',#1225,#1171,#1437,.T.);
#943=EDGE_CURVE('',#1225,#1174,#1438,.T.);
#944=EDGE_CURVE('',#1226,#1225,#1439,.T.);
#945=EDGE_CURVE('',#1226,#1175,#1440,.T.);
#946=EDGE_CURVE('',#1226,#1227,#99,.T.);
#947=EDGE_CURVE('',#1227,#1176,#1441,.T.);
#948=EDGE_CURVE('',#1227,#1228,#1442,.T.);
#949=EDGE_CURVE('',#1228,#1177,#1443,.T.);
#950=EDGE_CURVE('',#1229,#1228,#1444,.T.);
#951=EDGE_CURVE('',#1170,#1229,#1445,.T.);
#952=EDGE_CURVE('',#1230,#1231,#1446,.T.);
#953=EDGE_CURVE('',#1230,#1099,#1447,.T.);
#954=EDGE_CURVE('',#1103,#1231,#1448,.T.);
#955=EDGE_CURVE('',#1232,#1230,#1449,.T.);
#956=EDGE_CURVE('',#1232,#1100,#1450,.T.);
#957=EDGE_CURVE('',#1232,#1233,#100,.T.);
#958=EDGE_CURVE('',#1233,#1101,#1451,.T.);
#959=EDGE_CURVE('',#1233,#1234,#1452,.T.);
#960=EDGE_CURVE('',#1234,#1096,#1453,.T.);
#961=EDGE_CURVE('',#1235,#1234,#1454,.T.);
#962=EDGE_CURVE('',#1102,#1235,#1455,.T.);
#963=EDGE_CURVE('',#1236,#1237,#1456,.T.);
#964=EDGE_CURVE('',#1236,#1091,#1457,.T.);
#965=EDGE_CURVE('',#1237,#1090,#1458,.T.);
#966=EDGE_CURVE('',#1238,#1236,#1459,.T.);
#967=EDGE_CURVE('',#1238,#1092,#1460,.T.);
#968=EDGE_CURVE('',#1238,#1239,#101,.T.);
#969=EDGE_CURVE('',#1239,#1093,#1461,.T.);
#970=EDGE_CURVE('',#1239,#1240,#1462,.T.);
#971=EDGE_CURVE('',#1240,#1094,#1463,.T.);
#972=EDGE_CURVE('',#1221,#1169,#1464,.T.);
#973=EDGE_CURVE('',#1241,#1242,#102,.T.);
#974=EDGE_CURVE('',#1242,#1089,#1465,.T.);
#975=EDGE_CURVE('',#1095,#1241,#1466,.F.);
#976=EDGE_CURVE('',#1243,#1244,#1467,.T.);
#977=EDGE_CURVE('',#1243,#1150,#1468,.T.);
#978=EDGE_CURVE('',#1244,#1149,#1469,.T.);
#979=EDGE_CURVE('',#1243,#1245,#103,.T.);
#980=EDGE_CURVE('',#1245,#1151,#1470,.T.);
#981=EDGE_CURVE('',#1245,#1246,#1471,.T.);
#982=EDGE_CURVE('',#1246,#1147,#1472,.T.);
#983=EDGE_CURVE('',#1247,#1246,#1473,.T.);
#984=EDGE_CURVE('',#1143,#1247,#1474,.T.);
#985=EDGE_CURVE('',#1248,#1180,#1475,.T.);
#986=EDGE_CURVE('',#1248,#1183,#1476,.T.);
#987=EDGE_CURVE('',#1249,#1248,#1477,.T.);
#988=EDGE_CURVE('',#1249,#1184,#1478,.T.);
#989=EDGE_CURVE('',#1249,#1250,#104,.T.);
#990=EDGE_CURVE('',#1250,#1185,#1479,.T.);
#991=EDGE_CURVE('',#1250,#1251,#1480,.T.);
#992=EDGE_CURVE('',#1251,#1186,#1481,.T.);
#993=EDGE_CURVE('',#1252,#1251,#1482,.T.);
#994=EDGE_CURVE('',#1179,#1252,#1483,.T.);
#995=EDGE_CURVE('',#1253,#1254,#1484,.T.);
#996=EDGE_CURVE('',#1253,#1114,#1485,.T.);
#997=EDGE_CURVE('',#1118,#1254,#1486,.T.);
#998=EDGE_CURVE('',#1255,#1253,#1487,.T.);
#999=EDGE_CURVE('',#1255,#1115,#1488,.T.);
#1000=EDGE_CURVE('',#1255,#1256,#105,.T.);
#1001=EDGE_CURVE('',#1256,#1116,#1489,.T.);
#1002=EDGE_CURVE('',#1256,#1257,#1490,.T.);
#1003=EDGE_CURVE('',#1257,#1111,#1491,.T.);
#1004=EDGE_CURVE('',#1258,#1257,#1492,.T.);
#1005=EDGE_CURVE('',#1117,#1258,#1493,.T.);
#1006=EDGE_CURVE('',#1259,#1260,#1494,.T.);
#1007=EDGE_CURVE('',#1259,#1106,#1495,.T.);
#1008=EDGE_CURVE('',#1260,#1105,#1496,.T.);
#1009=EDGE_CURVE('',#1261,#1259,#1497,.T.);
#1010=EDGE_CURVE('',#1261,#1107,#1498,.T.);
#1011=EDGE_CURVE('',#1261,#1262,#106,.T.);
#1012=EDGE_CURVE('',#1262,#1108,#1499,.T.);
#1013=EDGE_CURVE('',#1262,#1263,#1500,.T.);
#1014=EDGE_CURVE('',#1263,#1109,#1501,.T.);
#1015=EDGE_CURVE('',#1244,#1178,#1502,.T.);
#1016=EDGE_CURVE('',#1264,#1265,#107,.T.);
#1017=EDGE_CURVE('',#1265,#1104,#1503,.T.);
#1018=EDGE_CURVE('',#1110,#1264,#1504,.F.);
#1019=EDGE_CURVE('',#1242,#1237,#1505,.T.);
#1020=EDGE_CURVE('',#1266,#1241,#1506,.T.);
#1021=EDGE_CURVE('',#1266,#1240,#1507,.T.);
#1022=EDGE_CURVE('',#1265,#1260,#1508,.T.);
#1023=EDGE_CURVE('',#1267,#1264,#1509,.T.);
#1024=EDGE_CURVE('',#1267,#1263,#1510,.T.);
#1025=EDGE_CURVE('',#1160,#1213,#1511,.T.);
#1026=EDGE_CURVE('',#1169,#1136,#1512,.T.);
#1027=EDGE_CURVE('',#1178,#1145,#1513,.T.);
#1028=EDGE_CURVE('',#1219,#1218,#1514,.T.);
#1029=EDGE_CURVE('',#1268,#1269,#1515,.T.);
#1030=EDGE_CURVE('',#1270,#1269,#1516,.T.);
#1031=EDGE_CURVE('',#1271,#1270,#1517,.T.);
#1032=EDGE_CURVE('',#1271,#1268,#1518,.T.);
#1033=EDGE_CURVE('',#1269,#1272,#16,.T.);
#1034=EDGE_CURVE('',#1273,#1272,#1519,.T.);
#1035=EDGE_CURVE('',#1270,#1273,#17,.T.);
#1036=EDGE_CURVE('',#1272,#1274,#1520,.F.);
#1037=EDGE_CURVE('',#1275,#1274,#1521,.T.);
#1038=EDGE_CURVE('',#1273,#1275,#1522,.F.);
#1039=EDGE_CURVE('',#1274,#1276,#18,.T.);
#1040=EDGE_CURVE('',#1277,#1276,#1523,.T.);
#1041=EDGE_CURVE('',#1275,#1277,#19,.T.);
#1042=EDGE_CURVE('',#1276,#1278,#1524,.T.);
#1043=EDGE_CURVE('',#1279,#1278,#1525,.T.);
#1044=EDGE_CURVE('',#1277,#1279,#1526,.T.);
#1045=EDGE_CURVE('',#1278,#1280,#20,.T.);
#1046=EDGE_CURVE('',#1281,#1280,#1527,.T.);
#1047=EDGE_CURVE('',#1279,#1281,#21,.T.);
#1048=EDGE_CURVE('',#1280,#1282,#1528,.F.);
#1049=EDGE_CURVE('',#1283,#1282,#1529,.T.);
#1050=EDGE_CURVE('',#1281,#1283,#1530,.F.);
#1051=EDGE_CURVE('',#1284,#1194,#1531,.T.);
#1052=EDGE_CURVE('',#1284,#1285,#1532,.F.);
#1053=EDGE_CURVE('',#1285,#1192,#1533,.T.);
#1054=EDGE_CURVE('',#1286,#1190,#1534,.T.);
#1055=EDGE_CURVE('',#1286,#1284,#1535,.T.);
#1056=EDGE_CURVE('',#1287,#1189,#1536,.T.);
#1057=EDGE_CURVE('',#1287,#1286,#1537,.T.);
#1058=EDGE_CURVE('',#1285,#1287,#1538,.F.);
#1059=EDGE_CURVE('',#1282,#1268,#22,.T.);
#1060=EDGE_CURVE('',#1283,#1271,#23,.T.);
#1061=EDGE_CURVE('',#1288,#1289,#1539,.T.);
#1062=EDGE_CURVE('',#1289,#1290,#1540,.F.);
#1063=EDGE_CURVE('',#1290,#1291,#1541,.F.);
#1064=EDGE_CURVE('',#1291,#1288,#1542,.T.);
#1065=EDGE_CURVE('',#1292,#1288,#108,.F.);
#1066=EDGE_CURVE('',#1293,#1291,#109,.T.);
#1067=EDGE_CURVE('',#1292,#1293,#1543,.T.);
#1068=EDGE_CURVE('',#1291,#1294,#110,.T.);
#1069=EDGE_CURVE('',#1293,#1294,#111,.F.);
#1070=EDGE_CURVE('',#1290,#1295,#112,.F.);
#1071=EDGE_CURVE('',#1294,#1295,#1544,.T.);
#1072=EDGE_CURVE('',#1290,#1296,#113,.T.);
#1073=EDGE_CURVE('',#1296,#1295,#114,.T.);
#1074=EDGE_CURVE('',#1289,#1297,#115,.F.);
#1075=EDGE_CURVE('',#1296,#1297,#1545,.T.);
#1076=EDGE_CURVE('',#1298,#1289,#116,.F.);
#1077=EDGE_CURVE('',#1298,#1297,#117,.T.);
#1078=EDGE_CURVE('',#1299,#1288,#118,.T.);
#1079=EDGE_CURVE('',#1298,#1299,#1546,.T.);
#1080=EDGE_CURVE('',#1292,#1299,#119,.T.);
#1081=EDGE_CURVE('',#1299,#1282,#1547,.F.);
#1082=EDGE_CURVE('',#1268,#1292,#1548,.T.);
#1083=EDGE_CURVE('',#1280,#1298,#1549,.F.);
#1084=EDGE_CURVE('',#1297,#1278,#1550,.F.);
#1085=EDGE_CURVE('',#1276,#1296,#1551,.F.);
#1086=EDGE_CURVE('',#1295,#1274,#1552,.T.);
#1087=EDGE_CURVE('',#1272,#1294,#1553,.T.);
#1088=EDGE_CURVE('',#1293,#1269,#1554,.T.);
#1089=VERTEX_POINT('',#3150);
#1090=VERTEX_POINT('',#3151);
#1091=VERTEX_POINT('',#3153);
#1092=VERTEX_POINT('',#3155);
#1093=VERTEX_POINT('',#3157);
#1094=VERTEX_POINT('',#3159);
#1095=VERTEX_POINT('',#3161);
#1096=VERTEX_POINT('',#3165);
#1097=VERTEX_POINT('',#3166);
#1098=VERTEX_POINT('',#3168);
#1099=VERTEX_POINT('',#3170);
#1100=VERTEX_POINT('',#3172);
#1101=VERTEX_POINT('',#3174);
#1102=VERTEX_POINT('',#3178);
#1103=VERTEX_POINT('',#3180);
#1104=VERTEX_POINT('',#3184);
#1105=VERTEX_POINT('',#3185);
#1106=VERTEX_POINT('',#3187);
#1107=VERTEX_POINT('',#3189);
#1108=VERTEX_POINT('',#3191);
#1109=VERTEX_POINT('',#3193);
#1110=VERTEX_POINT('',#3195);
#1111=VERTEX_POINT('',#3199);
#1112=VERTEX_POINT('',#3200);
#1113=VERTEX_POINT('',#3202);
#1114=VERTEX_POINT('',#3204);
#1115=VERTEX_POINT('',#3206);
#1116=VERTEX_POINT('',#3208);
#1117=VERTEX_POINT('',#3212);
#1118=VERTEX_POINT('',#3214);
#1119=VERTEX_POINT('',#3218);
#1120=VERTEX_POINT('',#3219);
#1121=VERTEX_POINT('',#3221);
#1122=VERTEX_POINT('',#3223);
#1123=VERTEX_POINT('',#3225);
#1124=VERTEX_POINT('',#3227);
#1125=VERTEX_POINT('',#3229);
#1126=VERTEX_POINT('',#3233);
#1127=VERTEX_POINT('',#3234);
#1128=VERTEX_POINT('',#3236);
#1129=VERTEX_POINT('',#3238);
#1130=VERTEX_POINT('',#3240);
#1131=VERTEX_POINT('',#3242);
#1132=VERTEX_POINT('',#3246);
#1133=VERTEX_POINT('',#3248);
#1134=VERTEX_POINT('',#3252);
#1135=VERTEX_POINT('',#3253);
#1136=VERTEX_POINT('',#3255);
#1137=VERTEX_POINT('',#3257);
#1138=VERTEX_POINT('',#3261);
#1139=VERTEX_POINT('',#3263);
#1140=VERTEX_POINT('',#3265);
#1141=VERTEX_POINT('',#3267);
#1142=VERTEX_POINT('',#3269);
#1143=VERTEX_POINT('',#3273);
#1144=VERTEX_POINT('',#3274);
#1145=VERTEX_POINT('',#3276);
#1146=VERTEX_POINT('',#3278);
#1147=VERTEX_POINT('',#3282);
#1148=VERTEX_POINT('',#3284);
#1149=VERTEX_POINT('',#3286);
#1150=VERTEX_POINT('',#3288);
#1151=VERTEX_POINT('',#3290);
#1152=VERTEX_POINT('',#3294);
#1153=VERTEX_POINT('',#3295);
#1154=VERTEX_POINT('',#3297);
#1155=VERTEX_POINT('',#3299);
#1156=VERTEX_POINT('',#3301);
#1157=VERTEX_POINT('',#3303);
#1158=VERTEX_POINT('',#3305);
#1159=VERTEX_POINT('',#3309);
#1160=VERTEX_POINT('',#3310);
#1161=VERTEX_POINT('',#3315);
#1162=VERTEX_POINT('',#3316);
#1163=VERTEX_POINT('',#3318);
#1164=VERTEX_POINT('',#3320);
#1165=VERTEX_POINT('',#3324);
#1166=VERTEX_POINT('',#3326);
#1167=VERTEX_POINT('',#3328);
#1168=VERTEX_POINT('',#3330);
#1169=VERTEX_POINT('',#3334);
#1170=VERTEX_POINT('',#3338);
#1171=VERTEX_POINT('',#3339);
#1172=VERTEX_POINT('',#3341);
#1173=VERTEX_POINT('',#3343);
#1174=VERTEX_POINT('',#3347);
#1175=VERTEX_POINT('',#3349);
#1176=VERTEX_POINT('',#3351);
#1177=VERTEX_POINT('',#3353);
#1178=VERTEX_POINT('',#3357);
#1179=VERTEX_POINT('',#3361);
#1180=VERTEX_POINT('',#3362);
#1181=VERTEX_POINT('',#3364);
#1182=VERTEX_POINT('',#3366);
#1183=VERTEX_POINT('',#3370);
#1184=VERTEX_POINT('',#3372);
#1185=VERTEX_POINT('',#3374);
#1186=VERTEX_POINT('',#3376);
#1187=VERTEX_POINT('',#3380);
#1188=VERTEX_POINT('',#3381);
#1189=VERTEX_POINT('',#3383);
#1190=VERTEX_POINT('',#3385);
#1191=VERTEX_POINT('',#3389);
#1192=VERTEX_POINT('',#3390);
#1193=VERTEX_POINT('',#3392);
#1194=VERTEX_POINT('',#3394);
#1195=VERTEX_POINT('',#3404);
#1196=VERTEX_POINT('',#3405);
#1197=VERTEX_POINT('',#3410);
#1198=VERTEX_POINT('',#3414);
#1199=VERTEX_POINT('',#3418);
#1200=VERTEX_POINT('',#3420);
#1201=VERTEX_POINT('',#3424);
#1202=VERTEX_POINT('',#3428);
#1203=VERTEX_POINT('',#3432);
#1204=VERTEX_POINT('',#3436);
#1205=VERTEX_POINT('',#3440);
#1206=VERTEX_POINT('',#3444);
#1207=VERTEX_POINT('',#3445);
#1208=VERTEX_POINT('',#3450);
#1209=VERTEX_POINT('',#3454);
#1210=VERTEX_POINT('',#3458);
#1211=VERTEX_POINT('',#3462);
#1212=VERTEX_POINT('',#3466);
#1213=VERTEX_POINT('',#3467);
#1214=VERTEX_POINT('',#3472);
#1215=VERTEX_POINT('',#3476);
#1216=VERTEX_POINT('',#3480);
#1217=VERTEX_POINT('',#3484);
#1218=VERTEX_POINT('',#3488);
#1219=VERTEX_POINT('',#3492);
#1220=VERTEX_POINT('',#3496);
#1221=VERTEX_POINT('',#3497);
#1222=VERTEX_POINT('',#3502);
#1223=VERTEX_POINT('',#3506);
#1224=VERTEX_POINT('',#3510);
#1225=VERTEX_POINT('',#3514);
#1226=VERTEX_POINT('',#3518);
#1227=VERTEX_POINT('',#3522);
#1228=VERTEX_POINT('',#3526);
#1229=VERTEX_POINT('',#3530);
#1230=VERTEX_POINT('',#3534);
#1231=VERTEX_POINT('',#3535);
#1232=VERTEX_POINT('',#3540);
#1233=VERTEX_POINT('',#3544);
#1234=VERTEX_POINT('',#3548);
#1235=VERTEX_POINT('',#3552);
#1236=VERTEX_POINT('',#3556);
#1237=VERTEX_POINT('',#3557);
#1238=VERTEX_POINT('',#3562);
#1239=VERTEX_POINT('',#3566);
#1240=VERTEX_POINT('',#3570);
#1241=VERTEX_POINT('',#3576);
#1242=VERTEX_POINT('',#3577);
#1243=VERTEX_POINT('',#3582);
#1244=VERTEX_POINT('',#3583);
#1245=VERTEX_POINT('',#3588);
#1246=VERTEX_POINT('',#3592);
#1247=VERTEX_POINT('',#3596);
#1248=VERTEX_POINT('',#3600);
#1249=VERTEX_POINT('',#3604);
#1250=VERTEX_POINT('',#3608);
#1251=VERTEX_POINT('',#3612);
#1252=VERTEX_POINT('',#3616);
#1253=VERTEX_POINT('',#3620);
#1254=VERTEX_POINT('',#3621);
#1255=VERTEX_POINT('',#3626);
#1256=VERTEX_POINT('',#3630);
#1257=VERTEX_POINT('',#3634);
#1258=VERTEX_POINT('',#3638);
#1259=VERTEX_POINT('',#3642);
#1260=VERTEX_POINT('',#3643);
#1261=VERTEX_POINT('',#3648);
#1262=VERTEX_POINT('',#3652);
#1263=VERTEX_POINT('',#3656);
#1264=VERTEX_POINT('',#3662);
#1265=VERTEX_POINT('',#3663);
#1266=VERTEX_POINT('',#3669);
#1267=VERTEX_POINT('',#3673);
#1268=VERTEX_POINT('',#3681);
#1269=VERTEX_POINT('',#3682);
#1270=VERTEX_POINT('',#3684);
#1271=VERTEX_POINT('',#3686);
#1272=VERTEX_POINT('',#3697);
#1273=VERTEX_POINT('',#3699);
#1274=VERTEX_POINT('',#3703);
#1275=VERTEX_POINT('',#3705);
#1276=VERTEX_POINT('',#3716);
#1277=VERTEX_POINT('',#3718);
#1278=VERTEX_POINT('',#3722);
#1279=VERTEX_POINT('',#3724);
#1280=VERTEX_POINT('',#3735);
#1281=VERTEX_POINT('',#3737);
#1282=VERTEX_POINT('',#3741);
#1283=VERTEX_POINT('',#3743);
#1284=VERTEX_POINT('',#3747);
#1285=VERTEX_POINT('',#3749);
#1286=VERTEX_POINT('',#3753);
#1287=VERTEX_POINT('',#3757);
#1288=VERTEX_POINT('',#3774);
#1289=VERTEX_POINT('',#3775);
#1290=VERTEX_POINT('',#3777);
#1291=VERTEX_POINT('',#3779);
#1292=VERTEX_POINT('',#3783);
#1293=VERTEX_POINT('',#3785);
#1294=VERTEX_POINT('',#3789);
#1295=VERTEX_POINT('',#3793);
#1296=VERTEX_POINT('',#3797);
#1297=VERTEX_POINT('',#3801);
#1298=VERTEX_POINT('',#3805);
#1299=VERTEX_POINT('',#3809);
#1300=LINE('',#3149,#1555);
#1301=LINE('',#3152,#1556);
#1302=LINE('',#3154,#1557);
#1303=LINE('',#3158,#1558);
#1304=LINE('',#3160,#1559);
#1305=LINE('',#3164,#1560);
#1306=LINE('',#3169,#1561);
#1307=LINE('',#3171,#1562);
#1308=LINE('',#3175,#1563);
#1309=LINE('',#3177,#1564);
#1310=LINE('',#3181,#1565);
#1311=LINE('',#3183,#1566);
#1312=LINE('',#3186,#1567);
#1313=LINE('',#3188,#1568);
#1314=LINE('',#3192,#1569);
#1315=LINE('',#3194,#1570);
#1316=LINE('',#3198,#1571);
#1317=LINE('',#3203,#1572);
#1318=LINE('',#3205,#1573);
#1319=LINE('',#3209,#1574);
#1320=LINE('',#3211,#1575);
#1321=LINE('',#3215,#1576);
#1322=LINE('',#3217,#1577);
#1323=LINE('',#3220,#1578);
#1324=LINE('',#3222,#1579);
#1325=LINE('',#3226,#1580);
#1326=LINE('',#3228,#1581);
#1327=LINE('',#3232,#1582);
#1328=LINE('',#3237,#1583);
#1329=LINE('',#3239,#1584);
#1330=LINE('',#3243,#1585);
#1331=LINE('',#3245,#1586);
#1332=LINE('',#3249,#1587);
#1333=LINE('',#3251,#1588);
#1334=LINE('',#3256,#1589);
#1335=LINE('',#3260,#1590);
#1336=LINE('',#3262,#1591);
#1337=LINE('',#3264,#1592);
#1338=LINE('',#3266,#1593);
#1339=LINE('',#3270,#1594);
#1340=LINE('',#3272,#1595);
#1341=LINE('',#3277,#1596);
#1342=LINE('',#3281,#1597);
#1343=LINE('',#3283,#1598);
#1344=LINE('',#3285,#1599);
#1345=LINE('',#3287,#1600);
#1346=LINE('',#3291,#1601);
#1347=LINE('',#3293,#1602);
#1348=LINE('',#3296,#1603);
#1349=LINE('',#3298,#1604);
#1350=LINE('',#3302,#1605);
#1351=LINE('',#3304,#1606);
#1352=LINE('',#3311,#1607);
#1353=LINE('',#3312,#1608);
#1354=LINE('',#3314,#1609);
#1355=LINE('',#3319,#1610);
#1356=LINE('',#3323,#1611);
#1357=LINE('',#3325,#1612);
#1358=LINE('',#3327,#1613);
#1359=LINE('',#3331,#1614);
#1360=LINE('',#3333,#1615);
#1361=LINE('',#3335,#1616);
#1362=LINE('',#3340,#1617);
#1363=LINE('',#3344,#1618);
#1364=LINE('',#3346,#1619);
#1365=LINE('',#3348,#1620);
#1366=LINE('',#3352,#1621);
#1367=LINE('',#3354,#1622);
#1368=LINE('',#3356,#1623);
#1369=LINE('',#3358,#1624);
#1370=LINE('',#3363,#1625);
#1371=LINE('',#3367,#1626);
#1372=LINE('',#3369,#1627);
#1373=LINE('',#3371,#1628);
#1374=LINE('',#3375,#1629);
#1375=LINE('',#3377,#1630);
#1376=LINE('',#3379,#1631);
#1377=LINE('',#3382,#1632);
#1378=LINE('',#3384,#1633);
#1379=LINE('',#3386,#1634);
#1380=LINE('',#3388,#1635);
#1381=LINE('',#3391,#1636);
#1382=LINE('',#3393,#1637);
#1383=LINE('',#3395,#1638);
#1384=LINE('',#3397,#1639);
#1385=LINE('',#3398,#1640);
#1386=LINE('',#3400,#1641);
#1387=LINE('',#3401,#1642);
#1388=LINE('',#3403,#1643);
#1389=LINE('',#3406,#1644);
#1390=LINE('',#3407,#1645);
#1391=LINE('',#3411,#1646);
#1392=LINE('',#3413,#1647);
#1393=LINE('',#3415,#1648);
#1394=LINE('',#3417,#1649);
#1395=LINE('',#3419,#1650);
#1396=LINE('',#3421,#1651);
#1397=LINE('',#3423,#1652);
#1398=LINE('',#3425,#1653);
#1399=LINE('',#3427,#1654);
#1400=LINE('',#3429,#1655);
#1401=LINE('',#3433,#1656);
#1402=LINE('',#3435,#1657);
#1403=LINE('',#3437,#1658);
#1404=LINE('',#3439,#1659);
#1405=LINE('',#3441,#1660);
#1406=LINE('',#3443,#1661);
#1407=LINE('',#3446,#1662);
#1408=LINE('',#3447,#1663);
#1409=LINE('',#3449,#1664);
#1410=LINE('',#3451,#1665);
#1411=LINE('',#3455,#1666);
#1412=LINE('',#3457,#1667);
#1413=LINE('',#3459,#1668);
#1414=LINE('',#3461,#1669);
#1415=LINE('',#3463,#1670);
#1416=LINE('',#3465,#1671);
#1417=LINE('',#3468,#1672);
#1418=LINE('',#3469,#1673);
#1419=LINE('',#3471,#1674);
#1420=LINE('',#3473,#1675);
#1421=LINE('',#3477,#1676);
#1422=LINE('',#3479,#1677);
#1423=LINE('',#3481,#1678);
#1424=LINE('',#3483,#1679);
#1425=LINE('',#3485,#1680);
#1426=LINE('',#3487,#1681);
#1427=LINE('',#3489,#1682);
#1428=LINE('',#3493,#1683);
#1429=LINE('',#3495,#1684);
#1430=LINE('',#3498,#1685);
#1431=LINE('',#3499,#1686);
#1432=LINE('',#3503,#1687);
#1433=LINE('',#3505,#1688);
#1434=LINE('',#3507,#1689);
#1435=LINE('',#3509,#1690);
#1436=LINE('',#3511,#1691);
#1437=LINE('',#3513,#1692);
#1438=LINE('',#3515,#1693);
#1439=LINE('',#3517,#1694);
#1440=LINE('',#3519,#1695);
#1441=LINE('',#3523,#1696);
#1442=LINE('',#3525,#1697);
#1443=LINE('',#3527,#1698);
#1444=LINE('',#3529,#1699);
#1445=LINE('',#3531,#1700);
#1446=LINE('',#3533,#1701);
#1447=LINE('',#3536,#1702);
#1448=LINE('',#3537,#1703);
#1449=LINE('',#3539,#1704);
#1450=LINE('',#3541,#1705);
#1451=LINE('',#3545,#1706);
#1452=LINE('',#3547,#1707);
#1453=LINE('',#3549,#1708);
#1454=LINE('',#3551,#1709);
#1455=LINE('',#3553,#1710);
#1456=LINE('',#3555,#1711);
#1457=LINE('',#3558,#1712);
#1458=LINE('',#3559,#1713);
#1459=LINE('',#3561,#1714);
#1460=LINE('',#3563,#1715);
#1461=LINE('',#3567,#1716);
#1462=LINE('',#3569,#1717);
#1463=LINE('',#3571,#1718);
#1464=LINE('',#3573,#1719);
#1465=LINE('',#3578,#1720);
#1466=LINE('',#3579,#1721);
#1467=LINE('',#3581,#1722);
#1468=LINE('',#3584,#1723);
#1469=LINE('',#3585,#1724);
#1470=LINE('',#3589,#1725);
#1471=LINE('',#3591,#1726);
#1472=LINE('',#3593,#1727);
#1473=LINE('',#3595,#1728);
#1474=LINE('',#3597,#1729);
#1475=LINE('',#3599,#1730);
#1476=LINE('',#3601,#1731);
#1477=LINE('',#3603,#1732);
#1478=LINE('',#3605,#1733);
#1479=LINE('',#3609,#1734);
#1480=LINE('',#3611,#1735);
#1481=LINE('',#3613,#1736);
#1482=LINE('',#3615,#1737);
#1483=LINE('',#3617,#1738);
#1484=LINE('',#3619,#1739);
#1485=LINE('',#3622,#1740);
#1486=LINE('',#3623,#1741);
#1487=LINE('',#3625,#1742);
#1488=LINE('',#3627,#1743);
#1489=LINE('',#3631,#1744);
#1490=LINE('',#3633,#1745);
#1491=LINE('',#3635,#1746);
#1492=LINE('',#3637,#1747);
#1493=LINE('',#3639,#1748);
#1494=LINE('',#3641,#1749);
#1495=LINE('',#3644,#1750);
#1496=LINE('',#3645,#1751);
#1497=LINE('',#3647,#1752);
#1498=LINE('',#3649,#1753);
#1499=LINE('',#3653,#1754);
#1500=LINE('',#3655,#1755);
#1501=LINE('',#3657,#1756);
#1502=LINE('',#3659,#1757);
#1503=LINE('',#3664,#1758);
#1504=LINE('',#3665,#1759);
#1505=LINE('',#3667,#1760);
#1506=LINE('',#3668,#1761);
#1507=LINE('',#3670,#1762);
#1508=LINE('',#3671,#1763);
#1509=LINE('',#3672,#1764);
#1510=LINE('',#3674,#1765);
#1511=LINE('',#3675,#1766);
#1512=LINE('',#3676,#1767);
#1513=LINE('',#3677,#1768);
#1514=LINE('',#3678,#1769);
#1515=LINE('',#3680,#1770);
#1516=LINE('',#3683,#1771);
#1517=LINE('',#3685,#1772);
#1518=LINE('',#3687,#1773);
#1519=LINE('',#3698,#1774);
#1520=LINE('',#3702,#1775);
#1521=LINE('',#3704,#1776);
#1522=LINE('',#3706,#1777);
#1523=LINE('',#3717,#1778);
#1524=LINE('',#3721,#1779);
#1525=LINE('',#3723,#1780);
#1526=LINE('',#3725,#1781);
#1527=LINE('',#3736,#1782);
#1528=LINE('',#3740,#1783);
#1529=LINE('',#3742,#1784);
#1530=LINE('',#3744,#1785);
#1531=LINE('',#3746,#1786);
#1532=LINE('',#3748,#1787);
#1533=LINE('',#3750,#1788);
#1534=LINE('',#3752,#1789);
#1535=LINE('',#3754,#1790);
#1536=LINE('',#3756,#1791);
#1537=LINE('',#3758,#1792);
#1538=LINE('',#3760,#1793);
#1539=LINE('',#3773,#1794);
#1540=LINE('',#3776,#1795);
#1541=LINE('',#3778,#1796);
#1542=LINE('',#3780,#1797);
#1543=LINE('',#3786,#1798);
#1544=LINE('',#3794,#1799);
#1545=LINE('',#3802,#1800);
#1546=LINE('',#3810,#1801);
#1547=LINE('',#3814,#1802);
#1548=LINE('',#3815,#1803);
#1549=LINE('',#3817,#1804);
#1550=LINE('',#3819,#1805);
#1551=LINE('',#3821,#1806);
#1552=LINE('',#3823,#1807);
#1553=LINE('',#3825,#1808);
#1554=LINE('',#3827,#1809);
#1555=VECTOR('',#2512,1.);
#1556=VECTOR('',#2513,1.);
#1557=VECTOR('',#2514,1.);
#1558=VECTOR('',#2517,1.);
#1559=VECTOR('',#2518,1.);
#1560=VECTOR('',#2523,1.);
#1561=VECTOR('',#2526,1.);
#1562=VECTOR('',#2527,1.);
#1563=VECTOR('',#2530,1.);
#1564=VECTOR('',#2533,1.);
#1565=VECTOR('',#2536,1.);
#1566=VECTOR('',#2539,1.);
#1567=VECTOR('',#2540,1.);
#1568=VECTOR('',#2541,1.);
#1569=VECTOR('',#2544,1.);
#1570=VECTOR('',#2545,1.);
#1571=VECTOR('',#2550,1.);
#1572=VECTOR('',#2553,1.);
#1573=VECTOR('',#2554,1.);
#1574=VECTOR('',#2557,1.);
#1575=VECTOR('',#2560,1.);
#1576=VECTOR('',#2563,1.);
#1577=VECTOR('',#2566,1.);
#1578=VECTOR('',#2567,1.);
#1579=VECTOR('',#2568,1.);
#1580=VECTOR('',#2571,1.);
#1581=VECTOR('',#2572,1.);
#1582=VECTOR('',#2577,1.);
#1583=VECTOR('',#2580,1.);
#1584=VECTOR('',#2581,1.);
#1585=VECTOR('',#2584,1.);
#1586=VECTOR('',#2587,1.);
#1587=VECTOR('',#2590,1.);
#1588=VECTOR('',#2593,1.);
#1589=VECTOR('',#2596,1.);
#1590=VECTOR('',#2601,1.);
#1591=VECTOR('',#2602,1.);
#1592=VECTOR('',#2603,1.);
#1593=VECTOR('',#2604,1.);
#1594=VECTOR('',#2607,1.);
#1595=VECTOR('',#2610,1.);
#1596=VECTOR('',#2613,1.);
#1597=VECTOR('',#2618,1.);
#1598=VECTOR('',#2619,1.);
#1599=VECTOR('',#2620,1.);
#1600=VECTOR('',#2621,1.);
#1601=VECTOR('',#2624,1.);
#1602=VECTOR('',#2627,1.);
#1603=VECTOR('',#2628,1.);
#1604=VECTOR('',#2629,1.);
#1605=VECTOR('',#2632,1.);
#1606=VECTOR('',#2633,1.);
#1607=VECTOR('',#2640,1.);
#1608=VECTOR('',#2641,1.);
#1609=VECTOR('',#2644,1.);
#1610=VECTOR('',#2647,1.);
#1611=VECTOR('',#2652,1.);
#1612=VECTOR('',#2653,1.);
#1613=VECTOR('',#2654,1.);
#1614=VECTOR('',#2657,1.);
#1615=VECTOR('',#2660,1.);
#1616=VECTOR('',#2661,1.);
#1617=VECTOR('',#2666,1.);
#1618=VECTOR('',#2669,1.);
#1619=VECTOR('',#2672,1.);
#1620=VECTOR('',#2673,1.);
#1621=VECTOR('',#2676,1.);
#1622=VECTOR('',#2677,1.);
#1623=VECTOR('',#2680,1.);
#1624=VECTOR('',#2681,1.);
#1625=VECTOR('',#2686,1.);
#1626=VECTOR('',#2689,1.);
#1627=VECTOR('',#2692,1.);
#1628=VECTOR('',#2693,1.);
#1629=VECTOR('',#2696,1.);
#1630=VECTOR('',#2697,1.);
#1631=VECTOR('',#2700,1.);
#1632=VECTOR('',#2701,1.);
#1633=VECTOR('',#2702,1.);
#1634=VECTOR('',#2703,1.);
#1635=VECTOR('',#2706,1.);
#1636=VECTOR('',#2707,1.);
#1637=VECTOR('',#2708,1.);
#1638=VECTOR('',#2709,1.);
#1639=VECTOR('',#2712,1.);
#1640=VECTOR('',#2713,1.);
#1641=VECTOR('',#2716,1.);
#1642=VECTOR('',#2717,1.);
#1643=VECTOR('',#2720,1.);
#1644=VECTOR('',#2721,1.);
#1645=VECTOR('',#2722,1.);
#1646=VECTOR('',#2727,1.);
#1647=VECTOR('',#2730,1.);
#1648=VECTOR('',#2731,1.);
#1649=VECTOR('',#2734,1.);
#1650=VECTOR('',#2735,1.);
#1651=VECTOR('',#2736,1.);
#1652=VECTOR('',#2739,1.);
#1653=VECTOR('',#2740,1.);
#1654=VECTOR('',#2743,1.);
#1655=VECTOR('',#2744,1.);
#1656=VECTOR('',#2749,1.);
#1657=VECTOR('',#2752,1.);
#1658=VECTOR('',#2753,1.);
#1659=VECTOR('',#2756,1.);
#1660=VECTOR('',#2757,1.);
#1661=VECTOR('',#2760,1.);
#1662=VECTOR('',#2761,1.);
#1663=VECTOR('',#2762,1.);
#1664=VECTOR('',#2765,1.);
#1665=VECTOR('',#2766,1.);
#1666=VECTOR('',#2771,1.);
#1667=VECTOR('',#2774,1.);
#1668=VECTOR('',#2775,1.);
#1669=VECTOR('',#2778,1.);
#1670=VECTOR('',#2779,1.);
#1671=VECTOR('',#2782,1.);
#1672=VECTOR('',#2783,1.);
#1673=VECTOR('',#2784,1.);
#1674=VECTOR('',#2787,1.);
#1675=VECTOR('',#2788,1.);
#1676=VECTOR('',#2793,1.);
#1677=VECTOR('',#2796,1.);
#1678=VECTOR('',#2797,1.);
#1679=VECTOR('',#2800,1.);
#1680=VECTOR('',#2801,1.);
#1681=VECTOR('',#2804,1.);
#1682=VECTOR('',#2805,1.);
#1683=VECTOR('',#2810,1.);
#1684=VECTOR('',#2813,1.);
#1685=VECTOR('',#2814,1.);
#1686=VECTOR('',#2815,1.);
#1687=VECTOR('',#2820,1.);
#1688=VECTOR('',#2823,1.);
#1689=VECTOR('',#2824,1.);
#1690=VECTOR('',#2827,1.);
#1691=VECTOR('',#2828,1.);
#1692=VECTOR('',#2831,1.);
#1693=VECTOR('',#2832,1.);
#1694=VECTOR('',#2835,1.);
#1695=VECTOR('',#2836,1.);
#1696=VECTOR('',#2841,1.);
#1697=VECTOR('',#2844,1.);
#1698=VECTOR('',#2845,1.);
#1699=VECTOR('',#2848,1.);
#1700=VECTOR('',#2849,1.);
#1701=VECTOR('',#2852,1.);
#1702=VECTOR('',#2853,1.);
#1703=VECTOR('',#2854,1.);
#1704=VECTOR('',#2857,1.);
#1705=VECTOR('',#2858,1.);
#1706=VECTOR('',#2863,1.);
#1707=VECTOR('',#2866,1.);
#1708=VECTOR('',#2867,1.);
#1709=VECTOR('',#2870,1.);
#1710=VECTOR('',#2871,1.);
#1711=VECTOR('',#2874,1.);
#1712=VECTOR('',#2875,1.);
#1713=VECTOR('',#2876,1.);
#1714=VECTOR('',#2879,1.);
#1715=VECTOR('',#2880,1.);
#1716=VECTOR('',#2885,1.);
#1717=VECTOR('',#2888,1.);
#1718=VECTOR('',#2889,1.);
#1719=VECTOR('',#2892,1.);
#1720=VECTOR('',#2897,1.);
#1721=VECTOR('',#2898,1.);
#1722=VECTOR('',#2901,1.);
#1723=VECTOR('',#2902,1.);
#1724=VECTOR('',#2903,1.);
#1725=VECTOR('',#2908,1.);
#1726=VECTOR('',#2911,1.);
#1727=VECTOR('',#2912,1.);
#1728=VECTOR('',#2915,1.);
#1729=VECTOR('',#2916,1.);
#1730=VECTOR('',#2919,1.);
#1731=VECTOR('',#2920,1.);
#1732=VECTOR('',#2923,1.);
#1733=VECTOR('',#2924,1.);
#1734=VECTOR('',#2929,1.);
#1735=VECTOR('',#2932,1.);
#1736=VECTOR('',#2933,1.);
#1737=VECTOR('',#2936,1.);
#1738=VECTOR('',#2937,1.);
#1739=VECTOR('',#2940,1.);
#1740=VECTOR('',#2941,1.);
#1741=VECTOR('',#2942,1.);
#1742=VECTOR('',#2945,1.);
#1743=VECTOR('',#2946,1.);
#1744=VECTOR('',#2951,1.);
#1745=VECTOR('',#2954,1.);
#1746=VECTOR('',#2955,1.);
#1747=VECTOR('',#2958,1.);
#1748=VECTOR('',#2959,1.);
#1749=VECTOR('',#2962,1.);
#1750=VECTOR('',#2963,1.);
#1751=VECTOR('',#2964,1.);
#1752=VECTOR('',#2967,1.);
#1753=VECTOR('',#2968,1.);
#1754=VECTOR('',#2973,1.);
#1755=VECTOR('',#2976,1.);
#1756=VECTOR('',#2977,1.);
#1757=VECTOR('',#2980,1.);
#1758=VECTOR('',#2985,1.);
#1759=VECTOR('',#2986,1.);
#1760=VECTOR('',#2989,1.);
#1761=VECTOR('',#2990,1.);
#1762=VECTOR('',#2991,1.);
#1763=VECTOR('',#2992,1.);
#1764=VECTOR('',#2993,1.);
#1765=VECTOR('',#2994,1.);
#1766=VECTOR('',#2995,1.);
#1767=VECTOR('',#2996,1.);
#1768=VECTOR('',#2997,1.);
#1769=VECTOR('',#2998,1.);
#1770=VECTOR('',#3001,1.);
#1771=VECTOR('',#3002,1.);
#1772=VECTOR('',#3003,1.);
#1773=VECTOR('',#3004,1.);
#1774=VECTOR('',#3007,1.);
#1775=VECTOR('',#3012,1.);
#1776=VECTOR('',#3013,1.);
#1777=VECTOR('',#3014,1.);
#1778=VECTOR('',#3017,1.);
#1779=VECTOR('',#3022,1.);
#1780=VECTOR('',#3023,1.);
#1781=VECTOR('',#3024,1.);
#1782=VECTOR('',#3027,1.);
#1783=VECTOR('',#3032,1.);
#1784=VECTOR('',#3033,1.);
#1785=VECTOR('',#3034,1.);
#1786=VECTOR('',#3037,1.);
#1787=VECTOR('',#3038,1.);
#1788=VECTOR('',#3039,1.);
#1789=VECTOR('',#3042,1.);
#1790=VECTOR('',#3043,1.);
#1791=VECTOR('',#3046,1.);
#1792=VECTOR('',#3047,1.);
#1793=VECTOR('',#3050,1.);
#1794=VECTOR('',#3059,1.);
#1795=VECTOR('',#3060,1.);
#1796=VECTOR('',#3061,1.);
#1797=VECTOR('',#3062,1.);
#1798=VECTOR('',#3069,1.);
#1799=VECTOR('',#3080,1.);
#1800=VECTOR('',#3091,1.);
#1801=VECTOR('',#3102,1.);
#1802=VECTOR('',#3109,1.);
#1803=VECTOR('',#3110,1.);
#1804=VECTOR('',#3113,1.);
#1805=VECTOR('',#3116,1.);
#1806=VECTOR('',#3119,1.);
#1807=VECTOR('',#3122,1.);
#1808=VECTOR('',#3125,1.);
#1809=VECTOR('',#3128,1.);
#1810=EDGE_LOOP('',(#120,#121,#122,#123,#124,#125,#126));
#1811=EDGE_LOOP('',(#127,#128,#129,#130,#131,#132));
#1812=EDGE_LOOP('',(#133,#134,#135,#136));
#1813=EDGE_LOOP('',(#137,#138,#139,#140,#141,#142,#143));
#1814=EDGE_LOOP('',(#144,#145,#146,#147,#148,#149));
#1815=EDGE_LOOP('',(#150,#151,#152,#153));
#1816=EDGE_LOOP('',(#154,#155,#156,#157,#158,#159,#160));
#1817=EDGE_LOOP('',(#161,#162,#163,#164,#165,#166));
#1818=EDGE_LOOP('',(#167,#168,#169,#170));
#1819=EDGE_LOOP('',(#171,#172,#173,#174));
#1820=EDGE_LOOP('',(#175,#176,#177,#178,#179,#180,#181));
#1821=EDGE_LOOP('',(#182,#183,#184,#185));
#1822=EDGE_LOOP('',(#186,#187,#188,#189,#190,#191,#192));
#1823=EDGE_LOOP('',(#193,#194,#195,#196,#197,#198,#199));
#1824=EDGE_LOOP('',(#200,#201,#202,#203));
#1825=EDGE_LOOP('',(#204,#205,#206,#207));
#1826=EDGE_LOOP('',(#208,#209,#210,#211,#212,#213));
#1827=EDGE_LOOP('',(#214,#215));
#1828=EDGE_LOOP('',(#216,#217,#218,#219));
#1829=EDGE_LOOP('',(#220,#221,#222,#223,#224,#225));
#1830=EDGE_LOOP('',(#226,#227));
#1831=EDGE_LOOP('',(#228,#229,#230,#231));
#1832=EDGE_LOOP('',(#232,#233,#234,#235,#236,#237));
#1833=EDGE_LOOP('',(#238,#239,#240,#241));
#1834=EDGE_LOOP('',(#242,#243,#244,#245));
#1835=EDGE_LOOP('',(#246,#247,#248,#249));
#1836=EDGE_LOOP('',(#250,#251,#252,#253));
#1837=EDGE_LOOP('',(#254,#255,#256,#257));
#1838=EDGE_LOOP('',(#258,#259,#260,#261));
#1839=EDGE_LOOP('',(#262,#263,#264,#265));
#1840=EDGE_LOOP('',(#266,#267,#268,#269,#270));
#1841=EDGE_LOOP('',(#271,#272,#273,#274));
#1842=EDGE_LOOP('',(#275,#276,#277,#278));
#1843=EDGE_LOOP('',(#279,#280,#281,#282));
#1844=EDGE_LOOP('',(#283,#284,#285,#286));
#1845=EDGE_LOOP('',(#287,#288,#289,#290,#291));
#1846=EDGE_LOOP('',(#292,#293,#294,#295,#296));
#1847=EDGE_LOOP('',(#297,#298,#299,#300));
#1848=EDGE_LOOP('',(#301,#302,#303,#304));
#1849=EDGE_LOOP('',(#305,#306,#307,#308));
#1850=EDGE_LOOP('',(#309,#310,#311,#312,#313));
#1851=EDGE_LOOP('',(#314,#315,#316,#317));
#1852=EDGE_LOOP('',(#318,#319,#320,#321));
#1853=EDGE_LOOP('',(#322,#323,#324,#325));
#1854=EDGE_LOOP('',(#326,#327,#328,#329));
#1855=EDGE_LOOP('',(#330,#331,#332,#333,#334));
#1856=EDGE_LOOP('',(#335,#336,#337,#338));
#1857=EDGE_LOOP('',(#339,#340,#341,#342));
#1858=EDGE_LOOP('',(#343,#344,#345,#346));
#1859=EDGE_LOOP('',(#347,#348,#349,#350));
#1860=EDGE_LOOP('',(#351,#352,#353,#354));
#1861=EDGE_LOOP('',(#355,#356,#357,#358,#359));
#1862=EDGE_LOOP('',(#360,#361,#362,#363));
#1863=EDGE_LOOP('',(#364,#365,#366,#367));
#1864=EDGE_LOOP('',(#368,#369,#370,#371));
#1865=EDGE_LOOP('',(#372,#373,#374,#375));
#1866=EDGE_LOOP('',(#376,#377,#378,#379,#380));
#1867=EDGE_LOOP('',(#381,#382,#383,#384,#385));
#1868=EDGE_LOOP('',(#386,#387,#388,#389));
#1869=EDGE_LOOP('',(#390,#391,#392,#393));
#1870=EDGE_LOOP('',(#394,#395,#396,#397));
#1871=EDGE_LOOP('',(#398,#399,#400,#401,#402));
#1872=EDGE_LOOP('',(#403,#404,#405,#406));
#1873=EDGE_LOOP('',(#407,#408,#409,#410));
#1874=EDGE_LOOP('',(#411,#412,#413,#414));
#1875=EDGE_LOOP('',(#415,#416,#417,#418));
#1876=EDGE_LOOP('',(#419,#420,#421,#422));
#1877=EDGE_LOOP('',(#423,#424,#425,#426));
#1878=EDGE_LOOP('',(#427,#428,#429,#430));
#1879=EDGE_LOOP('',(#431,#432,#433,#434));
#1880=EDGE_LOOP('',(#435,#436,#437,#438));
#1881=EDGE_LOOP('',(#439,#440,#441,#442,#443));
#1882=EDGE_LOOP('',(#444,#445,#446,#447));
#1883=EDGE_LOOP('',(#448,#449,#450,#451));
#1884=EDGE_LOOP('',(#452,#453,#454,#455));
#1885=EDGE_LOOP('',(#456,#457,#458,#459));
#1886=EDGE_LOOP('',(#460,#461,#462,#463,#464));
#1887=EDGE_LOOP('',(#465,#466,#467,#468,#469));
#1888=EDGE_LOOP('',(#470,#471,#472,#473));
#1889=EDGE_LOOP('',(#474,#475,#476,#477));
#1890=EDGE_LOOP('',(#478,#479,#480,#481));
#1891=EDGE_LOOP('',(#482,#483,#484,#485,#486));
#1892=EDGE_LOOP('',(#487,#488,#489,#490));
#1893=EDGE_LOOP('',(#491,#492,#493,#494));
#1894=EDGE_LOOP('',(#495,#496,#497,#498));
#1895=EDGE_LOOP('',(#499,#500,#501,#502));
#1896=EDGE_LOOP('',(#503,#504,#505,#506));
#1897=EDGE_LOOP('',(#507,#508,#509,#510));
#1898=EDGE_LOOP('',(#511,#512,#513,#514,#515,#516,#517,#518));
#1899=EDGE_LOOP('',(#519,#520,#521,#522,#523,#524,#525,#526));
#1900=EDGE_LOOP('',(#527,#528,#529,#530,#531,#532,#533,#534));
#1901=EDGE_LOOP('',(#535,#536,#537,#538,#539,#540,#541,#542));
#1902=EDGE_LOOP('',(#543,#544,#545,#546,#547,#548,#549,#550));
#1903=EDGE_LOOP('',(#551,#552,#553,#554,#555,#556,#557,#558));
#1904=EDGE_LOOP('',(#559,#560,#561,#562,#563,#564,#565,#566));
#1905=EDGE_LOOP('',(#567,#568,#569,#570,#571,#572,#573));
#1906=EDGE_LOOP('',(#574,#575,#576,#577,#578,#579,#580,#581));
#1907=EDGE_LOOP('',(#582,#583,#584,#585,#586,#587,#588));
#1908=EDGE_LOOP('',(#589,#590,#591,#592,#593,#594,#595,#596));
#1909=EDGE_LOOP('',(#597,#598,#599,#600,#601,#602,#603));
#1910=EDGE_LOOP('',(#604,#605,#606,#607));
#1911=EDGE_LOOP('',(#608,#609,#610,#611));
#1912=EDGE_LOOP('',(#612,#613,#614,#615));
#1913=EDGE_LOOP('',(#616,#617,#618,#619));
#1914=EDGE_LOOP('',(#620,#621,#622,#623));
#1915=EDGE_LOOP('',(#624,#625,#626,#627));
#1916=EDGE_LOOP('',(#628,#629,#630,#631));
#1917=EDGE_LOOP('',(#632,#633,#634,#635));
#1918=EDGE_LOOP('',(#636,#637,#638,#639));
#1919=EDGE_LOOP('',(#640,#641,#642,#643));
#1920=EDGE_LOOP('',(#644,#645,#646,#647));
#1921=EDGE_LOOP('',(#648,#649,#650,#651));
#1922=EDGE_LOOP('',(#652,#653,#654,#655));
#1923=EDGE_LOOP('',(#656,#657,#658,#659));
#1924=EDGE_LOOP('',(#660,#661,#662,#663,#664,#665,#666,#667));
#1925=EDGE_LOOP('',(#668,#669,#670,#671));
#1926=EDGE_LOOP('',(#672,#673,#674,#675));
#1927=EDGE_LOOP('',(#676,#677,#678));
#1928=EDGE_LOOP('',(#679,#680,#681,#682));
#1929=EDGE_LOOP('',(#683,#684,#685));
#1930=EDGE_LOOP('',(#686,#687,#688,#689));
#1931=EDGE_LOOP('',(#690,#691,#692));
#1932=EDGE_LOOP('',(#693,#694,#695,#696));
#1933=EDGE_LOOP('',(#697,#698,#699));
#1934=EDGE_LOOP('',(#700,#701,#702,#703));
#1935=EDGE_LOOP('',(#704,#705,#706,#707));
#1936=EDGE_LOOP('',(#708,#709,#710,#711));
#1937=EDGE_LOOP('',(#712,#713,#714,#715));
#1938=EDGE_LOOP('',(#716,#717,#718,#719));
#1939=EDGE_LOOP('',(#720,#721,#722,#723));
#1940=EDGE_LOOP('',(#724,#725,#726,#727));
#1941=EDGE_LOOP('',(#728,#729,#730,#731));
#1942=EDGE_LOOP('',(#732,#733,#734,#735,#736));
#1943=EDGE_LOOP('',(#737,#738,#739,#740));
#1944=EDGE_LOOP('',(#741,#742,#743,#744,#745));
#1945=EDGE_LOOP('',(#746,#747,#748,#749));
#1946=EDGE_LOOP('',(#750,#751,#752,#753));
#1947=EDGE_LOOP('',(#754,#755,#756,#757));
#1948=EDGE_LOOP('',(#758,#759,#760,#761));
#1949=EDGE_LOOP('',(#762,#763,#764,#765));
#1950=FACE_BOUND('',#1810,.T.);
#1951=FACE_BOUND('',#1811,.T.);
#1952=FACE_BOUND('',#1812,.T.);
#1953=FACE_BOUND('',#1813,.T.);
#1954=FACE_BOUND('',#1814,.T.);
#1955=FACE_BOUND('',#1815,.T.);
#1956=FACE_BOUND('',#1816,.T.);
#1957=FACE_BOUND('',#1817,.T.);
#1958=FACE_BOUND('',#1818,.T.);
#1959=FACE_BOUND('',#1819,.T.);
#1960=FACE_BOUND('',#1820,.T.);
#1961=FACE_BOUND('',#1821,.T.);
#1962=FACE_BOUND('',#1822,.T.);
#1963=FACE_BOUND('',#1823,.T.);
#1964=FACE_BOUND('',#1824,.T.);
#1965=FACE_BOUND('',#1825,.T.);
#1966=FACE_BOUND('',#1826,.T.);
#1967=FACE_BOUND('',#1827,.T.);
#1968=FACE_BOUND('',#1828,.T.);
#1969=FACE_BOUND('',#1829,.T.);
#1970=FACE_BOUND('',#1830,.T.);
#1971=FACE_BOUND('',#1831,.T.);
#1972=FACE_BOUND('',#1832,.T.);
#1973=FACE_BOUND('',#1833,.T.);
#1974=FACE_BOUND('',#1834,.T.);
#1975=FACE_BOUND('',#1835,.T.);
#1976=FACE_BOUND('',#1836,.T.);
#1977=FACE_BOUND('',#1837,.T.);
#1978=FACE_BOUND('',#1838,.T.);
#1979=FACE_BOUND('',#1839,.T.);
#1980=FACE_BOUND('',#1840,.T.);
#1981=FACE_BOUND('',#1841,.T.);
#1982=FACE_BOUND('',#1842,.T.);
#1983=FACE_BOUND('',#1843,.T.);
#1984=FACE_BOUND('',#1844,.T.);
#1985=FACE_BOUND('',#1845,.T.);
#1986=FACE_BOUND('',#1846,.T.);
#1987=FACE_BOUND('',#1847,.T.);
#1988=FACE_BOUND('',#1848,.T.);
#1989=FACE_BOUND('',#1849,.T.);
#1990=FACE_BOUND('',#1850,.T.);
#1991=FACE_BOUND('',#1851,.T.);
#1992=FACE_BOUND('',#1852,.T.);
#1993=FACE_BOUND('',#1853,.T.);
#1994=FACE_BOUND('',#1854,.T.);
#1995=FACE_BOUND('',#1855,.T.);
#1996=FACE_BOUND('',#1856,.T.);
#1997=FACE_BOUND('',#1857,.T.);
#1998=FACE_BOUND('',#1858,.T.);
#1999=FACE_BOUND('',#1859,.T.);
#2000=FACE_BOUND('',#1860,.T.);
#2001=FACE_BOUND('',#1861,.T.);
#2002=FACE_BOUND('',#1862,.T.);
#2003=FACE_BOUND('',#1863,.T.);
#2004=FACE_BOUND('',#1864,.T.);
#2005=FACE_BOUND('',#1865,.T.);
#2006=FACE_BOUND('',#1866,.T.);
#2007=FACE_BOUND('',#1867,.T.);
#2008=FACE_BOUND('',#1868,.T.);
#2009=FACE_BOUND('',#1869,.T.);
#2010=FACE_BOUND('',#1870,.T.);
#2011=FACE_BOUND('',#1871,.T.);
#2012=FACE_BOUND('',#1872,.T.);
#2013=FACE_BOUND('',#1873,.T.);
#2014=FACE_BOUND('',#1874,.T.);
#2015=FACE_BOUND('',#1875,.T.);
#2016=FACE_BOUND('',#1876,.T.);
#2017=FACE_BOUND('',#1877,.T.);
#2018=FACE_BOUND('',#1878,.T.);
#2019=FACE_BOUND('',#1879,.T.);
#2020=FACE_BOUND('',#1880,.T.);
#2021=FACE_BOUND('',#1881,.T.);
#2022=FACE_BOUND('',#1882,.T.);
#2023=FACE_BOUND('',#1883,.T.);
#2024=FACE_BOUND('',#1884,.T.);
#2025=FACE_BOUND('',#1885,.T.);
#2026=FACE_BOUND('',#1886,.T.);
#2027=FACE_BOUND('',#1887,.T.);
#2028=FACE_BOUND('',#1888,.T.);
#2029=FACE_BOUND('',#1889,.T.);
#2030=FACE_BOUND('',#1890,.T.);
#2031=FACE_BOUND('',#1891,.T.);
#2032=FACE_BOUND('',#1892,.T.);
#2033=FACE_BOUND('',#1893,.T.);
#2034=FACE_BOUND('',#1894,.T.);
#2035=FACE_BOUND('',#1895,.T.);
#2036=FACE_BOUND('',#1896,.T.);
#2037=FACE_BOUND('',#1897,.T.);
#2038=FACE_BOUND('',#1898,.T.);
#2039=FACE_BOUND('',#1899,.T.);
#2040=FACE_BOUND('',#1900,.T.);
#2041=FACE_BOUND('',#1901,.T.);
#2042=FACE_BOUND('',#1902,.T.);
#2043=FACE_BOUND('',#1903,.T.);
#2044=FACE_BOUND('',#1904,.T.);
#2045=FACE_BOUND('',#1905,.T.);
#2046=FACE_BOUND('',#1906,.T.);
#2047=FACE_BOUND('',#1907,.T.);
#2048=FACE_BOUND('',#1908,.T.);
#2049=FACE_BOUND('',#1909,.T.);
#2050=FACE_BOUND('',#1910,.T.);
#2051=FACE_BOUND('',#1911,.T.);
#2052=FACE_BOUND('',#1912,.T.);
#2053=FACE_BOUND('',#1913,.T.);
#2054=FACE_BOUND('',#1914,.T.);
#2055=FACE_BOUND('',#1915,.T.);
#2056=FACE_BOUND('',#1916,.T.);
#2057=FACE_BOUND('',#1917,.T.);
#2058=FACE_BOUND('',#1918,.T.);
#2059=FACE_BOUND('',#1919,.T.);
#2060=FACE_BOUND('',#1920,.T.);
#2061=FACE_BOUND('',#1921,.T.);
#2062=FACE_BOUND('',#1922,.T.);
#2063=FACE_BOUND('',#1923,.T.);
#2064=FACE_BOUND('',#1924,.T.);
#2065=FACE_BOUND('',#1925,.T.);
#2066=FACE_BOUND('',#1926,.T.);
#2067=FACE_BOUND('',#1927,.T.);
#2068=FACE_BOUND('',#1928,.T.);
#2069=FACE_BOUND('',#1929,.T.);
#2070=FACE_BOUND('',#1930,.T.);
#2071=FACE_BOUND('',#1931,.T.);
#2072=FACE_BOUND('',#1932,.T.);
#2073=FACE_BOUND('',#1933,.T.);
#2074=FACE_BOUND('',#1934,.T.);
#2075=FACE_BOUND('',#1935,.T.);
#2076=FACE_BOUND('',#1936,.T.);
#2077=FACE_BOUND('',#1937,.T.);
#2078=FACE_BOUND('',#1938,.T.);
#2079=FACE_BOUND('',#1939,.T.);
#2080=FACE_BOUND('',#1940,.T.);
#2081=FACE_BOUND('',#1941,.T.);
#2082=FACE_BOUND('',#1942,.T.);
#2083=FACE_BOUND('',#1943,.T.);
#2084=FACE_BOUND('',#1944,.T.);
#2085=FACE_BOUND('',#1945,.T.);
#2086=FACE_BOUND('',#1946,.T.);
#2087=FACE_BOUND('',#1947,.T.);
#2088=FACE_BOUND('',#1948,.T.);
#2089=FACE_BOUND('',#1949,.T.);
#2090=PLANE('',#2317);
#2091=PLANE('',#2320);
#2092=PLANE('',#2325);
#2093=PLANE('',#2328);
#2094=PLANE('',#2333);
#2095=PLANE('',#2336);
#2096=PLANE('',#2344);
#2097=PLANE('',#2349);
#2098=PLANE('',#2351);
#2099=PLANE('',#2359);
#2100=PLANE('',#2361);
#2101=PLANE('',#2365);
#2102=PLANE('',#2367);
#2103=PLANE('',#2371);
#2104=PLANE('',#2373);
#2105=PLANE('',#2374);
#2106=PLANE('',#2375);
#2107=PLANE('',#2376);
#2108=PLANE('',#2377);
#2109=PLANE('',#2380);
#2110=PLANE('',#2381);
#2111=PLANE('',#2382);
#2112=PLANE('',#2383);
#2113=PLANE('',#2386);
#2114=PLANE('',#2387);
#2115=PLANE('',#2388);
#2116=PLANE('',#2389);
#2117=PLANE('',#2392);
#2118=PLANE('',#2393);
#2119=PLANE('',#2394);
#2120=PLANE('',#2395);
#2121=PLANE('',#2398);
#2122=PLANE('',#2399);
#2123=PLANE('',#2400);
#2124=PLANE('',#2403);
#2125=PLANE('',#2406);
#2126=PLANE('',#2407);
#2127=PLANE('',#2408);
#2128=PLANE('',#2409);
#2129=PLANE('',#2412);
#2130=PLANE('',#2413);
#2131=PLANE('',#2414);
#2132=PLANE('',#2415);
#2133=PLANE('',#2418);
#2134=PLANE('',#2419);
#2135=PLANE('',#2420);
#2136=PLANE('',#2421);
#2137=PLANE('',#2424);
#2138=PLANE('',#2425);
#2139=PLANE('',#2428);
#2140=PLANE('',#2431);
#2141=PLANE('',#2432);
#2142=PLANE('',#2433);
#2143=PLANE('',#2434);
#2144=PLANE('',#2437);
#2145=PLANE('',#2438);
#2146=PLANE('',#2439);
#2147=PLANE('',#2440);
#2148=PLANE('',#2443);
#2149=PLANE('',#2444);
#2150=PLANE('',#2445);
#2151=PLANE('',#2446);
#2152=PLANE('',#2449);
#2153=PLANE('',#2450);
#2154=PLANE('',#2453);
#2155=PLANE('',#2454);
#2156=PLANE('',#2457);
#2157=PLANE('',#2460);
#2158=PLANE('',#2463);
#2159=PLANE('',#2464);
#2160=PLANE('',#2465);
#2161=PLANE('',#2466);
#2162=PLANE('',#2467);
#2163=PLANE('',#2470);
#2164=PLANE('',#2471);
#2165=PLANE('',#2493);
#2166=PLANE('',#2495);
#2167=PLANE('',#2497);
#2168=PLANE('',#2499);
#2169=PLANE('',#2500);
#2170=PLANE('',#2501);
#2171=PLANE('',#2502);
#2172=PLANE('',#2503);
#2173=PLANE('',#2504);
#2174=PLANE('',#2505);
#2175=PLANE('',#2506);
#2176=PLANE('',#2507);
#2177=ADVANCED_FACE('',(#1950),#2090,.F.);
#2178=ADVANCED_FACE('',(#1951),#2091,.F.);
#2179=ADVANCED_FACE('',(#1952),#28,.T.);
#2180=ADVANCED_FACE('',(#1953),#2092,.F.);
#2181=ADVANCED_FACE('',(#1954),#2093,.F.);
#2182=ADVANCED_FACE('',(#1955),#29,.T.);
#2183=ADVANCED_FACE('',(#1956),#2094,.F.);
#2184=ADVANCED_FACE('',(#1957),#2095,.F.);
#2185=ADVANCED_FACE('',(#1958),#30,.T.);
#2186=ADVANCED_FACE('',(#1959),#31,.T.);
#2187=ADVANCED_FACE('',(#1960),#2096,.F.);
#2188=ADVANCED_FACE('',(#1961),#32,.T.);
#2189=ADVANCED_FACE('',(#1962),#2097,.F.);
#2190=ADVANCED_FACE('',(#1963),#2098,.F.);
#2191=ADVANCED_FACE('',(#1964),#33,.T.);
#2192=ADVANCED_FACE('',(#1965),#34,.T.);
#2193=ADVANCED_FACE('',(#1966),#2099,.F.);
#2194=ADVANCED_FACE('',(#1967),#2100,.T.);
#2195=ADVANCED_FACE('',(#1968),#35,.T.);
#2196=ADVANCED_FACE('',(#1969),#2101,.F.);
#2197=ADVANCED_FACE('',(#1970),#2102,.T.);
#2198=ADVANCED_FACE('',(#1971),#36,.T.);
#2199=ADVANCED_FACE('',(#1972),#2103,.F.);
#2200=ADVANCED_FACE('',(#1973),#2104,.F.);
#2201=ADVANCED_FACE('',(#1974),#2105,.T.);
#2202=ADVANCED_FACE('',(#1975),#2106,.T.);
#2203=ADVANCED_FACE('',(#1976),#2107,.F.);
#2204=ADVANCED_FACE('',(#1977),#2108,.T.);
#2205=ADVANCED_FACE('',(#1978),#37,.T.);
#2206=ADVANCED_FACE('',(#1979),#2109,.F.);
#2207=ADVANCED_FACE('',(#1980),#2110,.T.);
#2208=ADVANCED_FACE('',(#1981),#2111,.T.);
#2209=ADVANCED_FACE('',(#1982),#2112,.T.);
#2210=ADVANCED_FACE('',(#1983),#38,.T.);
#2211=ADVANCED_FACE('',(#1984),#2113,.F.);
#2212=ADVANCED_FACE('',(#1985),#2114,.T.);
#2213=ADVANCED_FACE('',(#1986),#2115,.T.);
#2214=ADVANCED_FACE('',(#1987),#2116,.T.);
#2215=ADVANCED_FACE('',(#1988),#39,.T.);
#2216=ADVANCED_FACE('',(#1989),#2117,.F.);
#2217=ADVANCED_FACE('',(#1990),#2118,.T.);
#2218=ADVANCED_FACE('',(#1991),#2119,.T.);
#2219=ADVANCED_FACE('',(#1992),#2120,.T.);
#2220=ADVANCED_FACE('',(#1993),#40,.T.);
#2221=ADVANCED_FACE('',(#1994),#2121,.F.);
#2222=ADVANCED_FACE('',(#1995),#2122,.T.);
#2223=ADVANCED_FACE('',(#1996),#2123,.T.);
#2224=ADVANCED_FACE('',(#1997),#41,.T.);
#2225=ADVANCED_FACE('',(#1998),#2124,.T.);
#2226=ADVANCED_FACE('',(#1999),#42,.T.);
#2227=ADVANCED_FACE('',(#2000),#2125,.F.);
#2228=ADVANCED_FACE('',(#2001),#2126,.T.);
#2229=ADVANCED_FACE('',(#2002),#2127,.T.);
#2230=ADVANCED_FACE('',(#2003),#2128,.T.);
#2231=ADVANCED_FACE('',(#2004),#43,.T.);
#2232=ADVANCED_FACE('',(#2005),#2129,.F.);
#2233=ADVANCED_FACE('',(#2006),#2130,.T.);
#2234=ADVANCED_FACE('',(#2007),#2131,.T.);
#2235=ADVANCED_FACE('',(#2008),#2132,.T.);
#2236=ADVANCED_FACE('',(#2009),#44,.T.);
#2237=ADVANCED_FACE('',(#2010),#2133,.F.);
#2238=ADVANCED_FACE('',(#2011),#2134,.T.);
#2239=ADVANCED_FACE('',(#2012),#2135,.T.);
#2240=ADVANCED_FACE('',(#2013),#2136,.T.);
#2241=ADVANCED_FACE('',(#2014),#45,.T.);
#2242=ADVANCED_FACE('',(#2015),#2137,.F.);
#2243=ADVANCED_FACE('',(#2016),#2138,.T.);
#2244=ADVANCED_FACE('',(#2017),#46,.T.);
#2245=ADVANCED_FACE('',(#2018),#2139,.T.);
#2246=ADVANCED_FACE('',(#2019),#47,.T.);
#2247=ADVANCED_FACE('',(#2020),#2140,.F.);
#2248=ADVANCED_FACE('',(#2021),#2141,.T.);
#2249=ADVANCED_FACE('',(#2022),#2142,.T.);
#2250=ADVANCED_FACE('',(#2023),#2143,.T.);
#2251=ADVANCED_FACE('',(#2024),#48,.T.);
#2252=ADVANCED_FACE('',(#2025),#2144,.F.);
#2253=ADVANCED_FACE('',(#2026),#2145,.T.);
#2254=ADVANCED_FACE('',(#2027),#2146,.T.);
#2255=ADVANCED_FACE('',(#2028),#2147,.T.);
#2256=ADVANCED_FACE('',(#2029),#49,.T.);
#2257=ADVANCED_FACE('',(#2030),#2148,.F.);
#2258=ADVANCED_FACE('',(#2031),#2149,.T.);
#2259=ADVANCED_FACE('',(#2032),#2150,.T.);
#2260=ADVANCED_FACE('',(#2033),#2151,.T.);
#2261=ADVANCED_FACE('',(#2034),#50,.T.);
#2262=ADVANCED_FACE('',(#2035),#2152,.F.);
#2263=ADVANCED_FACE('',(#2036),#2153,.T.);
#2264=ADVANCED_FACE('',(#2037),#51,.T.);
#2265=ADVANCED_FACE('',(#2038,#2039,#2040,#2041,#2042,#2043,#2044,#2045,
#2046,#2047,#2048,#2049,#2050),#2154,.T.);
#2266=ADVANCED_FACE('',(#2051),#2155,.F.);
#2267=ADVANCED_FACE('',(#2052),#24,.F.);
#2268=ADVANCED_FACE('',(#2053),#2156,.F.);
#2269=ADVANCED_FACE('',(#2054),#25,.F.);
#2270=ADVANCED_FACE('',(#2055),#2157,.F.);
#2271=ADVANCED_FACE('',(#2056),#26,.F.);
#2272=ADVANCED_FACE('',(#2057),#2158,.F.);
#2273=ADVANCED_FACE('',(#2058),#2159,.T.);
#2274=ADVANCED_FACE('',(#2059),#2160,.T.);
#2275=ADVANCED_FACE('',(#2060),#2161,.T.);
#2276=ADVANCED_FACE('',(#2061),#2162,.T.);
#2277=ADVANCED_FACE('',(#2062),#27,.F.);
#2278=ADVANCED_FACE('',(#2063,#2064),#2163,.T.);
#2279=ADVANCED_FACE('',(#2065),#2164,.F.);
#2280=ADVANCED_FACE('',(#2066),#52,.T.);
#2281=ADVANCED_FACE('',(#2067),#12,.T.);
#2282=ADVANCED_FACE('',(#2068),#53,.T.);
#2283=ADVANCED_FACE('',(#2069),#13,.T.);
#2284=ADVANCED_FACE('',(#2070),#54,.T.);
#2285=ADVANCED_FACE('',(#2071),#14,.T.);
#2286=ADVANCED_FACE('',(#2072),#55,.T.);
#2287=ADVANCED_FACE('',(#2073),#15,.T.);
#2288=ADVANCED_FACE('',(#2074),#56,.T.);
#2289=ADVANCED_FACE('',(#2075),#2165,.F.);
#2290=ADVANCED_FACE('',(#2076),#57,.T.);
#2291=ADVANCED_FACE('',(#2077),#2166,.T.);
#2292=ADVANCED_FACE('',(#2078),#58,.T.);
#2293=ADVANCED_FACE('',(#2079),#2167,.T.);
#2294=ADVANCED_FACE('',(#2080),#59,.T.);
#2295=ADVANCED_FACE('',(#2081),#2168,.F.);
#2296=ADVANCED_FACE('',(#2082),#2169,.F.);
#2297=ADVANCED_FACE('',(#2083),#2170,.T.);
#2298=ADVANCED_FACE('',(#2084),#2171,.F.);
#2299=ADVANCED_FACE('',(#2085),#2172,.T.);
#2300=ADVANCED_FACE('',(#2086),#2173,.F.);
#2301=ADVANCED_FACE('',(#2087),#2174,.F.);
#2302=ADVANCED_FACE('',(#2088),#2175,.F.);
#2303=ADVANCED_FACE('',(#2089),#2176,.F.);
#2304=CLOSED_SHELL('',(#2177,#2178,#2179,#2180,#2181,#2182,#2183,#2184,
#2185,#2186,#2187,#2188,#2189,#2190,#2191,#2192,#2193,#2194,#2195,#2196,
#2197,#2198,#2199,#2200,#2201,#2202,#2203,#2204,#2205,#2206,#2207,#2208,
#2209,#2210,#2211,#2212,#2213,#2214,#2215,#2216,#2217,#2218,#2219,#2220,
#2221,#2222,#2223,#2224,#2225,#2226,#2227,#2228,#2229,#2230,#2231,#2232,
#2233,#2234,#2235,#2236,#2237,#2238,#2239,#2240,#2241,#2242,#2243,#2244,
#2245,#2246,#2247,#2248,#2249,#2250,#2251,#2252,#2253,#2254,#2255,#2256,
#2257,#2258,#2259,#2260,#2261,#2262,#2263,#2264,#2265,#2266,#2267,#2268,
#2269,#2270,#2271,#2272,#2273,#2274,#2275,#2276,#2277,#2278,#2279,#2280,
#2281,#2282,#2283,#2284,#2285,#2286,#2287,#2288,#2289,#2290,#2291,#2292,
#2293,#2294,#2295,#2296,#2297,#2298,#2299,#2300,#2301,#2302,#2303));
#2305=STYLED_ITEM('',(#2306),#2313);
#2306=PRESENTATION_STYLE_ASSIGNMENT((#2307));
#2307=SURFACE_STYLE_USAGE(.BOTH.,#2308);
#2308=SURFACE_SIDE_STYLE('',(#2309));
#2309=SURFACE_STYLE_FILL_AREA(#2310);
#2310=FILL_AREA_STYLE('',(#2311));
#2311=FILL_AREA_STYLE_COLOUR('',#2312);
#2312=COLOUR_RGB('',0.329411764705883,0.898039215686275,0.435294117647059);
#2313=MANIFOLD_SOLID_BREP('2.0u',#2304);
#2314=SHAPE_DEFINITION_REPRESENTATION(#3843,#2315);
#2315=SHAPE_REPRESENTATION('2.0u',(#2316),#3838);
#2316=AXIS2_PLACEMENT_3D('',#3147,#2508,#2509);
#2317=AXIS2_PLACEMENT_3D('',#3148,#2510,#2511);
#2318=AXIS2_PLACEMENT_3D('',#3156,#2515,#2516);
#2319=AXIS2_PLACEMENT_3D('',#3162,#2519,#2520);
#2320=AXIS2_PLACEMENT_3D('',#3163,#2521,#2522);
#2321=AXIS2_PLACEMENT_3D('',#3167,#2524,#2525);
#2322=AXIS2_PLACEMENT_3D('',#3173,#2528,#2529);
#2323=AXIS2_PLACEMENT_3D('',#3176,#2531,#2532);
#2324=AXIS2_PLACEMENT_3D('',#3179,#2534,#2535);
#2325=AXIS2_PLACEMENT_3D('',#3182,#2537,#2538);
#2326=AXIS2_PLACEMENT_3D('',#3190,#2542,#2543);
#2327=AXIS2_PLACEMENT_3D('',#3196,#2546,#2547);
#2328=AXIS2_PLACEMENT_3D('',#3197,#2548,#2549);
#2329=AXIS2_PLACEMENT_3D('',#3201,#2551,#2552);
#2330=AXIS2_PLACEMENT_3D('',#3207,#2555,#2556);
#2331=AXIS2_PLACEMENT_3D('',#3210,#2558,#2559);
#2332=AXIS2_PLACEMENT_3D('',#3213,#2561,#2562);
#2333=AXIS2_PLACEMENT_3D('',#3216,#2564,#2565);
#2334=AXIS2_PLACEMENT_3D('',#3224,#2569,#2570);
#2335=AXIS2_PLACEMENT_3D('',#3230,#2573,#2574);
#2336=AXIS2_PLACEMENT_3D('',#3231,#2575,#2576);
#2337=AXIS2_PLACEMENT_3D('',#3235,#2578,#2579);
#2338=AXIS2_PLACEMENT_3D('',#3241,#2582,#2583);
#2339=AXIS2_PLACEMENT_3D('',#3244,#2585,#2586);
#2340=AXIS2_PLACEMENT_3D('',#3247,#2588,#2589);
#2341=AXIS2_PLACEMENT_3D('',#3250,#2591,#2592);
#2342=AXIS2_PLACEMENT_3D('',#3254,#2594,#2595);
#2343=AXIS2_PLACEMENT_3D('',#3258,#2597,#2598);
#2344=AXIS2_PLACEMENT_3D('',#3259,#2599,#2600);
#2345=AXIS2_PLACEMENT_3D('',#3268,#2605,#2606);
#2346=AXIS2_PLACEMENT_3D('',#3271,#2608,#2609);
#2347=AXIS2_PLACEMENT_3D('',#3275,#2611,#2612);
#2348=AXIS2_PLACEMENT_3D('',#3279,#2614,#2615);
#2349=AXIS2_PLACEMENT_3D('',#3280,#2616,#2617);
#2350=AXIS2_PLACEMENT_3D('',#3289,#2622,#2623);
#2351=AXIS2_PLACEMENT_3D('',#3292,#2625,#2626);
#2352=AXIS2_PLACEMENT_3D('',#3300,#2630,#2631);
#2353=AXIS2_PLACEMENT_3D('',#3306,#2634,#2635);
#2354=AXIS2_PLACEMENT_3D('',#3307,#2636,#2637);
#2355=AXIS2_PLACEMENT_3D('',#3308,#2638,#2639);
#2356=AXIS2_PLACEMENT_3D('',#3313,#2642,#2643);
#2357=AXIS2_PLACEMENT_3D('',#3317,#2645,#2646);
#2358=AXIS2_PLACEMENT_3D('',#3321,#2648,#2649);
#2359=AXIS2_PLACEMENT_3D('',#3322,#2650,#2651);
#2360=AXIS2_PLACEMENT_3D('',#3329,#2655,#2656);
#2361=AXIS2_PLACEMENT_3D('',#3332,#2658,#2659);
#2362=AXIS2_PLACEMENT_3D('',#3336,#2662,#2663);
#2363=AXIS2_PLACEMENT_3D('',#3337,#2664,#2665);
#2364=AXIS2_PLACEMENT_3D('',#3342,#2667,#2668);
#2365=AXIS2_PLACEMENT_3D('',#3345,#2670,#2671);
#2366=AXIS2_PLACEMENT_3D('',#3350,#2674,#2675);
#2367=AXIS2_PLACEMENT_3D('',#3355,#2678,#2679);
#2368=AXIS2_PLACEMENT_3D('',#3359,#2682,#2683);
#2369=AXIS2_PLACEMENT_3D('',#3360,#2684,#2685);
#2370=AXIS2_PLACEMENT_3D('',#3365,#2687,#2688);
#2371=AXIS2_PLACEMENT_3D('',#3368,#2690,#2691);
#2372=AXIS2_PLACEMENT_3D('',#3373,#2694,#2695);
#2373=AXIS2_PLACEMENT_3D('',#3378,#2698,#2699);
#2374=AXIS2_PLACEMENT_3D('',#3387,#2704,#2705);
#2375=AXIS2_PLACEMENT_3D('',#3396,#2710,#2711);
#2376=AXIS2_PLACEMENT_3D('',#3399,#2714,#2715);
#2377=AXIS2_PLACEMENT_3D('',#3402,#2718,#2719);
#2378=AXIS2_PLACEMENT_3D('',#3408,#2723,#2724);
#2379=AXIS2_PLACEMENT_3D('',#3409,#2725,#2726);
#2380=AXIS2_PLACEMENT_3D('',#3412,#2728,#2729);
#2381=AXIS2_PLACEMENT_3D('',#3416,#2732,#2733);
#2382=AXIS2_PLACEMENT_3D('',#3422,#2737,#2738);
#2383=AXIS2_PLACEMENT_3D('',#3426,#2741,#2742);
#2384=AXIS2_PLACEMENT_3D('',#3430,#2745,#2746);
#2385=AXIS2_PLACEMENT_3D('',#3431,#2747,#2748);
#2386=AXIS2_PLACEMENT_3D('',#3434,#2750,#2751);
#2387=AXIS2_PLACEMENT_3D('',#3438,#2754,#2755);
#2388=AXIS2_PLACEMENT_3D('',#3442,#2758,#2759);
#2389=AXIS2_PLACEMENT_3D('',#3448,#2763,#2764);
#2390=AXIS2_PLACEMENT_3D('',#3452,#2767,#2768);
#2391=AXIS2_PLACEMENT_3D('',#3453,#2769,#2770);
#2392=AXIS2_PLACEMENT_3D('',#3456,#2772,#2773);
#2393=AXIS2_PLACEMENT_3D('',#3460,#2776,#2777);
#2394=AXIS2_PLACEMENT_3D('',#3464,#2780,#2781);
#2395=AXIS2_PLACEMENT_3D('',#3470,#2785,#2786);
#2396=AXIS2_PLACEMENT_3D('',#3474,#2789,#2790);
#2397=AXIS2_PLACEMENT_3D('',#3475,#2791,#2792);
#2398=AXIS2_PLACEMENT_3D('',#3478,#2794,#2795);
#2399=AXIS2_PLACEMENT_3D('',#3482,#2798,#2799);
#2400=AXIS2_PLACEMENT_3D('',#3486,#2802,#2803);
#2401=AXIS2_PLACEMENT_3D('',#3490,#2806,#2807);
#2402=AXIS2_PLACEMENT_3D('',#3491,#2808,#2809);
#2403=AXIS2_PLACEMENT_3D('',#3494,#2811,#2812);
#2404=AXIS2_PLACEMENT_3D('',#3500,#2816,#2817);
#2405=AXIS2_PLACEMENT_3D('',#3501,#2818,#2819);
#2406=AXIS2_PLACEMENT_3D('',#3504,#2821,#2822);
#2407=AXIS2_PLACEMENT_3D('',#3508,#2825,#2826);
#2408=AXIS2_PLACEMENT_3D('',#3512,#2829,#2830);
#2409=AXIS2_PLACEMENT_3D('',#3516,#2833,#2834);
#2410=AXIS2_PLACEMENT_3D('',#3520,#2837,#2838);
#2411=AXIS2_PLACEMENT_3D('',#3521,#2839,#2840);
#2412=AXIS2_PLACEMENT_3D('',#3524,#2842,#2843);
#2413=AXIS2_PLACEMENT_3D('',#3528,#2846,#2847);
#2414=AXIS2_PLACEMENT_3D('',#3532,#2850,#2851);
#2415=AXIS2_PLACEMENT_3D('',#3538,#2855,#2856);
#2416=AXIS2_PLACEMENT_3D('',#3542,#2859,#2860);
#2417=AXIS2_PLACEMENT_3D('',#3543,#2861,#2862);
#2418=AXIS2_PLACEMENT_3D('',#3546,#2864,#2865);
#2419=AXIS2_PLACEMENT_3D('',#3550,#2868,#2869);
#2420=AXIS2_PLACEMENT_3D('',#3554,#2872,#2873);
#2421=AXIS2_PLACEMENT_3D('',#3560,#2877,#2878);
#2422=AXIS2_PLACEMENT_3D('',#3564,#2881,#2882);
#2423=AXIS2_PLACEMENT_3D('',#3565,#2883,#2884);
#2424=AXIS2_PLACEMENT_3D('',#3568,#2886,#2887);
#2425=AXIS2_PLACEMENT_3D('',#3572,#2890,#2891);
#2426=AXIS2_PLACEMENT_3D('',#3574,#2893,#2894);
#2427=AXIS2_PLACEMENT_3D('',#3575,#2895,#2896);
#2428=AXIS2_PLACEMENT_3D('',#3580,#2899,#2900);
#2429=AXIS2_PLACEMENT_3D('',#3586,#2904,#2905);
#2430=AXIS2_PLACEMENT_3D('',#3587,#2906,#2907);
#2431=AXIS2_PLACEMENT_3D('',#3590,#2909,#2910);
#2432=AXIS2_PLACEMENT_3D('',#3594,#2913,#2914);
#2433=AXIS2_PLACEMENT_3D('',#3598,#2917,#2918);
#2434=AXIS2_PLACEMENT_3D('',#3602,#2921,#2922);
#2435=AXIS2_PLACEMENT_3D('',#3606,#2925,#2926);
#2436=AXIS2_PLACEMENT_3D('',#3607,#2927,#2928);
#2437=AXIS2_PLACEMENT_3D('',#3610,#2930,#2931);
#2438=AXIS2_PLACEMENT_3D('',#3614,#2934,#2935);
#2439=AXIS2_PLACEMENT_3D('',#3618,#2938,#2939);
#2440=AXIS2_PLACEMENT_3D('',#3624,#2943,#2944);
#2441=AXIS2_PLACEMENT_3D('',#3628,#2947,#2948);
#2442=AXIS2_PLACEMENT_3D('',#3629,#2949,#2950);
#2443=AXIS2_PLACEMENT_3D('',#3632,#2952,#2953);
#2444=AXIS2_PLACEMENT_3D('',#3636,#2956,#2957);
#2445=AXIS2_PLACEMENT_3D('',#3640,#2960,#2961);
#2446=AXIS2_PLACEMENT_3D('',#3646,#2965,#2966);
#2447=AXIS2_PLACEMENT_3D('',#3650,#2969,#2970);
#2448=AXIS2_PLACEMENT_3D('',#3651,#2971,#2972);
#2449=AXIS2_PLACEMENT_3D('',#3654,#2974,#2975);
#2450=AXIS2_PLACEMENT_3D('',#3658,#2978,#2979);
#2451=AXIS2_PLACEMENT_3D('',#3660,#2981,#2982);
#2452=AXIS2_PLACEMENT_3D('',#3661,#2983,#2984);
#2453=AXIS2_PLACEMENT_3D('',#3666,#2987,#2988);
#2454=AXIS2_PLACEMENT_3D('',#3679,#2999,#3000);
#2455=AXIS2_PLACEMENT_3D('',#3696,#3005,#3006);
#2456=AXIS2_PLACEMENT_3D('',#3700,#3008,#3009);
#2457=AXIS2_PLACEMENT_3D('',#3701,#3010,#3011);
#2458=AXIS2_PLACEMENT_3D('',#3715,#3015,#3016);
#2459=AXIS2_PLACEMENT_3D('',#3719,#3018,#3019);
#2460=AXIS2_PLACEMENT_3D('',#3720,#3020,#3021);
#2461=AXIS2_PLACEMENT_3D('',#3734,#3025,#3026);
#2462=AXIS2_PLACEMENT_3D('',#3738,#3028,#3029);
#2463=AXIS2_PLACEMENT_3D('',#3739,#3030,#3031);
#2464=AXIS2_PLACEMENT_3D('',#3745,#3035,#3036);
#2465=AXIS2_PLACEMENT_3D('',#3751,#3040,#3041);
#2466=AXIS2_PLACEMENT_3D('',#3755,#3044,#3045);
#2467=AXIS2_PLACEMENT_3D('',#3759,#3048,#3049);
#2468=AXIS2_PLACEMENT_3D('',#3769,#3051,#3052);
#2469=AXIS2_PLACEMENT_3D('',#3770,#3053,#3054);
#2470=AXIS2_PLACEMENT_3D('',#3771,#3055,#3056);
#2471=AXIS2_PLACEMENT_3D('',#3772,#3057,#3058);
#2472=AXIS2_PLACEMENT_3D('',#3781,#3063,#3064);
#2473=AXIS2_PLACEMENT_3D('',#3782,#3065,#3066);
#2474=AXIS2_PLACEMENT_3D('',#3784,#3067,#3068);
#2475=AXIS2_PLACEMENT_3D('',#3787,#3070,#3071);
#2476=AXIS2_PLACEMENT_3D('',#3788,#3072,#3073);
#2477=AXIS2_PLACEMENT_3D('',#3790,#3074,#3075);
#2478=AXIS2_PLACEMENT_3D('',#3791,#3076,#3077);
#2479=AXIS2_PLACEMENT_3D('',#3792,#3078,#3079);
#2480=AXIS2_PLACEMENT_3D('',#3795,#3081,#3082);
#2481=AXIS2_PLACEMENT_3D('',#3796,#3083,#3084);
#2482=AXIS2_PLACEMENT_3D('',#3798,#3085,#3086);
#2483=AXIS2_PLACEMENT_3D('',#3799,#3087,#3088);
#2484=AXIS2_PLACEMENT_3D('',#3800,#3089,#3090);
#2485=AXIS2_PLACEMENT_3D('',#3803,#3092,#3093);
#2486=AXIS2_PLACEMENT_3D('',#3804,#3094,#3095);
#2487=AXIS2_PLACEMENT_3D('',#3806,#3096,#3097);
#2488=AXIS2_PLACEMENT_3D('',#3807,#3098,#3099);
#2489=AXIS2_PLACEMENT_3D('',#3808,#3100,#3101);
#2490=AXIS2_PLACEMENT_3D('',#3811,#3103,#3104);
#2491=AXIS2_PLACEMENT_3D('',#3812,#3105,#3106);
#2492=AXIS2_PLACEMENT_3D('',#3813,#3107,#3108);
#2493=AXIS2_PLACEMENT_3D('',#3816,#3111,#3112);
#2494=AXIS2_PLACEMENT_3D('',#3818,#3114,#3115);
#2495=AXIS2_PLACEMENT_3D('',#3820,#3117,#3118);
#2496=AXIS2_PLACEMENT_3D('',#3822,#3120,#3121);
#2497=AXIS2_PLACEMENT_3D('',#3824,#3123,#3124);
#2498=AXIS2_PLACEMENT_3D('',#3826,#3126,#3127);
#2499=AXIS2_PLACEMENT_3D('',#3828,#3129,#3130);
#2500=AXIS2_PLACEMENT_3D('',#3829,#3131,#3132);
#2501=AXIS2_PLACEMENT_3D('',#3830,#3133,#3134);
#2502=AXIS2_PLACEMENT_3D('',#3831,#3135,#3136);
#2503=AXIS2_PLACEMENT_3D('',#3832,#3137,#3138);
#2504=AXIS2_PLACEMENT_3D('',#3833,#3139,#3140);
#2505=AXIS2_PLACEMENT_3D('',#3834,#3141,#3142);
#2506=AXIS2_PLACEMENT_3D('',#3835,#3143,#3144);
#2507=AXIS2_PLACEMENT_3D('',#3836,#3145,#3146);
#2508=DIRECTION('',(0.,0.,1.));
#2509=DIRECTION('',(1.,0.,0.));
#2510=DIRECTION('',(0.,0.,1.));
#2511=DIRECTION('',(1.,0.,0.));
#2512=DIRECTION('',(1.,0.,0.));
#2513=DIRECTION('',(0.999979970957887,0.00632911392405005,0.));
#2514=DIRECTION('',(0.00632911392405005,-0.999979970957887,0.));
#2515=DIRECTION('',(0.,0.,1.));
#2516=DIRECTION('',(1.,0.,0.));
#2517=DIRECTION('',(-0.999979970957887,-0.0063291139240501,0.));
#2518=DIRECTION('',(0.,-1.,0.));
#2519=DIRECTION('',(0.,0.,1.));
#2520=DIRECTION('',(1.,0.,0.));
#2521=DIRECTION('',(0.,0.,1.));
#2522=DIRECTION('',(1.,0.,0.));
#2523=DIRECTION('',(-1.,4.11722343981837E-16,0.));
#2524=DIRECTION('',(0.,0.,1.));
#2525=DIRECTION('',(1.,0.,0.));
#2526=DIRECTION('',(-1.37240781327279E-16,-1.,0.));
#2527=DIRECTION('',(-1.,0.,0.));
#2528=DIRECTION('',(0.,0.,1.));
#2529=DIRECTION('',(1.,0.,0.));
#2530=DIRECTION('',(0.,1.,0.));
#2531=DIRECTION('',(0.,0.,-1.));
#2532=DIRECTION('',(-1.,0.,0.));
#2533=DIRECTION('',(0.,0.,-1.));
#2534=DIRECTION('',(0.,0.,-1.));
#2535=DIRECTION('',(-1.,0.,0.));
#2536=DIRECTION('',(0.,0.,-1.));
#2537=DIRECTION('',(0.,0.,1.));
#2538=DIRECTION('',(1.,0.,0.));
#2539=DIRECTION('',(1.,0.,0.));
#2540=DIRECTION('',(0.999979970957887,0.00632911392405005,0.));
#2541=DIRECTION('',(0.00632911392405005,-0.999979970957887,0.));
#2542=DIRECTION('',(0.,0.,1.));
#2543=DIRECTION('',(1.,0.,0.));
#2544=DIRECTION('',(-0.999979970957887,-0.0063291139240501,0.));
#2545=DIRECTION('',(0.,-1.,0.));
#2546=DIRECTION('',(0.,0.,1.));
#2547=DIRECTION('',(1.,0.,0.));
#2548=DIRECTION('',(0.,0.,1.));
#2549=DIRECTION('',(1.,0.,0.));
#2550=DIRECTION('',(-1.,4.11722343981837E-16,0.));
#2551=DIRECTION('',(0.,0.,1.));
#2552=DIRECTION('',(1.,0.,0.));
#2553=DIRECTION('',(-1.37240781327279E-16,-1.,0.));
#2554=DIRECTION('',(-1.,0.,0.));
#2555=DIRECTION('',(0.,0.,1.));
#2556=DIRECTION('',(1.,0.,0.));
#2557=DIRECTION('',(0.,1.,0.));
#2558=DIRECTION('',(0.,0.,-1.));
#2559=DIRECTION('',(-1.,0.,0.));
#2560=DIRECTION('',(0.,0.,-1.));
#2561=DIRECTION('',(0.,0.,-1.));
#2562=DIRECTION('',(-1.,0.,0.));
#2563=DIRECTION('',(0.,0.,-1.));
#2564=DIRECTION('',(0.,0.,1.));
#2565=DIRECTION('',(1.,0.,0.));
#2566=DIRECTION('',(1.,0.,0.));
#2567=DIRECTION('',(0.999979970957887,0.00632911392405005,0.));
#2568=DIRECTION('',(0.00632911392405005,-0.999979970957887,0.));
#2569=DIRECTION('',(0.,0.,1.));
#2570=DIRECTION('',(1.,0.,0.));
#2571=DIRECTION('',(-0.999979970957887,-0.0063291139240501,0.));
#2572=DIRECTION('',(0.00632911392405009,-0.999979970957887,0.));
#2573=DIRECTION('',(0.,0.,1.));
#2574=DIRECTION('',(1.,0.,0.));
#2575=DIRECTION('',(0.,0.,1.));
#2576=DIRECTION('',(1.,0.,0.));
#2577=DIRECTION('',(-1.,4.11722343981837E-16,0.));
#2578=DIRECTION('',(0.,0.,1.));
#2579=DIRECTION('',(1.,0.,0.));
#2580=DIRECTION('',(-1.37240781327279E-16,-1.,0.));
#2581=DIRECTION('',(-1.,0.,0.));
#2582=DIRECTION('',(0.,0.,1.));
#2583=DIRECTION('',(1.,0.,0.));
#2584=DIRECTION('',(0.,1.,0.));
#2585=DIRECTION('',(0.,0.,-1.));
#2586=DIRECTION('',(-1.,0.,0.));
#2587=DIRECTION('',(0.,0.,-1.));
#2588=DIRECTION('',(0.,0.,-1.));
#2589=DIRECTION('',(-1.,0.,0.));
#2590=DIRECTION('',(0.,0.,-1.));
#2591=DIRECTION('',(0.,0.,-1.));
#2592=DIRECTION('',(-1.,0.,0.));
#2593=DIRECTION('',(0.,0.,-1.));
#2594=DIRECTION('',(0.,0.,-1.));
#2595=DIRECTION('',(-1.,0.,0.));
#2596=DIRECTION('',(0.,0.,-1.));
#2597=DIRECTION('',(0.,0.,1.));
#2598=DIRECTION('',(1.,0.,0.));
#2599=DIRECTION('',(0.,0.,1.));
#2600=DIRECTION('',(1.,0.,0.));
#2601=DIRECTION('',(1.,0.,0.));
#2602=DIRECTION('',(0.,-1.,0.));
#2603=DIRECTION('',(0.,1.,0.));
#2604=DIRECTION('',(1.,0.,0.));
#2605=DIRECTION('',(0.,0.,1.));
#2606=DIRECTION('',(1.,0.,0.));
#2607=DIRECTION('',(0.,-1.,0.));
#2608=DIRECTION('',(0.,0.,-1.));
#2609=DIRECTION('',(-1.,0.,0.));
#2610=DIRECTION('',(0.,0.,-1.));
#2611=DIRECTION('',(0.,0.,-1.));
#2612=DIRECTION('',(-1.,0.,0.));
#2613=DIRECTION('',(0.,0.,-1.));
#2614=DIRECTION('',(0.,0.,1.));
#2615=DIRECTION('',(1.,0.,0.));
#2616=DIRECTION('',(0.,0.,1.));
#2617=DIRECTION('',(1.,0.,0.));
#2618=DIRECTION('',(1.,0.,0.));
#2619=DIRECTION('',(0.,-1.,0.));
#2620=DIRECTION('',(0.,1.,0.));
#2621=DIRECTION('',(1.,0.,0.));
#2622=DIRECTION('',(0.,0.,1.));
#2623=DIRECTION('',(1.,0.,0.));
#2624=DIRECTION('',(0.,-1.,0.));
#2625=DIRECTION('',(0.,0.,1.));
#2626=DIRECTION('',(1.,0.,0.));
#2627=DIRECTION('',(-0.00632911392405024,0.999979970957887,0.));
#2628=DIRECTION('',(0.,1.,0.));
#2629=DIRECTION('',(1.,0.,0.));
#2630=DIRECTION('',(0.,0.,1.));
#2631=DIRECTION('',(1.,0.,0.));
#2632=DIRECTION('',(0.,-1.,0.));
#2633=DIRECTION('',(1.,0.,0.));
#2634=DIRECTION('',(0.,0.,1.));
#2635=DIRECTION('',(1.,0.,0.));
#2636=DIRECTION('',(0.,0.,-1.));
#2637=DIRECTION('',(-1.,0.,0.));
#2638=DIRECTION('',(0.,0.,-1.));
#2639=DIRECTION('',(-1.,0.,0.));
#2640=DIRECTION('',(0.,0.,-1.));
#2641=DIRECTION('',(0.,0.,-1.));
#2642=DIRECTION('',(0.,0.,-1.));
#2643=DIRECTION('',(-1.,0.,0.));
#2644=DIRECTION('',(0.,0.,-1.));
#2645=DIRECTION('',(0.,0.,-1.));
#2646=DIRECTION('',(-1.,0.,0.));
#2647=DIRECTION('',(0.,0.,-1.));
#2648=DIRECTION('',(0.,0.,1.));
#2649=DIRECTION('',(1.,0.,0.));
#2650=DIRECTION('',(0.,0.,1.));
#2651=DIRECTION('',(1.,0.,0.));
#2652=DIRECTION('',(6.86203906636395E-17,1.,0.));
#2653=DIRECTION('',(-1.,-1.36377631759183E-16,0.));
#2654=DIRECTION('',(0.,1.,0.));
#2655=DIRECTION('',(0.,0.,1.));
#2656=DIRECTION('',(1.,0.,0.));
#2657=DIRECTION('',(1.,-6.86203906636395E-17,0.));
#2658=DIRECTION('',(-0.00632911392405024,0.999979970957887,0.));
#2659=DIRECTION('',(-0.999979970957887,-0.00632911392405024,0.));
#2660=DIRECTION('',(0.,0.,-1.));
#2661=DIRECTION('',(0.,0.,1.));
#2662=DIRECTION('',(0.,0.,-1.));
#2663=DIRECTION('',(-1.,0.,0.));
#2664=DIRECTION('',(0.,0.,-1.));
#2665=DIRECTION('',(-1.,0.,0.));
#2666=DIRECTION('',(0.,0.,-1.));
#2667=DIRECTION('',(0.,0.,1.));
#2668=DIRECTION('',(1.,0.,0.));
#2669=DIRECTION('',(0.,0.,-1.));
#2670=DIRECTION('',(0.,0.,1.));
#2671=DIRECTION('',(1.,0.,0.));
#2672=DIRECTION('',(-1.,-1.36377631759183E-16,0.));
#2673=DIRECTION('',(0.,1.,0.));
#2674=DIRECTION('',(0.,0.,1.));
#2675=DIRECTION('',(1.,0.,0.));
#2676=DIRECTION('',(1.,-6.86203906636395E-17,0.));
#2677=DIRECTION('',(6.86203906636395E-17,1.,0.));
#2678=DIRECTION('',(-0.00632911392405024,0.999979970957887,0.));
#2679=DIRECTION('',(-0.999979970957887,-0.00632911392405024,0.));
#2680=DIRECTION('',(0.,0.,-1.));
#2681=DIRECTION('',(0.,0.,1.));
#2682=DIRECTION('',(0.,0.,-1.));
#2683=DIRECTION('',(-1.,0.,0.));
#2684=DIRECTION('',(0.,0.,-1.));
#2685=DIRECTION('',(-1.,0.,0.));
#2686=DIRECTION('',(0.,0.,-1.));
#2687=DIRECTION('',(0.,0.,1.));
#2688=DIRECTION('',(1.,0.,0.));
#2689=DIRECTION('',(0.,0.,-1.));
#2690=DIRECTION('',(0.,0.,1.));
#2691=DIRECTION('',(1.,0.,0.));
#2692=DIRECTION('',(-1.,-1.36377631759183E-16,0.));
#2693=DIRECTION('',(0.,1.,0.));
#2694=DIRECTION('',(0.,0.,1.));
#2695=DIRECTION('',(1.,0.,0.));
#2696=DIRECTION('',(1.,-6.86203906636395E-17,0.));
#2697=DIRECTION('',(6.86203906636395E-17,1.,0.));
#2698=DIRECTION('',(0.,0.971520271089308,0.236956457735503));
#2699=DIRECTION('',(0.,-0.236956457735503,0.971520271089308));
#2700=DIRECTION('',(-1.,0.,0.));
#2701=DIRECTION('',(0.270240036327661,-0.22814001412612,0.935372897148596));
#2702=DIRECTION('',(1.,0.,0.));
#2703=DIRECTION('',(0.270224231478023,0.22814106526958,-0.935377206831433));
#2704=DIRECTION('',(0.,0.971520406476881,-0.236955902646454));
#2705=DIRECTION('',(0.,0.236955902646454,0.971520406476881));
#2706=DIRECTION('',(-0.270240071237066,-0.22813947736847,-0.935373017979366));
#2707=DIRECTION('',(-1.,0.,0.));
#2708=DIRECTION('',(-0.270224266385708,0.228140528509728,0.935377327663873));
#2709=DIRECTION('',(1.,0.,0.));
#2710=DIRECTION('',(0.960708377004785,0.,-0.277559749158326));
#2711=DIRECTION('',(-0.277559749158326,0.,-0.960708377004785));
#2712=DIRECTION('',(0.,1.,0.));
#2713=DIRECTION('',(0.,-1.,0.));
#2714=DIRECTION('',(0.960713046456212,0.,0.277543586430715));
#2715=DIRECTION('',(0.277543586430715,0.,-0.960713046456213));
#2716=DIRECTION('',(0.,1.,0.));
#2717=DIRECTION('',(0.,-1.,0.));
#2718=DIRECTION('',(0.,1.,0.));
#2719=DIRECTION('',(0.,0.,1.));
#2720=DIRECTION('',(-1.,0.,0.));
#2721=DIRECTION('',(0.,0.,-1.));
#2722=DIRECTION('',(0.,0.,-1.));
#2723=DIRECTION('',(0.,0.,-1.));
#2724=DIRECTION('',(-1.,0.,0.));
#2725=DIRECTION('',(0.,0.,-1.));
#2726=DIRECTION('',(-1.,0.,0.));
#2727=DIRECTION('',(0.,0.,-1.));
#2728=DIRECTION('',(1.,0.,0.));
#2729=DIRECTION('',(0.,0.,-1.));
#2730=DIRECTION('',(0.,1.,0.));
#2731=DIRECTION('',(0.,0.,-1.));
#2732=DIRECTION('',(0.,1.,0.));
#2733=DIRECTION('',(0.,0.,1.));
#2734=DIRECTION('',(-1.,0.,0.));
#2735=DIRECTION('',(-1.,0.,0.));
#2736=DIRECTION('',(0.,0.,-1.));
#2737=DIRECTION('',(1.36377631759183E-16,-1.,0.));
#2738=DIRECTION('',(1.,1.36377631759183E-16,0.));
#2739=DIRECTION('',(1.,1.36377631759183E-16,0.));
#2740=DIRECTION('',(0.,0.,-1.));
#2741=DIRECTION('',(-1.,0.,0.));
#2742=DIRECTION('',(0.,0.,1.));
#2743=DIRECTION('',(0.,-1.,0.));
#2744=DIRECTION('',(0.,0.,-1.));
#2745=DIRECTION('',(0.,0.,-1.));
#2746=DIRECTION('',(-1.,0.,0.));
#2747=DIRECTION('',(0.,0.,-1.));
#2748=DIRECTION('',(-1.,0.,0.));
#2749=DIRECTION('',(0.,0.,-1.));
#2750=DIRECTION('',(0.,1.,0.));
#2751=DIRECTION('',(0.,0.,1.));
#2752=DIRECTION('',(-1.,0.,0.));
#2753=DIRECTION('',(0.,0.,-1.));
#2754=DIRECTION('',(-1.,6.86203906636395E-17,0.));
#2755=DIRECTION('',(-6.86203906636395E-17,-1.,0.));
#2756=DIRECTION('',(-6.86203906636395E-17,-1.,0.));
#2757=DIRECTION('',(0.,-1.,0.));
#2758=DIRECTION('',(1.,-1.37240781327279E-16,0.));
#2759=DIRECTION('',(1.37240781327279E-16,1.,0.));
#2760=DIRECTION('',(1.37240781327279E-16,1.,0.));
#2761=DIRECTION('',(0.,0.,-1.));
#2762=DIRECTION('',(0.,-1.,0.));
#2763=DIRECTION('',(0.,-1.,0.));
#2764=DIRECTION('',(0.,0.,-1.));
#2765=DIRECTION('',(1.,0.,0.));
#2766=DIRECTION('',(0.,0.,-1.));
#2767=DIRECTION('',(0.,0.,-1.));
#2768=DIRECTION('',(-1.,0.,0.));
#2769=DIRECTION('',(0.,0.,-1.));
#2770=DIRECTION('',(-1.,0.,0.));
#2771=DIRECTION('',(0.,0.,-1.));
#2772=DIRECTION('',(-1.,0.,0.));
#2773=DIRECTION('',(0.,0.,1.));
#2774=DIRECTION('',(0.,-1.,0.));
#2775=DIRECTION('',(0.,0.,-1.));
#2776=DIRECTION('',(-4.11722343981837E-16,-1.,0.));
#2777=DIRECTION('',(1.,-4.11722343981837E-16,0.));
#2778=DIRECTION('',(1.,-4.11722343981837E-16,0.));
#2779=DIRECTION('',(1.,0.,0.));
#2780=DIRECTION('',(-0.00632911392405005,0.999979970957887,0.));
#2781=DIRECTION('',(-0.999979970957887,-0.00632911392405005,0.));
#2782=DIRECTION('',(-0.999979970957887,-0.00632911392405005,0.));
#2783=DIRECTION('',(0.,0.,-1.));
#2784=DIRECTION('',(0.,0.,-1.));
#2785=DIRECTION('',(0.999979970957887,0.00632911392405098,0.));
#2786=DIRECTION('',(-0.00632911392405098,0.999979970957887,0.));
#2787=DIRECTION('',(-0.00632911392405098,0.999979970957887,0.));
#2788=DIRECTION('',(0.,0.,-1.));
#2789=DIRECTION('',(0.,0.,-1.));
#2790=DIRECTION('',(-1.,0.,0.));
#2791=DIRECTION('',(0.,0.,-1.));
#2792=DIRECTION('',(-1.,0.,0.));
#2793=DIRECTION('',(0.,0.,-1.));
#2794=DIRECTION('',(0.00632911392404881,-0.999979970957887,0.));
#2795=DIRECTION('',(0.999979970957887,0.00632911392404881,0.));
#2796=DIRECTION('',(0.999979970957887,0.00632911392404881,0.));
#2797=DIRECTION('',(0.,0.,-1.));
#2798=DIRECTION('',(0.999979970957887,0.00632911392405009,0.));
#2799=DIRECTION('',(-0.00632911392405009,0.999979970957887,0.));
#2800=DIRECTION('',(-0.00632911392405009,0.999979970957887,0.));
#2801=DIRECTION('',(-0.00632911392405024,0.999979970957887,0.));
#2802=DIRECTION('',(-1.,0.,0.));
#2803=DIRECTION('',(0.,0.,1.));
#2804=DIRECTION('',(0.,-1.,0.));
#2805=DIRECTION('',(0.,0.,-1.));
#2806=DIRECTION('',(0.,0.,-1.));
#2807=DIRECTION('',(-1.,0.,0.));
#2808=DIRECTION('',(0.,0.,-1.));
#2809=DIRECTION('',(-1.,0.,0.));
#2810=DIRECTION('',(0.,0.,-1.));
#2811=DIRECTION('',(0.,1.,0.));
#2812=DIRECTION('',(0.,0.,1.));
#2813=DIRECTION('',(-1.,0.,0.));
#2814=DIRECTION('',(0.,0.,-1.));
#2815=DIRECTION('',(0.,0.,-1.));
#2816=DIRECTION('',(0.,0.,-1.));
#2817=DIRECTION('',(-1.,0.,0.));
#2818=DIRECTION('',(0.,0.,-1.));
#2819=DIRECTION('',(-1.,0.,0.));
#2820=DIRECTION('',(0.,0.,-1.));
#2821=DIRECTION('',(1.,0.,0.));
#2822=DIRECTION('',(0.,0.,-1.));
#2823=DIRECTION('',(0.,1.,0.));
#2824=DIRECTION('',(0.,0.,-1.));
#2825=DIRECTION('',(0.,1.,0.));
#2826=DIRECTION('',(0.,0.,1.));
#2827=DIRECTION('',(-1.,0.,0.));
#2828=DIRECTION('',(-1.,0.,0.));
#2829=DIRECTION('',(1.36377631759183E-16,-1.,0.));
#2830=DIRECTION('',(1.,1.36377631759183E-16,0.));
#2831=DIRECTION('',(1.,1.36377631759183E-16,0.));
#2832=DIRECTION('',(0.,0.,-1.));
#2833=DIRECTION('',(-1.,0.,0.));
#2834=DIRECTION('',(0.,0.,1.));
#2835=DIRECTION('',(0.,-1.,0.));
#2836=DIRECTION('',(0.,0.,-1.));
#2837=DIRECTION('',(0.,0.,-1.));
#2838=DIRECTION('',(-1.,0.,0.));
#2839=DIRECTION('',(0.,0.,-1.));
#2840=DIRECTION('',(-1.,0.,0.));
#2841=DIRECTION('',(0.,0.,-1.));
#2842=DIRECTION('',(0.,1.,0.));
#2843=DIRECTION('',(0.,0.,1.));
#2844=DIRECTION('',(-1.,0.,0.));
#2845=DIRECTION('',(0.,0.,-1.));
#2846=DIRECTION('',(-1.,6.86203906636395E-17,0.));
#2847=DIRECTION('',(-6.86203906636395E-17,-1.,0.));
#2848=DIRECTION('',(-6.86203906636395E-17,-1.,0.));
#2849=DIRECTION('',(0.,-1.,0.));
#2850=DIRECTION('',(1.,-1.37240781327279E-16,0.));
#2851=DIRECTION('',(1.37240781327279E-16,1.,0.));
#2852=DIRECTION('',(1.37240781327279E-16,1.,0.));
#2853=DIRECTION('',(0.,0.,-1.));
#2854=DIRECTION('',(0.,-1.,0.));
#2855=DIRECTION('',(0.,-1.,0.));
#2856=DIRECTION('',(0.,0.,-1.));
#2857=DIRECTION('',(1.,0.,0.));
#2858=DIRECTION('',(0.,0.,-1.));
#2859=DIRECTION('',(0.,0.,-1.));
#2860=DIRECTION('',(-1.,0.,0.));
#2861=DIRECTION('',(0.,0.,-1.));
#2862=DIRECTION('',(-1.,0.,0.));
#2863=DIRECTION('',(0.,0.,-1.));
#2864=DIRECTION('',(-1.,0.,0.));
#2865=DIRECTION('',(0.,0.,1.));
#2866=DIRECTION('',(0.,-1.,0.));
#2867=DIRECTION('',(0.,0.,-1.));
#2868=DIRECTION('',(-4.11722343981837E-16,-1.,0.));
#2869=DIRECTION('',(1.,-4.11722343981837E-16,0.));
#2870=DIRECTION('',(1.,-4.11722343981837E-16,0.));
#2871=DIRECTION('',(1.,0.,0.));
#2872=DIRECTION('',(-0.00632911392405005,0.999979970957887,0.));
#2873=DIRECTION('',(-0.999979970957887,-0.00632911392405005,0.));
#2874=DIRECTION('',(-0.999979970957887,-0.00632911392405005,0.));
#2875=DIRECTION('',(0.,0.,-1.));
#2876=DIRECTION('',(0.,0.,-1.));
#2877=DIRECTION('',(0.999979970957887,0.00632911392405098,0.));
#2878=DIRECTION('',(-0.00632911392405098,0.999979970957887,0.));
#2879=DIRECTION('',(-0.00632911392405098,0.999979970957887,0.));
#2880=DIRECTION('',(0.,0.,-1.));
#2881=DIRECTION('',(0.,0.,-1.));
#2882=DIRECTION('',(-1.,0.,0.));
#2883=DIRECTION('',(0.,0.,-1.));
#2884=DIRECTION('',(-1.,0.,0.));
#2885=DIRECTION('',(0.,0.,-1.));
#2886=DIRECTION('',(0.00632911392404881,-0.999979970957887,0.));
#2887=DIRECTION('',(0.999979970957887,0.00632911392404881,0.));
#2888=DIRECTION('',(0.999979970957887,0.00632911392404881,0.));
#2889=DIRECTION('',(0.,0.,-1.));
#2890=DIRECTION('',(-1.,0.,0.));
#2891=DIRECTION('',(0.,0.,1.));
#2892=DIRECTION('',(0.,-1.,0.));
#2893=DIRECTION('',(0.,0.,-1.));
#2894=DIRECTION('',(-1.,0.,0.));
#2895=DIRECTION('',(0.,0.,-1.));
#2896=DIRECTION('',(-1.,0.,0.));
#2897=DIRECTION('',(0.,0.,-1.));
#2898=DIRECTION('',(0.,0.,-1.));
#2899=DIRECTION('',(0.,1.,0.));
#2900=DIRECTION('',(0.,0.,1.));
#2901=DIRECTION('',(-1.,0.,0.));
#2902=DIRECTION('',(0.,0.,-1.));
#2903=DIRECTION('',(0.,0.,-1.));
#2904=DIRECTION('',(0.,0.,-1.));
#2905=DIRECTION('',(-1.,0.,0.));
#2906=DIRECTION('',(0.,0.,-1.));
#2907=DIRECTION('',(-1.,0.,0.));
#2908=DIRECTION('',(0.,0.,-1.));
#2909=DIRECTION('',(1.,0.,0.));
#2910=DIRECTION('',(0.,0.,-1.));
#2911=DIRECTION('',(0.,1.,0.));
#2912=DIRECTION('',(0.,0.,-1.));
#2913=DIRECTION('',(0.,1.,0.));
#2914=DIRECTION('',(0.,0.,1.));
#2915=DIRECTION('',(-1.,0.,0.));
#2916=DIRECTION('',(-1.,0.,0.));
#2917=DIRECTION('',(1.36377631759183E-16,-1.,0.));
#2918=DIRECTION('',(1.,1.36377631759183E-16,0.));
#2919=DIRECTION('',(1.,1.36377631759183E-16,0.));
#2920=DIRECTION('',(0.,0.,-1.));
#2921=DIRECTION('',(-1.,0.,0.));
#2922=DIRECTION('',(0.,0.,1.));
#2923=DIRECTION('',(0.,-1.,0.));
#2924=DIRECTION('',(0.,0.,-1.));
#2925=DIRECTION('',(0.,0.,-1.));
#2926=DIRECTION('',(-1.,0.,0.));
#2927=DIRECTION('',(0.,0.,-1.));
#2928=DIRECTION('',(-1.,0.,0.));
#2929=DIRECTION('',(0.,0.,-1.));
#2930=DIRECTION('',(0.,1.,0.));
#2931=DIRECTION('',(0.,0.,1.));
#2932=DIRECTION('',(-1.,0.,0.));
#2933=DIRECTION('',(0.,0.,-1.));
#2934=DIRECTION('',(-1.,6.86203906636395E-17,0.));
#2935=DIRECTION('',(-6.86203906636395E-17,-1.,0.));
#2936=DIRECTION('',(-6.86203906636395E-17,-1.,0.));
#2937=DIRECTION('',(0.,-1.,0.));
#2938=DIRECTION('',(1.,-1.37240781327279E-16,0.));
#2939=DIRECTION('',(1.37240781327279E-16,1.,0.));
#2940=DIRECTION('',(1.37240781327279E-16,1.,0.));
#2941=DIRECTION('',(0.,0.,-1.));
#2942=DIRECTION('',(0.,-1.,0.));
#2943=DIRECTION('',(0.,-1.,0.));
#2944=DIRECTION('',(0.,0.,-1.));
#2945=DIRECTION('',(1.,0.,0.));
#2946=DIRECTION('',(0.,0.,-1.));
#2947=DIRECTION('',(0.,0.,-1.));
#2948=DIRECTION('',(-1.,0.,0.));
#2949=DIRECTION('',(0.,0.,-1.));
#2950=DIRECTION('',(-1.,0.,0.));
#2951=DIRECTION('',(0.,0.,-1.));
#2952=DIRECTION('',(-1.,0.,0.));
#2953=DIRECTION('',(0.,0.,1.));
#2954=DIRECTION('',(0.,-1.,0.));
#2955=DIRECTION('',(0.,0.,-1.));
#2956=DIRECTION('',(-4.11722343981837E-16,-1.,0.));
#2957=DIRECTION('',(1.,-4.11722343981837E-16,0.));
#2958=DIRECTION('',(1.,-4.11722343981837E-16,0.));
#2959=DIRECTION('',(1.,0.,0.));
#2960=DIRECTION('',(-0.00632911392405005,0.999979970957887,0.));
#2961=DIRECTION('',(-0.999979970957887,-0.00632911392405005,0.));
#2962=DIRECTION('',(-0.999979970957887,-0.00632911392405005,0.));
#2963=DIRECTION('',(0.,0.,-1.));
#2964=DIRECTION('',(0.,0.,-1.));
#2965=DIRECTION('',(0.999979970957887,0.00632911392405098,0.));
#2966=DIRECTION('',(-0.00632911392405098,0.999979970957887,0.));
#2967=DIRECTION('',(-0.00632911392405098,0.999979970957887,0.));
#2968=DIRECTION('',(0.,0.,-1.));
#2969=DIRECTION('',(0.,0.,-1.));
#2970=DIRECTION('',(-1.,0.,0.));
#2971=DIRECTION('',(0.,0.,-1.));
#2972=DIRECTION('',(-1.,0.,0.));
#2973=DIRECTION('',(0.,0.,-1.));
#2974=DIRECTION('',(0.00632911392404881,-0.999979970957887,0.));
#2975=DIRECTION('',(0.999979970957887,0.00632911392404881,0.));
#2976=DIRECTION('',(0.999979970957887,0.00632911392404881,0.));
#2977=DIRECTION('',(0.,0.,-1.));
#2978=DIRECTION('',(-1.,0.,0.));
#2979=DIRECTION('',(0.,0.,1.));
#2980=DIRECTION('',(0.,-1.,0.));
#2981=DIRECTION('',(0.,0.,-1.));
#2982=DIRECTION('',(-1.,0.,0.));
#2983=DIRECTION('',(0.,0.,-1.));
#2984=DIRECTION('',(-1.,0.,0.));
#2985=DIRECTION('',(0.,0.,-1.));
#2986=DIRECTION('',(0.,0.,-1.));
#2987=DIRECTION('',(0.,0.,-1.));
#2988=DIRECTION('',(1.,0.,0.));
#2989=DIRECTION('',(1.,0.,0.));
#2990=DIRECTION('',(0.,-1.,0.));
#2991=DIRECTION('',(0.,1.,0.));
#2992=DIRECTION('',(1.,0.,0.));
#2993=DIRECTION('',(0.,-1.,0.));
#2994=DIRECTION('',(0.,1.,0.));
#2995=DIRECTION('',(1.,0.,0.));
#2996=DIRECTION('',(0.,-1.,0.));
#2997=DIRECTION('',(0.,-1.,0.));
#2998=DIRECTION('',(-0.00632911392405024,0.999979970957887,0.));
#2999=DIRECTION('',(1.,0.,0.));
#3000=DIRECTION('',(0.,0.,-1.));
#3001=DIRECTION('',(0.,1.,0.));
#3002=DIRECTION('',(0.,0.,1.));
#3003=DIRECTION('',(0.,1.,0.));
#3004=DIRECTION('',(0.,0.,1.));
#3005=DIRECTION('',(0.,0.,-1.));
#3006=DIRECTION('',(0.764117277047626,-0.645077349561525,0.));
#3007=DIRECTION('',(0.,0.,1.));
#3008=DIRECTION('',(0.,0.,-1.));
#3009=DIRECTION('',(0.764117277047626,-0.645077349561525,0.));
#3010=DIRECTION('',(3.85494105772624E-16,-1.,0.));
#3011=DIRECTION('',(1.,3.85494105772624E-16,0.));
#3012=DIRECTION('',(-1.,-3.85494105772624E-16,0.));
#3013=DIRECTION('',(0.,0.,1.));
#3014=DIRECTION('',(-1.,-3.85494105772624E-16,0.));
#3015=DIRECTION('',(0.,0.,-1.));
#3016=DIRECTION('',(0.764097214806349,0.645101113256813,0.));
#3017=DIRECTION('',(0.,0.,1.));
#3018=DIRECTION('',(0.,0.,-1.));
#3019=DIRECTION('',(0.764097214806349,0.645101113256813,0.));
#3020=DIRECTION('',(-1.,0.,0.));
#3021=DIRECTION('',(0.,0.,1.));
#3022=DIRECTION('',(0.,-1.,0.));
#3023=DIRECTION('',(0.,0.,1.));
#3024=DIRECTION('',(0.,-1.,0.));
#3025=DIRECTION('',(0.,0.,-1.));
#3026=DIRECTION('',(-0.764098004020056,0.645100178462668,0.));
#3027=DIRECTION('',(0.,0.,1.));
#3028=DIRECTION('',(0.,0.,-1.));
#3029=DIRECTION('',(-0.764098004020056,0.645100178462668,0.));
#3030=DIRECTION('',(0.,1.,0.));
#3031=DIRECTION('',(0.,0.,1.));
#3032=DIRECTION('',(1.,0.,0.));
#3033=DIRECTION('',(0.,0.,1.));
#3034=DIRECTION('',(1.,0.,0.));
#3035=DIRECTION('',(0.,1.,0.));
#3036=DIRECTION('',(0.,0.,1.));
#3037=DIRECTION('',(0.,0.,1.));
#3038=DIRECTION('',(1.,0.,0.));
#3039=DIRECTION('',(0.,0.,1.));
#3040=DIRECTION('',(-1.,0.,0.));
#3041=DIRECTION('',(0.,0.,1.));
#3042=DIRECTION('',(0.,0.,1.));
#3043=DIRECTION('',(0.,-1.,0.));
#3044=DIRECTION('',(0.,-1.,0.));
#3045=DIRECTION('',(0.,0.,-1.));
#3046=DIRECTION('',(0.,0.,1.));
#3047=DIRECTION('',(1.,0.,0.));
#3048=DIRECTION('',(1.,0.,0.));
#3049=DIRECTION('',(0.,0.,-1.));
#3050=DIRECTION('',(0.,-1.,0.));
#3051=DIRECTION('',(0.,0.,-1.));
#3052=DIRECTION('',(-0.764118066223909,-0.645076414752728,0.));
#3053=DIRECTION('',(0.,0.,-1.));
#3054=DIRECTION('',(-0.764118066223909,-0.645076414752728,0.));
#3055=DIRECTION('',(0.,0.,-1.));
#3056=DIRECTION('',(1.,0.,0.));
#3057=DIRECTION('',(0.,0.,-1.));
#3058=DIRECTION('',(1.,0.,0.));
#3059=DIRECTION('',(1.,0.,0.));
#3060=DIRECTION('',(0.,-1.,0.));
#3061=DIRECTION('',(1.,0.,0.));
#3062=DIRECTION('',(0.,-1.,0.));
#3063=DIRECTION('',(0.,1.,0.));
#3064=DIRECTION('',(0.,0.,1.));
#3065=DIRECTION('',(0.,-1.,0.));
#3066=DIRECTION('',(0.,0.,-1.));
#3067=DIRECTION('',(-3.28600612004896E-15,1.,-1.13737442694519E-14));
#3068=DIRECTION('',(0.,1.13737442694519E-14,1.));
#3069=DIRECTION('',(0.,1.,0.));
#3070=DIRECTION('',(0.,0.,1.));
#3071=DIRECTION('',(1.,0.,0.));
#3072=DIRECTION('',(-1.,0.,0.));
#3073=DIRECTION('',(0.,0.,1.));
#3074=DIRECTION('',(0.270240036327666,-0.22814001412612,0.935372897148595));
#3075=DIRECTION('',(0.960708377004783,0.,-0.277559749158331));
#3076=DIRECTION('',(-1.,0.,0.));
#3077=DIRECTION('',(0.,0.,1.));
#3078=DIRECTION('',(1.,0.,0.));
#3079=DIRECTION('',(0.,0.,-1.));
#3080=DIRECTION('',(1.,0.,0.));
#3081=DIRECTION('',(1.42171803368149E-15,0.,1.));
#3082=DIRECTION('',(1.,0.,-1.42171803368149E-15));
#3083=DIRECTION('',(0.,1.,0.));
#3084=DIRECTION('',(0.,0.,1.));
#3085=DIRECTION('',(-0.270224231478023,-0.228141065269579,0.935377206831433));
#3086=DIRECTION('',(0.960713046456212,0.,0.277543586430715));
#3087=DIRECTION('',(0.,1.,0.));
#3088=DIRECTION('',(0.,0.,1.));
#3089=DIRECTION('',(0.,-1.,0.));
#3090=DIRECTION('',(0.,0.,-1.));
#3091=DIRECTION('',(0.,-1.,0.));
#3092=DIRECTION('',(0.,0.,1.));
#3093=DIRECTION('',(1.,0.,0.));
#3094=DIRECTION('',(1.,0.,0.));
#3095=DIRECTION('',(0.,0.,-1.));
#3096=DIRECTION('',(-0.270224266385706,0.228140528509728,0.935377327663873));
#3097=DIRECTION('',(0.960713046456213,0.,0.277543586430713));
#3098=DIRECTION('',(-1.,0.,0.));
#3099=DIRECTION('',(0.,0.,1.));
#3100=DIRECTION('',(-1.,0.,0.));
#3101=DIRECTION('',(0.,0.,1.));
#3102=DIRECTION('',(-1.,0.,0.));
#3103=DIRECTION('',(0.,0.,1.));
#3104=DIRECTION('',(1.,0.,0.));
#3105=DIRECTION('',(0.270240071237066,0.228139477368467,0.935373017979367));
#3106=DIRECTION('',(0.960708377004785,0.,-0.277559749158326));
#3107=DIRECTION('',(-0.270240071237066,-0.22813947736847,-0.935373017979366));
#3108=DIRECTION('',(-0.960708377004784,0.,0.277559749158326));
#3109=DIRECTION('',(0.270240071237067,0.22813947736847,0.935373017979366));
#3110=DIRECTION('',(0.270240071237066,0.22813947736847,0.935373017979366));
#3111=DIRECTION('',(0.,0.971520406476881,-0.236955902646454));
#3112=DIRECTION('',(0.,0.236955902646454,0.971520406476881));
#3113=DIRECTION('',(0.270224266385708,-0.228140528509728,-0.935377327663873));
#3114=DIRECTION('',(-0.270224266385708,0.228140528509728,0.935377327663873));
#3115=DIRECTION('',(0.960713046456212,0.,0.277543586430715));
#3116=DIRECTION('',(-0.270224266385708,0.228140528509728,0.935377327663873));
#3117=DIRECTION('',(0.960713046456212,0.,0.277543586430715));
#3118=DIRECTION('',(0.277543586430715,0.,-0.960713046456213));
#3119=DIRECTION('',(0.270224231478023,0.22814106526958,-0.935377206831433));
#3120=DIRECTION('',(0.270224231478023,0.22814106526958,-0.935377206831433));
#3121=DIRECTION('',(-0.960713046456212,0.,-0.277543586430715));
#3122=DIRECTION('',(0.270224231478023,0.22814106526958,-0.935377206831433));
#3123=DIRECTION('',(0.,0.971520271089308,0.236956457735503));
#3124=DIRECTION('',(0.,-0.236956457735503,0.971520271089308));
#3125=DIRECTION('',(0.270240036327661,-0.22814001412612,0.935372897148596));
#3126=DIRECTION('',(0.270240036327661,-0.22814001412612,0.935372897148596));
#3127=DIRECTION('',(0.960708377004785,0.,-0.277559749158326));
#3128=DIRECTION('',(-0.270240036327661,0.22814001412612,-0.935372897148596));
#3129=DIRECTION('',(0.960708377004785,0.,-0.277559749158326));
#3130=DIRECTION('',(-0.277559749158326,0.,-0.960708377004785));
#3131=DIRECTION('',(-1.,0.,0.));
#3132=DIRECTION('',(0.,0.,1.));
#3133=DIRECTION('',(-1.,0.,0.));
#3134=DIRECTION('',(0.,0.,1.));
#3135=DIRECTION('',(-1.,0.,0.));
#3136=DIRECTION('',(0.,0.,1.));
#3137=DIRECTION('',(-1.,0.,0.));
#3138=DIRECTION('',(0.,0.,1.));
#3139=DIRECTION('',(0.999979970957887,0.00632911392405024,0.));
#3140=DIRECTION('',(-0.00632911392405024,0.999979970957887,0.));
#3141=DIRECTION('',(0.,-1.,0.));
#3142=DIRECTION('',(0.,0.,-1.));
#3143=DIRECTION('',(0.,-1.,0.));
#3144=DIRECTION('',(0.,0.,-1.));
#3145=DIRECTION('',(0.,-1.,0.));
#3146=DIRECTION('',(0.,0.,-1.));
#3147=CARTESIAN_POINT('',(0.,0.,0.));
#3148=CARTESIAN_POINT('',(-0.000300031645886539,-0.03721,-0.0004));
#3149=CARTESIAN_POINT('',(-0.004675,-0.0379099979970556,-0.0004));
#3150=CARTESIAN_POINT('',(-0.00280402901092263,-0.0379099979970556,-0.0004));
#3151=CARTESIAN_POINT('',(-0.002675,-0.0379099979970556,-0.0004));
#3152=CARTESIAN_POINT('',(-0.00188564873433568,-0.0379050020029042,-0.0004));
#3153=CARTESIAN_POINT('',(-0.0013956585485663,-0.0379019007370814,-0.0004));
#3154=CARTESIAN_POINT('',(-0.0013956585485663,-0.0379019007370814,-0.0004));
#3155=CARTESIAN_POINT('',(-0.0013950256371739,-0.0380018987341772,-0.0004));
#3156=CARTESIAN_POINT('',(-0.00139312690299669,-0.0383018927254646,-0.0004));
#3157=CARTESIAN_POINT('',(-0.00109313291170932,-0.0382999939912874,-0.0004));
#3158=CARTESIAN_POINT('',(-0.000993134914613533,-0.0382993610798949,-0.0004));
#3159=CARTESIAN_POINT('',(-0.000994067457306767,-0.0382993640310385,-0.0004));
#3160=CARTESIAN_POINT('',(-0.000995,-0.03721,-0.0004));
#3161=CARTESIAN_POINT('',(-0.000995,-0.0397153979697407,-0.0004));
#3162=CARTESIAN_POINT('',(-0.000300031645886539,-0.03721,-0.0004));
#3163=CARTESIAN_POINT('',(-0.000300031645886539,-0.03721,-0.0004));
#3164=CARTESIAN_POINT('',(-0.001885,-0.03652,-0.0004));
#3165=CARTESIAN_POINT('',(-0.001395,-0.03652,-0.0004));
#3166=CARTESIAN_POINT('',(-0.00280680247705559,-0.03652,-0.0004));
#3167=CARTESIAN_POINT('',(-0.000300031645886539,-0.03721,-0.0004));
#3168=CARTESIAN_POINT('',(-0.000995,-0.0347046020302593,-0.0004));
#3169=CARTESIAN_POINT('',(-0.000995,-0.03563,-0.0004));
#3170=CARTESIAN_POINT('',(-0.000995,-0.03612,-0.0004));
#3171=CARTESIAN_POINT('',(-0.000995,-0.03612,-0.0004));
#3172=CARTESIAN_POINT('',(-0.001095,-0.03612,-0.0004));
#3173=CARTESIAN_POINT('',(-0.001395,-0.03612,-0.0004));
#3174=CARTESIAN_POINT('',(-0.001395,-0.03642,-0.0004));
#3175=CARTESIAN_POINT('',(-0.001395,-0.03652,-0.0004));
#3176=CARTESIAN_POINT('',(-0.000300031645886539,-0.03721,0.0036));
#3177=CARTESIAN_POINT('',(-0.00280680247705559,-0.03652,0.0036));
#3178=CARTESIAN_POINT('',(-0.00280680247705559,-0.03652,0.00355));
#3179=CARTESIAN_POINT('',(-0.000300031645886539,-0.03721,0.00355));
#3180=CARTESIAN_POINT('',(-0.000995,-0.0347046020302593,0.00355));
#3181=CARTESIAN_POINT('',(-0.000995,-0.0347046020302593,0.0036));
#3182=CARTESIAN_POINT('',(-0.000300031645886539,-0.04821,-0.0004));
#3183=CARTESIAN_POINT('',(-0.004675,-0.0489099979970557,-0.0004));
#3184=CARTESIAN_POINT('',(-0.00280402901092263,-0.0489099979970557,-0.0004));
#3185=CARTESIAN_POINT('',(-0.002675,-0.0489099979970557,-0.0004));
#3186=CARTESIAN_POINT('',(-0.00188564873433568,-0.0489050020029042,-0.0004));
#3187=CARTESIAN_POINT('',(-0.0013956585485663,-0.0489019007370814,-0.0004));
#3188=CARTESIAN_POINT('',(-0.0013956585485663,-0.0489019007370814,-0.0004));
#3189=CARTESIAN_POINT('',(-0.0013950256371739,-0.0490018987341772,-0.0004));
#3190=CARTESIAN_POINT('',(-0.00139312690299669,-0.0493018927254646,-0.0004));
#3191=CARTESIAN_POINT('',(-0.00109313291170932,-0.0492999939912874,-0.0004));
#3192=CARTESIAN_POINT('',(-0.000993134914613533,-0.049299361079895,-0.0004));
#3193=CARTESIAN_POINT('',(-0.000994067457306767,-0.0492993640310386,-0.0004));
#3194=CARTESIAN_POINT('',(-0.000995,-0.04821,-0.0004));
#3195=CARTESIAN_POINT('',(-0.000995,-0.0507153979697407,-0.0004));
#3196=CARTESIAN_POINT('',(-0.000300031645886539,-0.04821,-0.0004));
#3197=CARTESIAN_POINT('',(-0.000300031645886539,-0.04821,-0.0004));
#3198=CARTESIAN_POINT('',(-0.001885,-0.04752,-0.0004));
#3199=CARTESIAN_POINT('',(-0.001395,-0.04752,-0.0004));
#3200=CARTESIAN_POINT('',(-0.00280680247705559,-0.04752,-0.0004));
#3201=CARTESIAN_POINT('',(-0.000300031645886539,-0.04821,-0.0004));
#3202=CARTESIAN_POINT('',(-0.000995,-0.0457046020302593,-0.0004));
#3203=CARTESIAN_POINT('',(-0.000995,-0.04663,-0.0004));
#3204=CARTESIAN_POINT('',(-0.000995,-0.04712,-0.0004));
#3205=CARTESIAN_POINT('',(-0.000995,-0.04712,-0.0004));
#3206=CARTESIAN_POINT('',(-0.001095,-0.04712,-0.0004));
#3207=CARTESIAN_POINT('',(-0.001395,-0.04712,-0.0004));
#3208=CARTESIAN_POINT('',(-0.001395,-0.04742,-0.0004));
#3209=CARTESIAN_POINT('',(-0.001395,-0.04752,-0.0004));
#3210=CARTESIAN_POINT('',(-0.000300031645886539,-0.04821,0.0036));
#3211=CARTESIAN_POINT('',(-0.00280680247705559,-0.04752,0.0036));
#3212=CARTESIAN_POINT('',(-0.00280680247705559,-0.04752,0.00355));
#3213=CARTESIAN_POINT('',(-0.000300031645886539,-0.04821,0.00355));
#3214=CARTESIAN_POINT('',(-0.000995,-0.0457046020302593,0.00355));
#3215=CARTESIAN_POINT('',(-0.000995,-0.0457046020302593,0.0036));
#3216=CARTESIAN_POINT('',(-0.000300031645886539,-0.05921,-0.0004));
#3217=CARTESIAN_POINT('',(-0.004675,-0.0599099979970557,-0.0004));
#3218=CARTESIAN_POINT('',(-0.00280402901092262,-0.0599099979970557,-0.0004));
#3219=CARTESIAN_POINT('',(-0.002675,-0.0599099979970557,-0.0004));
#3220=CARTESIAN_POINT('',(-0.00188564873433568,-0.0599050020029042,-0.0004));
#3221=CARTESIAN_POINT('',(-0.0013956585485663,-0.0599019007370814,-0.0004));
#3222=CARTESIAN_POINT('',(-0.0013956585485663,-0.0599019007370814,-0.0004));
#3223=CARTESIAN_POINT('',(-0.0013950256371739,-0.0600018987341772,-0.0004));
#3224=CARTESIAN_POINT('',(-0.00139312690299669,-0.0603018927254646,-0.0004));
#3225=CARTESIAN_POINT('',(-0.00109313291170932,-0.0602999939912874,-0.0004));
#3226=CARTESIAN_POINT('',(-0.000993134914613533,-0.060299361079895,-0.0004));
#3227=CARTESIAN_POINT('',(-0.000993134914613535,-0.060299361079895,-0.0004));
#3228=CARTESIAN_POINT('',(-0.000990033648790751,-0.0607893512656643,-0.0004));
#3229=CARTESIAN_POINT('',(-0.000984153593569762,-0.0617183813826247,-0.0004));
#3230=CARTESIAN_POINT('',(-0.000300031645886539,-0.05921,-0.0004));
#3231=CARTESIAN_POINT('',(-0.000300031645886539,-0.05921,-0.0004));
#3232=CARTESIAN_POINT('',(-0.001885,-0.05852,-0.0004));
#3233=CARTESIAN_POINT('',(-0.001395,-0.05852,-0.0004));
#3234=CARTESIAN_POINT('',(-0.00280680247705559,-0.05852,-0.0004));
#3235=CARTESIAN_POINT('',(-0.000300031645886539,-0.05921,-0.0004));
#3236=CARTESIAN_POINT('',(-0.000995,-0.0567046020302593,-0.0004));
#3237=CARTESIAN_POINT('',(-0.000995,-0.05763,-0.0004));
#3238=CARTESIAN_POINT('',(-0.000995,-0.05812,-0.0004));
#3239=CARTESIAN_POINT('',(-0.000995,-0.05812,-0.0004));
#3240=CARTESIAN_POINT('',(-0.001095,-0.05812,-0.0004));
#3241=CARTESIAN_POINT('',(-0.001395,-0.05812,-0.0004));
#3242=CARTESIAN_POINT('',(-0.001395,-0.05842,-0.0004));
#3243=CARTESIAN_POINT('',(-0.001395,-0.05852,-0.0004));
#3244=CARTESIAN_POINT('',(-0.000300031645886539,-0.05921,0.0036));
#3245=CARTESIAN_POINT('',(-0.00280680247705559,-0.05852,0.0036));
#3246=CARTESIAN_POINT('',(-0.00280680247705559,-0.05852,0.00355));
#3247=CARTESIAN_POINT('',(-0.000300031645886539,-0.05921,0.00355));
#3248=CARTESIAN_POINT('',(-0.000995,-0.0567046020302593,0.00355));
#3249=CARTESIAN_POINT('',(-0.000995,-0.0567046020302593,0.0036));
#3250=CARTESIAN_POINT('',(-0.000300031645886539,-0.03721,0.0036));
#3251=CARTESIAN_POINT('',(0.00220673918528251,-0.0379,0.0036));
#3252=CARTESIAN_POINT('',(0.00220673918528251,-0.0379,0.00355));
#3253=CARTESIAN_POINT('',(0.00220673918528251,-0.0379,-0.0004));
#3254=CARTESIAN_POINT('',(-0.000300031645886539,-0.03721,0.00355));
#3255=CARTESIAN_POINT('',(0.000385,-0.0397181330993658,0.00355));
#3256=CARTESIAN_POINT('',(0.000385,-0.0397181330993658,0.0036));
#3257=CARTESIAN_POINT('',(0.000385,-0.0397181330993658,-0.0004));
#3258=CARTESIAN_POINT('',(-0.000300031645886539,-0.03721,-0.0004));
#3259=CARTESIAN_POINT('',(-0.000300031645886539,-0.03721,-0.0004));
#3260=CARTESIAN_POINT('',(0.00128496835411346,-0.0379,-0.0004));
#3261=CARTESIAN_POINT('',(0.000794936708226922,-0.0379,-0.0004));
#3262=CARTESIAN_POINT('',(0.000385,-0.03434,-0.0004));
#3263=CARTESIAN_POINT('',(0.000389683481910973,-0.0395705596938106,-0.0004));
#3264=CARTESIAN_POINT('',(0.000394936708226922,-0.0387849841770568,-0.0004));
#3265=CARTESIAN_POINT('',(0.000394936708226922,-0.0383,-0.0004));
#3266=CARTESIAN_POINT('',(0.000394936708226922,-0.0383,-0.0004));
#3267=CARTESIAN_POINT('',(0.000494936708226922,-0.0383,-0.0004));
#3268=CARTESIAN_POINT('',(0.000794936708226922,-0.0383,-0.0004));
#3269=CARTESIAN_POINT('',(0.000794936708226922,-0.038,-0.0004));
#3270=CARTESIAN_POINT('',(0.000794936708226922,-0.0379,-0.0004));
#3271=CARTESIAN_POINT('',(-0.000300031645886539,-0.04821,0.0036));
#3272=CARTESIAN_POINT('',(0.00220673918528251,-0.0489,0.0036));
#3273=CARTESIAN_POINT('',(0.00220673918528251,-0.0489,0.00355));
#3274=CARTESIAN_POINT('',(0.00220673918528251,-0.0489,-0.0004));
#3275=CARTESIAN_POINT('',(-0.000300031645886539,-0.04821,0.00355));
#3276=CARTESIAN_POINT('',(0.000385,-0.0507181330993657,0.00355));
#3277=CARTESIAN_POINT('',(0.000385,-0.0507181330993657,0.0036));
#3278=CARTESIAN_POINT('',(0.000385,-0.0507181330993657,-0.0004));
#3279=CARTESIAN_POINT('',(-0.000300031645886539,-0.04821,-0.0004));
#3280=CARTESIAN_POINT('',(-0.000300031645886539,-0.04821,-0.0004));
#3281=CARTESIAN_POINT('',(0.00128496835411346,-0.0489,-0.0004));
#3282=CARTESIAN_POINT('',(0.000794936708226922,-0.0489,-0.0004));
#3283=CARTESIAN_POINT('',(0.000385,-0.03434,-0.0004));
#3284=CARTESIAN_POINT('',(0.000389683481910971,-0.0505705596938106,-0.0004));
#3285=CARTESIAN_POINT('',(0.000394936708226922,-0.0497849841770567,-0.0004));
#3286=CARTESIAN_POINT('',(0.000394936708226922,-0.0493,-0.0004));
#3287=CARTESIAN_POINT('',(0.000394936708226922,-0.0493,-0.0004));
#3288=CARTESIAN_POINT('',(0.000494936708226922,-0.0493,-0.0004));
#3289=CARTESIAN_POINT('',(0.000794936708226922,-0.0493,-0.0004));
#3290=CARTESIAN_POINT('',(0.000794936708226922,-0.049,-0.0004));
#3291=CARTESIAN_POINT('',(0.000794936708226922,-0.0489,-0.0004));
#3292=CARTESIAN_POINT('',(-0.000300031645886539,-0.05921,-0.0004));
#3293=CARTESIAN_POINT('',(0.000398735678774554,-0.0621705496903262,-0.0004));
#3294=CARTESIAN_POINT('',(0.000395853303612284,-0.0617151435362192,-0.0004));
#3295=CARTESIAN_POINT('',(0.000394938085229836,-0.0615705419280821,-0.0004));
#3296=CARTESIAN_POINT('',(0.000394936708226922,-0.0607849841770567,-0.0004));
#3297=CARTESIAN_POINT('',(0.000394936708226922,-0.0603,-0.0004));
#3298=CARTESIAN_POINT('',(0.000394936708226922,-0.0603,-0.0004));
#3299=CARTESIAN_POINT('',(0.000494936708226922,-0.0603,-0.0004));
#3300=CARTESIAN_POINT('',(0.000794936708226922,-0.0603,-0.0004));
#3301=CARTESIAN_POINT('',(0.000794936708226922,-0.06,-0.0004));
#3302=CARTESIAN_POINT('',(0.000794936708226922,-0.0599,-0.0004));
#3303=CARTESIAN_POINT('',(0.000794936708226922,-0.0599,-0.0004));
#3304=CARTESIAN_POINT('',(0.00128496835411346,-0.0599,-0.0004));
#3305=CARTESIAN_POINT('',(0.00220673918528251,-0.0599,-0.0004));
#3306=CARTESIAN_POINT('',(-0.000300031645886539,-0.05921,-0.0004));
#3307=CARTESIAN_POINT('',(-0.000300031645886539,-0.05921,0.0036));
#3308=CARTESIAN_POINT('',(-0.000300031645886539,-0.05921,0.00355));
#3309=CARTESIAN_POINT('',(-0.000984153593569763,-0.0617183813826247,0.00355));
#3310=CARTESIAN_POINT('',(-0.0028040290109247,-0.0599099979970557,0.00355));
#3311=CARTESIAN_POINT('',(-0.0028040290109247,-0.0599099979970557,0.0036));
#3312=CARTESIAN_POINT('',(-0.000984153593569762,-0.0617183813826247,0.0036));
#3313=CARTESIAN_POINT('',(-0.000300031645886539,-0.05921,0.0036));
#3314=CARTESIAN_POINT('',(0.000385,-0.0567018669006343,0.0036));
#3315=CARTESIAN_POINT('',(0.000385,-0.0567018669006343,0.00355));
#3316=CARTESIAN_POINT('',(0.000385,-0.0567018669812614,-0.0004));
#3317=CARTESIAN_POINT('',(-0.000300031645886539,-0.05921,0.00355));
#3318=CARTESIAN_POINT('',(0.00220673918528252,-0.05852,0.00355));
#3319=CARTESIAN_POINT('',(0.00220673918528252,-0.05852,0.0036));
#3320=CARTESIAN_POINT('',(0.00220673918528252,-0.05852,-0.0004));
#3321=CARTESIAN_POINT('',(-0.000300031645886539,-0.05921,-0.0004));
#3322=CARTESIAN_POINT('',(-0.000300031645886539,-0.05921,-0.0004));
#3323=CARTESIAN_POINT('',(0.000385,-0.05763,-0.0004));
#3324=CARTESIAN_POINT('',(0.000385,-0.05812,-0.0004));
#3325=CARTESIAN_POINT('',(0.00128,-0.05852,-0.0004));
#3326=CARTESIAN_POINT('',(0.000785,-0.05852,-0.0004));
#3327=CARTESIAN_POINT('',(0.000785,-0.05852,-0.0004));
#3328=CARTESIAN_POINT('',(0.000785,-0.05842,-0.0004));
#3329=CARTESIAN_POINT('',(0.000785,-0.05812,-0.0004));
#3330=CARTESIAN_POINT('',(0.000485,-0.05812,-0.0004));
#3331=CARTESIAN_POINT('',(0.000385,-0.05812,-0.0004));
#3332=CARTESIAN_POINT('',(-0.000295047468829808,-0.0395749683541134,0.0036));
#3333=CARTESIAN_POINT('',(0.000394937960039546,-0.0395705221484127,0.0036));
#3334=CARTESIAN_POINT('',(0.000389683288289763,-0.0395705783370705,0.00355));
#3335=CARTESIAN_POINT('',(0.000385,-0.0395706641700008,0.0036));
#3336=CARTESIAN_POINT('',(-0.000300031645886539,-0.03721,0.0036));
#3337=CARTESIAN_POINT('',(-0.000300031645886539,-0.03721,0.00355));
#3338=CARTESIAN_POINT('',(0.000385,-0.0347018669006343,0.00355));
#3339=CARTESIAN_POINT('',(0.00220673918528251,-0.03652,0.00355));
#3340=CARTESIAN_POINT('',(0.00220673918528251,-0.03652,0.0036));
#3341=CARTESIAN_POINT('',(0.00220673918528251,-0.03652,-0.0004));
#3342=CARTESIAN_POINT('',(-0.000300031645886539,-0.03721,-0.0004));
#3343=CARTESIAN_POINT('',(0.000385,-0.0347018669006343,-0.0004));
#3344=CARTESIAN_POINT('',(0.000385,-0.0347018669006343,0.0036));
#3345=CARTESIAN_POINT('',(-0.000300031645886539,-0.03721,-0.0004));
#3346=CARTESIAN_POINT('',(0.00128,-0.03652,-0.0004));
#3347=CARTESIAN_POINT('',(0.000785,-0.03652,-0.0004));
#3348=CARTESIAN_POINT('',(0.000785,-0.03652,-0.0004));
#3349=CARTESIAN_POINT('',(0.000785,-0.03642,-0.0004));
#3350=CARTESIAN_POINT('',(0.000785,-0.03612,-0.0004));
#3351=CARTESIAN_POINT('',(0.000485,-0.03612,-0.0004));
#3352=CARTESIAN_POINT('',(0.000385,-0.03612,-0.0004));
#3353=CARTESIAN_POINT('',(0.000385,-0.03612,-0.0004));
#3354=CARTESIAN_POINT('',(0.000385,-0.03563,-0.0004));
#3355=CARTESIAN_POINT('',(-0.000295047468829808,-0.0505749683541135,0.0036));
#3356=CARTESIAN_POINT('',(0.000394937960039546,-0.0505705221484127,0.0036));
#3357=CARTESIAN_POINT('',(0.000389683288289763,-0.0505705783370704,0.00355));
#3358=CARTESIAN_POINT('',(0.000385,-0.0505706641700008,0.0036));
#3359=CARTESIAN_POINT('',(-0.000300031645886539,-0.04821,0.0036));
#3360=CARTESIAN_POINT('',(-0.000300031645886539,-0.04821,0.00355));
#3361=CARTESIAN_POINT('',(0.000385,-0.0457018669006343,0.00355));
#3362=CARTESIAN_POINT('',(0.00220673918528251,-0.04752,0.00355));
#3363=CARTESIAN_POINT('',(0.00220673918528251,-0.04752,0.0036));
#3364=CARTESIAN_POINT('',(0.00220673918528251,-0.04752,-0.0004));
#3365=CARTESIAN_POINT('',(-0.000300031645886539,-0.04821,-0.0004));
#3366=CARTESIAN_POINT('',(0.000385,-0.0457018669006343,-0.0004));
#3367=CARTESIAN_POINT('',(0.000385,-0.0457018669006343,0.0036));
#3368=CARTESIAN_POINT('',(-0.000300031645886539,-0.04821,-0.0004));
#3369=CARTESIAN_POINT('',(0.00128,-0.04752,-0.0004));
#3370=CARTESIAN_POINT('',(0.000785,-0.04752,-0.0004));
#3371=CARTESIAN_POINT('',(0.000785,-0.04752,-0.0004));
#3372=CARTESIAN_POINT('',(0.000785,-0.04742,-0.0004));
#3373=CARTESIAN_POINT('',(0.000785,-0.04712,-0.0004));
#3374=CARTESIAN_POINT('',(0.000485,-0.04712,-0.0004));
#3375=CARTESIAN_POINT('',(0.000385,-0.04712,-0.0004));
#3376=CARTESIAN_POINT('',(0.000385,-0.04712,-0.0004));
#3377=CARTESIAN_POINT('',(0.000385,-0.04663,-0.0004));
#3378=CARTESIAN_POINT('',(0.,-0.0303060016331506,-0.00739171688828057));
#3379=CARTESIAN_POINT('',(0.,-0.032974716381104,0.00355));
#3380=CARTESIAN_POINT('',(0.00573727603209236,-0.032974716381104,0.00355));
#3381=CARTESIAN_POINT('',(-0.00633725847006649,-0.032974716381104,0.00355));
#3382=CARTESIAN_POINT('',(-0.00880477837799823,-0.0308916052540411,-0.00499074502216052));
#3383=CARTESIAN_POINT('',(-0.00747845910432507,-0.0320113005513903,-0.0004));
#3384=CARTESIAN_POINT('',(-0.000300031645886539,-0.0320113005513903,-0.0004));
#3385=CARTESIAN_POINT('',(0.00687840466612646,-0.0320113005513903,-0.0004));
#3386=CARTESIAN_POINT('',(0.00824850359320588,-0.030854572943955,-0.00514257730509457));
#3387=CARTESIAN_POINT('',(0.,-0.0607001906030315,0.0148049061648768));
#3388=CARTESIAN_POINT('',(-0.00286024663973489,-0.0605099567292612,0.0155848660152408));
#3389=CARTESIAN_POINT('',(-0.00633725847006649,-0.0634452862610535,0.00355));
#3390=CARTESIAN_POINT('',(-0.00747845910432507,-0.0644086996996325,-0.0004));
#3391=CARTESIAN_POINT('',(0.,-0.0634452862610535,0.00355));
#3392=CARTESIAN_POINT('',(0.00573727603209236,-0.0634452862610535,0.00355));
#3393=CARTESIAN_POINT('',(0.0023042921416201,-0.0605469427125145,0.0154332232957184));
#3394=CARTESIAN_POINT('',(0.00687840466612646,-0.0644086996996325,-0.0004));
#3395=CARTESIAN_POINT('',(-0.000300031645886539,-0.0644086996996325,-0.0004));
#3396=CARTESIAN_POINT('',(-0.00679566140421195,0.,0.00196334508979575));
#3397=CARTESIAN_POINT('',(-0.00633725847006649,0.,0.00355));
#3398=CARTESIAN_POINT('',(-0.00747845910432507,-0.04821,-0.0004));
#3399=CARTESIAN_POINT('',(0.00624190221412527,0.,0.00180324388541246));
#3400=CARTESIAN_POINT('',(0.00573727603209236,0.,0.00355));
#3401=CARTESIAN_POINT('',(0.00687840466612646,-0.04821,-0.0004));
#3402=CARTESIAN_POINT('',(-0.000300031645886539,-0.0603,0.0036));
#3403=CARTESIAN_POINT('',(-0.000300031645886539,-0.0603,0.00355));
#3404=CARTESIAN_POINT('',(0.000494936708226922,-0.0603,0.00355));
#3405=CARTESIAN_POINT('',(0.000394936708226922,-0.0603,0.00355));
#3406=CARTESIAN_POINT('',(0.000494936708226922,-0.0603,0.0036));
#3407=CARTESIAN_POINT('',(0.000394936708226922,-0.0603,0.0036));
#3408=CARTESIAN_POINT('',(0.000794936708226922,-0.0603,0.0036));
#3409=CARTESIAN_POINT('',(0.000794936708226922,-0.0603,0.00355));
#3410=CARTESIAN_POINT('',(0.000794936708226922,-0.06,0.00355));
#3411=CARTESIAN_POINT('',(0.000794936708226922,-0.06,0.0036));
#3412=CARTESIAN_POINT('',(0.000794936708226922,-0.05921,0.0036));
#3413=CARTESIAN_POINT('',(0.000794936708226922,-0.05921,0.00355));
#3414=CARTESIAN_POINT('',(0.000794936708226922,-0.0599,0.00355));
#3415=CARTESIAN_POINT('',(0.000794936708226922,-0.0599,0.0036));
#3416=CARTESIAN_POINT('',(0.00128496835411346,-0.0599,0.0036));
#3417=CARTESIAN_POINT('',(0.00128496835411346,-0.0599,0.00355));
#3418=CARTESIAN_POINT('',(0.002075,-0.0599,0.00355));
#3419=CARTESIAN_POINT('',(0.003275,-0.0599,0.00355));
#3420=CARTESIAN_POINT('',(0.00220673918528251,-0.0599,0.00355));
#3421=CARTESIAN_POINT('',(0.00220673918528251,-0.0599,0.0036));
#3422=CARTESIAN_POINT('',(0.00128,-0.05852,0.0036));
#3423=CARTESIAN_POINT('',(0.00128,-0.05852,0.00355));
#3424=CARTESIAN_POINT('',(0.000785,-0.05852,0.00355));
#3425=CARTESIAN_POINT('',(0.000785,-0.05852,0.0036));
#3426=CARTESIAN_POINT('',(0.000785,-0.05852,0.0036));
#3427=CARTESIAN_POINT('',(0.000785,-0.05852,0.00355));
#3428=CARTESIAN_POINT('',(0.000785,-0.05842,0.00355));
#3429=CARTESIAN_POINT('',(0.000785,-0.05842,0.0036));
#3430=CARTESIAN_POINT('',(0.000785,-0.05812,0.0036));
#3431=CARTESIAN_POINT('',(0.000785,-0.05812,0.00355));
#3432=CARTESIAN_POINT('',(0.000485,-0.05812,0.00355));
#3433=CARTESIAN_POINT('',(0.000485,-0.05812,0.0036));
#3434=CARTESIAN_POINT('',(-0.000300031645886539,-0.05812,0.0036));
#3435=CARTESIAN_POINT('',(-0.000300031645886539,-0.05812,0.00355));
#3436=CARTESIAN_POINT('',(0.000385,-0.05812,0.00355));
#3437=CARTESIAN_POINT('',(0.000385,-0.05812,0.0036));
#3438=CARTESIAN_POINT('',(0.000385,-0.05763,0.0036));
#3439=CARTESIAN_POINT('',(0.000385,-0.05763,0.00355));
#3440=CARTESIAN_POINT('',(0.000385,-0.05684,0.00355));
#3441=CARTESIAN_POINT('',(0.000385,-0.03434,0.00355));
#3442=CARTESIAN_POINT('',(-0.000995,-0.05763,0.0036));
#3443=CARTESIAN_POINT('',(-0.000995,-0.05763,0.00355));
#3444=CARTESIAN_POINT('',(-0.000995,-0.05812,0.00355));
#3445=CARTESIAN_POINT('',(-0.000995,-0.05684,0.00355));
#3446=CARTESIAN_POINT('',(-0.000995,-0.05812,0.0036));
#3447=CARTESIAN_POINT('',(-0.000995,-0.03434,0.00355));
#3448=CARTESIAN_POINT('',(-0.000995,-0.05812,0.0036));
#3449=CARTESIAN_POINT('',(-0.000995,-0.05812,0.00355));
#3450=CARTESIAN_POINT('',(-0.001095,-0.05812,0.00355));
#3451=CARTESIAN_POINT('',(-0.001095,-0.05812,0.0036));
#3452=CARTESIAN_POINT('',(-0.001395,-0.05812,0.0036));
#3453=CARTESIAN_POINT('',(-0.001395,-0.05812,0.00355));
#3454=CARTESIAN_POINT('',(-0.001395,-0.05842,0.00355));
#3455=CARTESIAN_POINT('',(-0.001395,-0.05842,0.0036));
#3456=CARTESIAN_POINT('',(-0.001395,-0.05852,0.0036));
#3457=CARTESIAN_POINT('',(-0.001395,-0.05852,0.00355));
#3458=CARTESIAN_POINT('',(-0.001395,-0.05852,0.00355));
#3459=CARTESIAN_POINT('',(-0.001395,-0.05852,0.0036));
#3460=CARTESIAN_POINT('',(-0.001885,-0.05852,0.0036));
#3461=CARTESIAN_POINT('',(-0.001885,-0.05852,0.00355));
#3462=CARTESIAN_POINT('',(-0.002675,-0.05852,0.00355));
#3463=CARTESIAN_POINT('',(-0.004675,-0.05852,0.00355));
#3464=CARTESIAN_POINT('',(-0.00188564873433568,-0.0599050020029042,0.0036));
#3465=CARTESIAN_POINT('',(-0.00188564873433568,-0.0599050020029042,0.00355));
#3466=CARTESIAN_POINT('',(-0.0013956585485663,-0.0599019007370814,0.00355));
#3467=CARTESIAN_POINT('',(-0.002675,-0.0599099979970557,0.00355));
#3468=CARTESIAN_POINT('',(-0.0013956585485663,-0.0599019007370814,0.0036));
#3469=CARTESIAN_POINT('',(-0.002675,-0.0599099979970557,0.0036));
#3470=CARTESIAN_POINT('',(-0.0013956585485663,-0.0599019007370814,0.0036));
#3471=CARTESIAN_POINT('',(-0.0013956585485663,-0.0599019007370814,0.00355));
#3472=CARTESIAN_POINT('',(-0.0013950256371739,-0.0600018987341772,0.00355));
#3473=CARTESIAN_POINT('',(-0.0013950256371739,-0.0600018987341772,0.0036));
#3474=CARTESIAN_POINT('',(-0.00139312690299669,-0.0603018927254646,0.0036));
#3475=CARTESIAN_POINT('',(-0.00139312690299669,-0.0603018927254646,0.00355));
#3476=CARTESIAN_POINT('',(-0.00109313291170932,-0.0602999939912874,0.00355));
#3477=CARTESIAN_POINT('',(-0.00109313291170932,-0.0602999939912874,0.0036));
#3478=CARTESIAN_POINT('',(-0.00109313291170932,-0.0602999939912874,0.0036));
#3479=CARTESIAN_POINT('',(-0.00109313291170932,-0.0602999939912874,0.00355));
#3480=CARTESIAN_POINT('',(-0.000993134914613535,-0.060299361079895,0.00355));
#3481=CARTESIAN_POINT('',(-0.000993134914613535,-0.060299361079895,0.0036));
#3482=CARTESIAN_POINT('',(-0.000990033648790751,-0.0607893512656643,0.0036));
#3483=CARTESIAN_POINT('',(-0.000990033648790751,-0.0607893512656643,0.00355));
#3484=CARTESIAN_POINT('',(-0.000985033648790752,-0.0615793354427211,0.00355));
#3485=CARTESIAN_POINT('',(-0.000981236180436322,-0.0621793234252958,0.00355));
#3486=CARTESIAN_POINT('',(0.000394936708226922,-0.0607849841770567,0.0036));
#3487=CARTESIAN_POINT('',(0.000394936708226922,-0.0607849841770567,0.00355));
#3488=CARTESIAN_POINT('',(0.000394938210420124,-0.0615705617077515,0.00355));
#3489=CARTESIAN_POINT('',(0.000394937960039546,-0.0615705221484127,0.0036));
#3490=CARTESIAN_POINT('',(-0.000300031645886539,-0.05921,0.0036));
#3491=CARTESIAN_POINT('',(-0.000300031645886539,-0.05921,0.00355));
#3492=CARTESIAN_POINT('',(0.000395853303612284,-0.0617151435362192,0.00355));
#3493=CARTESIAN_POINT('',(0.000395853303612284,-0.0617151435362192,0.0036));
#3494=CARTESIAN_POINT('',(-0.000300031645886539,-0.0383,0.0036));
#3495=CARTESIAN_POINT('',(-0.000300031645886539,-0.0383,0.00355));
#3496=CARTESIAN_POINT('',(0.000494936708226922,-0.0383,0.00355));
#3497=CARTESIAN_POINT('',(0.000394936708226922,-0.0383,0.00355));
#3498=CARTESIAN_POINT('',(0.000494936708226922,-0.0383,0.0036));
#3499=CARTESIAN_POINT('',(0.000394936708226922,-0.0383,0.0036));
#3500=CARTESIAN_POINT('',(0.000794936708226922,-0.0383,0.0036));
#3501=CARTESIAN_POINT('',(0.000794936708226922,-0.0383,0.00355));
#3502=CARTESIAN_POINT('',(0.000794936708226922,-0.038,0.00355));
#3503=CARTESIAN_POINT('',(0.000794936708226922,-0.038,0.0036));
#3504=CARTESIAN_POINT('',(0.000794936708226922,-0.03721,0.0036));
#3505=CARTESIAN_POINT('',(0.000794936708226922,-0.03721,0.00355));
#3506=CARTESIAN_POINT('',(0.000794936708226922,-0.0379,0.00355));
#3507=CARTESIAN_POINT('',(0.000794936708226922,-0.0379,0.0036));
#3508=CARTESIAN_POINT('',(0.00128496835411346,-0.0379,0.0036));
#3509=CARTESIAN_POINT('',(0.00128496835411346,-0.0379,0.00355));
#3510=CARTESIAN_POINT('',(0.002075,-0.0379,0.00355));
#3511=CARTESIAN_POINT('',(0.004075,-0.0379,0.00355));
#3512=CARTESIAN_POINT('',(0.00128,-0.03652,0.0036));
#3513=CARTESIAN_POINT('',(0.00128,-0.03652,0.00355));
#3514=CARTESIAN_POINT('',(0.000785,-0.03652,0.00355));
#3515=CARTESIAN_POINT('',(0.000785,-0.03652,0.0036));
#3516=CARTESIAN_POINT('',(0.000785,-0.03652,0.0036));
#3517=CARTESIAN_POINT('',(0.000785,-0.03652,0.00355));
#3518=CARTESIAN_POINT('',(0.000785,-0.03642,0.00355));
#3519=CARTESIAN_POINT('',(0.000785,-0.03642,0.0036));
#3520=CARTESIAN_POINT('',(0.000785,-0.03612,0.0036));
#3521=CARTESIAN_POINT('',(0.000785,-0.03612,0.00355));
#3522=CARTESIAN_POINT('',(0.000485,-0.03612,0.00355));
#3523=CARTESIAN_POINT('',(0.000485,-0.03612,0.0036));
#3524=CARTESIAN_POINT('',(-0.000300031645886539,-0.03612,0.0036));
#3525=CARTESIAN_POINT('',(-0.000300031645886539,-0.03612,0.00355));
#3526=CARTESIAN_POINT('',(0.000385,-0.03612,0.00355));
#3527=CARTESIAN_POINT('',(0.000385,-0.03612,0.0036));
#3528=CARTESIAN_POINT('',(0.000385,-0.03563,0.0036));
#3529=CARTESIAN_POINT('',(0.000385,-0.03563,0.00355));
#3530=CARTESIAN_POINT('',(0.000385,-0.03484,0.00355));
#3531=CARTESIAN_POINT('',(0.000385,-0.03434,0.00355));
#3532=CARTESIAN_POINT('',(-0.000995,-0.03563,0.0036));
#3533=CARTESIAN_POINT('',(-0.000995,-0.03563,0.00355));
#3534=CARTESIAN_POINT('',(-0.000995,-0.03612,0.00355));
#3535=CARTESIAN_POINT('',(-0.000995,-0.03484,0.00355));
#3536=CARTESIAN_POINT('',(-0.000995,-0.03612,0.0036));
#3537=CARTESIAN_POINT('',(-0.000995,-0.03434,0.00355));
#3538=CARTESIAN_POINT('',(-0.000995,-0.03612,0.0036));
#3539=CARTESIAN_POINT('',(-0.000995,-0.03612,0.00355));
#3540=CARTESIAN_POINT('',(-0.001095,-0.03612,0.00355));
#3541=CARTESIAN_POINT('',(-0.001095,-0.03612,0.0036));
#3542=CARTESIAN_POINT('',(-0.001395,-0.03612,0.0036));
#3543=CARTESIAN_POINT('',(-0.001395,-0.03612,0.00355));
#3544=CARTESIAN_POINT('',(-0.001395,-0.03642,0.00355));
#3545=CARTESIAN_POINT('',(-0.001395,-0.03642,0.0036));
#3546=CARTESIAN_POINT('',(-0.001395,-0.03652,0.0036));
#3547=CARTESIAN_POINT('',(-0.001395,-0.03652,0.00355));
#3548=CARTESIAN_POINT('',(-0.001395,-0.03652,0.00355));
#3549=CARTESIAN_POINT('',(-0.001395,-0.03652,0.0036));
#3550=CARTESIAN_POINT('',(-0.001885,-0.03652,0.0036));
#3551=CARTESIAN_POINT('',(-0.001885,-0.03652,0.00355));
#3552=CARTESIAN_POINT('',(-0.002675,-0.03652,0.00355));
#3553=CARTESIAN_POINT('',(-0.004675,-0.03652,0.00355));
#3554=CARTESIAN_POINT('',(-0.00188564873433568,-0.0379050020029042,0.0036));
#3555=CARTESIAN_POINT('',(-0.00188564873433568,-0.0379050020029042,0.00355));
#3556=CARTESIAN_POINT('',(-0.0013956585485663,-0.0379019007370814,0.00355));
#3557=CARTESIAN_POINT('',(-0.002675,-0.0379099979970556,0.00355));
#3558=CARTESIAN_POINT('',(-0.0013956585485663,-0.0379019007370814,0.0036));
#3559=CARTESIAN_POINT('',(-0.002675,-0.0379099979970557,0.0036));
#3560=CARTESIAN_POINT('',(-0.0013956585485663,-0.0379019007370814,0.0036));
#3561=CARTESIAN_POINT('',(-0.0013956585485663,-0.0379019007370814,0.00355));
#3562=CARTESIAN_POINT('',(-0.0013950256371739,-0.0380018987341772,0.00355));
#3563=CARTESIAN_POINT('',(-0.0013950256371739,-0.0380018987341772,0.0036));
#3564=CARTESIAN_POINT('',(-0.00139312690299669,-0.0383018927254646,0.0036));
#3565=CARTESIAN_POINT('',(-0.00139312690299669,-0.0383018927254646,0.00355));
#3566=CARTESIAN_POINT('',(-0.00109313291170932,-0.0382999939912874,0.00355));
#3567=CARTESIAN_POINT('',(-0.00109313291170932,-0.0382999939912874,0.0036));
#3568=CARTESIAN_POINT('',(-0.00109313291170932,-0.0382999939912874,0.0036));
#3569=CARTESIAN_POINT('',(-0.00109313291170932,-0.0382999939912874,0.00355));
#3570=CARTESIAN_POINT('',(-0.000994323359475712,-0.0382993610800456,0.00355));
#3571=CARTESIAN_POINT('',(-0.000995,-0.0382993728844693,0.0036));
#3572=CARTESIAN_POINT('',(0.000394936708226922,-0.0387849841770568,0.0036));
#3573=CARTESIAN_POINT('',(0.000394936708226922,-0.0387849841770568,0.00355));
#3574=CARTESIAN_POINT('',(-0.000300031645886539,-0.03721,0.0036));
#3575=CARTESIAN_POINT('',(-0.000300031645886539,-0.03721,0.00355));
#3576=CARTESIAN_POINT('',(-0.000995,-0.0397153979697407,0.00355));
#3577=CARTESIAN_POINT('',(-0.0028040290109247,-0.0379099979970556,0.00355));
#3578=CARTESIAN_POINT('',(-0.0028040290109247,-0.0379099979970556,0.0036));
#3579=CARTESIAN_POINT('',(-0.000995,-0.0397153979697407,0.0036));
#3580=CARTESIAN_POINT('',(-0.000300031645886539,-0.0493,0.0036));
#3581=CARTESIAN_POINT('',(-0.000300031645886539,-0.0493,0.00355));
#3582=CARTESIAN_POINT('',(0.000494936708226922,-0.0493,0.00355));
#3583=CARTESIAN_POINT('',(0.000394936708226922,-0.0493,0.00355));
#3584=CARTESIAN_POINT('',(0.000494936708226922,-0.0493,0.0036));
#3585=CARTESIAN_POINT('',(0.000394936708226922,-0.0493,0.0036));
#3586=CARTESIAN_POINT('',(0.000794936708226922,-0.0493,0.0036));
#3587=CARTESIAN_POINT('',(0.000794936708226922,-0.0493,0.00355));
#3588=CARTESIAN_POINT('',(0.000794936708226922,-0.049,0.00355));
#3589=CARTESIAN_POINT('',(0.000794936708226922,-0.049,0.0036));
#3590=CARTESIAN_POINT('',(0.000794936708226922,-0.04821,0.0036));
#3591=CARTESIAN_POINT('',(0.000794936708226922,-0.04821,0.00355));
#3592=CARTESIAN_POINT('',(0.000794936708226922,-0.0489,0.00355));
#3593=CARTESIAN_POINT('',(0.000794936708226922,-0.0489,0.0036));
#3594=CARTESIAN_POINT('',(0.00128496835411346,-0.0489,0.0036));
#3595=CARTESIAN_POINT('',(0.00128496835411346,-0.0489,0.00355));
#3596=CARTESIAN_POINT('',(0.002075,-0.0489,0.00355));
#3597=CARTESIAN_POINT('',(0.004075,-0.0489,0.00355));
#3598=CARTESIAN_POINT('',(0.00128,-0.04752,0.0036));
#3599=CARTESIAN_POINT('',(0.00128,-0.04752,0.00355));
#3600=CARTESIAN_POINT('',(0.000785,-0.04752,0.00355));
#3601=CARTESIAN_POINT('',(0.000785,-0.04752,0.0036));
#3602=CARTESIAN_POINT('',(0.000785,-0.04752,0.0036));
#3603=CARTESIAN_POINT('',(0.000785,-0.04752,0.00355));
#3604=CARTESIAN_POINT('',(0.000785,-0.04742,0.00355));
#3605=CARTESIAN_POINT('',(0.000785,-0.04742,0.0036));
#3606=CARTESIAN_POINT('',(0.000785,-0.04712,0.0036));
#3607=CARTESIAN_POINT('',(0.000785,-0.04712,0.00355));
#3608=CARTESIAN_POINT('',(0.000485,-0.04712,0.00355));
#3609=CARTESIAN_POINT('',(0.000485,-0.04712,0.0036));
#3610=CARTESIAN_POINT('',(-0.000300031645886539,-0.04712,0.0036));
#3611=CARTESIAN_POINT('',(-0.000300031645886539,-0.04712,0.00355));
#3612=CARTESIAN_POINT('',(0.000385,-0.04712,0.00355));
#3613=CARTESIAN_POINT('',(0.000385,-0.04712,0.0036));
#3614=CARTESIAN_POINT('',(0.000385,-0.04663,0.0036));
#3615=CARTESIAN_POINT('',(0.000385,-0.04663,0.00355));
#3616=CARTESIAN_POINT('',(0.000385,-0.04584,0.00355));
#3617=CARTESIAN_POINT('',(0.000385,-0.03434,0.00355));
#3618=CARTESIAN_POINT('',(-0.000995,-0.04663,0.0036));
#3619=CARTESIAN_POINT('',(-0.000995,-0.04663,0.00355));
#3620=CARTESIAN_POINT('',(-0.000995,-0.04712,0.00355));
#3621=CARTESIAN_POINT('',(-0.000995,-0.04584,0.00355));
#3622=CARTESIAN_POINT('',(-0.000995,-0.04712,0.0036));
#3623=CARTESIAN_POINT('',(-0.000995,-0.03434,0.00355));
#3624=CARTESIAN_POINT('',(-0.000995,-0.04712,0.0036));
#3625=CARTESIAN_POINT('',(-0.000995,-0.04712,0.00355));
#3626=CARTESIAN_POINT('',(-0.001095,-0.04712,0.00355));
#3627=CARTESIAN_POINT('',(-0.001095,-0.04712,0.0036));
#3628=CARTESIAN_POINT('',(-0.001395,-0.04712,0.0036));
#3629=CARTESIAN_POINT('',(-0.001395,-0.04712,0.00355));
#3630=CARTESIAN_POINT('',(-0.001395,-0.04742,0.00355));
#3631=CARTESIAN_POINT('',(-0.001395,-0.04742,0.0036));
#3632=CARTESIAN_POINT('',(-0.001395,-0.04752,0.0036));
#3633=CARTESIAN_POINT('',(-0.001395,-0.04752,0.00355));
#3634=CARTESIAN_POINT('',(-0.001395,-0.04752,0.00355));
#3635=CARTESIAN_POINT('',(-0.001395,-0.04752,0.0036));
#3636=CARTESIAN_POINT('',(-0.001885,-0.04752,0.0036));
#3637=CARTESIAN_POINT('',(-0.001885,-0.04752,0.00355));
#3638=CARTESIAN_POINT('',(-0.002675,-0.04752,0.00355));
#3639=CARTESIAN_POINT('',(-0.004675,-0.04752,0.00355));
#3640=CARTESIAN_POINT('',(-0.00188564873433568,-0.0489050020029042,0.0036));
#3641=CARTESIAN_POINT('',(-0.00188564873433568,-0.0489050020029042,0.00355));
#3642=CARTESIAN_POINT('',(-0.0013956585485663,-0.0489019007370814,0.00355));
#3643=CARTESIAN_POINT('',(-0.002675,-0.0489099979970557,0.00355));
#3644=CARTESIAN_POINT('',(-0.0013956585485663,-0.0489019007370814,0.0036));
#3645=CARTESIAN_POINT('',(-0.002675,-0.0489099979970557,0.0036));
#3646=CARTESIAN_POINT('',(-0.0013956585485663,-0.0489019007370814,0.0036));
#3647=CARTESIAN_POINT('',(-0.0013956585485663,-0.0489019007370814,0.00355));
#3648=CARTESIAN_POINT('',(-0.0013950256371739,-0.0490018987341772,0.00355));
#3649=CARTESIAN_POINT('',(-0.0013950256371739,-0.0490018987341772,0.0036));
#3650=CARTESIAN_POINT('',(-0.00139312690299669,-0.0493018927254646,0.0036));
#3651=CARTESIAN_POINT('',(-0.00139312690299669,-0.0493018927254646,0.00355));
#3652=CARTESIAN_POINT('',(-0.00109313291170932,-0.0492999939912874,0.00355));
#3653=CARTESIAN_POINT('',(-0.00109313291170932,-0.0492999939912874,0.0036));
#3654=CARTESIAN_POINT('',(-0.00109313291170932,-0.0492999939912874,0.0036));
#3655=CARTESIAN_POINT('',(-0.00109313291170932,-0.0492999939912874,0.00355));
#3656=CARTESIAN_POINT('',(-0.000994323359475714,-0.0492993610800456,0.00355));
#3657=CARTESIAN_POINT('',(-0.000995,-0.0492993728844693,0.0036));
#3658=CARTESIAN_POINT('',(0.000394936708226922,-0.0497849841770567,0.0036));
#3659=CARTESIAN_POINT('',(0.000394936708226922,-0.0497849841770567,0.00355));
#3660=CARTESIAN_POINT('',(-0.000300031645886539,-0.04821,0.0036));
#3661=CARTESIAN_POINT('',(-0.000300031645886539,-0.04821,0.00355));
#3662=CARTESIAN_POINT('',(-0.000995,-0.0507153979697407,0.00355));
#3663=CARTESIAN_POINT('',(-0.0028040290109247,-0.0489099979970557,0.00355));
#3664=CARTESIAN_POINT('',(-0.0028040290109247,-0.0489099979970557,0.0036));
#3665=CARTESIAN_POINT('',(-0.000995,-0.0507153979697407,0.0036));
#3666=CARTESIAN_POINT('',(-0.000299956911476332,-0.0482100024819374,0.00355));
#3667=CARTESIAN_POINT('',(-0.004675,-0.0379099979970556,0.00355));
#3668=CARTESIAN_POINT('',(-0.000995,-0.03434,0.00355));
#3669=CARTESIAN_POINT('',(-0.000990282592923475,-0.0395793520536364,0.00355));
#3670=CARTESIAN_POINT('',(-0.000995,-0.0482100024819374,0.00355));
#3671=CARTESIAN_POINT('',(-0.004675,-0.0489099979970557,0.00355));
#3672=CARTESIAN_POINT('',(-0.000995,-0.03434,0.00355));
#3673=CARTESIAN_POINT('',(-0.000990282592923474,-0.0505793520536365,0.00355));
#3674=CARTESIAN_POINT('',(-0.000995,-0.0482100024819374,0.00355));
#3675=CARTESIAN_POINT('',(-0.004675,-0.0599099979970557,0.00355));
#3676=CARTESIAN_POINT('',(0.000385,-0.03434,0.00355));
#3677=CARTESIAN_POINT('',(0.000385,-0.03434,0.00355));
#3678=CARTESIAN_POINT('',(0.000398735678774554,-0.0621705496903262,0.00355));
#3679=CARTESIAN_POINT('',(-0.00930003164588654,-0.04821,-0.0007));
#3680=CARTESIAN_POINT('',(-0.00930003164588654,-0.04821,-0.0004));
#3681=CARTESIAN_POINT('',(-0.00930003164588654,-0.0656233366752798,-0.0004));
#3682=CARTESIAN_POINT('',(-0.00930003164588654,-0.0307966633097248,-0.0004));
#3683=CARTESIAN_POINT('',(-0.00930003164588654,-0.0307966633097248,-0.0007));
#3684=CARTESIAN_POINT('',(-0.00930003164588654,-0.0307966633097248,-0.0007));
#3685=CARTESIAN_POINT('',(-0.00930003164588654,-0.04821,-0.0007));
#3686=CARTESIAN_POINT('',(-0.00930003164588654,-0.0656233366752798,-0.0007));
#3687=CARTESIAN_POINT('',(-0.00930003164588654,-0.0656233366752798,-0.0007));
#3688=CARTESIAN_POINT('',(-0.00930003164588655,-0.0307966633097248,-0.0007));
#3689=CARTESIAN_POINT('',(-0.00930003164588655,-0.0307966633097248,-0.0004));
#3690=CARTESIAN_POINT('',(-0.00930003164588653,-0.0304823210005915,-0.0007));
#3691=CARTESIAN_POINT('',(-0.00930003164588653,-0.0304823210005915,-0.0004));
#3692=CARTESIAN_POINT('',(-0.00902464592150807,-0.03021,-0.0007));
#3693=CARTESIAN_POINT('',(-0.00902464592150807,-0.03021,-0.0004));
#3694=CARTESIAN_POINT('',(-0.00870676597719429,-0.03021,-0.0007));
#3695=CARTESIAN_POINT('',(-0.00870676597719429,-0.03021,-0.0004));
#3696=CARTESIAN_POINT('',(-0.00866500023094036,-0.0308379642516527,-0.0004));
#3697=CARTESIAN_POINT('',(-0.00870676597719429,-0.03021,-0.0004));
#3698=CARTESIAN_POINT('',(-0.00870676597719429,-0.03021,-0.0007));
#3699=CARTESIAN_POINT('',(-0.00870676597719429,-0.03021,-0.0007));
#3700=CARTESIAN_POINT('',(-0.00866500023094036,-0.0308379642516527,-0.0007));
#3701=CARTESIAN_POINT('',(-0.000300031645886539,-0.03021,-0.0007));
#3702=CARTESIAN_POINT('',(-0.000300031645886539,-0.03021,-0.0004));
#3703=CARTESIAN_POINT('',(0.00810670313685944,-0.03021,-0.0004));
#3704=CARTESIAN_POINT('',(0.00810670313685944,-0.03021,-0.0007));
#3705=CARTESIAN_POINT('',(0.00810670313685944,-0.03021,-0.0007));
#3706=CARTESIAN_POINT('',(-0.000300031645886539,-0.03021,-0.0007));
#3707=CARTESIAN_POINT('',(0.00810670313685944,-0.03021,-0.0007));
#3708=CARTESIAN_POINT('',(0.00810670313685944,-0.03021,-0.0004));
#3709=CARTESIAN_POINT('',(0.00842458242725489,-0.03021,-0.0007));
#3710=CARTESIAN_POINT('',(0.00842458242725489,-0.03021,-0.0004));
#3711=CARTESIAN_POINT('',(0.00869996835411344,-0.0304823225244151,-0.0007));
#3712=CARTESIAN_POINT('',(0.00869996835411344,-0.0304823225244151,-0.0004));
#3713=CARTESIAN_POINT('',(0.00869996835411346,-0.0307966657147417,-0.0007));
#3714=CARTESIAN_POINT('',(0.00869996835411346,-0.0307966657147417,-0.0004));
#3715=CARTESIAN_POINT('',(0.00806494002567511,-0.0308379642516527,-0.0004));
#3716=CARTESIAN_POINT('',(0.00869996835411346,-0.0307966657147416,-0.0004));
#3717=CARTESIAN_POINT('',(0.00869996835411346,-0.0307966657147416,-0.0007));
#3718=CARTESIAN_POINT('',(0.00869996835411346,-0.0307966657147416,-0.0007));
#3719=CARTESIAN_POINT('',(0.00806494002567511,-0.0308379642516527,-0.0007));
#3720=CARTESIAN_POINT('',(0.00869996835411346,-0.04821,-0.0007));
#3721=CARTESIAN_POINT('',(0.00869996835411346,-0.04821,-0.0004));
#3722=CARTESIAN_POINT('',(0.00869996835411346,-0.0656233342702689,-0.0004));
#3723=CARTESIAN_POINT('',(0.00869996835411346,-0.0656233342702689,-0.0007));
#3724=CARTESIAN_POINT('',(0.00869996835411346,-0.0656233342702689,-0.0007));
#3725=CARTESIAN_POINT('',(0.00869996835411346,-0.04821,-0.0007));
#3726=CARTESIAN_POINT('',(0.00869996835411346,-0.0656233342702689,-0.0007));
#3727=CARTESIAN_POINT('',(0.00869996835411346,-0.0656233342702689,-0.0004));
#3728=CARTESIAN_POINT('',(0.00869996835411349,-0.0659376774522369,-0.0007));
#3729=CARTESIAN_POINT('',(0.00869996835411349,-0.0659376774522369,-0.0004));
#3730=CARTESIAN_POINT('',(0.00842458236526742,-0.06621,-0.0007));
#3731=CARTESIAN_POINT('',(0.00842458236526742,-0.06621,-0.0004));
#3732=CARTESIAN_POINT('',(0.00810670303902608,-0.06621,-0.0007));
#3733=CARTESIAN_POINT('',(0.00810670303902608,-0.06621,-0.0004));
#3734=CARTESIAN_POINT('',(0.00806494002567511,-0.0655820358358582,-0.0004));
#3735=CARTESIAN_POINT('',(0.00810670303902608,-0.06621,-0.0004));
#3736=CARTESIAN_POINT('',(0.00810670303902608,-0.06621,-0.0007));
#3737=CARTESIAN_POINT('',(0.00810670303902608,-0.06621,-0.0007));
#3738=CARTESIAN_POINT('',(0.00806494002567511,-0.0655820358358582,-0.0007));
#3739=CARTESIAN_POINT('',(-0.000300031645886539,-0.06621,-0.0007));
#3740=CARTESIAN_POINT('',(-0.000300031645886539,-0.06621,-0.0004));
#3741=CARTESIAN_POINT('',(-0.00870676587935476,-0.06621,-0.0004));
#3742=CARTESIAN_POINT('',(-0.00870676587935476,-0.06621,-0.0007));
#3743=CARTESIAN_POINT('',(-0.00870676587935476,-0.06621,-0.0007));
#3744=CARTESIAN_POINT('',(-0.000300031645886539,-0.06621,-0.0007));
#3745=CARTESIAN_POINT('',(-0.000300031645886539,-0.0644086996996325,-0.0007));
#3746=CARTESIAN_POINT('',(0.00687840466612646,-0.0644086996996325,-0.0007));
#3747=CARTESIAN_POINT('',(0.00687840466612646,-0.0644086996996325,-0.0007));
#3748=CARTESIAN_POINT('',(-0.000300031645886539,-0.0644086996996325,-0.0007));
#3749=CARTESIAN_POINT('',(-0.00747845910432507,-0.0644086996996325,-0.0007));
#3750=CARTESIAN_POINT('',(-0.00747845910432507,-0.0644086996996325,-0.0007));
#3751=CARTESIAN_POINT('',(0.00687840466612646,-0.04821,-0.0007));
#3752=CARTESIAN_POINT('',(0.00687840466612646,-0.0320113005513903,-0.0007));
#3753=CARTESIAN_POINT('',(0.00687840466612646,-0.0320113005513903,-0.0007));
#3754=CARTESIAN_POINT('',(0.00687840466612646,-0.04821,-0.0007));
#3755=CARTESIAN_POINT('',(-0.000300031645886539,-0.0320113005513903,-0.0007));
#3756=CARTESIAN_POINT('',(-0.00747845910432507,-0.0320113005513903,-0.0007));
#3757=CARTESIAN_POINT('',(-0.00747845910432507,-0.0320113005513903,-0.0007));
#3758=CARTESIAN_POINT('',(-0.000300031645886539,-0.0320113005513903,-0.0007));
#3759=CARTESIAN_POINT('',(-0.00747845910432507,-0.04821,-0.0007));
#3760=CARTESIAN_POINT('',(-0.00747845910432507,-0.04821,-0.0007));
#3761=CARTESIAN_POINT('',(-0.00870676587935476,-0.06621,-0.0007));
#3762=CARTESIAN_POINT('',(-0.00870676587935476,-0.06621,-0.0004));
#3763=CARTESIAN_POINT('',(-0.00902464585951685,-0.06621,-0.0007));
#3764=CARTESIAN_POINT('',(-0.00902464585951685,-0.06621,-0.0004));
#3765=CARTESIAN_POINT('',(-0.00930003164588657,-0.0659376789760569,-0.0007));
#3766=CARTESIAN_POINT('',(-0.00930003164588657,-0.0659376789760569,-0.0004));
#3767=CARTESIAN_POINT('',(-0.00930003164588654,-0.0656233366752798,-0.0007));
#3768=CARTESIAN_POINT('',(-0.00930003164588654,-0.0656233366752798,-0.0004));
#3769=CARTESIAN_POINT('',(-0.00866500023094036,-0.0655820358358582,-0.0004));
#3770=CARTESIAN_POINT('',(-0.00866500023094036,-0.0655820358358582,-0.0007));
#3771=CARTESIAN_POINT('',(-0.000300031645886539,-0.04821,-0.0007));
#3772=CARTESIAN_POINT('',(-0.000299956911476332,-0.0482100024819374,0.0078));
#3773=CARTESIAN_POINT('',(0.00633104308852367,-0.0637308381331394,0.0078));
#3774=CARTESIAN_POINT('',(-0.00647218465677027,-0.0637308381331394,0.0078));
#3775=CARTESIAN_POINT('',(0.0058722627998452,-0.0637308381331394,0.0078));
#3776=CARTESIAN_POINT('',(0.0058722627998452,-0.0322100024819374,0.0078));
#3777=CARTESIAN_POINT('',(0.0058722627998452,-0.0326891665489339,0.0078));
#3778=CARTESIAN_POINT('',(-0.00693095691147633,-0.0326891665489339,0.0078));
#3779=CARTESIAN_POINT('',(-0.00647218465677027,-0.0326891665489339,0.0078));
#3780=CARTESIAN_POINT('',(-0.00647218465677027,-0.0642100024819374,0.0078));
#3781=CARTESIAN_POINT('',(-0.00647218465677027,0.,0.00718992));
#3782=CARTESIAN_POINT('',(-0.00647218465677027,-0.0637308381331394,0.00718992));
#3783=CARTESIAN_POINT('',(-0.00705829362341335,-0.0637308381331394,0.00735925365176651));
#3784=CARTESIAN_POINT('',(-0.00647218465677027,-0.0326891665489339,0.00718992));
#3785=CARTESIAN_POINT('',(-0.00705829362341335,-0.0326891665489339,0.00735925365176651));
#3786=CARTESIAN_POINT('',(-0.00705829362341335,-0.0322100024819374,0.00735925365176651));
#3787=CARTESIAN_POINT('',(-0.00647218465677027,-0.0326891665489339,0.00718992));
#3788=CARTESIAN_POINT('',(-0.00647218465677027,-0.0326891665489339,0.00718992));
#3789=CARTESIAN_POINT('',(-0.00647218465677027,-0.0320964614619478,0.00733448239573527));
#3790=CARTESIAN_POINT('',(-0.00647218465677027,-0.0326891665489339,0.00718992));
#3791=CARTESIAN_POINT('',(0.,-0.0326891665489339,0.00718992));
#3792=CARTESIAN_POINT('',(0.0058722627998452,-0.0326891665489339,0.00718992));
#3793=CARTESIAN_POINT('',(0.0058722627998452,-0.0320964614619478,0.00733448239573527));
#3794=CARTESIAN_POINT('',(0.00633104308852367,-0.0320964614619478,0.00733448239573527));
#3795=CARTESIAN_POINT('',(0.0058722627998452,-0.0326891665489339,0.00718992));
#3796=CARTESIAN_POINT('',(0.0058722627998452,-0.0326891665489339,0.00718992));
#3797=CARTESIAN_POINT('',(0.00645837461522721,-0.0326891665489339,0.00735924379120965));
#3798=CARTESIAN_POINT('',(0.0058722627998452,-0.0326891665489339,0.00718992));
#3799=CARTESIAN_POINT('',(0.0058722627998452,0.,0.00718992));
#3800=CARTESIAN_POINT('',(0.0058722627998452,-0.0637308381331394,0.00718992));
#3801=CARTESIAN_POINT('',(0.00645837461522721,-0.0637308381331394,0.00735924379120965));
#3802=CARTESIAN_POINT('',(0.00645837461522721,-0.0642100024819374,0.00735924379120965));
#3803=CARTESIAN_POINT('',(0.0058722627998452,-0.0637308381331394,0.00718992));
#3804=CARTESIAN_POINT('',(0.0058722627998452,-0.0637308381331394,0.00718992));
#3805=CARTESIAN_POINT('',(0.0058722627998452,-0.0643235433027228,0.00733448205708655));
#3806=CARTESIAN_POINT('',(0.0058722627998452,-0.0637308381331394,0.00718992));
#3807=CARTESIAN_POINT('',(0.,-0.0637308381331394,0.00718992));
#3808=CARTESIAN_POINT('',(-0.00647218465677027,-0.0637308381331394,0.00718992));
#3809=CARTESIAN_POINT('',(-0.00647218465677027,-0.0643235433027228,0.00733448205708655));
#3810=CARTESIAN_POINT('',(-0.00693095691147633,-0.0643235433027228,0.00733448205708655));
#3811=CARTESIAN_POINT('',(-0.00647218465677027,-0.0637308381331394,0.00718992));
#3812=CARTESIAN_POINT('',(-0.00647218465677027,-0.0637308381331394,0.00718992));
#3813=CARTESIAN_POINT('',(-0.0038877960060794,-0.0615490703686971,0.0161351789349998));
#3814=CARTESIAN_POINT('',(-0.0038877960060794,-0.0621417755382806,0.0162797409920863));
#3815=CARTESIAN_POINT('',(-0.00447390497272248,-0.0615490703686972,0.0163045125867663));
#3816=CARTESIAN_POINT('',(0.,-0.062400351314366,0.015219578994508));
#3817=CARTESIAN_POINT('',(0.00333185019483245,-0.0621787652556132,0.0161280829628198));
#3818=CARTESIAN_POINT('',(0.00333185019483245,-0.0615860600860297,0.0159835209057332));
#3819=CARTESIAN_POINT('',(0.00391796201021445,-0.0615860600860297,0.0161528446969429));
#3820=CARTESIAN_POINT('',(0.00792315004542364,0.,0.00228894516166621));
#3821=CARTESIAN_POINT('',(0.00986217331326193,-0.0298154558654566,-0.00442295538970697));
#3822=CARTESIAN_POINT('',(0.00927606149787992,-0.0298154558654566,-0.00459227918091662));
#3823=CARTESIAN_POINT('',(0.00927606149787992,-0.0292227507784705,-0.00444771678518134));
#3824=CARTESIAN_POINT('',(0.,-0.0286058411587444,-0.00697704308724344));
#3825=CARTESIAN_POINT('',(-0.00983232759579758,-0.029259786822643,-0.00429586919251188));
#3826=CARTESIAN_POINT('',(-0.00983232759579758,-0.0298524919096292,-0.00444043158824715));
#3827=CARTESIAN_POINT('',(-0.0104184365624407,-0.0298524919096292,-0.00427109793648064));
#3828=CARTESIAN_POINT('',(-0.00847690106397033,0.,0.00244907465082282));
#3829=CARTESIAN_POINT('',(-0.000995,-0.03434,0.0036));
#3830=CARTESIAN_POINT('',(0.000385,-0.03434,0.0036));
#3831=CARTESIAN_POINT('',(-0.000995,-0.03434,0.0036));
#3832=CARTESIAN_POINT('',(0.000385,-0.03434,0.0036));
#3833=CARTESIAN_POINT('',(0.000398735929155131,-0.062170589249665,0.0036));
#3834=CARTESIAN_POINT('',(-0.004675,-0.0599099979970557,0.0036));
#3835=CARTESIAN_POINT('',(-0.004675,-0.0489099979970557,0.0036));
#3836=CARTESIAN_POINT('',(-0.004675,-0.0379099979970556,0.0036));
#3837=MECHANICAL_DESIGN_GEOMETRIC_PRESENTATION_REPRESENTATION('',(#2305),
#3838);
#3838=(
GEOMETRIC_REPRESENTATION_CONTEXT(3)
GLOBAL_UNCERTAINTY_ASSIGNED_CONTEXT((#3839))
GLOBAL_UNIT_ASSIGNED_CONTEXT((#3842,#3841,#3840))
REPRESENTATION_CONTEXT('2.0u','TOP_LEVEL_ASSEMBLY_PART')
);
#3839=UNCERTAINTY_MEASURE_WITH_UNIT(LENGTH_MEASURE(3.05092245309706E-5),
#3842,'DISTANCE_ACCURACY_VALUE','Maximum Tolerance applied to model');
#3840=(
NAMED_UNIT(*)
SI_UNIT($,.STERADIAN.)
SOLID_ANGLE_UNIT()
);
#3841=(
NAMED_UNIT(*)
PLANE_ANGLE_UNIT()
SI_UNIT($,.RADIAN.)
);
#3842=(
LENGTH_UNIT()
NAMED_UNIT(*)
SI_UNIT($,.METRE.)
);
#3843=PRODUCT_DEFINITION_SHAPE('','',#3844);
#3844=PRODUCT_DEFINITION('','',#3846,#3845);
#3845=PRODUCT_DEFINITION_CONTEXT('',#3852,'design');
#3846=PRODUCT_DEFINITION_FORMATION_WITH_SPECIFIED_SOURCE('','',#3848,
 .NOT_KNOWN.);
#3847=PRODUCT_RELATED_PRODUCT_CATEGORY('','',(#3848));
#3848=PRODUCT('2.0u','2.0u','2.0u',(#3850));
#3849=PRODUCT_CATEGORY('','');
#3850=PRODUCT_CONTEXT('',#3852,'mechanical');
#3851=APPLICATION_PROTOCOL_DEFINITION('international standard',
'ap242_managed_model_based_3d_engineering',2020,#3852);
#3852=APPLICATION_CONTEXT('managed model based 3d engineering');
ENDSEC;
END-ISO-10303-21;
