ISO-10303-21;
HEADER;
/* Generated by software containing ST-Developer
 * from STEP Tools, Inc. (www.steptools.com) 
 */
/* OPTION: using custom renumber hook */

FILE_DESCRIPTION(
/* description */ ('STEP AP242 Edition 2',
'CAx-IF Rec.Pracs.---Representation and Presentation of Product Manufa
cturing Information (PMI)---4.0---2014-10-13',
'CAx-IF Rec.Pracs.---3D Tessellated Geometry---0.4---2014-09-14','2;1',
'CAx-IF Rec.Pracs.---User Defined Attributes---1.5---2016-08-15'),
/* implementation_level */ '2;1');

FILE_NAME(
/* name */ 'Keycaps - 2.25u',
/* time_stamp */ '2026-04-23T14:42:07Z',
/* author */ (''),
/* organization */ (''),
/* preprocessor_version */ 'ST-DEVELOPER v20',
/* originating_system */ 'ONSHAPE BY PTC INC, 1.213',
/* authorisation */ '  ');

FILE_SCHEMA (('AP242_MANAGED_MODEL_BASED_3D_ENGINEERING_MIM_LF { 1 0 10303 442 3 1 4 }'));
ENDSEC;

DATA;
#10=SHAPE_REPRESENTATION_RELATIONSHIP('','',#2339,#11);
#11=ADVANCED_BREP_SHAPE_REPRESENTATION('',(#2337),#3877);
#12=SPHERICAL_SURFACE('',#2497,0.00061008);
#13=SPHERICAL_SURFACE('',#2502,0.00061008);
#14=SPHERICAL_SURFACE('',#2507,0.00061008);
#15=SPHERICAL_SURFACE('',#2512,0.00061008);
#16=ELLIPSE('',#2477,0.000667669683116554,0.00061008);
#17=ELLIPSE('',#2478,0.000667669683116554,0.00061008);
#18=ELLIPSE('',#2480,0.000667669683116554,0.00061008);
#19=ELLIPSE('',#2481,0.000667669683116554,0.00061008);
#20=ELLIPSE('',#2483,0.000667669683116554,0.00061008);
#21=ELLIPSE('',#2484,0.000667669683116554,0.00061008);
#22=ELLIPSE('',#2490,0.000667669683116554,0.00061008);
#23=ELLIPSE('',#2491,0.000667669683116554,0.00061008);
#24=B_SPLINE_SURFACE_WITH_KNOTS('',3,1,((#3723,#3724),(#3725,#3726),(#3727,
#3728),(#3729,#3730)),.SURF_OF_LINEAR_EXTRUSION.,.F.,.F.,.F.,(4,4),(2,2),
(5.66140474140517,7.14470265177282),(0.,1.),.PIECEWISE_BEZIER_KNOTS.);
#25=B_SPLINE_SURFACE_WITH_KNOTS('',3,1,((#3742,#3743),(#3744,#3745),(#3746,
#3747),(#3748,#3749)),.SURF_OF_LINEAR_EXTRUSION.,.F.,.F.,.F.,(4,4),(2,2),
(2.28007530899639,3.76337321936429),(0.,1.),.PIECEWISE_BEZIER_KNOTS.);
#26=B_SPLINE_SURFACE_WITH_KNOTS('',3,1,((#3761,#3762),(#3763,#3764),(#3765,
#3766),(#3767,#3768)),.SURF_OF_LINEAR_EXTRUSION.,.F.,.F.,.F.,(4,4),(2,2),
(5.66140474140517,7.14470265177282),(0.,1.),.PIECEWISE_BEZIER_KNOTS.);
#27=B_SPLINE_SURFACE_WITH_KNOTS('',3,1,((#3796,#3797),(#3798,#3799),(#3800,
#3801),(#3802,#3803)),.SURF_OF_LINEAR_EXTRUSION.,.F.,.F.,.F.,(4,4),(2,2),
(2.28007530899656,3.76337321936421),(0.,1.),.PIECEWISE_BEZIER_KNOTS.);
#28=CYLINDRICAL_SURFACE('',#2344,0.0026);
#29=CYLINDRICAL_SURFACE('',#2349,0.0026);
#30=CYLINDRICAL_SURFACE('',#2354,0.0026);
#31=CYLINDRICAL_SURFACE('',#2356,0.0026);
#32=CYLINDRICAL_SURFACE('',#2364,0.0026);
#33=CYLINDRICAL_SURFACE('',#2372,0.0026);
#34=CYLINDRICAL_SURFACE('',#2382,0.0026);
#35=CYLINDRICAL_SURFACE('',#2387,0.0026);
#36=CYLINDRICAL_SURFACE('',#2394,0.0026);
#37=CYLINDRICAL_SURFACE('',#2403,0.0003);
#38=CYLINDRICAL_SURFACE('',#2409,0.0003);
#39=CYLINDRICAL_SURFACE('',#2413,0.0003);
#40=CYLINDRICAL_SURFACE('',#2419,0.0003);
#41=CYLINDRICAL_SURFACE('',#2423,0.0026);
#42=CYLINDRICAL_SURFACE('',#2426,0.0003);
#43=CYLINDRICAL_SURFACE('',#2432,0.0003);
#44=CYLINDRICAL_SURFACE('',#2438,0.0003);
#45=CYLINDRICAL_SURFACE('',#2444,0.0003);
#46=CYLINDRICAL_SURFACE('',#2449,0.0026);
#47=CYLINDRICAL_SURFACE('',#2452,0.0003);
#48=CYLINDRICAL_SURFACE('',#2458,0.0003);
#49=CYLINDRICAL_SURFACE('',#2463,0.0003);
#50=CYLINDRICAL_SURFACE('',#2469,0.0003);
#51=CYLINDRICAL_SURFACE('',#2473,0.0026);
#52=CYLINDRICAL_SURFACE('',#2494,0.00061008);
#53=CYLINDRICAL_SURFACE('',#2500,0.00061008);
#54=CYLINDRICAL_SURFACE('',#2505,0.00061008);
#55=CYLINDRICAL_SURFACE('',#2510,0.00061008);
#56=CYLINDRICAL_SURFACE('',#2514,0.00061008);
#57=CYLINDRICAL_SURFACE('',#2516,0.00061008);
#58=CYLINDRICAL_SURFACE('',#2518,0.00061008);
#59=CYLINDRICAL_SURFACE('',#2520,0.00061008);
#60=CIRCLE('',#2342,0.0026);
#61=CIRCLE('',#2343,0.0003);
#62=CIRCLE('',#2345,0.0026);
#63=CIRCLE('',#2347,0.0026);
#64=CIRCLE('',#2348,0.0003);
#65=CIRCLE('',#2350,0.0026);
#66=CIRCLE('',#2352,0.0026);
#67=CIRCLE('',#2353,0.0003);
#68=CIRCLE('',#2355,0.0026);
#69=CIRCLE('',#2357,0.0026);
#70=CIRCLE('',#2358,0.0026);
#71=CIRCLE('',#2360,0.0003);
#72=CIRCLE('',#2361,0.0026);
#73=CIRCLE('',#2363,0.0003);
#74=CIRCLE('',#2365,0.0026);
#75=CIRCLE('',#2366,0.0026);
#76=CIRCLE('',#2368,0.0003);
#77=CIRCLE('',#2369,0.0026);
#78=CIRCLE('',#2371,0.0003);
#79=CIRCLE('',#2373,0.0026);
#80=CIRCLE('',#2374,0.0026);
#81=CIRCLE('',#2376,0.0003);
#82=CIRCLE('',#2377,0.0026);
#83=CIRCLE('',#2379,0.0003);
#84=CIRCLE('',#2383,0.0026);
#85=CIRCLE('',#2385,0.0026);
#86=CIRCLE('',#2386,0.0003);
#87=CIRCLE('',#2388,0.0026);
#88=CIRCLE('',#2390,0.0026);
#89=CIRCLE('',#2391,0.0003);
#90=CIRCLE('',#2395,0.0026);
#91=CIRCLE('',#2397,0.0026);
#92=CIRCLE('',#2398,0.0003);
#93=CIRCLE('',#2404,0.0003);
#94=CIRCLE('',#2410,0.0003);
#95=CIRCLE('',#2414,0.0003);
#96=CIRCLE('',#2420,0.0003);
#97=CIRCLE('',#2424,0.0026);
#98=CIRCLE('',#2427,0.0003);
#99=CIRCLE('',#2433,0.0003);
#100=CIRCLE('',#2439,0.0003);
#101=CIRCLE('',#2445,0.0003);
#102=CIRCLE('',#2450,0.0026);
#103=CIRCLE('',#2453,0.0003);
#104=CIRCLE('',#2459,0.0003);
#105=CIRCLE('',#2464,0.0003);
#106=CIRCLE('',#2470,0.0003);
#107=CIRCLE('',#2474,0.0026);
#108=CIRCLE('',#2495,0.00061008);
#109=CIRCLE('',#2496,0.00061008);
#110=CIRCLE('',#2498,0.00061008);
#111=CIRCLE('',#2499,0.00061008);
#112=CIRCLE('',#2501,0.00061008);
#113=CIRCLE('',#2503,0.00061008);
#114=CIRCLE('',#2504,0.00061008);
#115=CIRCLE('',#2506,0.00061008);
#116=CIRCLE('',#2508,0.00061008);
#117=CIRCLE('',#2509,0.00061008);
#118=CIRCLE('',#2511,0.00061008);
#119=CIRCLE('',#2513,0.00061008);
#120=ORIENTED_EDGE('',*,*,#772,.T.);
#121=ORIENTED_EDGE('',*,*,#773,.F.);
#122=ORIENTED_EDGE('',*,*,#774,.T.);
#123=ORIENTED_EDGE('',*,*,#775,.T.);
#124=ORIENTED_EDGE('',*,*,#776,.T.);
#125=ORIENTED_EDGE('',*,*,#777,.F.);
#126=ORIENTED_EDGE('',*,*,#778,.F.);
#127=ORIENTED_EDGE('',*,*,#779,.F.);
#128=ORIENTED_EDGE('',*,*,#780,.T.);
#129=ORIENTED_EDGE('',*,*,#781,.T.);
#130=ORIENTED_EDGE('',*,*,#773,.T.);
#131=ORIENTED_EDGE('',*,*,#782,.T.);
#132=ORIENTED_EDGE('',*,*,#783,.F.);
#133=ORIENTED_EDGE('',*,*,#784,.T.);
#134=ORIENTED_EDGE('',*,*,#785,.T.);
#135=ORIENTED_EDGE('',*,*,#786,.F.);
#136=ORIENTED_EDGE('',*,*,#787,.F.);
#137=ORIENTED_EDGE('',*,*,#788,.F.);
#138=ORIENTED_EDGE('',*,*,#789,.T.);
#139=ORIENTED_EDGE('',*,*,#790,.T.);
#140=ORIENTED_EDGE('',*,*,#783,.T.);
#141=ORIENTED_EDGE('',*,*,#791,.T.);
#142=ORIENTED_EDGE('',*,*,#792,.F.);
#143=ORIENTED_EDGE('',*,*,#793,.T.);
#144=ORIENTED_EDGE('',*,*,#794,.F.);
#145=ORIENTED_EDGE('',*,*,#795,.F.);
#146=ORIENTED_EDGE('',*,*,#796,.F.);
#147=ORIENTED_EDGE('',*,*,#797,.T.);
#148=ORIENTED_EDGE('',*,*,#798,.T.);
#149=ORIENTED_EDGE('',*,*,#792,.T.);
#150=ORIENTED_EDGE('',*,*,#799,.F.);
#151=ORIENTED_EDGE('',*,*,#800,.T.);
#152=ORIENTED_EDGE('',*,*,#801,.F.);
#153=ORIENTED_EDGE('',*,*,#802,.T.);
#154=ORIENTED_EDGE('',*,*,#803,.T.);
#155=ORIENTED_EDGE('',*,*,#804,.T.);
#156=ORIENTED_EDGE('',*,*,#805,.T.);
#157=ORIENTED_EDGE('',*,*,#806,.F.);
#158=ORIENTED_EDGE('',*,*,#807,.F.);
#159=ORIENTED_EDGE('',*,*,#808,.T.);
#160=ORIENTED_EDGE('',*,*,#809,.T.);
#161=ORIENTED_EDGE('',*,*,#810,.F.);
#162=ORIENTED_EDGE('',*,*,#811,.F.);
#163=ORIENTED_EDGE('',*,*,#812,.T.);
#164=ORIENTED_EDGE('',*,*,#802,.F.);
#165=ORIENTED_EDGE('',*,*,#813,.F.);
#166=ORIENTED_EDGE('',*,*,#814,.T.);
#167=ORIENTED_EDGE('',*,*,#815,.T.);
#168=ORIENTED_EDGE('',*,*,#816,.T.);
#169=ORIENTED_EDGE('',*,*,#817,.F.);
#170=ORIENTED_EDGE('',*,*,#818,.F.);
#171=ORIENTED_EDGE('',*,*,#819,.F.);
#172=ORIENTED_EDGE('',*,*,#820,.T.);
#173=ORIENTED_EDGE('',*,*,#821,.F.);
#174=ORIENTED_EDGE('',*,*,#822,.T.);
#175=ORIENTED_EDGE('',*,*,#823,.T.);
#176=ORIENTED_EDGE('',*,*,#824,.T.);
#177=ORIENTED_EDGE('',*,*,#825,.T.);
#178=ORIENTED_EDGE('',*,*,#826,.F.);
#179=ORIENTED_EDGE('',*,*,#827,.F.);
#180=ORIENTED_EDGE('',*,*,#828,.T.);
#181=ORIENTED_EDGE('',*,*,#829,.T.);
#182=ORIENTED_EDGE('',*,*,#830,.F.);
#183=ORIENTED_EDGE('',*,*,#831,.F.);
#184=ORIENTED_EDGE('',*,*,#832,.T.);
#185=ORIENTED_EDGE('',*,*,#822,.F.);
#186=ORIENTED_EDGE('',*,*,#833,.F.);
#187=ORIENTED_EDGE('',*,*,#834,.T.);
#188=ORIENTED_EDGE('',*,*,#835,.T.);
#189=ORIENTED_EDGE('',*,*,#836,.T.);
#190=ORIENTED_EDGE('',*,*,#837,.F.);
#191=ORIENTED_EDGE('',*,*,#838,.F.);
#192=ORIENTED_EDGE('',*,*,#839,.F.);
#193=ORIENTED_EDGE('',*,*,#840,.T.);
#194=ORIENTED_EDGE('',*,*,#841,.T.);
#195=ORIENTED_EDGE('',*,*,#842,.T.);
#196=ORIENTED_EDGE('',*,*,#843,.T.);
#197=ORIENTED_EDGE('',*,*,#844,.T.);
#198=ORIENTED_EDGE('',*,*,#845,.T.);
#199=ORIENTED_EDGE('',*,*,#846,.F.);
#200=ORIENTED_EDGE('',*,*,#847,.F.);
#201=ORIENTED_EDGE('',*,*,#848,.T.);
#202=ORIENTED_EDGE('',*,*,#849,.F.);
#203=ORIENTED_EDGE('',*,*,#850,.T.);
#204=ORIENTED_EDGE('',*,*,#842,.F.);
#205=ORIENTED_EDGE('',*,*,#851,.T.);
#206=ORIENTED_EDGE('',*,*,#852,.T.);
#207=ORIENTED_EDGE('',*,*,#853,.F.);
#208=ORIENTED_EDGE('',*,*,#854,.F.);
#209=ORIENTED_EDGE('',*,*,#814,.F.);
#210=ORIENTED_EDGE('',*,*,#855,.T.);
#211=ORIENTED_EDGE('',*,*,#856,.F.);
#212=ORIENTED_EDGE('',*,*,#857,.T.);
#213=ORIENTED_EDGE('',*,*,#858,.F.);
#214=ORIENTED_EDGE('',*,*,#859,.T.);
#215=ORIENTED_EDGE('',*,*,#809,.F.);
#216=ORIENTED_EDGE('',*,*,#860,.F.);
#217=ORIENTED_EDGE('',*,*,#861,.T.);
#218=ORIENTED_EDGE('',*,*,#862,.T.);
#219=ORIENTED_EDGE('',*,*,#811,.T.);
#220=ORIENTED_EDGE('',*,*,#863,.F.);
#221=ORIENTED_EDGE('',*,*,#864,.F.);
#222=ORIENTED_EDGE('',*,*,#865,.T.);
#223=ORIENTED_EDGE('',*,*,#866,.T.);
#224=ORIENTED_EDGE('',*,*,#867,.F.);
#225=ORIENTED_EDGE('',*,*,#868,.T.);
#226=ORIENTED_EDGE('',*,*,#869,.T.);
#227=ORIENTED_EDGE('',*,*,#870,.T.);
#228=ORIENTED_EDGE('',*,*,#849,.T.);
#229=ORIENTED_EDGE('',*,*,#871,.F.);
#230=ORIENTED_EDGE('',*,*,#872,.F.);
#231=ORIENTED_EDGE('',*,*,#873,.T.);
#232=ORIENTED_EDGE('',*,*,#874,.T.);
#233=ORIENTED_EDGE('',*,*,#875,.F.);
#234=ORIENTED_EDGE('',*,*,#876,.F.);
#235=ORIENTED_EDGE('',*,*,#877,.T.);
#236=ORIENTED_EDGE('',*,*,#834,.F.);
#237=ORIENTED_EDGE('',*,*,#878,.T.);
#238=ORIENTED_EDGE('',*,*,#879,.F.);
#239=ORIENTED_EDGE('',*,*,#880,.T.);
#240=ORIENTED_EDGE('',*,*,#881,.F.);
#241=ORIENTED_EDGE('',*,*,#882,.T.);
#242=ORIENTED_EDGE('',*,*,#829,.F.);
#243=ORIENTED_EDGE('',*,*,#883,.F.);
#244=ORIENTED_EDGE('',*,*,#884,.T.);
#245=ORIENTED_EDGE('',*,*,#885,.T.);
#246=ORIENTED_EDGE('',*,*,#831,.T.);
#247=ORIENTED_EDGE('',*,*,#886,.F.);
#248=ORIENTED_EDGE('',*,*,#887,.F.);
#249=ORIENTED_EDGE('',*,*,#888,.T.);
#250=ORIENTED_EDGE('',*,*,#889,.T.);
#251=ORIENTED_EDGE('',*,*,#890,.F.);
#252=ORIENTED_EDGE('',*,*,#891,.F.);
#253=ORIENTED_EDGE('',*,*,#892,.T.);
#254=ORIENTED_EDGE('',*,*,#893,.T.);
#255=ORIENTED_EDGE('',*,*,#894,.T.);
#256=ORIENTED_EDGE('',*,*,#895,.T.);
#257=ORIENTED_EDGE('',*,*,#896,.F.);
#258=ORIENTED_EDGE('',*,*,#897,.F.);
#259=ORIENTED_EDGE('',*,*,#898,.T.);
#260=ORIENTED_EDGE('',*,*,#899,.T.);
#261=ORIENTED_EDGE('',*,*,#900,.T.);
#262=ORIENTED_EDGE('',*,*,#894,.F.);
#263=ORIENTED_EDGE('',*,*,#901,.T.);
#264=ORIENTED_EDGE('',*,*,#897,.T.);
#265=ORIENTED_EDGE('',*,*,#902,.T.);
#266=ORIENTED_EDGE('',*,*,#899,.F.);
#267=ORIENTED_EDGE('',*,*,#903,.T.);
#268=ORIENTED_EDGE('',*,*,#896,.T.);
#269=ORIENTED_EDGE('',*,*,#904,.T.);
#270=ORIENTED_EDGE('',*,*,#794,.T.);
#271=ORIENTED_EDGE('',*,*,#905,.T.);
#272=ORIENTED_EDGE('',*,*,#906,.T.);
#273=ORIENTED_EDGE('',*,*,#907,.T.);
#274=ORIENTED_EDGE('',*,*,#907,.F.);
#275=ORIENTED_EDGE('',*,*,#908,.T.);
#276=ORIENTED_EDGE('',*,*,#909,.T.);
#277=ORIENTED_EDGE('',*,*,#795,.T.);
#278=ORIENTED_EDGE('',*,*,#910,.F.);
#279=ORIENTED_EDGE('',*,*,#911,.F.);
#280=ORIENTED_EDGE('',*,*,#796,.T.);
#281=ORIENTED_EDGE('',*,*,#791,.F.);
#282=ORIENTED_EDGE('',*,*,#909,.F.);
#283=ORIENTED_EDGE('',*,*,#912,.F.);
#284=ORIENTED_EDGE('',*,*,#913,.T.);
#285=ORIENTED_EDGE('',*,*,#865,.F.);
#286=ORIENTED_EDGE('',*,*,#914,.F.);
#287=ORIENTED_EDGE('',*,*,#915,.F.);
#288=ORIENTED_EDGE('',*,*,#916,.T.);
#289=ORIENTED_EDGE('',*,*,#866,.F.);
#290=ORIENTED_EDGE('',*,*,#913,.F.);
#291=ORIENTED_EDGE('',*,*,#917,.T.);
#292=ORIENTED_EDGE('',*,*,#918,.T.);
#293=ORIENTED_EDGE('',*,*,#867,.T.);
#294=ORIENTED_EDGE('',*,*,#916,.F.);
#295=ORIENTED_EDGE('',*,*,#919,.F.);
#296=ORIENTED_EDGE('',*,*,#920,.T.);
#297=ORIENTED_EDGE('',*,*,#815,.F.);
#298=ORIENTED_EDGE('',*,*,#857,.F.);
#299=ORIENTED_EDGE('',*,*,#921,.F.);
#300=ORIENTED_EDGE('',*,*,#922,.T.);
#301=ORIENTED_EDGE('',*,*,#816,.F.);
#302=ORIENTED_EDGE('',*,*,#920,.F.);
#303=ORIENTED_EDGE('',*,*,#922,.F.);
#304=ORIENTED_EDGE('',*,*,#923,.T.);
#305=ORIENTED_EDGE('',*,*,#924,.T.);
#306=ORIENTED_EDGE('',*,*,#817,.T.);
#307=ORIENTED_EDGE('',*,*,#924,.F.);
#308=ORIENTED_EDGE('',*,*,#925,.T.);
#309=ORIENTED_EDGE('',*,*,#926,.T.);
#310=ORIENTED_EDGE('',*,*,#818,.T.);
#311=ORIENTED_EDGE('',*,*,#927,.F.);
#312=ORIENTED_EDGE('',*,*,#928,.F.);
#313=ORIENTED_EDGE('',*,*,#799,.T.);
#314=ORIENTED_EDGE('',*,*,#812,.F.);
#315=ORIENTED_EDGE('',*,*,#926,.F.);
#316=ORIENTED_EDGE('',*,*,#929,.F.);
#317=ORIENTED_EDGE('',*,*,#930,.T.);
#318=ORIENTED_EDGE('',*,*,#804,.F.);
#319=ORIENTED_EDGE('',*,*,#931,.F.);
#320=ORIENTED_EDGE('',*,*,#932,.F.);
#321=ORIENTED_EDGE('',*,*,#933,.T.);
#322=ORIENTED_EDGE('',*,*,#805,.F.);
#323=ORIENTED_EDGE('',*,*,#930,.F.);
#324=ORIENTED_EDGE('',*,*,#933,.F.);
#325=ORIENTED_EDGE('',*,*,#934,.T.);
#326=ORIENTED_EDGE('',*,*,#935,.T.);
#327=ORIENTED_EDGE('',*,*,#806,.T.);
#328=ORIENTED_EDGE('',*,*,#935,.F.);
#329=ORIENTED_EDGE('',*,*,#936,.T.);
#330=ORIENTED_EDGE('',*,*,#937,.T.);
#331=ORIENTED_EDGE('',*,*,#807,.T.);
#332=ORIENTED_EDGE('',*,*,#938,.F.);
#333=ORIENTED_EDGE('',*,*,#860,.T.);
#334=ORIENTED_EDGE('',*,*,#808,.F.);
#335=ORIENTED_EDGE('',*,*,#937,.F.);
#336=ORIENTED_EDGE('',*,*,#939,.T.);
#337=ORIENTED_EDGE('',*,*,#914,.T.);
#338=ORIENTED_EDGE('',*,*,#864,.T.);
#339=ORIENTED_EDGE('',*,*,#940,.T.);
#340=ORIENTED_EDGE('',*,*,#941,.F.);
#341=ORIENTED_EDGE('',*,*,#942,.T.);
#342=ORIENTED_EDGE('',*,*,#776,.F.);
#343=ORIENTED_EDGE('',*,*,#943,.F.);
#344=ORIENTED_EDGE('',*,*,#942,.F.);
#345=ORIENTED_EDGE('',*,*,#944,.T.);
#346=ORIENTED_EDGE('',*,*,#945,.T.);
#347=ORIENTED_EDGE('',*,*,#777,.T.);
#348=ORIENTED_EDGE('',*,*,#945,.F.);
#349=ORIENTED_EDGE('',*,*,#946,.T.);
#350=ORIENTED_EDGE('',*,*,#947,.T.);
#351=ORIENTED_EDGE('',*,*,#778,.T.);
#352=ORIENTED_EDGE('',*,*,#948,.F.);
#353=ORIENTED_EDGE('',*,*,#949,.F.);
#354=ORIENTED_EDGE('',*,*,#779,.T.);
#355=ORIENTED_EDGE('',*,*,#772,.F.);
#356=ORIENTED_EDGE('',*,*,#947,.F.);
#357=ORIENTED_EDGE('',*,*,#950,.F.);
#358=ORIENTED_EDGE('',*,*,#951,.T.);
#359=ORIENTED_EDGE('',*,*,#873,.F.);
#360=ORIENTED_EDGE('',*,*,#952,.F.);
#361=ORIENTED_EDGE('',*,*,#953,.F.);
#362=ORIENTED_EDGE('',*,*,#954,.T.);
#363=ORIENTED_EDGE('',*,*,#874,.F.);
#364=ORIENTED_EDGE('',*,*,#951,.F.);
#365=ORIENTED_EDGE('',*,*,#954,.F.);
#366=ORIENTED_EDGE('',*,*,#955,.T.);
#367=ORIENTED_EDGE('',*,*,#956,.T.);
#368=ORIENTED_EDGE('',*,*,#875,.T.);
#369=ORIENTED_EDGE('',*,*,#956,.F.);
#370=ORIENTED_EDGE('',*,*,#957,.T.);
#371=ORIENTED_EDGE('',*,*,#958,.T.);
#372=ORIENTED_EDGE('',*,*,#876,.T.);
#373=ORIENTED_EDGE('',*,*,#959,.F.);
#374=ORIENTED_EDGE('',*,*,#960,.F.);
#375=ORIENTED_EDGE('',*,*,#961,.T.);
#376=ORIENTED_EDGE('',*,*,#877,.F.);
#377=ORIENTED_EDGE('',*,*,#958,.F.);
#378=ORIENTED_EDGE('',*,*,#962,.F.);
#379=ORIENTED_EDGE('',*,*,#963,.T.);
#380=ORIENTED_EDGE('',*,*,#851,.F.);
#381=ORIENTED_EDGE('',*,*,#841,.F.);
#382=ORIENTED_EDGE('',*,*,#964,.F.);
#383=ORIENTED_EDGE('',*,*,#965,.T.);
#384=ORIENTED_EDGE('',*,*,#852,.F.);
#385=ORIENTED_EDGE('',*,*,#963,.F.);
#386=ORIENTED_EDGE('',*,*,#965,.F.);
#387=ORIENTED_EDGE('',*,*,#966,.T.);
#388=ORIENTED_EDGE('',*,*,#967,.T.);
#389=ORIENTED_EDGE('',*,*,#853,.T.);
#390=ORIENTED_EDGE('',*,*,#967,.F.);
#391=ORIENTED_EDGE('',*,*,#968,.T.);
#392=ORIENTED_EDGE('',*,*,#969,.T.);
#393=ORIENTED_EDGE('',*,*,#854,.T.);
#394=ORIENTED_EDGE('',*,*,#970,.F.);
#395=ORIENTED_EDGE('',*,*,#971,.F.);
#396=ORIENTED_EDGE('',*,*,#839,.T.);
#397=ORIENTED_EDGE('',*,*,#850,.F.);
#398=ORIENTED_EDGE('',*,*,#969,.F.);
#399=ORIENTED_EDGE('',*,*,#972,.F.);
#400=ORIENTED_EDGE('',*,*,#973,.T.);
#401=ORIENTED_EDGE('',*,*,#844,.F.);
#402=ORIENTED_EDGE('',*,*,#974,.F.);
#403=ORIENTED_EDGE('',*,*,#975,.F.);
#404=ORIENTED_EDGE('',*,*,#976,.T.);
#405=ORIENTED_EDGE('',*,*,#845,.F.);
#406=ORIENTED_EDGE('',*,*,#973,.F.);
#407=ORIENTED_EDGE('',*,*,#976,.F.);
#408=ORIENTED_EDGE('',*,*,#977,.T.);
#409=ORIENTED_EDGE('',*,*,#978,.T.);
#410=ORIENTED_EDGE('',*,*,#846,.T.);
#411=ORIENTED_EDGE('',*,*,#978,.F.);
#412=ORIENTED_EDGE('',*,*,#979,.T.);
#413=ORIENTED_EDGE('',*,*,#980,.T.);
#414=ORIENTED_EDGE('',*,*,#847,.T.);
#415=ORIENTED_EDGE('',*,*,#981,.F.);
#416=ORIENTED_EDGE('',*,*,#982,.F.);
#417=ORIENTED_EDGE('',*,*,#871,.T.);
#418=ORIENTED_EDGE('',*,*,#848,.F.);
#419=ORIENTED_EDGE('',*,*,#980,.F.);
#420=ORIENTED_EDGE('',*,*,#983,.F.);
#421=ORIENTED_EDGE('',*,*,#943,.T.);
#422=ORIENTED_EDGE('',*,*,#775,.F.);
#423=ORIENTED_EDGE('',*,*,#984,.F.);
#424=ORIENTED_EDGE('',*,*,#985,.T.);
#425=ORIENTED_EDGE('',*,*,#952,.T.);
#426=ORIENTED_EDGE('',*,*,#872,.T.);
#427=ORIENTED_EDGE('',*,*,#961,.F.);
#428=ORIENTED_EDGE('',*,*,#986,.F.);
#429=ORIENTED_EDGE('',*,*,#987,.F.);
#430=ORIENTED_EDGE('',*,*,#988,.T.);
#431=ORIENTED_EDGE('',*,*,#785,.F.);
#432=ORIENTED_EDGE('',*,*,#988,.F.);
#433=ORIENTED_EDGE('',*,*,#989,.T.);
#434=ORIENTED_EDGE('',*,*,#990,.T.);
#435=ORIENTED_EDGE('',*,*,#786,.T.);
#436=ORIENTED_EDGE('',*,*,#990,.F.);
#437=ORIENTED_EDGE('',*,*,#991,.T.);
#438=ORIENTED_EDGE('',*,*,#992,.T.);
#439=ORIENTED_EDGE('',*,*,#787,.T.);
#440=ORIENTED_EDGE('',*,*,#993,.F.);
#441=ORIENTED_EDGE('',*,*,#994,.F.);
#442=ORIENTED_EDGE('',*,*,#788,.T.);
#443=ORIENTED_EDGE('',*,*,#782,.F.);
#444=ORIENTED_EDGE('',*,*,#992,.F.);
#445=ORIENTED_EDGE('',*,*,#995,.F.);
#446=ORIENTED_EDGE('',*,*,#996,.T.);
#447=ORIENTED_EDGE('',*,*,#888,.F.);
#448=ORIENTED_EDGE('',*,*,#997,.F.);
#449=ORIENTED_EDGE('',*,*,#998,.F.);
#450=ORIENTED_EDGE('',*,*,#999,.T.);
#451=ORIENTED_EDGE('',*,*,#889,.F.);
#452=ORIENTED_EDGE('',*,*,#996,.F.);
#453=ORIENTED_EDGE('',*,*,#999,.F.);
#454=ORIENTED_EDGE('',*,*,#1000,.T.);
#455=ORIENTED_EDGE('',*,*,#1001,.T.);
#456=ORIENTED_EDGE('',*,*,#890,.T.);
#457=ORIENTED_EDGE('',*,*,#1002,.T.);
#458=ORIENTED_EDGE('',*,*,#1003,.T.);
#459=ORIENTED_EDGE('',*,*,#891,.T.);
#460=ORIENTED_EDGE('',*,*,#1001,.F.);
#461=ORIENTED_EDGE('',*,*,#1004,.F.);
#462=ORIENTED_EDGE('',*,*,#1005,.T.);
#463=ORIENTED_EDGE('',*,*,#835,.F.);
#464=ORIENTED_EDGE('',*,*,#880,.F.);
#465=ORIENTED_EDGE('',*,*,#1006,.F.);
#466=ORIENTED_EDGE('',*,*,#1007,.T.);
#467=ORIENTED_EDGE('',*,*,#836,.F.);
#468=ORIENTED_EDGE('',*,*,#1005,.F.);
#469=ORIENTED_EDGE('',*,*,#1007,.F.);
#470=ORIENTED_EDGE('',*,*,#1008,.T.);
#471=ORIENTED_EDGE('',*,*,#1009,.T.);
#472=ORIENTED_EDGE('',*,*,#837,.T.);
#473=ORIENTED_EDGE('',*,*,#1009,.F.);
#474=ORIENTED_EDGE('',*,*,#1010,.T.);
#475=ORIENTED_EDGE('',*,*,#1011,.T.);
#476=ORIENTED_EDGE('',*,*,#838,.T.);
#477=ORIENTED_EDGE('',*,*,#1012,.F.);
#478=ORIENTED_EDGE('',*,*,#1013,.F.);
#479=ORIENTED_EDGE('',*,*,#819,.T.);
#480=ORIENTED_EDGE('',*,*,#832,.F.);
#481=ORIENTED_EDGE('',*,*,#1011,.F.);
#482=ORIENTED_EDGE('',*,*,#1014,.F.);
#483=ORIENTED_EDGE('',*,*,#1015,.T.);
#484=ORIENTED_EDGE('',*,*,#824,.F.);
#485=ORIENTED_EDGE('',*,*,#1016,.F.);
#486=ORIENTED_EDGE('',*,*,#1017,.F.);
#487=ORIENTED_EDGE('',*,*,#1018,.T.);
#488=ORIENTED_EDGE('',*,*,#825,.F.);
#489=ORIENTED_EDGE('',*,*,#1015,.F.);
#490=ORIENTED_EDGE('',*,*,#1018,.F.);
#491=ORIENTED_EDGE('',*,*,#1019,.T.);
#492=ORIENTED_EDGE('',*,*,#1020,.T.);
#493=ORIENTED_EDGE('',*,*,#826,.T.);
#494=ORIENTED_EDGE('',*,*,#1020,.F.);
#495=ORIENTED_EDGE('',*,*,#1021,.T.);
#496=ORIENTED_EDGE('',*,*,#1022,.T.);
#497=ORIENTED_EDGE('',*,*,#827,.T.);
#498=ORIENTED_EDGE('',*,*,#1023,.F.);
#499=ORIENTED_EDGE('',*,*,#883,.T.);
#500=ORIENTED_EDGE('',*,*,#828,.F.);
#501=ORIENTED_EDGE('',*,*,#1022,.F.);
#502=ORIENTED_EDGE('',*,*,#1024,.T.);
#503=ORIENTED_EDGE('',*,*,#997,.T.);
#504=ORIENTED_EDGE('',*,*,#887,.T.);
#505=ORIENTED_EDGE('',*,*,#1025,.T.);
#506=ORIENTED_EDGE('',*,*,#949,.T.);
#507=ORIENTED_EDGE('',*,*,#948,.T.);
#508=ORIENTED_EDGE('',*,*,#946,.F.);
#509=ORIENTED_EDGE('',*,*,#944,.F.);
#510=ORIENTED_EDGE('',*,*,#941,.T.);
#511=ORIENTED_EDGE('',*,*,#983,.T.);
#512=ORIENTED_EDGE('',*,*,#1026,.F.);
#513=ORIENTED_EDGE('',*,*,#780,.F.);
#514=ORIENTED_EDGE('',*,*,#950,.T.);
#515=ORIENTED_EDGE('',*,*,#985,.F.);
#516=ORIENTED_EDGE('',*,*,#960,.T.);
#517=ORIENTED_EDGE('',*,*,#959,.T.);
#518=ORIENTED_EDGE('',*,*,#957,.F.);
#519=ORIENTED_EDGE('',*,*,#955,.F.);
#520=ORIENTED_EDGE('',*,*,#953,.T.);
#521=ORIENTED_EDGE('',*,*,#994,.T.);
#522=ORIENTED_EDGE('',*,*,#993,.T.);
#523=ORIENTED_EDGE('',*,*,#991,.F.);
#524=ORIENTED_EDGE('',*,*,#989,.F.);
#525=ORIENTED_EDGE('',*,*,#987,.T.);
#526=ORIENTED_EDGE('',*,*,#1027,.F.);
#527=ORIENTED_EDGE('',*,*,#789,.F.);
#528=ORIENTED_EDGE('',*,*,#995,.T.);
#529=ORIENTED_EDGE('',*,*,#1024,.F.);
#530=ORIENTED_EDGE('',*,*,#1028,.F.);
#531=ORIENTED_EDGE('',*,*,#1002,.F.);
#532=ORIENTED_EDGE('',*,*,#1000,.F.);
#533=ORIENTED_EDGE('',*,*,#998,.T.);
#534=ORIENTED_EDGE('',*,*,#911,.T.);
#535=ORIENTED_EDGE('',*,*,#910,.T.);
#536=ORIENTED_EDGE('',*,*,#908,.F.);
#537=ORIENTED_EDGE('',*,*,#906,.F.);
#538=ORIENTED_EDGE('',*,*,#1029,.F.);
#539=ORIENTED_EDGE('',*,*,#797,.F.);
#540=ORIENTED_EDGE('',*,*,#912,.T.);
#541=ORIENTED_EDGE('',*,*,#939,.F.);
#542=ORIENTED_EDGE('',*,*,#1030,.F.);
#543=ORIENTED_EDGE('',*,*,#917,.F.);
#544=ORIENTED_EDGE('',*,*,#915,.T.);
#545=ORIENTED_EDGE('',*,*,#928,.T.);
#546=ORIENTED_EDGE('',*,*,#927,.T.);
#547=ORIENTED_EDGE('',*,*,#925,.F.);
#548=ORIENTED_EDGE('',*,*,#923,.F.);
#549=ORIENTED_EDGE('',*,*,#921,.T.);
#550=ORIENTED_EDGE('',*,*,#919,.T.);
#551=ORIENTED_EDGE('',*,*,#856,.T.);
#552=ORIENTED_EDGE('',*,*,#1031,.T.);
#553=ORIENTED_EDGE('',*,*,#800,.F.);
#554=ORIENTED_EDGE('',*,*,#929,.T.);
#555=ORIENTED_EDGE('',*,*,#1032,.F.);
#556=ORIENTED_EDGE('',*,*,#861,.F.);
#557=ORIENTED_EDGE('',*,*,#1033,.T.);
#558=ORIENTED_EDGE('',*,*,#858,.T.);
#559=ORIENTED_EDGE('',*,*,#938,.T.);
#560=ORIENTED_EDGE('',*,*,#936,.F.);
#561=ORIENTED_EDGE('',*,*,#934,.F.);
#562=ORIENTED_EDGE('',*,*,#932,.T.);
#563=ORIENTED_EDGE('',*,*,#1013,.T.);
#564=ORIENTED_EDGE('',*,*,#1012,.T.);
#565=ORIENTED_EDGE('',*,*,#1010,.F.);
#566=ORIENTED_EDGE('',*,*,#1008,.F.);
#567=ORIENTED_EDGE('',*,*,#1006,.T.);
#568=ORIENTED_EDGE('',*,*,#1004,.T.);
#569=ORIENTED_EDGE('',*,*,#879,.T.);
#570=ORIENTED_EDGE('',*,*,#1034,.T.);
#571=ORIENTED_EDGE('',*,*,#820,.F.);
#572=ORIENTED_EDGE('',*,*,#1014,.T.);
#573=ORIENTED_EDGE('',*,*,#1035,.F.);
#574=ORIENTED_EDGE('',*,*,#884,.F.);
#575=ORIENTED_EDGE('',*,*,#1036,.T.);
#576=ORIENTED_EDGE('',*,*,#881,.T.);
#577=ORIENTED_EDGE('',*,*,#1023,.T.);
#578=ORIENTED_EDGE('',*,*,#1021,.F.);
#579=ORIENTED_EDGE('',*,*,#1019,.F.);
#580=ORIENTED_EDGE('',*,*,#1017,.T.);
#581=ORIENTED_EDGE('',*,*,#971,.T.);
#582=ORIENTED_EDGE('',*,*,#970,.T.);
#583=ORIENTED_EDGE('',*,*,#968,.F.);
#584=ORIENTED_EDGE('',*,*,#966,.F.);
#585=ORIENTED_EDGE('',*,*,#964,.T.);
#586=ORIENTED_EDGE('',*,*,#962,.T.);
#587=ORIENTED_EDGE('',*,*,#840,.F.);
#588=ORIENTED_EDGE('',*,*,#972,.T.);
#589=ORIENTED_EDGE('',*,*,#1037,.F.);
#590=ORIENTED_EDGE('',*,*,#869,.F.);
#591=ORIENTED_EDGE('',*,*,#982,.T.);
#592=ORIENTED_EDGE('',*,*,#981,.T.);
#593=ORIENTED_EDGE('',*,*,#979,.F.);
#594=ORIENTED_EDGE('',*,*,#977,.F.);
#595=ORIENTED_EDGE('',*,*,#975,.T.);
#596=ORIENTED_EDGE('',*,*,#893,.F.);
#597=ORIENTED_EDGE('',*,*,#903,.F.);
#598=ORIENTED_EDGE('',*,*,#898,.F.);
#599=ORIENTED_EDGE('',*,*,#901,.F.);
#600=ORIENTED_EDGE('',*,*,#1038,.T.);
#601=ORIENTED_EDGE('',*,*,#1039,.F.);
#602=ORIENTED_EDGE('',*,*,#1040,.F.);
#603=ORIENTED_EDGE('',*,*,#1041,.T.);
#604=ORIENTED_EDGE('',*,*,#1042,.T.);
#605=ORIENTED_EDGE('',*,*,#1043,.F.);
#606=ORIENTED_EDGE('',*,*,#1044,.F.);
#607=ORIENTED_EDGE('',*,*,#1039,.T.);
#608=ORIENTED_EDGE('',*,*,#1045,.T.);
#609=ORIENTED_EDGE('',*,*,#1046,.F.);
#610=ORIENTED_EDGE('',*,*,#1047,.F.);
#611=ORIENTED_EDGE('',*,*,#1043,.T.);
#612=ORIENTED_EDGE('',*,*,#1048,.T.);
#613=ORIENTED_EDGE('',*,*,#1049,.F.);
#614=ORIENTED_EDGE('',*,*,#1050,.F.);
#615=ORIENTED_EDGE('',*,*,#1046,.T.);
#616=ORIENTED_EDGE('',*,*,#1051,.T.);
#617=ORIENTED_EDGE('',*,*,#1052,.F.);
#618=ORIENTED_EDGE('',*,*,#1053,.F.);
#619=ORIENTED_EDGE('',*,*,#1049,.T.);
#620=ORIENTED_EDGE('',*,*,#1054,.T.);
#621=ORIENTED_EDGE('',*,*,#1055,.F.);
#622=ORIENTED_EDGE('',*,*,#1056,.F.);
#623=ORIENTED_EDGE('',*,*,#1052,.T.);
#624=ORIENTED_EDGE('',*,*,#1057,.T.);
#625=ORIENTED_EDGE('',*,*,#1058,.F.);
#626=ORIENTED_EDGE('',*,*,#1059,.F.);
#627=ORIENTED_EDGE('',*,*,#1055,.T.);
#628=ORIENTED_EDGE('',*,*,#900,.F.);
#629=ORIENTED_EDGE('',*,*,#1060,.F.);
#630=ORIENTED_EDGE('',*,*,#1061,.T.);
#631=ORIENTED_EDGE('',*,*,#1062,.T.);
#632=ORIENTED_EDGE('',*,*,#904,.F.);
#633=ORIENTED_EDGE('',*,*,#1063,.F.);
#634=ORIENTED_EDGE('',*,*,#1064,.T.);
#635=ORIENTED_EDGE('',*,*,#1060,.T.);
#636=ORIENTED_EDGE('',*,*,#895,.F.);
#637=ORIENTED_EDGE('',*,*,#1065,.F.);
#638=ORIENTED_EDGE('',*,*,#1066,.T.);
#639=ORIENTED_EDGE('',*,*,#1063,.T.);
#640=ORIENTED_EDGE('',*,*,#902,.F.);
#641=ORIENTED_EDGE('',*,*,#1062,.F.);
#642=ORIENTED_EDGE('',*,*,#1067,.T.);
#643=ORIENTED_EDGE('',*,*,#1065,.T.);
#644=ORIENTED_EDGE('',*,*,#1068,.T.);
#645=ORIENTED_EDGE('',*,*,#1041,.F.);
#646=ORIENTED_EDGE('',*,*,#1069,.F.);
#647=ORIENTED_EDGE('',*,*,#1058,.T.);
#648=ORIENTED_EDGE('',*,*,#1061,.F.);
#649=ORIENTED_EDGE('',*,*,#1064,.F.);
#650=ORIENTED_EDGE('',*,*,#1066,.F.);
#651=ORIENTED_EDGE('',*,*,#1067,.F.);
#652=ORIENTED_EDGE('',*,*,#1040,.T.);
#653=ORIENTED_EDGE('',*,*,#1044,.T.);
#654=ORIENTED_EDGE('',*,*,#1047,.T.);
#655=ORIENTED_EDGE('',*,*,#1050,.T.);
#656=ORIENTED_EDGE('',*,*,#1053,.T.);
#657=ORIENTED_EDGE('',*,*,#1056,.T.);
#658=ORIENTED_EDGE('',*,*,#1059,.T.);
#659=ORIENTED_EDGE('',*,*,#1069,.T.);
#660=ORIENTED_EDGE('',*,*,#1070,.T.);
#661=ORIENTED_EDGE('',*,*,#1071,.T.);
#662=ORIENTED_EDGE('',*,*,#1072,.T.);
#663=ORIENTED_EDGE('',*,*,#1073,.T.);
#664=ORIENTED_EDGE('',*,*,#1074,.T.);
#665=ORIENTED_EDGE('',*,*,#1073,.F.);
#666=ORIENTED_EDGE('',*,*,#1075,.F.);
#667=ORIENTED_EDGE('',*,*,#1076,.F.);
#668=ORIENTED_EDGE('',*,*,#1075,.T.);
#669=ORIENTED_EDGE('',*,*,#1077,.T.);
#670=ORIENTED_EDGE('',*,*,#1078,.F.);
#671=ORIENTED_EDGE('',*,*,#1079,.T.);
#672=ORIENTED_EDGE('',*,*,#1080,.F.);
#673=ORIENTED_EDGE('',*,*,#1077,.F.);
#674=ORIENTED_EDGE('',*,*,#1072,.F.);
#675=ORIENTED_EDGE('',*,*,#1081,.T.);
#676=ORIENTED_EDGE('',*,*,#1082,.T.);
#677=ORIENTED_EDGE('',*,*,#1079,.F.);
#678=ORIENTED_EDGE('',*,*,#1083,.T.);
#679=ORIENTED_EDGE('',*,*,#1084,.F.);
#680=ORIENTED_EDGE('',*,*,#1081,.F.);
#681=ORIENTED_EDGE('',*,*,#1071,.F.);
#682=ORIENTED_EDGE('',*,*,#1085,.F.);
#683=ORIENTED_EDGE('',*,*,#1086,.T.);
#684=ORIENTED_EDGE('',*,*,#1083,.F.);
#685=ORIENTED_EDGE('',*,*,#1085,.T.);
#686=ORIENTED_EDGE('',*,*,#1070,.F.);
#687=ORIENTED_EDGE('',*,*,#1087,.F.);
#688=ORIENTED_EDGE('',*,*,#1088,.F.);
#689=ORIENTED_EDGE('',*,*,#1089,.T.);
#690=ORIENTED_EDGE('',*,*,#1087,.T.);
#691=ORIENTED_EDGE('',*,*,#1074,.F.);
#692=ORIENTED_EDGE('',*,*,#1068,.F.);
#693=ORIENTED_EDGE('',*,*,#1090,.F.);
#694=ORIENTED_EDGE('',*,*,#1089,.F.);
#695=ORIENTED_EDGE('',*,*,#1091,.F.);
#696=ORIENTED_EDGE('',*,*,#1088,.T.);
#697=ORIENTED_EDGE('',*,*,#1090,.T.);
#698=ORIENTED_EDGE('',*,*,#1057,.F.);
#699=ORIENTED_EDGE('',*,*,#1092,.T.);
#700=ORIENTED_EDGE('',*,*,#1086,.F.);
#701=ORIENTED_EDGE('',*,*,#1092,.F.);
#702=ORIENTED_EDGE('',*,*,#1054,.F.);
#703=ORIENTED_EDGE('',*,*,#1093,.F.);
#704=ORIENTED_EDGE('',*,*,#1051,.F.);
#705=ORIENTED_EDGE('',*,*,#1094,.T.);
#706=ORIENTED_EDGE('',*,*,#1084,.T.);
#707=ORIENTED_EDGE('',*,*,#1093,.T.);
#708=ORIENTED_EDGE('',*,*,#1048,.F.);
#709=ORIENTED_EDGE('',*,*,#1095,.F.);
#710=ORIENTED_EDGE('',*,*,#1082,.F.);
#711=ORIENTED_EDGE('',*,*,#1094,.F.);
#712=ORIENTED_EDGE('',*,*,#1045,.F.);
#713=ORIENTED_EDGE('',*,*,#1096,.T.);
#714=ORIENTED_EDGE('',*,*,#1080,.T.);
#715=ORIENTED_EDGE('',*,*,#1095,.T.);
#716=ORIENTED_EDGE('',*,*,#1078,.T.);
#717=ORIENTED_EDGE('',*,*,#1096,.F.);
#718=ORIENTED_EDGE('',*,*,#1042,.F.);
#719=ORIENTED_EDGE('',*,*,#1097,.F.);
#720=ORIENTED_EDGE('',*,*,#1076,.T.);
#721=ORIENTED_EDGE('',*,*,#1097,.T.);
#722=ORIENTED_EDGE('',*,*,#1038,.F.);
#723=ORIENTED_EDGE('',*,*,#1091,.T.);
#724=ORIENTED_EDGE('',*,*,#1028,.T.);
#725=ORIENTED_EDGE('',*,*,#1025,.F.);
#726=ORIENTED_EDGE('',*,*,#892,.F.);
#727=ORIENTED_EDGE('',*,*,#1003,.F.);
#728=ORIENTED_EDGE('',*,*,#833,.T.);
#729=ORIENTED_EDGE('',*,*,#821,.T.);
#730=ORIENTED_EDGE('',*,*,#1034,.F.);
#731=ORIENTED_EDGE('',*,*,#878,.F.);
#732=ORIENTED_EDGE('',*,*,#1036,.F.);
#733=ORIENTED_EDGE('',*,*,#886,.T.);
#734=ORIENTED_EDGE('',*,*,#830,.T.);
#735=ORIENTED_EDGE('',*,*,#882,.F.);
#736=ORIENTED_EDGE('',*,*,#986,.T.);
#737=ORIENTED_EDGE('',*,*,#784,.F.);
#738=ORIENTED_EDGE('',*,*,#790,.F.);
#739=ORIENTED_EDGE('',*,*,#1027,.T.);
#740=ORIENTED_EDGE('',*,*,#1026,.T.);
#741=ORIENTED_EDGE('',*,*,#984,.T.);
#742=ORIENTED_EDGE('',*,*,#774,.F.);
#743=ORIENTED_EDGE('',*,*,#781,.F.);
#744=ORIENTED_EDGE('',*,*,#1030,.T.);
#745=ORIENTED_EDGE('',*,*,#940,.F.);
#746=ORIENTED_EDGE('',*,*,#868,.F.);
#747=ORIENTED_EDGE('',*,*,#918,.F.);
#748=ORIENTED_EDGE('',*,*,#813,.T.);
#749=ORIENTED_EDGE('',*,*,#801,.T.);
#750=ORIENTED_EDGE('',*,*,#1031,.F.);
#751=ORIENTED_EDGE('',*,*,#855,.F.);
#752=ORIENTED_EDGE('',*,*,#793,.F.);
#753=ORIENTED_EDGE('',*,*,#798,.F.);
#754=ORIENTED_EDGE('',*,*,#1029,.T.);
#755=ORIENTED_EDGE('',*,*,#905,.F.);
#756=ORIENTED_EDGE('',*,*,#1033,.F.);
#757=ORIENTED_EDGE('',*,*,#863,.T.);
#758=ORIENTED_EDGE('',*,*,#810,.T.);
#759=ORIENTED_EDGE('',*,*,#859,.F.);
#760=ORIENTED_EDGE('',*,*,#1037,.T.);
#761=ORIENTED_EDGE('',*,*,#974,.T.);
#762=ORIENTED_EDGE('',*,*,#843,.F.);
#763=ORIENTED_EDGE('',*,*,#870,.F.);
#764=ORIENTED_EDGE('',*,*,#1035,.T.);
#765=ORIENTED_EDGE('',*,*,#1016,.T.);
#766=ORIENTED_EDGE('',*,*,#823,.F.);
#767=ORIENTED_EDGE('',*,*,#885,.F.);
#768=ORIENTED_EDGE('',*,*,#1032,.T.);
#769=ORIENTED_EDGE('',*,*,#931,.T.);
#770=ORIENTED_EDGE('',*,*,#803,.F.);
#771=ORIENTED_EDGE('',*,*,#862,.F.);
#772=EDGE_CURVE('',#1098,#1099,#1310,.T.);
#773=EDGE_CURVE('',#1100,#1099,#60,.T.);
#774=EDGE_CURVE('',#1100,#1101,#1311,.T.);
#775=EDGE_CURVE('',#1101,#1102,#1312,.T.);
#776=EDGE_CURVE('',#1102,#1103,#1313,.T.);
#777=EDGE_CURVE('',#1104,#1103,#61,.T.);
#778=EDGE_CURVE('',#1098,#1104,#1314,.T.);
#779=EDGE_CURVE('',#1105,#1099,#1315,.T.);
#780=EDGE_CURVE('',#1105,#1106,#62,.T.);
#781=EDGE_CURVE('',#1106,#1100,#1316,.T.);
#782=EDGE_CURVE('',#1107,#1108,#1317,.T.);
#783=EDGE_CURVE('',#1109,#1108,#63,.T.);
#784=EDGE_CURVE('',#1109,#1110,#1318,.T.);
#785=EDGE_CURVE('',#1110,#1111,#1319,.T.);
#786=EDGE_CURVE('',#1112,#1111,#64,.T.);
#787=EDGE_CURVE('',#1107,#1112,#1320,.T.);
#788=EDGE_CURVE('',#1113,#1108,#1321,.T.);
#789=EDGE_CURVE('',#1113,#1114,#65,.T.);
#790=EDGE_CURVE('',#1114,#1109,#1322,.T.);
#791=EDGE_CURVE('',#1115,#1116,#1323,.T.);
#792=EDGE_CURVE('',#1117,#1116,#66,.T.);
#793=EDGE_CURVE('',#1117,#1118,#1324,.T.);
#794=EDGE_CURVE('',#1119,#1118,#67,.T.);
#795=EDGE_CURVE('',#1115,#1119,#1325,.T.);
#796=EDGE_CURVE('',#1120,#1116,#1326,.T.);
#797=EDGE_CURVE('',#1120,#1121,#68,.T.);
#798=EDGE_CURVE('',#1121,#1117,#1327,.T.);
#799=EDGE_CURVE('',#1122,#1123,#1328,.T.);
#800=EDGE_CURVE('',#1122,#1124,#69,.T.);
#801=EDGE_CURVE('',#1125,#1124,#1329,.F.);
#802=EDGE_CURVE('',#1125,#1123,#70,.T.);
#803=EDGE_CURVE('',#1126,#1127,#1330,.T.);
#804=EDGE_CURVE('',#1127,#1128,#1331,.T.);
#805=EDGE_CURVE('',#1128,#1129,#1332,.T.);
#806=EDGE_CURVE('',#1130,#1129,#71,.T.);
#807=EDGE_CURVE('',#1131,#1130,#1333,.T.);
#808=EDGE_CURVE('',#1131,#1132,#1334,.T.);
#809=EDGE_CURVE('',#1132,#1133,#1335,.T.);
#810=EDGE_CURVE('',#1134,#1133,#1336,.T.);
#811=EDGE_CURVE('',#1126,#1134,#72,.T.);
#812=EDGE_CURVE('',#1135,#1123,#1337,.T.);
#813=EDGE_CURVE('',#1136,#1125,#1338,.T.);
#814=EDGE_CURVE('',#1136,#1137,#1339,.T.);
#815=EDGE_CURVE('',#1137,#1138,#1340,.T.);
#816=EDGE_CURVE('',#1138,#1139,#1341,.T.);
#817=EDGE_CURVE('',#1140,#1139,#73,.T.);
#818=EDGE_CURVE('',#1135,#1140,#1342,.T.);
#819=EDGE_CURVE('',#1141,#1142,#1343,.T.);
#820=EDGE_CURVE('',#1141,#1143,#74,.T.);
#821=EDGE_CURVE('',#1144,#1143,#1344,.F.);
#822=EDGE_CURVE('',#1144,#1142,#75,.T.);
#823=EDGE_CURVE('',#1145,#1146,#1345,.T.);
#824=EDGE_CURVE('',#1146,#1147,#1346,.T.);
#825=EDGE_CURVE('',#1147,#1148,#1347,.T.);
#826=EDGE_CURVE('',#1149,#1148,#76,.T.);
#827=EDGE_CURVE('',#1150,#1149,#1348,.T.);
#828=EDGE_CURVE('',#1150,#1151,#1349,.T.);
#829=EDGE_CURVE('',#1151,#1152,#1350,.T.);
#830=EDGE_CURVE('',#1153,#1152,#1351,.T.);
#831=EDGE_CURVE('',#1145,#1153,#77,.T.);
#832=EDGE_CURVE('',#1154,#1142,#1352,.T.);
#833=EDGE_CURVE('',#1155,#1144,#1353,.T.);
#834=EDGE_CURVE('',#1155,#1156,#1354,.T.);
#835=EDGE_CURVE('',#1156,#1157,#1355,.T.);
#836=EDGE_CURVE('',#1157,#1158,#1356,.T.);
#837=EDGE_CURVE('',#1159,#1158,#78,.T.);
#838=EDGE_CURVE('',#1154,#1159,#1357,.T.);
#839=EDGE_CURVE('',#1160,#1161,#1358,.T.);
#840=EDGE_CURVE('',#1160,#1162,#79,.T.);
#841=EDGE_CURVE('',#1162,#1163,#1359,.T.);
#842=EDGE_CURVE('',#1163,#1161,#80,.T.);
#843=EDGE_CURVE('',#1164,#1165,#1360,.T.);
#844=EDGE_CURVE('',#1165,#1166,#1361,.T.);
#845=EDGE_CURVE('',#1166,#1167,#1362,.T.);
#846=EDGE_CURVE('',#1168,#1167,#81,.T.);
#847=EDGE_CURVE('',#1169,#1168,#1363,.T.);
#848=EDGE_CURVE('',#1169,#1170,#1364,.T.);
#849=EDGE_CURVE('',#1164,#1170,#82,.T.);
#850=EDGE_CURVE('',#1171,#1161,#1365,.T.);
#851=EDGE_CURVE('',#1163,#1172,#1366,.T.);
#852=EDGE_CURVE('',#1172,#1173,#1367,.T.);
#853=EDGE_CURVE('',#1174,#1173,#83,.T.);
#854=EDGE_CURVE('',#1171,#1174,#1368,.T.);
#855=EDGE_CURVE('',#1136,#1175,#1369,.T.);
#856=EDGE_CURVE('',#1176,#1175,#1370,.T.);
#857=EDGE_CURVE('',#1176,#1137,#1371,.T.);
#858=EDGE_CURVE('',#1177,#1178,#1372,.T.);
#859=EDGE_CURVE('',#1177,#1133,#1373,.T.);
#860=EDGE_CURVE('',#1178,#1132,#1374,.T.);
#861=EDGE_CURVE('',#1179,#1180,#84,.T.);
#862=EDGE_CURVE('',#1180,#1126,#1375,.T.);
#863=EDGE_CURVE('',#1179,#1134,#1376,.T.);
#864=EDGE_CURVE('',#1181,#1182,#85,.T.);
#865=EDGE_CURVE('',#1181,#1183,#1377,.T.);
#866=EDGE_CURVE('',#1183,#1184,#1378,.T.);
#867=EDGE_CURVE('',#1185,#1184,#86,.T.);
#868=EDGE_CURVE('',#1185,#1182,#1379,.T.);
#869=EDGE_CURVE('',#1186,#1187,#87,.T.);
#870=EDGE_CURVE('',#1187,#1164,#1380,.T.);
#871=EDGE_CURVE('',#1186,#1170,#1381,.T.);
#872=EDGE_CURVE('',#1188,#1189,#88,.T.);
#873=EDGE_CURVE('',#1188,#1190,#1382,.T.);
#874=EDGE_CURVE('',#1190,#1191,#1383,.T.);
#875=EDGE_CURVE('',#1192,#1191,#89,.T.);
#876=EDGE_CURVE('',#1193,#1192,#1384,.T.);
#877=EDGE_CURVE('',#1193,#1189,#1385,.T.);
#878=EDGE_CURVE('',#1155,#1194,#1386,.T.);
#879=EDGE_CURVE('',#1195,#1194,#1387,.T.);
#880=EDGE_CURVE('',#1195,#1156,#1388,.T.);
#881=EDGE_CURVE('',#1196,#1197,#1389,.T.);
#882=EDGE_CURVE('',#1196,#1152,#1390,.T.);
#883=EDGE_CURVE('',#1197,#1151,#1391,.T.);
#884=EDGE_CURVE('',#1198,#1199,#90,.T.);
#885=EDGE_CURVE('',#1199,#1145,#1392,.T.);
#886=EDGE_CURVE('',#1198,#1153,#1393,.T.);
#887=EDGE_CURVE('',#1200,#1201,#91,.T.);
#888=EDGE_CURVE('',#1200,#1202,#1394,.T.);
#889=EDGE_CURVE('',#1202,#1203,#1395,.T.);
#890=EDGE_CURVE('',#1204,#1203,#92,.T.);
#891=EDGE_CURVE('',#1205,#1204,#1396,.T.);
#892=EDGE_CURVE('',#1205,#1201,#1397,.T.);
#893=EDGE_CURVE('',#1206,#1207,#1398,.F.);
#894=EDGE_CURVE('',#1207,#1208,#1399,.F.);
#895=EDGE_CURVE('',#1208,#1209,#1400,.F.);
#896=EDGE_CURVE('',#1206,#1209,#1401,.T.);
#897=EDGE_CURVE('',#1210,#1211,#1402,.T.);
#898=EDGE_CURVE('',#1210,#1212,#1403,.T.);
#899=EDGE_CURVE('',#1212,#1213,#1404,.F.);
#900=EDGE_CURVE('',#1213,#1211,#1405,.T.);
#901=EDGE_CURVE('',#1207,#1210,#1406,.T.);
#902=EDGE_CURVE('',#1211,#1208,#1407,.T.);
#903=EDGE_CURVE('',#1212,#1206,#1408,.F.);
#904=EDGE_CURVE('',#1209,#1213,#1409,.F.);
#905=EDGE_CURVE('',#1118,#1214,#1410,.F.);
#906=EDGE_CURVE('',#1214,#1215,#93,.T.);
#907=EDGE_CURVE('',#1215,#1119,#1411,.T.);
#908=EDGE_CURVE('',#1215,#1216,#1412,.T.);
#909=EDGE_CURVE('',#1216,#1115,#1413,.T.);
#910=EDGE_CURVE('',#1217,#1216,#1414,.T.);
#911=EDGE_CURVE('',#1120,#1217,#1415,.T.);
#912=EDGE_CURVE('',#1218,#1219,#1416,.T.);
#913=EDGE_CURVE('',#1218,#1183,#1417,.T.);
#914=EDGE_CURVE('',#1219,#1181,#1418,.T.);
#915=EDGE_CURVE('',#1220,#1218,#1419,.T.);
#916=EDGE_CURVE('',#1220,#1184,#1420,.T.);
#917=EDGE_CURVE('',#1220,#1221,#94,.T.);
#918=EDGE_CURVE('',#1221,#1185,#1421,.T.);
#919=EDGE_CURVE('',#1222,#1176,#1422,.T.);
#920=EDGE_CURVE('',#1222,#1138,#1423,.T.);
#921=EDGE_CURVE('',#1223,#1222,#1424,.T.);
#922=EDGE_CURVE('',#1223,#1139,#1425,.T.);
#923=EDGE_CURVE('',#1223,#1224,#95,.T.);
#924=EDGE_CURVE('',#1224,#1140,#1426,.T.);
#925=EDGE_CURVE('',#1224,#1225,#1427,.T.);
#926=EDGE_CURVE('',#1225,#1135,#1428,.T.);
#927=EDGE_CURVE('',#1226,#1225,#1429,.T.);
#928=EDGE_CURVE('',#1122,#1226,#1430,.T.);
#929=EDGE_CURVE('',#1227,#1228,#1431,.T.);
#930=EDGE_CURVE('',#1227,#1128,#1432,.T.);
#931=EDGE_CURVE('',#1228,#1127,#1433,.T.);
#932=EDGE_CURVE('',#1229,#1227,#1434,.T.);
#933=EDGE_CURVE('',#1229,#1129,#1435,.T.);
#934=EDGE_CURVE('',#1229,#1230,#96,.T.);
#935=EDGE_CURVE('',#1230,#1130,#1436,.T.);
#936=EDGE_CURVE('',#1230,#1231,#1437,.T.);
#937=EDGE_CURVE('',#1231,#1131,#1438,.T.);
#938=EDGE_CURVE('',#1178,#1231,#1439,.T.);
#939=EDGE_CURVE('',#1232,#1219,#97,.T.);
#940=EDGE_CURVE('',#1182,#1232,#1440,.F.);
#941=EDGE_CURVE('',#1233,#1234,#1441,.T.);
#942=EDGE_CURVE('',#1233,#1103,#1442,.T.);
#943=EDGE_CURVE('',#1234,#1102,#1443,.T.);
#944=EDGE_CURVE('',#1233,#1235,#98,.T.);
#945=EDGE_CURVE('',#1235,#1104,#1444,.T.);
#946=EDGE_CURVE('',#1235,#1236,#1445,.T.);
#947=EDGE_CURVE('',#1236,#1098,#1446,.T.);
#948=EDGE_CURVE('',#1237,#1236,#1447,.T.);
#949=EDGE_CURVE('',#1105,#1237,#1448,.T.);
#950=EDGE_CURVE('',#1238,#1239,#1449,.T.);
#951=EDGE_CURVE('',#1238,#1190,#1450,.T.);
#952=EDGE_CURVE('',#1239,#1188,#1451,.T.);
#953=EDGE_CURVE('',#1240,#1238,#1452,.T.);
#954=EDGE_CURVE('',#1240,#1191,#1453,.T.);
#955=EDGE_CURVE('',#1240,#1241,#99,.T.);
#956=EDGE_CURVE('',#1241,#1192,#1454,.T.);
#957=EDGE_CURVE('',#1241,#1242,#1455,.T.);
#958=EDGE_CURVE('',#1242,#1193,#1456,.T.);
#959=EDGE_CURVE('',#1243,#1242,#1457,.T.);
#960=EDGE_CURVE('',#1244,#1243,#1458,.T.);
#961=EDGE_CURVE('',#1244,#1189,#1459,.T.);
#962=EDGE_CURVE('',#1245,#1162,#1460,.T.);
#963=EDGE_CURVE('',#1245,#1172,#1461,.T.);
#964=EDGE_CURVE('',#1246,#1245,#1462,.T.);
#965=EDGE_CURVE('',#1246,#1173,#1463,.T.);
#966=EDGE_CURVE('',#1246,#1247,#100,.T.);
#967=EDGE_CURVE('',#1247,#1174,#1464,.T.);
#968=EDGE_CURVE('',#1247,#1248,#1465,.T.);
#969=EDGE_CURVE('',#1248,#1171,#1466,.T.);
#970=EDGE_CURVE('',#1249,#1248,#1467,.T.);
#971=EDGE_CURVE('',#1160,#1249,#1468,.T.);
#972=EDGE_CURVE('',#1250,#1251,#1469,.T.);
#973=EDGE_CURVE('',#1250,#1166,#1470,.T.);
#974=EDGE_CURVE('',#1251,#1165,#1471,.T.);
#975=EDGE_CURVE('',#1252,#1250,#1472,.T.);
#976=EDGE_CURVE('',#1252,#1167,#1473,.T.);
#977=EDGE_CURVE('',#1252,#1253,#101,.T.);
#978=EDGE_CURVE('',#1253,#1168,#1474,.T.);
#979=EDGE_CURVE('',#1253,#1254,#1475,.T.);
#980=EDGE_CURVE('',#1254,#1169,#1476,.T.);
#981=EDGE_CURVE('',#1255,#1254,#1477,.T.);
#982=EDGE_CURVE('',#1186,#1255,#1478,.T.);
#983=EDGE_CURVE('',#1234,#1256,#1479,.T.);
#984=EDGE_CURVE('',#1256,#1101,#1480,.T.);
#985=EDGE_CURVE('',#1244,#1239,#102,.T.);
#986=EDGE_CURVE('',#1257,#1110,#1481,.T.);
#987=EDGE_CURVE('',#1258,#1257,#1482,.T.);
#988=EDGE_CURVE('',#1258,#1111,#1483,.T.);
#989=EDGE_CURVE('',#1258,#1259,#103,.T.);
#990=EDGE_CURVE('',#1259,#1112,#1484,.T.);
#991=EDGE_CURVE('',#1259,#1260,#1485,.T.);
#992=EDGE_CURVE('',#1260,#1107,#1486,.T.);
#993=EDGE_CURVE('',#1261,#1260,#1487,.T.);
#994=EDGE_CURVE('',#1113,#1261,#1488,.T.);
#995=EDGE_CURVE('',#1262,#1263,#1489,.T.);
#996=EDGE_CURVE('',#1262,#1202,#1490,.T.);
#997=EDGE_CURVE('',#1263,#1200,#1491,.T.);
#998=EDGE_CURVE('',#1264,#1262,#1492,.T.);
#999=EDGE_CURVE('',#1264,#1203,#1493,.T.);
#1000=EDGE_CURVE('',#1264,#1265,#104,.T.);
#1001=EDGE_CURVE('',#1265,#1204,#1494,.T.);
#1002=EDGE_CURVE('',#1265,#1266,#1495,.T.);
#1003=EDGE_CURVE('',#1266,#1205,#1496,.T.);
#1004=EDGE_CURVE('',#1267,#1195,#1497,.T.);
#1005=EDGE_CURVE('',#1267,#1157,#1498,.T.);
#1006=EDGE_CURVE('',#1268,#1267,#1499,.T.);
#1007=EDGE_CURVE('',#1268,#1158,#1500,.T.);
#1008=EDGE_CURVE('',#1268,#1269,#105,.T.);
#1009=EDGE_CURVE('',#1269,#1159,#1501,.T.);
#1010=EDGE_CURVE('',#1269,#1270,#1502,.T.);
#1011=EDGE_CURVE('',#1270,#1154,#1503,.T.);
#1012=EDGE_CURVE('',#1271,#1270,#1504,.T.);
#1013=EDGE_CURVE('',#1141,#1271,#1505,.T.);
#1014=EDGE_CURVE('',#1272,#1273,#1506,.T.);
#1015=EDGE_CURVE('',#1272,#1147,#1507,.T.);
#1016=EDGE_CURVE('',#1273,#1146,#1508,.T.);
#1017=EDGE_CURVE('',#1274,#1272,#1509,.T.);
#1018=EDGE_CURVE('',#1274,#1148,#1510,.T.);
#1019=EDGE_CURVE('',#1274,#1275,#106,.T.);
#1020=EDGE_CURVE('',#1275,#1149,#1511,.T.);
#1021=EDGE_CURVE('',#1275,#1276,#1512,.T.);
#1022=EDGE_CURVE('',#1276,#1150,#1513,.T.);
#1023=EDGE_CURVE('',#1197,#1276,#1514,.T.);
#1024=EDGE_CURVE('',#1277,#1263,#107,.T.);
#1025=EDGE_CURVE('',#1201,#1277,#1515,.F.);
#1026=EDGE_CURVE('',#1106,#1256,#1516,.T.);
#1027=EDGE_CURVE('',#1114,#1257,#1517,.T.);
#1028=EDGE_CURVE('',#1266,#1277,#1518,.T.);
#1029=EDGE_CURVE('',#1121,#1214,#1519,.T.);
#1030=EDGE_CURVE('',#1221,#1232,#1520,.T.);
#1031=EDGE_CURVE('',#1175,#1124,#1521,.T.);
#1032=EDGE_CURVE('',#1180,#1228,#1522,.T.);
#1033=EDGE_CURVE('',#1179,#1177,#1523,.T.);
#1034=EDGE_CURVE('',#1194,#1143,#1524,.T.);
#1035=EDGE_CURVE('',#1199,#1273,#1525,.T.);
#1036=EDGE_CURVE('',#1198,#1196,#1526,.T.);
#1037=EDGE_CURVE('',#1187,#1251,#1527,.T.);
#1038=EDGE_CURVE('',#1278,#1279,#1528,.F.);
#1039=EDGE_CURVE('',#1280,#1279,#1529,.T.);
#1040=EDGE_CURVE('',#1281,#1280,#1530,.F.);
#1041=EDGE_CURVE('',#1281,#1278,#1531,.T.);
#1042=EDGE_CURVE('',#1279,#1282,#16,.T.);
#1043=EDGE_CURVE('',#1283,#1282,#1532,.T.);
#1044=EDGE_CURVE('',#1280,#1283,#17,.T.);
#1045=EDGE_CURVE('',#1282,#1284,#1533,.F.);
#1046=EDGE_CURVE('',#1285,#1284,#1534,.T.);
#1047=EDGE_CURVE('',#1283,#1285,#1535,.F.);
#1048=EDGE_CURVE('',#1284,#1286,#18,.T.);
#1049=EDGE_CURVE('',#1287,#1286,#1536,.T.);
#1050=EDGE_CURVE('',#1285,#1287,#19,.T.);
#1051=EDGE_CURVE('',#1286,#1288,#1537,.T.);
#1052=EDGE_CURVE('',#1289,#1288,#1538,.T.);
#1053=EDGE_CURVE('',#1287,#1289,#1539,.T.);
#1054=EDGE_CURVE('',#1288,#1290,#20,.T.);
#1055=EDGE_CURVE('',#1291,#1290,#1540,.T.);
#1056=EDGE_CURVE('',#1289,#1291,#21,.T.);
#1057=EDGE_CURVE('',#1290,#1292,#1541,.T.);
#1058=EDGE_CURVE('',#1293,#1292,#1542,.T.);
#1059=EDGE_CURVE('',#1291,#1293,#1543,.T.);
#1060=EDGE_CURVE('',#1294,#1213,#1544,.T.);
#1061=EDGE_CURVE('',#1294,#1295,#1545,.T.);
#1062=EDGE_CURVE('',#1295,#1211,#1546,.T.);
#1063=EDGE_CURVE('',#1296,#1209,#1547,.T.);
#1064=EDGE_CURVE('',#1296,#1294,#1548,.F.);
#1065=EDGE_CURVE('',#1297,#1208,#1549,.T.);
#1066=EDGE_CURVE('',#1297,#1296,#1550,.F.);
#1067=EDGE_CURVE('',#1295,#1297,#1551,.T.);
#1068=EDGE_CURVE('',#1292,#1278,#22,.T.);
#1069=EDGE_CURVE('',#1293,#1281,#23,.T.);
#1070=EDGE_CURVE('',#1298,#1299,#1552,.F.);
#1071=EDGE_CURVE('',#1299,#1300,#1553,.F.);
#1072=EDGE_CURVE('',#1300,#1301,#1554,.T.);
#1073=EDGE_CURVE('',#1301,#1298,#1555,.T.);
#1074=EDGE_CURVE('',#1302,#1298,#108,.F.);
#1075=EDGE_CURVE('',#1303,#1301,#109,.T.);
#1076=EDGE_CURVE('',#1302,#1303,#1556,.T.);
#1077=EDGE_CURVE('',#1301,#1304,#110,.T.);
#1078=EDGE_CURVE('',#1303,#1304,#111,.F.);
#1079=EDGE_CURVE('',#1300,#1305,#112,.F.);
#1080=EDGE_CURVE('',#1304,#1305,#1557,.T.);
#1081=EDGE_CURVE('',#1300,#1306,#113,.T.);
#1082=EDGE_CURVE('',#1306,#1305,#114,.T.);
#1083=EDGE_CURVE('',#1299,#1307,#115,.F.);
#1084=EDGE_CURVE('',#1306,#1307,#1558,.T.);
#1085=EDGE_CURVE('',#1308,#1299,#116,.F.);
#1086=EDGE_CURVE('',#1308,#1307,#117,.T.);
#1087=EDGE_CURVE('',#1309,#1298,#118,.T.);
#1088=EDGE_CURVE('',#1308,#1309,#1559,.T.);
#1089=EDGE_CURVE('',#1302,#1309,#119,.T.);
#1090=EDGE_CURVE('',#1309,#1292,#1560,.F.);
#1091=EDGE_CURVE('',#1278,#1302,#1561,.F.);
#1092=EDGE_CURVE('',#1290,#1308,#1562,.F.);
#1093=EDGE_CURVE('',#1307,#1288,#1563,.T.);
#1094=EDGE_CURVE('',#1286,#1306,#1564,.T.);
#1095=EDGE_CURVE('',#1305,#1284,#1565,.T.);
#1096=EDGE_CURVE('',#1282,#1304,#1566,.T.);
#1097=EDGE_CURVE('',#1303,#1279,#1567,.F.);
#1098=VERTEX_POINT('',#3183);
#1099=VERTEX_POINT('',#3184);
#1100=VERTEX_POINT('',#3186);
#1101=VERTEX_POINT('',#3188);
#1102=VERTEX_POINT('',#3190);
#1103=VERTEX_POINT('',#3192);
#1104=VERTEX_POINT('',#3194);
#1105=VERTEX_POINT('',#3198);
#1106=VERTEX_POINT('',#3200);
#1107=VERTEX_POINT('',#3204);
#1108=VERTEX_POINT('',#3205);
#1109=VERTEX_POINT('',#3207);
#1110=VERTEX_POINT('',#3209);
#1111=VERTEX_POINT('',#3211);
#1112=VERTEX_POINT('',#3213);
#1113=VERTEX_POINT('',#3217);
#1114=VERTEX_POINT('',#3219);
#1115=VERTEX_POINT('',#3223);
#1116=VERTEX_POINT('',#3224);
#1117=VERTEX_POINT('',#3226);
#1118=VERTEX_POINT('',#3228);
#1119=VERTEX_POINT('',#3230);
#1120=VERTEX_POINT('',#3234);
#1121=VERTEX_POINT('',#3236);
#1122=VERTEX_POINT('',#3240);
#1123=VERTEX_POINT('',#3241);
#1124=VERTEX_POINT('',#3243);
#1125=VERTEX_POINT('',#3245);
#1126=VERTEX_POINT('',#3249);
#1127=VERTEX_POINT('',#3250);
#1128=VERTEX_POINT('',#3252);
#1129=VERTEX_POINT('',#3254);
#1130=VERTEX_POINT('',#3256);
#1131=VERTEX_POINT('',#3258);
#1132=VERTEX_POINT('',#3260);
#1133=VERTEX_POINT('',#3262);
#1134=VERTEX_POINT('',#3264);
#1135=VERTEX_POINT('',#3268);
#1136=VERTEX_POINT('',#3270);
#1137=VERTEX_POINT('',#3272);
#1138=VERTEX_POINT('',#3274);
#1139=VERTEX_POINT('',#3276);
#1140=VERTEX_POINT('',#3278);
#1141=VERTEX_POINT('',#3282);
#1142=VERTEX_POINT('',#3283);
#1143=VERTEX_POINT('',#3285);
#1144=VERTEX_POINT('',#3287);
#1145=VERTEX_POINT('',#3291);
#1146=VERTEX_POINT('',#3292);
#1147=VERTEX_POINT('',#3294);
#1148=VERTEX_POINT('',#3296);
#1149=VERTEX_POINT('',#3298);
#1150=VERTEX_POINT('',#3300);
#1151=VERTEX_POINT('',#3302);
#1152=VERTEX_POINT('',#3304);
#1153=VERTEX_POINT('',#3306);
#1154=VERTEX_POINT('',#3310);
#1155=VERTEX_POINT('',#3312);
#1156=VERTEX_POINT('',#3314);
#1157=VERTEX_POINT('',#3316);
#1158=VERTEX_POINT('',#3318);
#1159=VERTEX_POINT('',#3320);
#1160=VERTEX_POINT('',#3324);
#1161=VERTEX_POINT('',#3325);
#1162=VERTEX_POINT('',#3327);
#1163=VERTEX_POINT('',#3329);
#1164=VERTEX_POINT('',#3333);
#1165=VERTEX_POINT('',#3334);
#1166=VERTEX_POINT('',#3336);
#1167=VERTEX_POINT('',#3338);
#1168=VERTEX_POINT('',#3340);
#1169=VERTEX_POINT('',#3342);
#1170=VERTEX_POINT('',#3344);
#1171=VERTEX_POINT('',#3348);
#1172=VERTEX_POINT('',#3350);
#1173=VERTEX_POINT('',#3352);
#1174=VERTEX_POINT('',#3354);
#1175=VERTEX_POINT('',#3358);
#1176=VERTEX_POINT('',#3360);
#1177=VERTEX_POINT('',#3364);
#1178=VERTEX_POINT('',#3365);
#1179=VERTEX_POINT('',#3370);
#1180=VERTEX_POINT('',#3371);
#1181=VERTEX_POINT('',#3376);
#1182=VERTEX_POINT('',#3377);
#1183=VERTEX_POINT('',#3379);
#1184=VERTEX_POINT('',#3381);
#1185=VERTEX_POINT('',#3383);
#1186=VERTEX_POINT('',#3387);
#1187=VERTEX_POINT('',#3388);
#1188=VERTEX_POINT('',#3393);
#1189=VERTEX_POINT('',#3394);
#1190=VERTEX_POINT('',#3396);
#1191=VERTEX_POINT('',#3398);
#1192=VERTEX_POINT('',#3400);
#1193=VERTEX_POINT('',#3402);
#1194=VERTEX_POINT('',#3406);
#1195=VERTEX_POINT('',#3408);
#1196=VERTEX_POINT('',#3412);
#1197=VERTEX_POINT('',#3413);
#1198=VERTEX_POINT('',#3418);
#1199=VERTEX_POINT('',#3419);
#1200=VERTEX_POINT('',#3424);
#1201=VERTEX_POINT('',#3425);
#1202=VERTEX_POINT('',#3427);
#1203=VERTEX_POINT('',#3429);
#1204=VERTEX_POINT('',#3431);
#1205=VERTEX_POINT('',#3433);
#1206=VERTEX_POINT('',#3437);
#1207=VERTEX_POINT('',#3438);
#1208=VERTEX_POINT('',#3440);
#1209=VERTEX_POINT('',#3442);
#1210=VERTEX_POINT('',#3446);
#1211=VERTEX_POINT('',#3447);
#1212=VERTEX_POINT('',#3449);
#1213=VERTEX_POINT('',#3451);
#1214=VERTEX_POINT('',#3461);
#1215=VERTEX_POINT('',#3463);
#1216=VERTEX_POINT('',#3467);
#1217=VERTEX_POINT('',#3471);
#1218=VERTEX_POINT('',#3475);
#1219=VERTEX_POINT('',#3476);
#1220=VERTEX_POINT('',#3481);
#1221=VERTEX_POINT('',#3485);
#1222=VERTEX_POINT('',#3489);
#1223=VERTEX_POINT('',#3493);
#1224=VERTEX_POINT('',#3497);
#1225=VERTEX_POINT('',#3501);
#1226=VERTEX_POINT('',#3505);
#1227=VERTEX_POINT('',#3509);
#1228=VERTEX_POINT('',#3510);
#1229=VERTEX_POINT('',#3515);
#1230=VERTEX_POINT('',#3519);
#1231=VERTEX_POINT('',#3523);
#1232=VERTEX_POINT('',#3529);
#1233=VERTEX_POINT('',#3533);
#1234=VERTEX_POINT('',#3534);
#1235=VERTEX_POINT('',#3539);
#1236=VERTEX_POINT('',#3543);
#1237=VERTEX_POINT('',#3547);
#1238=VERTEX_POINT('',#3551);
#1239=VERTEX_POINT('',#3552);
#1240=VERTEX_POINT('',#3557);
#1241=VERTEX_POINT('',#3561);
#1242=VERTEX_POINT('',#3565);
#1243=VERTEX_POINT('',#3569);
#1244=VERTEX_POINT('',#3571);
#1245=VERTEX_POINT('',#3575);
#1246=VERTEX_POINT('',#3579);
#1247=VERTEX_POINT('',#3583);
#1248=VERTEX_POINT('',#3587);
#1249=VERTEX_POINT('',#3591);
#1250=VERTEX_POINT('',#3595);
#1251=VERTEX_POINT('',#3596);
#1252=VERTEX_POINT('',#3601);
#1253=VERTEX_POINT('',#3605);
#1254=VERTEX_POINT('',#3609);
#1255=VERTEX_POINT('',#3613);
#1256=VERTEX_POINT('',#3617);
#1257=VERTEX_POINT('',#3623);
#1258=VERTEX_POINT('',#3625);
#1259=VERTEX_POINT('',#3629);
#1260=VERTEX_POINT('',#3633);
#1261=VERTEX_POINT('',#3637);
#1262=VERTEX_POINT('',#3641);
#1263=VERTEX_POINT('',#3642);
#1264=VERTEX_POINT('',#3647);
#1265=VERTEX_POINT('',#3651);
#1266=VERTEX_POINT('',#3655);
#1267=VERTEX_POINT('',#3659);
#1268=VERTEX_POINT('',#3663);
#1269=VERTEX_POINT('',#3667);
#1270=VERTEX_POINT('',#3671);
#1271=VERTEX_POINT('',#3675);
#1272=VERTEX_POINT('',#3679);
#1273=VERTEX_POINT('',#3680);
#1274=VERTEX_POINT('',#3685);
#1275=VERTEX_POINT('',#3689);
#1276=VERTEX_POINT('',#3693);
#1277=VERTEX_POINT('',#3699);
#1278=VERTEX_POINT('',#3716);
#1279=VERTEX_POINT('',#3717);
#1280=VERTEX_POINT('',#3719);
#1281=VERTEX_POINT('',#3721);
#1282=VERTEX_POINT('',#3732);
#1283=VERTEX_POINT('',#3734);
#1284=VERTEX_POINT('',#3738);
#1285=VERTEX_POINT('',#3740);
#1286=VERTEX_POINT('',#3751);
#1287=VERTEX_POINT('',#3753);
#1288=VERTEX_POINT('',#3757);
#1289=VERTEX_POINT('',#3759);
#1290=VERTEX_POINT('',#3770);
#1291=VERTEX_POINT('',#3772);
#1292=VERTEX_POINT('',#3776);
#1293=VERTEX_POINT('',#3778);
#1294=VERTEX_POINT('',#3782);
#1295=VERTEX_POINT('',#3784);
#1296=VERTEX_POINT('',#3788);
#1297=VERTEX_POINT('',#3792);
#1298=VERTEX_POINT('',#3809);
#1299=VERTEX_POINT('',#3810);
#1300=VERTEX_POINT('',#3812);
#1301=VERTEX_POINT('',#3814);
#1302=VERTEX_POINT('',#3818);
#1303=VERTEX_POINT('',#3820);
#1304=VERTEX_POINT('',#3824);
#1305=VERTEX_POINT('',#3828);
#1306=VERTEX_POINT('',#3832);
#1307=VERTEX_POINT('',#3836);
#1308=VERTEX_POINT('',#3840);
#1309=VERTEX_POINT('',#3844);
#1310=LINE('',#3182,#1568);
#1311=LINE('',#3187,#1569);
#1312=LINE('',#3189,#1570);
#1313=LINE('',#3191,#1571);
#1314=LINE('',#3195,#1572);
#1315=LINE('',#3197,#1573);
#1316=LINE('',#3201,#1574);
#1317=LINE('',#3203,#1575);
#1318=LINE('',#3208,#1576);
#1319=LINE('',#3210,#1577);
#1320=LINE('',#3214,#1578);
#1321=LINE('',#3216,#1579);
#1322=LINE('',#3220,#1580);
#1323=LINE('',#3222,#1581);
#1324=LINE('',#3227,#1582);
#1325=LINE('',#3231,#1583);
#1326=LINE('',#3233,#1584);
#1327=LINE('',#3237,#1585);
#1328=LINE('',#3239,#1586);
#1329=LINE('',#3244,#1587);
#1330=LINE('',#3248,#1588);
#1331=LINE('',#3251,#1589);
#1332=LINE('',#3253,#1590);
#1333=LINE('',#3257,#1591);
#1334=LINE('',#3259,#1592);
#1335=LINE('',#3261,#1593);
#1336=LINE('',#3263,#1594);
#1337=LINE('',#3267,#1595);
#1338=LINE('',#3269,#1596);
#1339=LINE('',#3271,#1597);
#1340=LINE('',#3273,#1598);
#1341=LINE('',#3275,#1599);
#1342=LINE('',#3279,#1600);
#1343=LINE('',#3281,#1601);
#1344=LINE('',#3286,#1602);
#1345=LINE('',#3290,#1603);
#1346=LINE('',#3293,#1604);
#1347=LINE('',#3295,#1605);
#1348=LINE('',#3299,#1606);
#1349=LINE('',#3301,#1607);
#1350=LINE('',#3303,#1608);
#1351=LINE('',#3305,#1609);
#1352=LINE('',#3309,#1610);
#1353=LINE('',#3311,#1611);
#1354=LINE('',#3313,#1612);
#1355=LINE('',#3315,#1613);
#1356=LINE('',#3317,#1614);
#1357=LINE('',#3321,#1615);
#1358=LINE('',#3323,#1616);
#1359=LINE('',#3328,#1617);
#1360=LINE('',#3332,#1618);
#1361=LINE('',#3335,#1619);
#1362=LINE('',#3337,#1620);
#1363=LINE('',#3341,#1621);
#1364=LINE('',#3343,#1622);
#1365=LINE('',#3347,#1623);
#1366=LINE('',#3349,#1624);
#1367=LINE('',#3351,#1625);
#1368=LINE('',#3355,#1626);
#1369=LINE('',#3357,#1627);
#1370=LINE('',#3359,#1628);
#1371=LINE('',#3361,#1629);
#1372=LINE('',#3363,#1630);
#1373=LINE('',#3366,#1631);
#1374=LINE('',#3367,#1632);
#1375=LINE('',#3372,#1633);
#1376=LINE('',#3373,#1634);
#1377=LINE('',#3378,#1635);
#1378=LINE('',#3380,#1636);
#1379=LINE('',#3384,#1637);
#1380=LINE('',#3389,#1638);
#1381=LINE('',#3390,#1639);
#1382=LINE('',#3395,#1640);
#1383=LINE('',#3397,#1641);
#1384=LINE('',#3401,#1642);
#1385=LINE('',#3403,#1643);
#1386=LINE('',#3405,#1644);
#1387=LINE('',#3407,#1645);
#1388=LINE('',#3409,#1646);
#1389=LINE('',#3411,#1647);
#1390=LINE('',#3414,#1648);
#1391=LINE('',#3415,#1649);
#1392=LINE('',#3420,#1650);
#1393=LINE('',#3421,#1651);
#1394=LINE('',#3426,#1652);
#1395=LINE('',#3428,#1653);
#1396=LINE('',#3432,#1654);
#1397=LINE('',#3434,#1655);
#1398=LINE('',#3436,#1656);
#1399=LINE('',#3439,#1657);
#1400=LINE('',#3441,#1658);
#1401=LINE('',#3443,#1659);
#1402=LINE('',#3445,#1660);
#1403=LINE('',#3448,#1661);
#1404=LINE('',#3450,#1662);
#1405=LINE('',#3452,#1663);
#1406=LINE('',#3454,#1664);
#1407=LINE('',#3455,#1665);
#1408=LINE('',#3457,#1666);
#1409=LINE('',#3458,#1667);
#1410=LINE('',#3460,#1668);
#1411=LINE('',#3464,#1669);
#1412=LINE('',#3466,#1670);
#1413=LINE('',#3468,#1671);
#1414=LINE('',#3470,#1672);
#1415=LINE('',#3472,#1673);
#1416=LINE('',#3474,#1674);
#1417=LINE('',#3477,#1675);
#1418=LINE('',#3478,#1676);
#1419=LINE('',#3480,#1677);
#1420=LINE('',#3482,#1678);
#1421=LINE('',#3486,#1679);
#1422=LINE('',#3488,#1680);
#1423=LINE('',#3490,#1681);
#1424=LINE('',#3492,#1682);
#1425=LINE('',#3494,#1683);
#1426=LINE('',#3498,#1684);
#1427=LINE('',#3500,#1685);
#1428=LINE('',#3502,#1686);
#1429=LINE('',#3504,#1687);
#1430=LINE('',#3506,#1688);
#1431=LINE('',#3508,#1689);
#1432=LINE('',#3511,#1690);
#1433=LINE('',#3512,#1691);
#1434=LINE('',#3514,#1692);
#1435=LINE('',#3516,#1693);
#1436=LINE('',#3520,#1694);
#1437=LINE('',#3522,#1695);
#1438=LINE('',#3524,#1696);
#1439=LINE('',#3526,#1697);
#1440=LINE('',#3530,#1698);
#1441=LINE('',#3532,#1699);
#1442=LINE('',#3535,#1700);
#1443=LINE('',#3536,#1701);
#1444=LINE('',#3540,#1702);
#1445=LINE('',#3542,#1703);
#1446=LINE('',#3544,#1704);
#1447=LINE('',#3546,#1705);
#1448=LINE('',#3548,#1706);
#1449=LINE('',#3550,#1707);
#1450=LINE('',#3553,#1708);
#1451=LINE('',#3554,#1709);
#1452=LINE('',#3556,#1710);
#1453=LINE('',#3558,#1711);
#1454=LINE('',#3562,#1712);
#1455=LINE('',#3564,#1713);
#1456=LINE('',#3566,#1714);
#1457=LINE('',#3568,#1715);
#1458=LINE('',#3570,#1716);
#1459=LINE('',#3572,#1717);
#1460=LINE('',#3574,#1718);
#1461=LINE('',#3576,#1719);
#1462=LINE('',#3578,#1720);
#1463=LINE('',#3580,#1721);
#1464=LINE('',#3584,#1722);
#1465=LINE('',#3586,#1723);
#1466=LINE('',#3588,#1724);
#1467=LINE('',#3590,#1725);
#1468=LINE('',#3592,#1726);
#1469=LINE('',#3594,#1727);
#1470=LINE('',#3597,#1728);
#1471=LINE('',#3598,#1729);
#1472=LINE('',#3600,#1730);
#1473=LINE('',#3602,#1731);
#1474=LINE('',#3606,#1732);
#1475=LINE('',#3608,#1733);
#1476=LINE('',#3610,#1734);
#1477=LINE('',#3612,#1735);
#1478=LINE('',#3614,#1736);
#1479=LINE('',#3616,#1737);
#1480=LINE('',#3618,#1738);
#1481=LINE('',#3622,#1739);
#1482=LINE('',#3624,#1740);
#1483=LINE('',#3626,#1741);
#1484=LINE('',#3630,#1742);
#1485=LINE('',#3632,#1743);
#1486=LINE('',#3634,#1744);
#1487=LINE('',#3636,#1745);
#1488=LINE('',#3638,#1746);
#1489=LINE('',#3640,#1747);
#1490=LINE('',#3643,#1748);
#1491=LINE('',#3644,#1749);
#1492=LINE('',#3646,#1750);
#1493=LINE('',#3648,#1751);
#1494=LINE('',#3652,#1752);
#1495=LINE('',#3654,#1753);
#1496=LINE('',#3656,#1754);
#1497=LINE('',#3658,#1755);
#1498=LINE('',#3660,#1756);
#1499=LINE('',#3662,#1757);
#1500=LINE('',#3664,#1758);
#1501=LINE('',#3668,#1759);
#1502=LINE('',#3670,#1760);
#1503=LINE('',#3672,#1761);
#1504=LINE('',#3674,#1762);
#1505=LINE('',#3676,#1763);
#1506=LINE('',#3678,#1764);
#1507=LINE('',#3681,#1765);
#1508=LINE('',#3682,#1766);
#1509=LINE('',#3684,#1767);
#1510=LINE('',#3686,#1768);
#1511=LINE('',#3690,#1769);
#1512=LINE('',#3692,#1770);
#1513=LINE('',#3694,#1771);
#1514=LINE('',#3696,#1772);
#1515=LINE('',#3700,#1773);
#1516=LINE('',#3702,#1774);
#1517=LINE('',#3703,#1775);
#1518=LINE('',#3704,#1776);
#1519=LINE('',#3705,#1777);
#1520=LINE('',#3706,#1778);
#1521=LINE('',#3707,#1779);
#1522=LINE('',#3708,#1780);
#1523=LINE('',#3709,#1781);
#1524=LINE('',#3710,#1782);
#1525=LINE('',#3711,#1783);
#1526=LINE('',#3712,#1784);
#1527=LINE('',#3713,#1785);
#1528=LINE('',#3715,#1786);
#1529=LINE('',#3718,#1787);
#1530=LINE('',#3720,#1788);
#1531=LINE('',#3722,#1789);
#1532=LINE('',#3733,#1790);
#1533=LINE('',#3737,#1791);
#1534=LINE('',#3739,#1792);
#1535=LINE('',#3741,#1793);
#1536=LINE('',#3752,#1794);
#1537=LINE('',#3756,#1795);
#1538=LINE('',#3758,#1796);
#1539=LINE('',#3760,#1797);
#1540=LINE('',#3771,#1798);
#1541=LINE('',#3775,#1799);
#1542=LINE('',#3777,#1800);
#1543=LINE('',#3779,#1801);
#1544=LINE('',#3781,#1802);
#1545=LINE('',#3783,#1803);
#1546=LINE('',#3785,#1804);
#1547=LINE('',#3787,#1805);
#1548=LINE('',#3789,#1806);
#1549=LINE('',#3791,#1807);
#1550=LINE('',#3793,#1808);
#1551=LINE('',#3795,#1809);
#1552=LINE('',#3808,#1810);
#1553=LINE('',#3811,#1811);
#1554=LINE('',#3813,#1812);
#1555=LINE('',#3815,#1813);
#1556=LINE('',#3821,#1814);
#1557=LINE('',#3829,#1815);
#1558=LINE('',#3837,#1816);
#1559=LINE('',#3845,#1817);
#1560=LINE('',#3849,#1818);
#1561=LINE('',#3850,#1819);
#1562=LINE('',#3852,#1820);
#1563=LINE('',#3854,#1821);
#1564=LINE('',#3856,#1822);
#1565=LINE('',#3858,#1823);
#1566=LINE('',#3860,#1824);
#1567=LINE('',#3862,#1825);
#1568=VECTOR('',#2538,1.);
#1569=VECTOR('',#2541,1.);
#1570=VECTOR('',#2542,1.);
#1571=VECTOR('',#2543,1.);
#1572=VECTOR('',#2546,1.);
#1573=VECTOR('',#2549,1.);
#1574=VECTOR('',#2552,1.);
#1575=VECTOR('',#2555,1.);
#1576=VECTOR('',#2558,1.);
#1577=VECTOR('',#2559,1.);
#1578=VECTOR('',#2562,1.);
#1579=VECTOR('',#2565,1.);
#1580=VECTOR('',#2568,1.);
#1581=VECTOR('',#2571,1.);
#1582=VECTOR('',#2574,1.);
#1583=VECTOR('',#2577,1.);
#1584=VECTOR('',#2580,1.);
#1585=VECTOR('',#2583,1.);
#1586=VECTOR('',#2586,1.);
#1587=VECTOR('',#2589,1.);
#1588=VECTOR('',#2594,1.);
#1589=VECTOR('',#2595,1.);
#1590=VECTOR('',#2596,1.);
#1591=VECTOR('',#2599,1.);
#1592=VECTOR('',#2600,1.);
#1593=VECTOR('',#2601,1.);
#1594=VECTOR('',#2602,1.);
#1595=VECTOR('',#2607,1.);
#1596=VECTOR('',#2608,1.);
#1597=VECTOR('',#2609,1.);
#1598=VECTOR('',#2610,1.);
#1599=VECTOR('',#2611,1.);
#1600=VECTOR('',#2614,1.);
#1601=VECTOR('',#2617,1.);
#1602=VECTOR('',#2620,1.);
#1603=VECTOR('',#2625,1.);
#1604=VECTOR('',#2626,1.);
#1605=VECTOR('',#2627,1.);
#1606=VECTOR('',#2630,1.);
#1607=VECTOR('',#2631,1.);
#1608=VECTOR('',#2632,1.);
#1609=VECTOR('',#2633,1.);
#1610=VECTOR('',#2638,1.);
#1611=VECTOR('',#2639,1.);
#1612=VECTOR('',#2640,1.);
#1613=VECTOR('',#2641,1.);
#1614=VECTOR('',#2642,1.);
#1615=VECTOR('',#2645,1.);
#1616=VECTOR('',#2648,1.);
#1617=VECTOR('',#2651,1.);
#1618=VECTOR('',#2656,1.);
#1619=VECTOR('',#2657,1.);
#1620=VECTOR('',#2658,1.);
#1621=VECTOR('',#2661,1.);
#1622=VECTOR('',#2662,1.);
#1623=VECTOR('',#2667,1.);
#1624=VECTOR('',#2668,1.);
#1625=VECTOR('',#2669,1.);
#1626=VECTOR('',#2672,1.);
#1627=VECTOR('',#2675,1.);
#1628=VECTOR('',#2676,1.);
#1629=VECTOR('',#2677,1.);
#1630=VECTOR('',#2680,1.);
#1631=VECTOR('',#2681,1.);
#1632=VECTOR('',#2682,1.);
#1633=VECTOR('',#2687,1.);
#1634=VECTOR('',#2688,1.);
#1635=VECTOR('',#2693,1.);
#1636=VECTOR('',#2694,1.);
#1637=VECTOR('',#2697,1.);
#1638=VECTOR('',#2702,1.);
#1639=VECTOR('',#2703,1.);
#1640=VECTOR('',#2708,1.);
#1641=VECTOR('',#2709,1.);
#1642=VECTOR('',#2712,1.);
#1643=VECTOR('',#2713,1.);
#1644=VECTOR('',#2716,1.);
#1645=VECTOR('',#2717,1.);
#1646=VECTOR('',#2718,1.);
#1647=VECTOR('',#2721,1.);
#1648=VECTOR('',#2722,1.);
#1649=VECTOR('',#2723,1.);
#1650=VECTOR('',#2728,1.);
#1651=VECTOR('',#2729,1.);
#1652=VECTOR('',#2734,1.);
#1653=VECTOR('',#2735,1.);
#1654=VECTOR('',#2738,1.);
#1655=VECTOR('',#2739,1.);
#1656=VECTOR('',#2742,1.);
#1657=VECTOR('',#2743,1.);
#1658=VECTOR('',#2744,1.);
#1659=VECTOR('',#2745,1.);
#1660=VECTOR('',#2748,1.);
#1661=VECTOR('',#2749,1.);
#1662=VECTOR('',#2750,1.);
#1663=VECTOR('',#2751,1.);
#1664=VECTOR('',#2754,1.);
#1665=VECTOR('',#2755,1.);
#1666=VECTOR('',#2758,1.);
#1667=VECTOR('',#2759,1.);
#1668=VECTOR('',#2762,1.);
#1669=VECTOR('',#2765,1.);
#1670=VECTOR('',#2768,1.);
#1671=VECTOR('',#2769,1.);
#1672=VECTOR('',#2772,1.);
#1673=VECTOR('',#2773,1.);
#1674=VECTOR('',#2776,1.);
#1675=VECTOR('',#2777,1.);
#1676=VECTOR('',#2778,1.);
#1677=VECTOR('',#2781,1.);
#1678=VECTOR('',#2782,1.);
#1679=VECTOR('',#2787,1.);
#1680=VECTOR('',#2790,1.);
#1681=VECTOR('',#2791,1.);
#1682=VECTOR('',#2794,1.);
#1683=VECTOR('',#2795,1.);
#1684=VECTOR('',#2800,1.);
#1685=VECTOR('',#2803,1.);
#1686=VECTOR('',#2804,1.);
#1687=VECTOR('',#2807,1.);
#1688=VECTOR('',#2808,1.);
#1689=VECTOR('',#2811,1.);
#1690=VECTOR('',#2812,1.);
#1691=VECTOR('',#2813,1.);
#1692=VECTOR('',#2816,1.);
#1693=VECTOR('',#2817,1.);
#1694=VECTOR('',#2822,1.);
#1695=VECTOR('',#2825,1.);
#1696=VECTOR('',#2826,1.);
#1697=VECTOR('',#2829,1.);
#1698=VECTOR('',#2834,1.);
#1699=VECTOR('',#2837,1.);
#1700=VECTOR('',#2838,1.);
#1701=VECTOR('',#2839,1.);
#1702=VECTOR('',#2844,1.);
#1703=VECTOR('',#2847,1.);
#1704=VECTOR('',#2848,1.);
#1705=VECTOR('',#2851,1.);
#1706=VECTOR('',#2852,1.);
#1707=VECTOR('',#2855,1.);
#1708=VECTOR('',#2856,1.);
#1709=VECTOR('',#2857,1.);
#1710=VECTOR('',#2860,1.);
#1711=VECTOR('',#2861,1.);
#1712=VECTOR('',#2866,1.);
#1713=VECTOR('',#2869,1.);
#1714=VECTOR('',#2870,1.);
#1715=VECTOR('',#2873,1.);
#1716=VECTOR('',#2874,1.);
#1717=VECTOR('',#2875,1.);
#1718=VECTOR('',#2878,1.);
#1719=VECTOR('',#2879,1.);
#1720=VECTOR('',#2882,1.);
#1721=VECTOR('',#2883,1.);
#1722=VECTOR('',#2888,1.);
#1723=VECTOR('',#2891,1.);
#1724=VECTOR('',#2892,1.);
#1725=VECTOR('',#2895,1.);
#1726=VECTOR('',#2896,1.);
#1727=VECTOR('',#2899,1.);
#1728=VECTOR('',#2900,1.);
#1729=VECTOR('',#2901,1.);
#1730=VECTOR('',#2904,1.);
#1731=VECTOR('',#2905,1.);
#1732=VECTOR('',#2910,1.);
#1733=VECTOR('',#2913,1.);
#1734=VECTOR('',#2914,1.);
#1735=VECTOR('',#2917,1.);
#1736=VECTOR('',#2918,1.);
#1737=VECTOR('',#2921,1.);
#1738=VECTOR('',#2922,1.);
#1739=VECTOR('',#2929,1.);
#1740=VECTOR('',#2930,1.);
#1741=VECTOR('',#2931,1.);
#1742=VECTOR('',#2936,1.);
#1743=VECTOR('',#2939,1.);
#1744=VECTOR('',#2940,1.);
#1745=VECTOR('',#2943,1.);
#1746=VECTOR('',#2944,1.);
#1747=VECTOR('',#2947,1.);
#1748=VECTOR('',#2948,1.);
#1749=VECTOR('',#2949,1.);
#1750=VECTOR('',#2952,1.);
#1751=VECTOR('',#2953,1.);
#1752=VECTOR('',#2958,1.);
#1753=VECTOR('',#2961,1.);
#1754=VECTOR('',#2962,1.);
#1755=VECTOR('',#2965,1.);
#1756=VECTOR('',#2966,1.);
#1757=VECTOR('',#2969,1.);
#1758=VECTOR('',#2970,1.);
#1759=VECTOR('',#2975,1.);
#1760=VECTOR('',#2978,1.);
#1761=VECTOR('',#2979,1.);
#1762=VECTOR('',#2982,1.);
#1763=VECTOR('',#2983,1.);
#1764=VECTOR('',#2986,1.);
#1765=VECTOR('',#2987,1.);
#1766=VECTOR('',#2988,1.);
#1767=VECTOR('',#2991,1.);
#1768=VECTOR('',#2992,1.);
#1769=VECTOR('',#2997,1.);
#1770=VECTOR('',#3000,1.);
#1771=VECTOR('',#3001,1.);
#1772=VECTOR('',#3004,1.);
#1773=VECTOR('',#3009,1.);
#1774=VECTOR('',#3012,1.);
#1775=VECTOR('',#3013,1.);
#1776=VECTOR('',#3014,1.);
#1777=VECTOR('',#3015,1.);
#1778=VECTOR('',#3016,1.);
#1779=VECTOR('',#3017,1.);
#1780=VECTOR('',#3018,1.);
#1781=VECTOR('',#3019,1.);
#1782=VECTOR('',#3020,1.);
#1783=VECTOR('',#3021,1.);
#1784=VECTOR('',#3022,1.);
#1785=VECTOR('',#3023,1.);
#1786=VECTOR('',#3026,1.);
#1787=VECTOR('',#3027,1.);
#1788=VECTOR('',#3028,1.);
#1789=VECTOR('',#3029,1.);
#1790=VECTOR('',#3032,1.);
#1791=VECTOR('',#3037,1.);
#1792=VECTOR('',#3038,1.);
#1793=VECTOR('',#3039,1.);
#1794=VECTOR('',#3042,1.);
#1795=VECTOR('',#3047,1.);
#1796=VECTOR('',#3048,1.);
#1797=VECTOR('',#3049,1.);
#1798=VECTOR('',#3052,1.);
#1799=VECTOR('',#3057,1.);
#1800=VECTOR('',#3058,1.);
#1801=VECTOR('',#3059,1.);
#1802=VECTOR('',#3062,1.);
#1803=VECTOR('',#3063,1.);
#1804=VECTOR('',#3064,1.);
#1805=VECTOR('',#3067,1.);
#1806=VECTOR('',#3068,1.);
#1807=VECTOR('',#3071,1.);
#1808=VECTOR('',#3072,1.);
#1809=VECTOR('',#3075,1.);
#1810=VECTOR('',#3084,1.);
#1811=VECTOR('',#3085,1.);
#1812=VECTOR('',#3086,1.);
#1813=VECTOR('',#3087,1.);
#1814=VECTOR('',#3094,1.);
#1815=VECTOR('',#3105,1.);
#1816=VECTOR('',#3116,1.);
#1817=VECTOR('',#3127,1.);
#1818=VECTOR('',#3134,1.);
#1819=VECTOR('',#3135,1.);
#1820=VECTOR('',#3138,1.);
#1821=VECTOR('',#3141,1.);
#1822=VECTOR('',#3144,1.);
#1823=VECTOR('',#3147,1.);
#1824=VECTOR('',#3150,1.);
#1825=VECTOR('',#3153,1.);
#1826=EDGE_LOOP('',(#120,#121,#122,#123,#124,#125,#126));
#1827=EDGE_LOOP('',(#127,#128,#129,#130));
#1828=EDGE_LOOP('',(#131,#132,#133,#134,#135,#136));
#1829=EDGE_LOOP('',(#137,#138,#139,#140));
#1830=EDGE_LOOP('',(#141,#142,#143,#144,#145));
#1831=EDGE_LOOP('',(#146,#147,#148,#149));
#1832=EDGE_LOOP('',(#150,#151,#152,#153));
#1833=EDGE_LOOP('',(#154,#155,#156,#157,#158,#159,#160,#161,#162));
#1834=EDGE_LOOP('',(#163,#164,#165,#166,#167,#168,#169,#170));
#1835=EDGE_LOOP('',(#171,#172,#173,#174));
#1836=EDGE_LOOP('',(#175,#176,#177,#178,#179,#180,#181,#182,#183));
#1837=EDGE_LOOP('',(#184,#185,#186,#187,#188,#189,#190,#191));
#1838=EDGE_LOOP('',(#192,#193,#194,#195));
#1839=EDGE_LOOP('',(#196,#197,#198,#199,#200,#201,#202));
#1840=EDGE_LOOP('',(#203,#204,#205,#206,#207,#208));
#1841=EDGE_LOOP('',(#209,#210,#211,#212));
#1842=EDGE_LOOP('',(#213,#214,#215,#216));
#1843=EDGE_LOOP('',(#217,#218,#219,#220));
#1844=EDGE_LOOP('',(#221,#222,#223,#224,#225));
#1845=EDGE_LOOP('',(#226,#227,#228,#229));
#1846=EDGE_LOOP('',(#230,#231,#232,#233,#234,#235));
#1847=EDGE_LOOP('',(#236,#237,#238,#239));
#1848=EDGE_LOOP('',(#240,#241,#242,#243));
#1849=EDGE_LOOP('',(#244,#245,#246,#247));
#1850=EDGE_LOOP('',(#248,#249,#250,#251,#252,#253));
#1851=EDGE_LOOP('',(#254,#255,#256,#257));
#1852=EDGE_LOOP('',(#258,#259,#260,#261));
#1853=EDGE_LOOP('',(#262,#263,#264,#265));
#1854=EDGE_LOOP('',(#266,#267,#268,#269));
#1855=EDGE_LOOP('',(#270,#271,#272,#273));
#1856=EDGE_LOOP('',(#274,#275,#276,#277));
#1857=EDGE_LOOP('',(#278,#279,#280,#281,#282));
#1858=EDGE_LOOP('',(#283,#284,#285,#286));
#1859=EDGE_LOOP('',(#287,#288,#289,#290));
#1860=EDGE_LOOP('',(#291,#292,#293,#294));
#1861=EDGE_LOOP('',(#295,#296,#297,#298));
#1862=EDGE_LOOP('',(#299,#300,#301,#302));
#1863=EDGE_LOOP('',(#303,#304,#305,#306));
#1864=EDGE_LOOP('',(#307,#308,#309,#310));
#1865=EDGE_LOOP('',(#311,#312,#313,#314,#315));
#1866=EDGE_LOOP('',(#316,#317,#318,#319));
#1867=EDGE_LOOP('',(#320,#321,#322,#323));
#1868=EDGE_LOOP('',(#324,#325,#326,#327));
#1869=EDGE_LOOP('',(#328,#329,#330,#331));
#1870=EDGE_LOOP('',(#332,#333,#334,#335));
#1871=EDGE_LOOP('',(#336,#337,#338,#339));
#1872=EDGE_LOOP('',(#340,#341,#342,#343));
#1873=EDGE_LOOP('',(#344,#345,#346,#347));
#1874=EDGE_LOOP('',(#348,#349,#350,#351));
#1875=EDGE_LOOP('',(#352,#353,#354,#355,#356));
#1876=EDGE_LOOP('',(#357,#358,#359,#360));
#1877=EDGE_LOOP('',(#361,#362,#363,#364));
#1878=EDGE_LOOP('',(#365,#366,#367,#368));
#1879=EDGE_LOOP('',(#369,#370,#371,#372));
#1880=EDGE_LOOP('',(#373,#374,#375,#376,#377));
#1881=EDGE_LOOP('',(#378,#379,#380,#381));
#1882=EDGE_LOOP('',(#382,#383,#384,#385));
#1883=EDGE_LOOP('',(#386,#387,#388,#389));
#1884=EDGE_LOOP('',(#390,#391,#392,#393));
#1885=EDGE_LOOP('',(#394,#395,#396,#397,#398));
#1886=EDGE_LOOP('',(#399,#400,#401,#402));
#1887=EDGE_LOOP('',(#403,#404,#405,#406));
#1888=EDGE_LOOP('',(#407,#408,#409,#410));
#1889=EDGE_LOOP('',(#411,#412,#413,#414));
#1890=EDGE_LOOP('',(#415,#416,#417,#418,#419));
#1891=EDGE_LOOP('',(#420,#421,#422,#423));
#1892=EDGE_LOOP('',(#424,#425,#426,#427));
#1893=EDGE_LOOP('',(#428,#429,#430,#431));
#1894=EDGE_LOOP('',(#432,#433,#434,#435));
#1895=EDGE_LOOP('',(#436,#437,#438,#439));
#1896=EDGE_LOOP('',(#440,#441,#442,#443,#444));
#1897=EDGE_LOOP('',(#445,#446,#447,#448));
#1898=EDGE_LOOP('',(#449,#450,#451,#452));
#1899=EDGE_LOOP('',(#453,#454,#455,#456));
#1900=EDGE_LOOP('',(#457,#458,#459,#460));
#1901=EDGE_LOOP('',(#461,#462,#463,#464));
#1902=EDGE_LOOP('',(#465,#466,#467,#468));
#1903=EDGE_LOOP('',(#469,#470,#471,#472));
#1904=EDGE_LOOP('',(#473,#474,#475,#476));
#1905=EDGE_LOOP('',(#477,#478,#479,#480,#481));
#1906=EDGE_LOOP('',(#482,#483,#484,#485));
#1907=EDGE_LOOP('',(#486,#487,#488,#489));
#1908=EDGE_LOOP('',(#490,#491,#492,#493));
#1909=EDGE_LOOP('',(#494,#495,#496,#497));
#1910=EDGE_LOOP('',(#498,#499,#500,#501));
#1911=EDGE_LOOP('',(#502,#503,#504,#505));
#1912=EDGE_LOOP('',(#506,#507,#508,#509,#510,#511,#512,#513));
#1913=EDGE_LOOP('',(#514,#515,#516,#517,#518,#519,#520));
#1914=EDGE_LOOP('',(#521,#522,#523,#524,#525,#526,#527));
#1915=EDGE_LOOP('',(#528,#529,#530,#531,#532,#533));
#1916=EDGE_LOOP('',(#534,#535,#536,#537,#538,#539));
#1917=EDGE_LOOP('',(#540,#541,#542,#543,#544));
#1918=EDGE_LOOP('',(#545,#546,#547,#548,#549,#550,#551,#552,#553));
#1919=EDGE_LOOP('',(#554,#555,#556,#557,#558,#559,#560,#561,#562));
#1920=EDGE_LOOP('',(#563,#564,#565,#566,#567,#568,#569,#570,#571));
#1921=EDGE_LOOP('',(#572,#573,#574,#575,#576,#577,#578,#579,#580));
#1922=EDGE_LOOP('',(#581,#582,#583,#584,#585,#586,#587));
#1923=EDGE_LOOP('',(#588,#589,#590,#591,#592,#593,#594,#595));
#1924=EDGE_LOOP('',(#596,#597,#598,#599));
#1925=EDGE_LOOP('',(#600,#601,#602,#603));
#1926=EDGE_LOOP('',(#604,#605,#606,#607));
#1927=EDGE_LOOP('',(#608,#609,#610,#611));
#1928=EDGE_LOOP('',(#612,#613,#614,#615));
#1929=EDGE_LOOP('',(#616,#617,#618,#619));
#1930=EDGE_LOOP('',(#620,#621,#622,#623));
#1931=EDGE_LOOP('',(#624,#625,#626,#627));
#1932=EDGE_LOOP('',(#628,#629,#630,#631));
#1933=EDGE_LOOP('',(#632,#633,#634,#635));
#1934=EDGE_LOOP('',(#636,#637,#638,#639));
#1935=EDGE_LOOP('',(#640,#641,#642,#643));
#1936=EDGE_LOOP('',(#644,#645,#646,#647));
#1937=EDGE_LOOP('',(#648,#649,#650,#651));
#1938=EDGE_LOOP('',(#652,#653,#654,#655,#656,#657,#658,#659));
#1939=EDGE_LOOP('',(#660,#661,#662,#663));
#1940=EDGE_LOOP('',(#664,#665,#666,#667));
#1941=EDGE_LOOP('',(#668,#669,#670));
#1942=EDGE_LOOP('',(#671,#672,#673,#674));
#1943=EDGE_LOOP('',(#675,#676,#677));
#1944=EDGE_LOOP('',(#678,#679,#680,#681));
#1945=EDGE_LOOP('',(#682,#683,#684));
#1946=EDGE_LOOP('',(#685,#686,#687,#688));
#1947=EDGE_LOOP('',(#689,#690,#691));
#1948=EDGE_LOOP('',(#692,#693,#694,#695));
#1949=EDGE_LOOP('',(#696,#697,#698,#699));
#1950=EDGE_LOOP('',(#700,#701,#702,#703));
#1951=EDGE_LOOP('',(#704,#705,#706,#707));
#1952=EDGE_LOOP('',(#708,#709,#710,#711));
#1953=EDGE_LOOP('',(#712,#713,#714,#715));
#1954=EDGE_LOOP('',(#716,#717,#718,#719));
#1955=EDGE_LOOP('',(#720,#721,#722,#723));
#1956=EDGE_LOOP('',(#724,#725,#726,#727));
#1957=EDGE_LOOP('',(#728,#729,#730,#731));
#1958=EDGE_LOOP('',(#732,#733,#734,#735));
#1959=EDGE_LOOP('',(#736,#737,#738,#739));
#1960=EDGE_LOOP('',(#740,#741,#742,#743));
#1961=EDGE_LOOP('',(#744,#745,#746,#747));
#1962=EDGE_LOOP('',(#748,#749,#750,#751));
#1963=EDGE_LOOP('',(#752,#753,#754,#755));
#1964=EDGE_LOOP('',(#756,#757,#758,#759));
#1965=EDGE_LOOP('',(#760,#761,#762,#763));
#1966=EDGE_LOOP('',(#764,#765,#766,#767));
#1967=EDGE_LOOP('',(#768,#769,#770,#771));
#1968=FACE_BOUND('',#1826,.T.);
#1969=FACE_BOUND('',#1827,.T.);
#1970=FACE_BOUND('',#1828,.T.);
#1971=FACE_BOUND('',#1829,.T.);
#1972=FACE_BOUND('',#1830,.T.);
#1973=FACE_BOUND('',#1831,.T.);
#1974=FACE_BOUND('',#1832,.T.);
#1975=FACE_BOUND('',#1833,.T.);
#1976=FACE_BOUND('',#1834,.T.);
#1977=FACE_BOUND('',#1835,.T.);
#1978=FACE_BOUND('',#1836,.T.);
#1979=FACE_BOUND('',#1837,.T.);
#1980=FACE_BOUND('',#1838,.T.);
#1981=FACE_BOUND('',#1839,.T.);
#1982=FACE_BOUND('',#1840,.T.);
#1983=FACE_BOUND('',#1841,.T.);
#1984=FACE_BOUND('',#1842,.T.);
#1985=FACE_BOUND('',#1843,.T.);
#1986=FACE_BOUND('',#1844,.T.);
#1987=FACE_BOUND('',#1845,.T.);
#1988=FACE_BOUND('',#1846,.T.);
#1989=FACE_BOUND('',#1847,.T.);
#1990=FACE_BOUND('',#1848,.T.);
#1991=FACE_BOUND('',#1849,.T.);
#1992=FACE_BOUND('',#1850,.T.);
#1993=FACE_BOUND('',#1851,.T.);
#1994=FACE_BOUND('',#1852,.T.);
#1995=FACE_BOUND('',#1853,.T.);
#1996=FACE_BOUND('',#1854,.T.);
#1997=FACE_BOUND('',#1855,.T.);
#1998=FACE_BOUND('',#1856,.T.);
#1999=FACE_BOUND('',#1857,.T.);
#2000=FACE_BOUND('',#1858,.T.);
#2001=FACE_BOUND('',#1859,.T.);
#2002=FACE_BOUND('',#1860,.T.);
#2003=FACE_BOUND('',#1861,.T.);
#2004=FACE_BOUND('',#1862,.T.);
#2005=FACE_BOUND('',#1863,.T.);
#2006=FACE_BOUND('',#1864,.T.);
#2007=FACE_BOUND('',#1865,.T.);
#2008=FACE_BOUND('',#1866,.T.);
#2009=FACE_BOUND('',#1867,.T.);
#2010=FACE_BOUND('',#1868,.T.);
#2011=FACE_BOUND('',#1869,.T.);
#2012=FACE_BOUND('',#1870,.T.);
#2013=FACE_BOUND('',#1871,.T.);
#2014=FACE_BOUND('',#1872,.T.);
#2015=FACE_BOUND('',#1873,.T.);
#2016=FACE_BOUND('',#1874,.T.);
#2017=FACE_BOUND('',#1875,.T.);
#2018=FACE_BOUND('',#1876,.T.);
#2019=FACE_BOUND('',#1877,.T.);
#2020=FACE_BOUND('',#1878,.T.);
#2021=FACE_BOUND('',#1879,.T.);
#2022=FACE_BOUND('',#1880,.T.);
#2023=FACE_BOUND('',#1881,.T.);
#2024=FACE_BOUND('',#1882,.T.);
#2025=FACE_BOUND('',#1883,.T.);
#2026=FACE_BOUND('',#1884,.T.);
#2027=FACE_BOUND('',#1885,.T.);
#2028=FACE_BOUND('',#1886,.T.);
#2029=FACE_BOUND('',#1887,.T.);
#2030=FACE_BOUND('',#1888,.T.);
#2031=FACE_BOUND('',#1889,.T.);
#2032=FACE_BOUND('',#1890,.T.);
#2033=FACE_BOUND('',#1891,.T.);
#2034=FACE_BOUND('',#1892,.T.);
#2035=FACE_BOUND('',#1893,.T.);
#2036=FACE_BOUND('',#1894,.T.);
#2037=FACE_BOUND('',#1895,.T.);
#2038=FACE_BOUND('',#1896,.T.);
#2039=FACE_BOUND('',#1897,.T.);
#2040=FACE_BOUND('',#1898,.T.);
#2041=FACE_BOUND('',#1899,.T.);
#2042=FACE_BOUND('',#1900,.T.);
#2043=FACE_BOUND('',#1901,.T.);
#2044=FACE_BOUND('',#1902,.T.);
#2045=FACE_BOUND('',#1903,.T.);
#2046=FACE_BOUND('',#1904,.T.);
#2047=FACE_BOUND('',#1905,.T.);
#2048=FACE_BOUND('',#1906,.T.);
#2049=FACE_BOUND('',#1907,.T.);
#2050=FACE_BOUND('',#1908,.T.);
#2051=FACE_BOUND('',#1909,.T.);
#2052=FACE_BOUND('',#1910,.T.);
#2053=FACE_BOUND('',#1911,.T.);
#2054=FACE_BOUND('',#1912,.T.);
#2055=FACE_BOUND('',#1913,.T.);
#2056=FACE_BOUND('',#1914,.T.);
#2057=FACE_BOUND('',#1915,.T.);
#2058=FACE_BOUND('',#1916,.T.);
#2059=FACE_BOUND('',#1917,.T.);
#2060=FACE_BOUND('',#1918,.T.);
#2061=FACE_BOUND('',#1919,.T.);
#2062=FACE_BOUND('',#1920,.T.);
#2063=FACE_BOUND('',#1921,.T.);
#2064=FACE_BOUND('',#1922,.T.);
#2065=FACE_BOUND('',#1923,.T.);
#2066=FACE_BOUND('',#1924,.T.);
#2067=FACE_BOUND('',#1925,.T.);
#2068=FACE_BOUND('',#1926,.T.);
#2069=FACE_BOUND('',#1927,.T.);
#2070=FACE_BOUND('',#1928,.T.);
#2071=FACE_BOUND('',#1929,.T.);
#2072=FACE_BOUND('',#1930,.T.);
#2073=FACE_BOUND('',#1931,.T.);
#2074=FACE_BOUND('',#1932,.T.);
#2075=FACE_BOUND('',#1933,.T.);
#2076=FACE_BOUND('',#1934,.T.);
#2077=FACE_BOUND('',#1935,.T.);
#2078=FACE_BOUND('',#1936,.T.);
#2079=FACE_BOUND('',#1937,.T.);
#2080=FACE_BOUND('',#1938,.T.);
#2081=FACE_BOUND('',#1939,.T.);
#2082=FACE_BOUND('',#1940,.T.);
#2083=FACE_BOUND('',#1941,.T.);
#2084=FACE_BOUND('',#1942,.T.);
#2085=FACE_BOUND('',#1943,.T.);
#2086=FACE_BOUND('',#1944,.T.);
#2087=FACE_BOUND('',#1945,.T.);
#2088=FACE_BOUND('',#1946,.T.);
#2089=FACE_BOUND('',#1947,.T.);
#2090=FACE_BOUND('',#1948,.T.);
#2091=FACE_BOUND('',#1949,.T.);
#2092=FACE_BOUND('',#1950,.T.);
#2093=FACE_BOUND('',#1951,.T.);
#2094=FACE_BOUND('',#1952,.T.);
#2095=FACE_BOUND('',#1953,.T.);
#2096=FACE_BOUND('',#1954,.T.);
#2097=FACE_BOUND('',#1955,.T.);
#2098=FACE_BOUND('',#1956,.T.);
#2099=FACE_BOUND('',#1957,.T.);
#2100=FACE_BOUND('',#1958,.T.);
#2101=FACE_BOUND('',#1959,.T.);
#2102=FACE_BOUND('',#1960,.T.);
#2103=FACE_BOUND('',#1961,.T.);
#2104=FACE_BOUND('',#1962,.T.);
#2105=FACE_BOUND('',#1963,.T.);
#2106=FACE_BOUND('',#1964,.T.);
#2107=FACE_BOUND('',#1965,.T.);
#2108=FACE_BOUND('',#1966,.T.);
#2109=FACE_BOUND('',#1967,.T.);
#2110=PLANE('',#2341);
#2111=PLANE('',#2346);
#2112=PLANE('',#2351);
#2113=PLANE('',#2359);
#2114=PLANE('',#2362);
#2115=PLANE('',#2367);
#2116=PLANE('',#2370);
#2117=PLANE('',#2375);
#2118=PLANE('',#2378);
#2119=PLANE('',#2380);
#2120=PLANE('',#2381);
#2121=PLANE('',#2384);
#2122=PLANE('',#2389);
#2123=PLANE('',#2392);
#2124=PLANE('',#2393);
#2125=PLANE('',#2396);
#2126=PLANE('',#2399);
#2127=PLANE('',#2400);
#2128=PLANE('',#2401);
#2129=PLANE('',#2402);
#2130=PLANE('',#2405);
#2131=PLANE('',#2406);
#2132=PLANE('',#2407);
#2133=PLANE('',#2408);
#2134=PLANE('',#2411);
#2135=PLANE('',#2412);
#2136=PLANE('',#2415);
#2137=PLANE('',#2416);
#2138=PLANE('',#2417);
#2139=PLANE('',#2418);
#2140=PLANE('',#2421);
#2141=PLANE('',#2422);
#2142=PLANE('',#2425);
#2143=PLANE('',#2428);
#2144=PLANE('',#2429);
#2145=PLANE('',#2430);
#2146=PLANE('',#2431);
#2147=PLANE('',#2434);
#2148=PLANE('',#2435);
#2149=PLANE('',#2436);
#2150=PLANE('',#2437);
#2151=PLANE('',#2440);
#2152=PLANE('',#2441);
#2153=PLANE('',#2442);
#2154=PLANE('',#2443);
#2155=PLANE('',#2446);
#2156=PLANE('',#2447);
#2157=PLANE('',#2448);
#2158=PLANE('',#2451);
#2159=PLANE('',#2454);
#2160=PLANE('',#2455);
#2161=PLANE('',#2456);
#2162=PLANE('',#2457);
#2163=PLANE('',#2460);
#2164=PLANE('',#2461);
#2165=PLANE('',#2462);
#2166=PLANE('',#2465);
#2167=PLANE('',#2466);
#2168=PLANE('',#2467);
#2169=PLANE('',#2468);
#2170=PLANE('',#2471);
#2171=PLANE('',#2472);
#2172=PLANE('',#2475);
#2173=PLANE('',#2476);
#2174=PLANE('',#2479);
#2175=PLANE('',#2482);
#2176=PLANE('',#2485);
#2177=PLANE('',#2486);
#2178=PLANE('',#2487);
#2179=PLANE('',#2488);
#2180=PLANE('',#2489);
#2181=PLANE('',#2492);
#2182=PLANE('',#2493);
#2183=PLANE('',#2515);
#2184=PLANE('',#2517);
#2185=PLANE('',#2519);
#2186=PLANE('',#2521);
#2187=PLANE('',#2522);
#2188=PLANE('',#2523);
#2189=PLANE('',#2524);
#2190=PLANE('',#2525);
#2191=PLANE('',#2526);
#2192=PLANE('',#2527);
#2193=PLANE('',#2528);
#2194=PLANE('',#2529);
#2195=PLANE('',#2530);
#2196=PLANE('',#2531);
#2197=PLANE('',#2532);
#2198=PLANE('',#2533);
#2199=ADVANCED_FACE('',(#1968),#2110,.F.);
#2200=ADVANCED_FACE('',(#1969),#28,.T.);
#2201=ADVANCED_FACE('',(#1970),#2111,.F.);
#2202=ADVANCED_FACE('',(#1971),#29,.T.);
#2203=ADVANCED_FACE('',(#1972),#2112,.F.);
#2204=ADVANCED_FACE('',(#1973),#30,.T.);
#2205=ADVANCED_FACE('',(#1974),#31,.T.);
#2206=ADVANCED_FACE('',(#1975),#2113,.F.);
#2207=ADVANCED_FACE('',(#1976),#2114,.F.);
#2208=ADVANCED_FACE('',(#1977),#32,.T.);
#2209=ADVANCED_FACE('',(#1978),#2115,.F.);
#2210=ADVANCED_FACE('',(#1979),#2116,.F.);
#2211=ADVANCED_FACE('',(#1980),#33,.T.);
#2212=ADVANCED_FACE('',(#1981),#2117,.F.);
#2213=ADVANCED_FACE('',(#1982),#2118,.F.);
#2214=ADVANCED_FACE('',(#1983),#2119,.T.);
#2215=ADVANCED_FACE('',(#1984),#2120,.T.);
#2216=ADVANCED_FACE('',(#1985),#34,.T.);
#2217=ADVANCED_FACE('',(#1986),#2121,.F.);
#2218=ADVANCED_FACE('',(#1987),#35,.T.);
#2219=ADVANCED_FACE('',(#1988),#2122,.F.);
#2220=ADVANCED_FACE('',(#1989),#2123,.T.);
#2221=ADVANCED_FACE('',(#1990),#2124,.T.);
#2222=ADVANCED_FACE('',(#1991),#36,.T.);
#2223=ADVANCED_FACE('',(#1992),#2125,.F.);
#2224=ADVANCED_FACE('',(#1993),#2126,.T.);
#2225=ADVANCED_FACE('',(#1994),#2127,.F.);
#2226=ADVANCED_FACE('',(#1995),#2128,.F.);
#2227=ADVANCED_FACE('',(#1996),#2129,.T.);
#2228=ADVANCED_FACE('',(#1997),#37,.T.);
#2229=ADVANCED_FACE('',(#1998),#2130,.F.);
#2230=ADVANCED_FACE('',(#1999),#2131,.T.);
#2231=ADVANCED_FACE('',(#2000),#2132,.T.);
#2232=ADVANCED_FACE('',(#2001),#2133,.T.);
#2233=ADVANCED_FACE('',(#2002),#38,.T.);
#2234=ADVANCED_FACE('',(#2003),#2134,.T.);
#2235=ADVANCED_FACE('',(#2004),#2135,.T.);
#2236=ADVANCED_FACE('',(#2005),#39,.T.);
#2237=ADVANCED_FACE('',(#2006),#2136,.F.);
#2238=ADVANCED_FACE('',(#2007),#2137,.T.);
#2239=ADVANCED_FACE('',(#2008),#2138,.T.);
#2240=ADVANCED_FACE('',(#2009),#2139,.T.);
#2241=ADVANCED_FACE('',(#2010),#40,.T.);
#2242=ADVANCED_FACE('',(#2011),#2140,.F.);
#2243=ADVANCED_FACE('',(#2012),#2141,.T.);
#2244=ADVANCED_FACE('',(#2013),#41,.T.);
#2245=ADVANCED_FACE('',(#2014),#2142,.T.);
#2246=ADVANCED_FACE('',(#2015),#42,.T.);
#2247=ADVANCED_FACE('',(#2016),#2143,.F.);
#2248=ADVANCED_FACE('',(#2017),#2144,.T.);
#2249=ADVANCED_FACE('',(#2018),#2145,.T.);
#2250=ADVANCED_FACE('',(#2019),#2146,.T.);
#2251=ADVANCED_FACE('',(#2020),#43,.T.);
#2252=ADVANCED_FACE('',(#2021),#2147,.F.);
#2253=ADVANCED_FACE('',(#2022),#2148,.T.);
#2254=ADVANCED_FACE('',(#2023),#2149,.T.);
#2255=ADVANCED_FACE('',(#2024),#2150,.T.);
#2256=ADVANCED_FACE('',(#2025),#44,.T.);
#2257=ADVANCED_FACE('',(#2026),#2151,.F.);
#2258=ADVANCED_FACE('',(#2027),#2152,.T.);
#2259=ADVANCED_FACE('',(#2028),#2153,.T.);
#2260=ADVANCED_FACE('',(#2029),#2154,.T.);
#2261=ADVANCED_FACE('',(#2030),#45,.T.);
#2262=ADVANCED_FACE('',(#2031),#2155,.F.);
#2263=ADVANCED_FACE('',(#2032),#2156,.T.);
#2264=ADVANCED_FACE('',(#2033),#2157,.T.);
#2265=ADVANCED_FACE('',(#2034),#46,.T.);
#2266=ADVANCED_FACE('',(#2035),#2158,.T.);
#2267=ADVANCED_FACE('',(#2036),#47,.T.);
#2268=ADVANCED_FACE('',(#2037),#2159,.F.);
#2269=ADVANCED_FACE('',(#2038),#2160,.T.);
#2270=ADVANCED_FACE('',(#2039),#2161,.T.);
#2271=ADVANCED_FACE('',(#2040),#2162,.T.);
#2272=ADVANCED_FACE('',(#2041),#48,.T.);
#2273=ADVANCED_FACE('',(#2042),#2163,.F.);
#2274=ADVANCED_FACE('',(#2043),#2164,.T.);
#2275=ADVANCED_FACE('',(#2044),#2165,.T.);
#2276=ADVANCED_FACE('',(#2045),#49,.T.);
#2277=ADVANCED_FACE('',(#2046),#2166,.F.);
#2278=ADVANCED_FACE('',(#2047),#2167,.T.);
#2279=ADVANCED_FACE('',(#2048),#2168,.T.);
#2280=ADVANCED_FACE('',(#2049),#2169,.T.);
#2281=ADVANCED_FACE('',(#2050),#50,.T.);
#2282=ADVANCED_FACE('',(#2051),#2170,.F.);
#2283=ADVANCED_FACE('',(#2052),#2171,.T.);
#2284=ADVANCED_FACE('',(#2053),#51,.T.);
#2285=ADVANCED_FACE('',(#2054,#2055,#2056,#2057,#2058,#2059,#2060,#2061,
#2062,#2063,#2064,#2065,#2066),#2172,.T.);
#2286=ADVANCED_FACE('',(#2067),#2173,.F.);
#2287=ADVANCED_FACE('',(#2068),#24,.F.);
#2288=ADVANCED_FACE('',(#2069),#2174,.F.);
#2289=ADVANCED_FACE('',(#2070),#25,.F.);
#2290=ADVANCED_FACE('',(#2071),#2175,.F.);
#2291=ADVANCED_FACE('',(#2072),#26,.F.);
#2292=ADVANCED_FACE('',(#2073),#2176,.F.);
#2293=ADVANCED_FACE('',(#2074),#2177,.T.);
#2294=ADVANCED_FACE('',(#2075),#2178,.T.);
#2295=ADVANCED_FACE('',(#2076),#2179,.T.);
#2296=ADVANCED_FACE('',(#2077),#2180,.T.);
#2297=ADVANCED_FACE('',(#2078),#27,.F.);
#2298=ADVANCED_FACE('',(#2079,#2080),#2181,.T.);
#2299=ADVANCED_FACE('',(#2081),#2182,.F.);
#2300=ADVANCED_FACE('',(#2082),#52,.T.);
#2301=ADVANCED_FACE('',(#2083),#12,.T.);
#2302=ADVANCED_FACE('',(#2084),#53,.T.);
#2303=ADVANCED_FACE('',(#2085),#13,.T.);
#2304=ADVANCED_FACE('',(#2086),#54,.T.);
#2305=ADVANCED_FACE('',(#2087),#14,.T.);
#2306=ADVANCED_FACE('',(#2088),#55,.T.);
#2307=ADVANCED_FACE('',(#2089),#15,.T.);
#2308=ADVANCED_FACE('',(#2090),#56,.T.);
#2309=ADVANCED_FACE('',(#2091),#2183,.T.);
#2310=ADVANCED_FACE('',(#2092),#57,.T.);
#2311=ADVANCED_FACE('',(#2093),#2184,.T.);
#2312=ADVANCED_FACE('',(#2094),#58,.T.);
#2313=ADVANCED_FACE('',(#2095),#2185,.F.);
#2314=ADVANCED_FACE('',(#2096),#59,.T.);
#2315=ADVANCED_FACE('',(#2097),#2186,.F.);
#2316=ADVANCED_FACE('',(#2098),#2187,.F.);
#2317=ADVANCED_FACE('',(#2099),#2188,.T.);
#2318=ADVANCED_FACE('',(#2100),#2189,.T.);
#2319=ADVANCED_FACE('',(#2101),#2190,.F.);
#2320=ADVANCED_FACE('',(#2102),#2191,.F.);
#2321=ADVANCED_FACE('',(#2103),#2192,.F.);
#2322=ADVANCED_FACE('',(#2104),#2193,.T.);
#2323=ADVANCED_FACE('',(#2105),#2194,.F.);
#2324=ADVANCED_FACE('',(#2106),#2195,.T.);
#2325=ADVANCED_FACE('',(#2107),#2196,.F.);
#2326=ADVANCED_FACE('',(#2108),#2197,.F.);
#2327=ADVANCED_FACE('',(#2109),#2198,.F.);
#2328=CLOSED_SHELL('',(#2199,#2200,#2201,#2202,#2203,#2204,#2205,#2206,
#2207,#2208,#2209,#2210,#2211,#2212,#2213,#2214,#2215,#2216,#2217,#2218,
#2219,#2220,#2221,#2222,#2223,#2224,#2225,#2226,#2227,#2228,#2229,#2230,
#2231,#2232,#2233,#2234,#2235,#2236,#2237,#2238,#2239,#2240,#2241,#2242,
#2243,#2244,#2245,#2246,#2247,#2248,#2249,#2250,#2251,#2252,#2253,#2254,
#2255,#2256,#2257,#2258,#2259,#2260,#2261,#2262,#2263,#2264,#2265,#2266,
#2267,#2268,#2269,#2270,#2271,#2272,#2273,#2274,#2275,#2276,#2277,#2278,
#2279,#2280,#2281,#2282,#2283,#2284,#2285,#2286,#2287,#2288,#2289,#2290,
#2291,#2292,#2293,#2294,#2295,#2296,#2297,#2298,#2299,#2300,#2301,#2302,
#2303,#2304,#2305,#2306,#2307,#2308,#2309,#2310,#2311,#2312,#2313,#2314,
#2315,#2316,#2317,#2318,#2319,#2320,#2321,#2322,#2323,#2324,#2325,#2326,
#2327));
#2329=STYLED_ITEM('',(#2330),#2337);
#2330=PRESENTATION_STYLE_ASSIGNMENT((#2331));
#2331=SURFACE_STYLE_USAGE(.BOTH.,#2332);
#2332=SURFACE_SIDE_STYLE('',(#2333));
#2333=SURFACE_STYLE_FILL_AREA(#2334);
#2334=FILL_AREA_STYLE('',(#2335));
#2335=FILL_AREA_STYLE_COLOUR('',#2336);
#2336=COLOUR_RGB('',0.329411764705883,0.898039215686275,0.435294117647059);
#2337=MANIFOLD_SOLID_BREP('2.25u',#2328);
#2338=SHAPE_DEFINITION_REPRESENTATION(#3882,#2339);
#2339=SHAPE_REPRESENTATION('2.25u',(#2340),#3877);
#2340=AXIS2_PLACEMENT_3D('',#3180,#2534,#2535);
#2341=AXIS2_PLACEMENT_3D('',#3181,#2536,#2537);
#2342=AXIS2_PLACEMENT_3D('',#3185,#2539,#2540);
#2343=AXIS2_PLACEMENT_3D('',#3193,#2544,#2545);
#2344=AXIS2_PLACEMENT_3D('',#3196,#2547,#2548);
#2345=AXIS2_PLACEMENT_3D('',#3199,#2550,#2551);
#2346=AXIS2_PLACEMENT_3D('',#3202,#2553,#2554);
#2347=AXIS2_PLACEMENT_3D('',#3206,#2556,#2557);
#2348=AXIS2_PLACEMENT_3D('',#3212,#2560,#2561);
#2349=AXIS2_PLACEMENT_3D('',#3215,#2563,#2564);
#2350=AXIS2_PLACEMENT_3D('',#3218,#2566,#2567);
#2351=AXIS2_PLACEMENT_3D('',#3221,#2569,#2570);
#2352=AXIS2_PLACEMENT_3D('',#3225,#2572,#2573);
#2353=AXIS2_PLACEMENT_3D('',#3229,#2575,#2576);
#2354=AXIS2_PLACEMENT_3D('',#3232,#2578,#2579);
#2355=AXIS2_PLACEMENT_3D('',#3235,#2581,#2582);
#2356=AXIS2_PLACEMENT_3D('',#3238,#2584,#2585);
#2357=AXIS2_PLACEMENT_3D('',#3242,#2587,#2588);
#2358=AXIS2_PLACEMENT_3D('',#3246,#2590,#2591);
#2359=AXIS2_PLACEMENT_3D('',#3247,#2592,#2593);
#2360=AXIS2_PLACEMENT_3D('',#3255,#2597,#2598);
#2361=AXIS2_PLACEMENT_3D('',#3265,#2603,#2604);
#2362=AXIS2_PLACEMENT_3D('',#3266,#2605,#2606);
#2363=AXIS2_PLACEMENT_3D('',#3277,#2612,#2613);
#2364=AXIS2_PLACEMENT_3D('',#3280,#2615,#2616);
#2365=AXIS2_PLACEMENT_3D('',#3284,#2618,#2619);
#2366=AXIS2_PLACEMENT_3D('',#3288,#2621,#2622);
#2367=AXIS2_PLACEMENT_3D('',#3289,#2623,#2624);
#2368=AXIS2_PLACEMENT_3D('',#3297,#2628,#2629);
#2369=AXIS2_PLACEMENT_3D('',#3307,#2634,#2635);
#2370=AXIS2_PLACEMENT_3D('',#3308,#2636,#2637);
#2371=AXIS2_PLACEMENT_3D('',#3319,#2643,#2644);
#2372=AXIS2_PLACEMENT_3D('',#3322,#2646,#2647);
#2373=AXIS2_PLACEMENT_3D('',#3326,#2649,#2650);
#2374=AXIS2_PLACEMENT_3D('',#3330,#2652,#2653);
#2375=AXIS2_PLACEMENT_3D('',#3331,#2654,#2655);
#2376=AXIS2_PLACEMENT_3D('',#3339,#2659,#2660);
#2377=AXIS2_PLACEMENT_3D('',#3345,#2663,#2664);
#2378=AXIS2_PLACEMENT_3D('',#3346,#2665,#2666);
#2379=AXIS2_PLACEMENT_3D('',#3353,#2670,#2671);
#2380=AXIS2_PLACEMENT_3D('',#3356,#2673,#2674);
#2381=AXIS2_PLACEMENT_3D('',#3362,#2678,#2679);
#2382=AXIS2_PLACEMENT_3D('',#3368,#2683,#2684);
#2383=AXIS2_PLACEMENT_3D('',#3369,#2685,#2686);
#2384=AXIS2_PLACEMENT_3D('',#3374,#2689,#2690);
#2385=AXIS2_PLACEMENT_3D('',#3375,#2691,#2692);
#2386=AXIS2_PLACEMENT_3D('',#3382,#2695,#2696);
#2387=AXIS2_PLACEMENT_3D('',#3385,#2698,#2699);
#2388=AXIS2_PLACEMENT_3D('',#3386,#2700,#2701);
#2389=AXIS2_PLACEMENT_3D('',#3391,#2704,#2705);
#2390=AXIS2_PLACEMENT_3D('',#3392,#2706,#2707);
#2391=AXIS2_PLACEMENT_3D('',#3399,#2710,#2711);
#2392=AXIS2_PLACEMENT_3D('',#3404,#2714,#2715);
#2393=AXIS2_PLACEMENT_3D('',#3410,#2719,#2720);
#2394=AXIS2_PLACEMENT_3D('',#3416,#2724,#2725);
#2395=AXIS2_PLACEMENT_3D('',#3417,#2726,#2727);
#2396=AXIS2_PLACEMENT_3D('',#3422,#2730,#2731);
#2397=AXIS2_PLACEMENT_3D('',#3423,#2732,#2733);
#2398=AXIS2_PLACEMENT_3D('',#3430,#2736,#2737);
#2399=AXIS2_PLACEMENT_3D('',#3435,#2740,#2741);
#2400=AXIS2_PLACEMENT_3D('',#3444,#2746,#2747);
#2401=AXIS2_PLACEMENT_3D('',#3453,#2752,#2753);
#2402=AXIS2_PLACEMENT_3D('',#3456,#2756,#2757);
#2403=AXIS2_PLACEMENT_3D('',#3459,#2760,#2761);
#2404=AXIS2_PLACEMENT_3D('',#3462,#2763,#2764);
#2405=AXIS2_PLACEMENT_3D('',#3465,#2766,#2767);
#2406=AXIS2_PLACEMENT_3D('',#3469,#2770,#2771);
#2407=AXIS2_PLACEMENT_3D('',#3473,#2774,#2775);
#2408=AXIS2_PLACEMENT_3D('',#3479,#2779,#2780);
#2409=AXIS2_PLACEMENT_3D('',#3483,#2783,#2784);
#2410=AXIS2_PLACEMENT_3D('',#3484,#2785,#2786);
#2411=AXIS2_PLACEMENT_3D('',#3487,#2788,#2789);
#2412=AXIS2_PLACEMENT_3D('',#3491,#2792,#2793);
#2413=AXIS2_PLACEMENT_3D('',#3495,#2796,#2797);
#2414=AXIS2_PLACEMENT_3D('',#3496,#2798,#2799);
#2415=AXIS2_PLACEMENT_3D('',#3499,#2801,#2802);
#2416=AXIS2_PLACEMENT_3D('',#3503,#2805,#2806);
#2417=AXIS2_PLACEMENT_3D('',#3507,#2809,#2810);
#2418=AXIS2_PLACEMENT_3D('',#3513,#2814,#2815);
#2419=AXIS2_PLACEMENT_3D('',#3517,#2818,#2819);
#2420=AXIS2_PLACEMENT_3D('',#3518,#2820,#2821);
#2421=AXIS2_PLACEMENT_3D('',#3521,#2823,#2824);
#2422=AXIS2_PLACEMENT_3D('',#3525,#2827,#2828);
#2423=AXIS2_PLACEMENT_3D('',#3527,#2830,#2831);
#2424=AXIS2_PLACEMENT_3D('',#3528,#2832,#2833);
#2425=AXIS2_PLACEMENT_3D('',#3531,#2835,#2836);
#2426=AXIS2_PLACEMENT_3D('',#3537,#2840,#2841);
#2427=AXIS2_PLACEMENT_3D('',#3538,#2842,#2843);
#2428=AXIS2_PLACEMENT_3D('',#3541,#2845,#2846);
#2429=AXIS2_PLACEMENT_3D('',#3545,#2849,#2850);
#2430=AXIS2_PLACEMENT_3D('',#3549,#2853,#2854);
#2431=AXIS2_PLACEMENT_3D('',#3555,#2858,#2859);
#2432=AXIS2_PLACEMENT_3D('',#3559,#2862,#2863);
#2433=AXIS2_PLACEMENT_3D('',#3560,#2864,#2865);
#2434=AXIS2_PLACEMENT_3D('',#3563,#2867,#2868);
#2435=AXIS2_PLACEMENT_3D('',#3567,#2871,#2872);
#2436=AXIS2_PLACEMENT_3D('',#3573,#2876,#2877);
#2437=AXIS2_PLACEMENT_3D('',#3577,#2880,#2881);
#2438=AXIS2_PLACEMENT_3D('',#3581,#2884,#2885);
#2439=AXIS2_PLACEMENT_3D('',#3582,#2886,#2887);
#2440=AXIS2_PLACEMENT_3D('',#3585,#2889,#2890);
#2441=AXIS2_PLACEMENT_3D('',#3589,#2893,#2894);
#2442=AXIS2_PLACEMENT_3D('',#3593,#2897,#2898);
#2443=AXIS2_PLACEMENT_3D('',#3599,#2902,#2903);
#2444=AXIS2_PLACEMENT_3D('',#3603,#2906,#2907);
#2445=AXIS2_PLACEMENT_3D('',#3604,#2908,#2909);
#2446=AXIS2_PLACEMENT_3D('',#3607,#2911,#2912);
#2447=AXIS2_PLACEMENT_3D('',#3611,#2915,#2916);
#2448=AXIS2_PLACEMENT_3D('',#3615,#2919,#2920);
#2449=AXIS2_PLACEMENT_3D('',#3619,#2923,#2924);
#2450=AXIS2_PLACEMENT_3D('',#3620,#2925,#2926);
#2451=AXIS2_PLACEMENT_3D('',#3621,#2927,#2928);
#2452=AXIS2_PLACEMENT_3D('',#3627,#2932,#2933);
#2453=AXIS2_PLACEMENT_3D('',#3628,#2934,#2935);
#2454=AXIS2_PLACEMENT_3D('',#3631,#2937,#2938);
#2455=AXIS2_PLACEMENT_3D('',#3635,#2941,#2942);
#2456=AXIS2_PLACEMENT_3D('',#3639,#2945,#2946);
#2457=AXIS2_PLACEMENT_3D('',#3645,#2950,#2951);
#2458=AXIS2_PLACEMENT_3D('',#3649,#2954,#2955);
#2459=AXIS2_PLACEMENT_3D('',#3650,#2956,#2957);
#2460=AXIS2_PLACEMENT_3D('',#3653,#2959,#2960);
#2461=AXIS2_PLACEMENT_3D('',#3657,#2963,#2964);
#2462=AXIS2_PLACEMENT_3D('',#3661,#2967,#2968);
#2463=AXIS2_PLACEMENT_3D('',#3665,#2971,#2972);
#2464=AXIS2_PLACEMENT_3D('',#3666,#2973,#2974);
#2465=AXIS2_PLACEMENT_3D('',#3669,#2976,#2977);
#2466=AXIS2_PLACEMENT_3D('',#3673,#2980,#2981);
#2467=AXIS2_PLACEMENT_3D('',#3677,#2984,#2985);
#2468=AXIS2_PLACEMENT_3D('',#3683,#2989,#2990);
#2469=AXIS2_PLACEMENT_3D('',#3687,#2993,#2994);
#2470=AXIS2_PLACEMENT_3D('',#3688,#2995,#2996);
#2471=AXIS2_PLACEMENT_3D('',#3691,#2998,#2999);
#2472=AXIS2_PLACEMENT_3D('',#3695,#3002,#3003);
#2473=AXIS2_PLACEMENT_3D('',#3697,#3005,#3006);
#2474=AXIS2_PLACEMENT_3D('',#3698,#3007,#3008);
#2475=AXIS2_PLACEMENT_3D('',#3701,#3010,#3011);
#2476=AXIS2_PLACEMENT_3D('',#3714,#3024,#3025);
#2477=AXIS2_PLACEMENT_3D('',#3731,#3030,#3031);
#2478=AXIS2_PLACEMENT_3D('',#3735,#3033,#3034);
#2479=AXIS2_PLACEMENT_3D('',#3736,#3035,#3036);
#2480=AXIS2_PLACEMENT_3D('',#3750,#3040,#3041);
#2481=AXIS2_PLACEMENT_3D('',#3754,#3043,#3044);
#2482=AXIS2_PLACEMENT_3D('',#3755,#3045,#3046);
#2483=AXIS2_PLACEMENT_3D('',#3769,#3050,#3051);
#2484=AXIS2_PLACEMENT_3D('',#3773,#3053,#3054);
#2485=AXIS2_PLACEMENT_3D('',#3774,#3055,#3056);
#2486=AXIS2_PLACEMENT_3D('',#3780,#3060,#3061);
#2487=AXIS2_PLACEMENT_3D('',#3786,#3065,#3066);
#2488=AXIS2_PLACEMENT_3D('',#3790,#3069,#3070);
#2489=AXIS2_PLACEMENT_3D('',#3794,#3073,#3074);
#2490=AXIS2_PLACEMENT_3D('',#3804,#3076,#3077);
#2491=AXIS2_PLACEMENT_3D('',#3805,#3078,#3079);
#2492=AXIS2_PLACEMENT_3D('',#3806,#3080,#3081);
#2493=AXIS2_PLACEMENT_3D('',#3807,#3082,#3083);
#2494=AXIS2_PLACEMENT_3D('',#3816,#3088,#3089);
#2495=AXIS2_PLACEMENT_3D('',#3817,#3090,#3091);
#2496=AXIS2_PLACEMENT_3D('',#3819,#3092,#3093);
#2497=AXIS2_PLACEMENT_3D('',#3822,#3095,#3096);
#2498=AXIS2_PLACEMENT_3D('',#3823,#3097,#3098);
#2499=AXIS2_PLACEMENT_3D('',#3825,#3099,#3100);
#2500=AXIS2_PLACEMENT_3D('',#3826,#3101,#3102);
#2501=AXIS2_PLACEMENT_3D('',#3827,#3103,#3104);
#2502=AXIS2_PLACEMENT_3D('',#3830,#3106,#3107);
#2503=AXIS2_PLACEMENT_3D('',#3831,#3108,#3109);
#2504=AXIS2_PLACEMENT_3D('',#3833,#3110,#3111);
#2505=AXIS2_PLACEMENT_3D('',#3834,#3112,#3113);
#2506=AXIS2_PLACEMENT_3D('',#3835,#3114,#3115);
#2507=AXIS2_PLACEMENT_3D('',#3838,#3117,#3118);
#2508=AXIS2_PLACEMENT_3D('',#3839,#3119,#3120);
#2509=AXIS2_PLACEMENT_3D('',#3841,#3121,#3122);
#2510=AXIS2_PLACEMENT_3D('',#3842,#3123,#3124);
#2511=AXIS2_PLACEMENT_3D('',#3843,#3125,#3126);
#2512=AXIS2_PLACEMENT_3D('',#3846,#3128,#3129);
#2513=AXIS2_PLACEMENT_3D('',#3847,#3130,#3131);
#2514=AXIS2_PLACEMENT_3D('',#3848,#3132,#3133);
#2515=AXIS2_PLACEMENT_3D('',#3851,#3136,#3137);
#2516=AXIS2_PLACEMENT_3D('',#3853,#3139,#3140);
#2517=AXIS2_PLACEMENT_3D('',#3855,#3142,#3143);
#2518=AXIS2_PLACEMENT_3D('',#3857,#3145,#3146);
#2519=AXIS2_PLACEMENT_3D('',#3859,#3148,#3149);
#2520=AXIS2_PLACEMENT_3D('',#3861,#3151,#3152);
#2521=AXIS2_PLACEMENT_3D('',#3863,#3154,#3155);
#2522=AXIS2_PLACEMENT_3D('',#3864,#3156,#3157);
#2523=AXIS2_PLACEMENT_3D('',#3865,#3158,#3159);
#2524=AXIS2_PLACEMENT_3D('',#3866,#3160,#3161);
#2525=AXIS2_PLACEMENT_3D('',#3867,#3162,#3163);
#2526=AXIS2_PLACEMENT_3D('',#3868,#3164,#3165);
#2527=AXIS2_PLACEMENT_3D('',#3869,#3166,#3167);
#2528=AXIS2_PLACEMENT_3D('',#3870,#3168,#3169);
#2529=AXIS2_PLACEMENT_3D('',#3871,#3170,#3171);
#2530=AXIS2_PLACEMENT_3D('',#3872,#3172,#3173);
#2531=AXIS2_PLACEMENT_3D('',#3873,#3174,#3175);
#2532=AXIS2_PLACEMENT_3D('',#3874,#3176,#3177);
#2533=AXIS2_PLACEMENT_3D('',#3875,#3178,#3179);
#2534=DIRECTION('',(0.,0.,1.));
#2535=DIRECTION('',(1.,0.,0.));
#2536=DIRECTION('',(0.,0.,1.));
#2537=DIRECTION('',(1.,0.,0.));
#2538=DIRECTION('',(1.,0.,0.));
#2539=DIRECTION('',(0.,0.,1.));
#2540=DIRECTION('',(1.,0.,0.));
#2541=DIRECTION('',(-0.00632911392405024,0.999979970957887,0.));
#2542=DIRECTION('',(0.,1.,0.));
#2543=DIRECTION('',(1.,0.,0.));
#2544=DIRECTION('',(0.,0.,1.));
#2545=DIRECTION('',(1.,0.,0.));
#2546=DIRECTION('',(0.,-1.,0.));
#2547=DIRECTION('',(0.,0.,-1.));
#2548=DIRECTION('',(-1.,0.,0.));
#2549=DIRECTION('',(0.,0.,-1.));
#2550=DIRECTION('',(0.,0.,-1.));
#2551=DIRECTION('',(-1.,0.,0.));
#2552=DIRECTION('',(0.,0.,-1.));
#2553=DIRECTION('',(0.,0.,1.));
#2554=DIRECTION('',(1.,0.,0.));
#2555=DIRECTION('',(1.,0.,0.));
#2556=DIRECTION('',(0.,0.,1.));
#2557=DIRECTION('',(1.,0.,0.));
#2558=DIRECTION('',(-0.00632911392405024,0.999979970957887,0.));
#2559=DIRECTION('',(1.,0.,0.));
#2560=DIRECTION('',(0.,0.,1.));
#2561=DIRECTION('',(1.,0.,0.));
#2562=DIRECTION('',(0.,-1.,0.));
#2563=DIRECTION('',(0.,0.,-1.));
#2564=DIRECTION('',(-1.,0.,0.));
#2565=DIRECTION('',(0.,0.,-1.));
#2566=DIRECTION('',(0.,0.,-1.));
#2567=DIRECTION('',(-1.,0.,0.));
#2568=DIRECTION('',(0.,0.,-1.));
#2569=DIRECTION('',(0.,0.,1.));
#2570=DIRECTION('',(1.,0.,0.));
#2571=DIRECTION('',(1.,0.,0.));
#2572=DIRECTION('',(0.,0.,1.));
#2573=DIRECTION('',(1.,0.,0.));
#2574=DIRECTION('',(-0.00632911392405024,0.999979970957887,0.));
#2575=DIRECTION('',(0.,0.,1.));
#2576=DIRECTION('',(1.,0.,0.));
#2577=DIRECTION('',(0.,-1.,0.));
#2578=DIRECTION('',(0.,0.,-1.));
#2579=DIRECTION('',(-1.,0.,0.));
#2580=DIRECTION('',(0.,0.,-1.));
#2581=DIRECTION('',(0.,0.,-1.));
#2582=DIRECTION('',(-1.,0.,0.));
#2583=DIRECTION('',(0.,0.,-1.));
#2584=DIRECTION('',(0.,0.,-1.));
#2585=DIRECTION('',(-1.,0.,0.));
#2586=DIRECTION('',(0.,0.,-1.));
#2587=DIRECTION('',(0.,0.,-1.));
#2588=DIRECTION('',(-1.,0.,0.));
#2589=DIRECTION('',(0.,0.,-1.));
#2590=DIRECTION('',(0.,0.,1.));
#2591=DIRECTION('',(1.,0.,0.));
#2592=DIRECTION('',(0.,0.,1.));
#2593=DIRECTION('',(1.,0.,0.));
#2594=DIRECTION('',(1.,0.,0.));
#2595=DIRECTION('',(0.999979970957887,0.00632911392405005,0.));
#2596=DIRECTION('',(0.00632911392405005,-0.999979970957887,0.));
#2597=DIRECTION('',(0.,0.,1.));
#2598=DIRECTION('',(1.,0.,0.));
#2599=DIRECTION('',(-0.999979970957887,-0.0063291139240501,0.));
#2600=DIRECTION('',(0.00632911392405009,-0.999979970957887,0.));
#2601=DIRECTION('',(0.999979970957887,0.00632911392405024,0.));
#2602=DIRECTION('',(-0.00632911392405024,0.999979970957887,0.));
#2603=DIRECTION('',(0.,0.,1.));
#2604=DIRECTION('',(1.,0.,0.));
#2605=DIRECTION('',(0.,0.,1.));
#2606=DIRECTION('',(1.,0.,0.));
#2607=DIRECTION('',(-1.,4.11722343981837E-16,0.));
#2608=DIRECTION('',(-0.00632911392405024,0.999979970957887,0.));
#2609=DIRECTION('',(-1.,0.,0.));
#2610=DIRECTION('',(-1.37240781327279E-16,-1.,0.));
#2611=DIRECTION('',(-1.,0.,0.));
#2612=DIRECTION('',(0.,0.,1.));
#2613=DIRECTION('',(1.,0.,0.));
#2614=DIRECTION('',(0.,1.,0.));
#2615=DIRECTION('',(0.,0.,-1.));
#2616=DIRECTION('',(-1.,0.,0.));
#2617=DIRECTION('',(0.,0.,-1.));
#2618=DIRECTION('',(0.,0.,-1.));
#2619=DIRECTION('',(-1.,0.,0.));
#2620=DIRECTION('',(0.,0.,-1.));
#2621=DIRECTION('',(0.,0.,1.));
#2622=DIRECTION('',(1.,0.,0.));
#2623=DIRECTION('',(0.,0.,1.));
#2624=DIRECTION('',(1.,0.,0.));
#2625=DIRECTION('',(1.,0.,0.));
#2626=DIRECTION('',(0.999979970957887,0.00632911392405005,0.));
#2627=DIRECTION('',(0.00632911392405005,-0.999979970957887,0.));
#2628=DIRECTION('',(0.,0.,1.));
#2629=DIRECTION('',(1.,0.,0.));
#2630=DIRECTION('',(-0.999979970957887,-0.0063291139240501,0.));
#2631=DIRECTION('',(0.00632911392405009,-0.999979970957887,0.));
#2632=DIRECTION('',(0.999979970957887,0.00632911392405024,0.));
#2633=DIRECTION('',(-0.00632911392405024,0.999979970957887,0.));
#2634=DIRECTION('',(0.,0.,1.));
#2635=DIRECTION('',(1.,0.,0.));
#2636=DIRECTION('',(0.,0.,1.));
#2637=DIRECTION('',(1.,0.,0.));
#2638=DIRECTION('',(-1.,4.11722343981837E-16,0.));
#2639=DIRECTION('',(-0.00632911392405024,0.999979970957887,0.));
#2640=DIRECTION('',(-1.,0.,0.));
#2641=DIRECTION('',(-1.37240781327279E-16,-1.,0.));
#2642=DIRECTION('',(-1.,0.,0.));
#2643=DIRECTION('',(0.,0.,1.));
#2644=DIRECTION('',(1.,0.,0.));
#2645=DIRECTION('',(0.,1.,0.));
#2646=DIRECTION('',(0.,0.,-1.));
#2647=DIRECTION('',(-1.,0.,0.));
#2648=DIRECTION('',(0.,0.,-1.));
#2649=DIRECTION('',(0.,0.,-1.));
#2650=DIRECTION('',(-1.,0.,0.));
#2651=DIRECTION('',(0.,0.,-1.));
#2652=DIRECTION('',(0.,0.,1.));
#2653=DIRECTION('',(1.,0.,0.));
#2654=DIRECTION('',(0.,0.,1.));
#2655=DIRECTION('',(1.,0.,0.));
#2656=DIRECTION('',(1.,0.,0.));
#2657=DIRECTION('',(0.999979970957887,0.00632911392405005,0.));
#2658=DIRECTION('',(0.00632911392405005,-0.999979970957887,0.));
#2659=DIRECTION('',(0.,0.,1.));
#2660=DIRECTION('',(1.,0.,0.));
#2661=DIRECTION('',(-0.999979970957887,-0.0063291139240501,0.));
#2662=DIRECTION('',(0.00632911392405009,-0.999979970957887,0.));
#2663=DIRECTION('',(0.,0.,1.));
#2664=DIRECTION('',(1.,0.,0.));
#2665=DIRECTION('',(0.,0.,1.));
#2666=DIRECTION('',(1.,0.,0.));
#2667=DIRECTION('',(-1.,4.11722343981837E-16,0.));
#2668=DIRECTION('',(-1.37240781327279E-16,-1.,0.));
#2669=DIRECTION('',(-1.,0.,0.));
#2670=DIRECTION('',(0.,0.,1.));
#2671=DIRECTION('',(1.,0.,0.));
#2672=DIRECTION('',(0.,1.,0.));
#2673=DIRECTION('',(0.,-1.,0.));
#2674=DIRECTION('',(0.,0.,-1.));
#2675=DIRECTION('',(0.,0.,1.));
#2676=DIRECTION('',(1.,0.,0.));
#2677=DIRECTION('',(0.,0.,-1.));
#2678=DIRECTION('',(-0.00632911392405024,0.999979970957887,0.));
#2679=DIRECTION('',(-0.999979970957887,-0.00632911392405024,0.));
#2680=DIRECTION('',(-0.999979970957887,-0.00632911392405024,0.));
#2681=DIRECTION('',(0.,0.,-1.));
#2682=DIRECTION('',(0.,0.,-1.));
#2683=DIRECTION('',(0.,0.,-1.));
#2684=DIRECTION('',(-1.,0.,0.));
#2685=DIRECTION('',(0.,0.,-1.));
#2686=DIRECTION('',(-1.,0.,0.));
#2687=DIRECTION('',(0.,0.,-1.));
#2688=DIRECTION('',(0.,0.,-1.));
#2689=DIRECTION('',(0.,0.,1.));
#2690=DIRECTION('',(1.,0.,0.));
#2691=DIRECTION('',(0.,0.,1.));
#2692=DIRECTION('',(1.,0.,0.));
#2693=DIRECTION('',(-1.,-1.36377631759183E-16,0.));
#2694=DIRECTION('',(0.,1.,0.));
#2695=DIRECTION('',(0.,0.,1.));
#2696=DIRECTION('',(1.,0.,0.));
#2697=DIRECTION('',(-0.00632911392405024,0.999979970957887,0.));
#2698=DIRECTION('',(0.,0.,-1.));
#2699=DIRECTION('',(-1.,0.,0.));
#2700=DIRECTION('',(0.,0.,-1.));
#2701=DIRECTION('',(-1.,0.,0.));
#2702=DIRECTION('',(0.,0.,-1.));
#2703=DIRECTION('',(0.,0.,-1.));
#2704=DIRECTION('',(0.,0.,1.));
#2705=DIRECTION('',(1.,0.,0.));
#2706=DIRECTION('',(0.,0.,1.));
#2707=DIRECTION('',(1.,0.,0.));
#2708=DIRECTION('',(-1.,-1.36377631759183E-16,0.));
#2709=DIRECTION('',(0.,1.,0.));
#2710=DIRECTION('',(0.,0.,1.));
#2711=DIRECTION('',(1.,0.,0.));
#2712=DIRECTION('',(1.,-6.86203906636395E-17,0.));
#2713=DIRECTION('',(6.86203906636395E-17,1.,0.));
#2714=DIRECTION('',(0.,-1.,0.));
#2715=DIRECTION('',(0.,0.,-1.));
#2716=DIRECTION('',(0.,0.,1.));
#2717=DIRECTION('',(1.,0.,0.));
#2718=DIRECTION('',(0.,0.,-1.));
#2719=DIRECTION('',(-0.00632911392405024,0.999979970957887,0.));
#2720=DIRECTION('',(-0.999979970957887,-0.00632911392405024,0.));
#2721=DIRECTION('',(-0.999979970957887,-0.00632911392405024,0.));
#2722=DIRECTION('',(0.,0.,-1.));
#2723=DIRECTION('',(0.,0.,-1.));
#2724=DIRECTION('',(0.,0.,-1.));
#2725=DIRECTION('',(-1.,0.,0.));
#2726=DIRECTION('',(0.,0.,-1.));
#2727=DIRECTION('',(-1.,0.,0.));
#2728=DIRECTION('',(0.,0.,-1.));
#2729=DIRECTION('',(0.,0.,-1.));
#2730=DIRECTION('',(0.,0.,1.));
#2731=DIRECTION('',(1.,0.,0.));
#2732=DIRECTION('',(0.,0.,1.));
#2733=DIRECTION('',(1.,0.,0.));
#2734=DIRECTION('',(-1.,-1.36377631759183E-16,0.));
#2735=DIRECTION('',(0.,1.,0.));
#2736=DIRECTION('',(0.,0.,1.));
#2737=DIRECTION('',(1.,0.,0.));
#2738=DIRECTION('',(1.,-6.86203906636395E-17,0.));
#2739=DIRECTION('',(-0.00632911392405024,0.999979970957887,0.));
#2740=DIRECTION('',(0.9438942422598,0.,-0.330247875736995));
#2741=DIRECTION('',(-0.330247875736995,0.,-0.9438942422598));
#2742=DIRECTION('',(0.,1.,0.));
#2743=DIRECTION('',(0.319699404357614,0.250722781388859,0.913745247728283));
#2744=DIRECTION('',(0.,-1.,0.));
#2745=DIRECTION('',(-0.319699404357614,0.250722781388859,-0.913745247728283));
#2746=DIRECTION('',(0.9438942422598,0.,0.330247875736995));
#2747=DIRECTION('',(0.330247875736995,0.,-0.9438942422598));
#2748=DIRECTION('',(0.319699404357614,-0.250722781388859,-0.913745247728283));
#2749=DIRECTION('',(0.,1.,0.));
#2750=DIRECTION('',(-0.319699404357614,-0.250722781388859,0.913745247728283));
#2751=DIRECTION('',(0.,-1.,0.));
#2752=DIRECTION('',(0.,-0.964355574576083,0.264609761316609));
#2753=DIRECTION('',(0.,-0.264609761316609,-0.964355574576083));
#2754=DIRECTION('',(1.,0.,0.));
#2755=DIRECTION('',(-1.,0.,0.));
#2756=DIRECTION('',(0.,-0.964355574576083,-0.264609761316609));
#2757=DIRECTION('',(0.,0.264609761316609,-0.964355574576083));
#2758=DIRECTION('',(1.,0.,0.));
#2759=DIRECTION('',(-1.,0.,0.));
#2760=DIRECTION('',(0.,0.,-1.));
#2761=DIRECTION('',(-1.,0.,0.));
#2762=DIRECTION('',(0.,0.,-1.));
#2763=DIRECTION('',(0.,0.,-1.));
#2764=DIRECTION('',(-1.,0.,0.));
#2765=DIRECTION('',(0.,0.,-1.));
#2766=DIRECTION('',(1.,0.,0.));
#2767=DIRECTION('',(0.,0.,-1.));
#2768=DIRECTION('',(0.,1.,0.));
#2769=DIRECTION('',(0.,0.,-1.));
#2770=DIRECTION('',(0.,1.,0.));
#2771=DIRECTION('',(0.,0.,1.));
#2772=DIRECTION('',(-1.,0.,0.));
#2773=DIRECTION('',(-1.,0.,0.));
#2774=DIRECTION('',(1.36377631759183E-16,-1.,0.));
#2775=DIRECTION('',(1.,1.36377631759183E-16,0.));
#2776=DIRECTION('',(1.,1.36377631759183E-16,0.));
#2777=DIRECTION('',(0.,0.,-1.));
#2778=DIRECTION('',(0.,0.,-1.));
#2779=DIRECTION('',(-1.,0.,0.));
#2780=DIRECTION('',(0.,0.,1.));
#2781=DIRECTION('',(0.,-1.,0.));
#2782=DIRECTION('',(0.,0.,-1.));
#2783=DIRECTION('',(0.,0.,-1.));
#2784=DIRECTION('',(-1.,0.,0.));
#2785=DIRECTION('',(0.,0.,-1.));
#2786=DIRECTION('',(-1.,0.,0.));
#2787=DIRECTION('',(0.,0.,-1.));
#2788=DIRECTION('',(1.,-1.37240781327279E-16,0.));
#2789=DIRECTION('',(1.37240781327279E-16,1.,0.));
#2790=DIRECTION('',(1.37240781327279E-16,1.,0.));
#2791=DIRECTION('',(0.,0.,-1.));
#2792=DIRECTION('',(0.,-1.,0.));
#2793=DIRECTION('',(0.,0.,-1.));
#2794=DIRECTION('',(1.,0.,0.));
#2795=DIRECTION('',(0.,0.,-1.));
#2796=DIRECTION('',(0.,0.,-1.));
#2797=DIRECTION('',(-1.,0.,0.));
#2798=DIRECTION('',(0.,0.,-1.));
#2799=DIRECTION('',(-1.,0.,0.));
#2800=DIRECTION('',(0.,0.,-1.));
#2801=DIRECTION('',(-1.,0.,0.));
#2802=DIRECTION('',(0.,0.,1.));
#2803=DIRECTION('',(0.,-1.,0.));
#2804=DIRECTION('',(0.,0.,-1.));
#2805=DIRECTION('',(-4.11722343981837E-16,-1.,0.));
#2806=DIRECTION('',(1.,-4.11722343981837E-16,0.));
#2807=DIRECTION('',(1.,-4.11722343981837E-16,0.));
#2808=DIRECTION('',(1.,0.,0.));
#2809=DIRECTION('',(-0.00632911392405005,0.999979970957887,0.));
#2810=DIRECTION('',(-0.999979970957887,-0.00632911392405005,0.));
#2811=DIRECTION('',(-0.999979970957887,-0.00632911392405005,0.));
#2812=DIRECTION('',(0.,0.,-1.));
#2813=DIRECTION('',(0.,0.,-1.));
#2814=DIRECTION('',(0.999979970957887,0.00632911392405075,0.));
#2815=DIRECTION('',(-0.00632911392405075,0.999979970957887,0.));
#2816=DIRECTION('',(-0.00632911392405075,0.999979970957887,0.));
#2817=DIRECTION('',(0.,0.,-1.));
#2818=DIRECTION('',(0.,0.,-1.));
#2819=DIRECTION('',(-1.,0.,0.));
#2820=DIRECTION('',(0.,0.,-1.));
#2821=DIRECTION('',(-1.,0.,0.));
#2822=DIRECTION('',(0.,0.,-1.));
#2823=DIRECTION('',(0.00632911392406399,-0.999979970957887,0.));
#2824=DIRECTION('',(0.999979970957887,0.00632911392406399,0.));
#2825=DIRECTION('',(0.999979970957887,0.00632911392406399,0.));
#2826=DIRECTION('',(0.,0.,-1.));
#2827=DIRECTION('',(0.999979970957887,0.00632911392405009,0.));
#2828=DIRECTION('',(-0.00632911392405009,0.999979970957887,0.));
#2829=DIRECTION('',(-0.00632911392405009,0.999979970957887,0.));
#2830=DIRECTION('',(0.,0.,-1.));
#2831=DIRECTION('',(-1.,0.,0.));
#2832=DIRECTION('',(0.,0.,-1.));
#2833=DIRECTION('',(-1.,0.,0.));
#2834=DIRECTION('',(0.,0.,-1.));
#2835=DIRECTION('',(0.,1.,0.));
#2836=DIRECTION('',(0.,0.,1.));
#2837=DIRECTION('',(-1.,0.,0.));
#2838=DIRECTION('',(0.,0.,-1.));
#2839=DIRECTION('',(0.,0.,-1.));
#2840=DIRECTION('',(0.,0.,-1.));
#2841=DIRECTION('',(-1.,0.,0.));
#2842=DIRECTION('',(0.,0.,-1.));
#2843=DIRECTION('',(-1.,0.,0.));
#2844=DIRECTION('',(0.,0.,-1.));
#2845=DIRECTION('',(1.,0.,0.));
#2846=DIRECTION('',(0.,0.,-1.));
#2847=DIRECTION('',(0.,1.,0.));
#2848=DIRECTION('',(0.,0.,-1.));
#2849=DIRECTION('',(0.,1.,0.));
#2850=DIRECTION('',(0.,0.,1.));
#2851=DIRECTION('',(-1.,0.,0.));
#2852=DIRECTION('',(-1.,0.,0.));
#2853=DIRECTION('',(1.36377631759183E-16,-1.,0.));
#2854=DIRECTION('',(1.,1.36377631759183E-16,0.));
#2855=DIRECTION('',(1.,1.36377631759183E-16,0.));
#2856=DIRECTION('',(0.,0.,-1.));
#2857=DIRECTION('',(0.,0.,-1.));
#2858=DIRECTION('',(-1.,0.,0.));
#2859=DIRECTION('',(0.,0.,1.));
#2860=DIRECTION('',(0.,-1.,0.));
#2861=DIRECTION('',(0.,0.,-1.));
#2862=DIRECTION('',(0.,0.,-1.));
#2863=DIRECTION('',(-1.,0.,0.));
#2864=DIRECTION('',(0.,0.,-1.));
#2865=DIRECTION('',(-1.,0.,0.));
#2866=DIRECTION('',(0.,0.,-1.));
#2867=DIRECTION('',(0.,1.,0.));
#2868=DIRECTION('',(0.,0.,1.));
#2869=DIRECTION('',(-1.,0.,0.));
#2870=DIRECTION('',(0.,0.,-1.));
#2871=DIRECTION('',(-1.,6.86203906636395E-17,0.));
#2872=DIRECTION('',(-6.86203906636395E-17,-1.,0.));
#2873=DIRECTION('',(-6.86203906636395E-17,-1.,0.));
#2874=DIRECTION('',(0.,-1.,0.));
#2875=DIRECTION('',(0.,0.,-1.));
#2876=DIRECTION('',(1.,-1.37240781327279E-16,0.));
#2877=DIRECTION('',(1.37240781327279E-16,1.,0.));
#2878=DIRECTION('',(1.37240781327279E-16,1.,0.));
#2879=DIRECTION('',(0.,0.,-1.));
#2880=DIRECTION('',(0.,-1.,0.));
#2881=DIRECTION('',(0.,0.,-1.));
#2882=DIRECTION('',(1.,0.,0.));
#2883=DIRECTION('',(0.,0.,-1.));
#2884=DIRECTION('',(0.,0.,-1.));
#2885=DIRECTION('',(-1.,0.,0.));
#2886=DIRECTION('',(0.,0.,-1.));
#2887=DIRECTION('',(-1.,0.,0.));
#2888=DIRECTION('',(0.,0.,-1.));
#2889=DIRECTION('',(-1.,0.,0.));
#2890=DIRECTION('',(0.,0.,1.));
#2891=DIRECTION('',(0.,-1.,0.));
#2892=DIRECTION('',(0.,0.,-1.));
#2893=DIRECTION('',(-4.11722343981837E-16,-1.,0.));
#2894=DIRECTION('',(1.,-4.11722343981837E-16,0.));
#2895=DIRECTION('',(1.,-4.11722343981837E-16,0.));
#2896=DIRECTION('',(1.,0.,0.));
#2897=DIRECTION('',(-0.00632911392405005,0.999979970957887,0.));
#2898=DIRECTION('',(-0.999979970957887,-0.00632911392405005,0.));
#2899=DIRECTION('',(-0.999979970957887,-0.00632911392405005,0.));
#2900=DIRECTION('',(0.,0.,-1.));
#2901=DIRECTION('',(0.,0.,-1.));
#2902=DIRECTION('',(0.999979970957887,0.00632911392405075,0.));
#2903=DIRECTION('',(-0.00632911392405075,0.999979970957887,0.));
#2904=DIRECTION('',(-0.00632911392405075,0.999979970957887,0.));
#2905=DIRECTION('',(0.,0.,-1.));
#2906=DIRECTION('',(0.,0.,-1.));
#2907=DIRECTION('',(-1.,0.,0.));
#2908=DIRECTION('',(0.,0.,-1.));
#2909=DIRECTION('',(-1.,0.,0.));
#2910=DIRECTION('',(0.,0.,-1.));
#2911=DIRECTION('',(0.00632911392406399,-0.999979970957887,0.));
#2912=DIRECTION('',(0.999979970957887,0.00632911392406399,0.));
#2913=DIRECTION('',(0.999979970957887,0.00632911392406399,0.));
#2914=DIRECTION('',(0.,0.,-1.));
#2915=DIRECTION('',(0.999979970957887,0.00632911392405009,0.));
#2916=DIRECTION('',(-0.00632911392405009,0.999979970957887,0.));
#2917=DIRECTION('',(-0.00632911392405009,0.999979970957887,0.));
#2918=DIRECTION('',(-0.00632911392405024,0.999979970957887,0.));
#2919=DIRECTION('',(-1.,0.,0.));
#2920=DIRECTION('',(0.,0.,1.));
#2921=DIRECTION('',(0.,-1.,0.));
#2922=DIRECTION('',(0.,0.,-1.));
#2923=DIRECTION('',(0.,0.,-1.));
#2924=DIRECTION('',(-1.,0.,0.));
#2925=DIRECTION('',(0.,0.,-1.));
#2926=DIRECTION('',(-1.,0.,0.));
#2927=DIRECTION('',(0.,1.,0.));
#2928=DIRECTION('',(0.,0.,1.));
#2929=DIRECTION('',(0.,0.,-1.));
#2930=DIRECTION('',(-1.,0.,0.));
#2931=DIRECTION('',(0.,0.,-1.));
#2932=DIRECTION('',(0.,0.,-1.));
#2933=DIRECTION('',(-1.,0.,0.));
#2934=DIRECTION('',(0.,0.,-1.));
#2935=DIRECTION('',(-1.,0.,0.));
#2936=DIRECTION('',(0.,0.,-1.));
#2937=DIRECTION('',(1.,0.,0.));
#2938=DIRECTION('',(0.,0.,-1.));
#2939=DIRECTION('',(0.,1.,0.));
#2940=DIRECTION('',(0.,0.,-1.));
#2941=DIRECTION('',(0.,1.,0.));
#2942=DIRECTION('',(0.,0.,1.));
#2943=DIRECTION('',(-1.,0.,0.));
#2944=DIRECTION('',(-1.,0.,0.));
#2945=DIRECTION('',(1.36377631759183E-16,-1.,0.));
#2946=DIRECTION('',(1.,1.36377631759183E-16,0.));
#2947=DIRECTION('',(1.,1.36377631759183E-16,0.));
#2948=DIRECTION('',(0.,0.,-1.));
#2949=DIRECTION('',(0.,0.,-1.));
#2950=DIRECTION('',(-1.,0.,0.));
#2951=DIRECTION('',(0.,0.,1.));
#2952=DIRECTION('',(0.,-1.,0.));
#2953=DIRECTION('',(0.,0.,-1.));
#2954=DIRECTION('',(0.,0.,-1.));
#2955=DIRECTION('',(-1.,0.,0.));
#2956=DIRECTION('',(0.,0.,-1.));
#2957=DIRECTION('',(-1.,0.,0.));
#2958=DIRECTION('',(0.,0.,-1.));
#2959=DIRECTION('',(0.,1.,0.));
#2960=DIRECTION('',(0.,0.,1.));
#2961=DIRECTION('',(-1.,0.,0.));
#2962=DIRECTION('',(0.,0.,-1.));
#2963=DIRECTION('',(1.,-1.37240781327279E-16,0.));
#2964=DIRECTION('',(1.37240781327279E-16,1.,0.));
#2965=DIRECTION('',(1.37240781327279E-16,1.,0.));
#2966=DIRECTION('',(0.,0.,-1.));
#2967=DIRECTION('',(0.,-1.,0.));
#2968=DIRECTION('',(0.,0.,-1.));
#2969=DIRECTION('',(1.,0.,0.));
#2970=DIRECTION('',(0.,0.,-1.));
#2971=DIRECTION('',(0.,0.,-1.));
#2972=DIRECTION('',(-1.,0.,0.));
#2973=DIRECTION('',(0.,0.,-1.));
#2974=DIRECTION('',(-1.,0.,0.));
#2975=DIRECTION('',(0.,0.,-1.));
#2976=DIRECTION('',(-1.,0.,0.));
#2977=DIRECTION('',(0.,0.,1.));
#2978=DIRECTION('',(0.,-1.,0.));
#2979=DIRECTION('',(0.,0.,-1.));
#2980=DIRECTION('',(-4.11722343981837E-16,-1.,0.));
#2981=DIRECTION('',(1.,-4.11722343981837E-16,0.));
#2982=DIRECTION('',(1.,-4.11722343981837E-16,0.));
#2983=DIRECTION('',(1.,0.,0.));
#2984=DIRECTION('',(-0.00632911392405005,0.999979970957887,0.));
#2985=DIRECTION('',(-0.999979970957887,-0.00632911392405005,0.));
#2986=DIRECTION('',(-0.999979970957887,-0.00632911392405005,0.));
#2987=DIRECTION('',(0.,0.,-1.));
#2988=DIRECTION('',(0.,0.,-1.));
#2989=DIRECTION('',(0.999979970957887,0.00632911392405075,0.));
#2990=DIRECTION('',(-0.00632911392405075,0.999979970957887,0.));
#2991=DIRECTION('',(-0.00632911392405075,0.999979970957887,0.));
#2992=DIRECTION('',(0.,0.,-1.));
#2993=DIRECTION('',(0.,0.,-1.));
#2994=DIRECTION('',(-1.,0.,0.));
#2995=DIRECTION('',(0.,0.,-1.));
#2996=DIRECTION('',(-1.,0.,0.));
#2997=DIRECTION('',(0.,0.,-1.));
#2998=DIRECTION('',(0.00632911392406399,-0.999979970957887,0.));
#2999=DIRECTION('',(0.999979970957887,0.00632911392406399,0.));
#3000=DIRECTION('',(0.999979970957887,0.00632911392406399,0.));
#3001=DIRECTION('',(0.,0.,-1.));
#3002=DIRECTION('',(0.999979970957887,0.00632911392405009,0.));
#3003=DIRECTION('',(-0.00632911392405009,0.999979970957887,0.));
#3004=DIRECTION('',(-0.00632911392405009,0.999979970957887,0.));
#3005=DIRECTION('',(0.,0.,-1.));
#3006=DIRECTION('',(-1.,0.,0.));
#3007=DIRECTION('',(0.,0.,-1.));
#3008=DIRECTION('',(-1.,0.,0.));
#3009=DIRECTION('',(0.,0.,-1.));
#3010=DIRECTION('',(0.,0.,-1.));
#3011=DIRECTION('',(1.,0.,0.));
#3012=DIRECTION('',(-0.00632911392405024,0.999979970957887,0.));
#3013=DIRECTION('',(-0.00632911392405024,0.999979970957887,0.));
#3014=DIRECTION('',(-0.00632911392405024,0.999979970957887,0.));
#3015=DIRECTION('',(-0.00632911392405024,0.999979970957887,0.));
#3016=DIRECTION('',(-0.00632911392405024,0.999979970957887,0.));
#3017=DIRECTION('',(-0.00632911392405024,0.999979970957887,0.));
#3018=DIRECTION('',(1.,0.,0.));
#3019=DIRECTION('',(-0.00632911392405024,0.999979970957887,0.));
#3020=DIRECTION('',(-0.00632911392405024,0.999979970957887,0.));
#3021=DIRECTION('',(1.,0.,0.));
#3022=DIRECTION('',(-0.00632911392405024,0.999979970957887,0.));
#3023=DIRECTION('',(1.,0.,0.));
#3024=DIRECTION('',(1.,0.,0.));
#3025=DIRECTION('',(0.,0.,-1.));
#3026=DIRECTION('',(0.,-1.,0.));
#3027=DIRECTION('',(0.,0.,1.));
#3028=DIRECTION('',(0.,-1.,0.));
#3029=DIRECTION('',(0.,0.,1.));
#3030=DIRECTION('',(0.,0.,-1.));
#3031=DIRECTION('',(-0.786879531349552,0.617106638388463,0.));
#3032=DIRECTION('',(0.,0.,1.));
#3033=DIRECTION('',(0.,0.,-1.));
#3034=DIRECTION('',(-0.786879531349552,0.617106638388463,0.));
#3035=DIRECTION('',(0.,-1.,0.));
#3036=DIRECTION('',(0.,0.,-1.));
#3037=DIRECTION('',(-1.,0.,0.));
#3038=DIRECTION('',(0.,0.,1.));
#3039=DIRECTION('',(-1.,0.,0.));
#3040=DIRECTION('',(0.,0.,-1.));
#3041=DIRECTION('',(-0.786879531349552,-0.617106638388463,0.));
#3042=DIRECTION('',(0.,0.,1.));
#3043=DIRECTION('',(0.,0.,-1.));
#3044=DIRECTION('',(-0.786879531349552,-0.617106638388463,0.));
#3045=DIRECTION('',(-1.,0.,0.));
#3046=DIRECTION('',(0.,0.,1.));
#3047=DIRECTION('',(0.,-1.,0.));
#3048=DIRECTION('',(0.,0.,1.));
#3049=DIRECTION('',(0.,-1.,0.));
#3050=DIRECTION('',(0.,0.,-1.));
#3051=DIRECTION('',(0.786879531349552,-0.617106638388463,0.));
#3052=DIRECTION('',(0.,0.,1.));
#3053=DIRECTION('',(0.,0.,-1.));
#3054=DIRECTION('',(0.786879531349552,-0.617106638388463,0.));
#3055=DIRECTION('',(0.,1.,0.));
#3056=DIRECTION('',(0.,0.,1.));
#3057=DIRECTION('',(-1.,0.,0.));
#3058=DIRECTION('',(0.,0.,1.));
#3059=DIRECTION('',(-1.,0.,0.));
#3060=DIRECTION('',(-1.,0.,0.));
#3061=DIRECTION('',(0.,0.,1.));
#3062=DIRECTION('',(0.,0.,1.));
#3063=DIRECTION('',(0.,-1.,0.));
#3064=DIRECTION('',(0.,0.,1.));
#3065=DIRECTION('',(0.,-1.,0.));
#3066=DIRECTION('',(0.,0.,-1.));
#3067=DIRECTION('',(0.,0.,1.));
#3068=DIRECTION('',(-1.,0.,0.));
#3069=DIRECTION('',(1.,0.,0.));
#3070=DIRECTION('',(0.,0.,-1.));
#3071=DIRECTION('',(0.,0.,1.));
#3072=DIRECTION('',(0.,-1.,0.));
#3073=DIRECTION('',(0.,1.,0.));
#3074=DIRECTION('',(0.,0.,1.));
#3075=DIRECTION('',(-1.,0.,0.));
#3076=DIRECTION('',(0.,0.,-1.));
#3077=DIRECTION('',(0.786879531349552,0.617106638388463,0.));
#3078=DIRECTION('',(0.,0.,-1.));
#3079=DIRECTION('',(0.786879531349552,0.617106638388463,0.));
#3080=DIRECTION('',(0.,0.,-1.));
#3081=DIRECTION('',(1.,0.,0.));
#3082=DIRECTION('',(0.,0.,-1.));
#3083=DIRECTION('',(1.,0.,0.));
#3084=DIRECTION('',(-1.,0.,0.));
#3085=DIRECTION('',(0.,-1.,0.));
#3086=DIRECTION('',(-1.,0.,0.));
#3087=DIRECTION('',(0.,-1.,0.));
#3088=DIRECTION('',(0.,1.,0.));
#3089=DIRECTION('',(0.,0.,1.));
#3090=DIRECTION('',(0.,-1.,0.));
#3091=DIRECTION('',(0.,0.,-1.));
#3092=DIRECTION('',(1.98971172616203E-15,1.,5.68687213472595E-15));
#3093=DIRECTION('',(0.,-5.68687213472595E-15,1.));
#3094=DIRECTION('',(0.,1.,0.));
#3095=DIRECTION('',(0.,0.,1.));
#3096=DIRECTION('',(1.,0.,0.));
#3097=DIRECTION('',(-1.,0.,0.));
#3098=DIRECTION('',(0.,0.,1.));
#3099=DIRECTION('',(0.319699404357611,-0.250722781388859,0.913745247728284));
#3100=DIRECTION('',(0.943894242259801,0.,-0.330247875736992));
#3101=DIRECTION('',(1.,0.,0.));
#3102=DIRECTION('',(0.,0.,-1.));
#3103=DIRECTION('',(1.,3.12084446417888E-15,-1.13737442694519E-14));
#3104=DIRECTION('',(-1.13737442694519E-14,0.,-1.));
#3105=DIRECTION('',(1.,0.,0.));
#3106=DIRECTION('',(0.,0.,1.));
#3107=DIRECTION('',(1.,0.,0.));
#3108=DIRECTION('',(-6.02490393532952E-15,1.,0.));
#3109=DIRECTION('',(-1.,-6.02490393532952E-15,0.));
#3110=DIRECTION('',(-0.319699404357614,-0.250722781388862,0.913745247728282));
#3111=DIRECTION('',(0.9438942422598,0.,0.330247875736995));
#3112=DIRECTION('',(0.,1.,0.));
#3113=DIRECTION('',(0.,0.,1.));
#3114=DIRECTION('',(0.,-1.,0.));
#3115=DIRECTION('',(0.,0.,-1.));
#3116=DIRECTION('',(0.,-1.,0.));
#3117=DIRECTION('',(0.,0.,1.));
#3118=DIRECTION('',(1.,0.,0.));
#3119=DIRECTION('',(1.,1.17941395988213E-14,0.));
#3120=DIRECTION('',(-1.17941395988213E-14,1.,0.));
#3121=DIRECTION('',(-0.319699404357621,0.250722781388858,0.913745247728281));
#3122=DIRECTION('',(0.943894242259798,0.,0.330247875737002));
#3123=DIRECTION('',(1.,0.,0.));
#3124=DIRECTION('',(0.,0.,-1.));
#3125=DIRECTION('',(-1.,0.,0.));
#3126=DIRECTION('',(0.,0.,1.));
#3127=DIRECTION('',(-1.,0.,0.));
#3128=DIRECTION('',(0.,0.,1.));
#3129=DIRECTION('',(1.,0.,0.));
#3130=DIRECTION('',(0.319699404357614,0.25072278138886,0.913745247728283));
#3131=DIRECTION('',(0.943894242259801,0.,-0.330247875736995));
#3132=DIRECTION('',(0.319699404357614,0.250722781388859,0.913745247728283));
#3133=DIRECTION('',(0.9438942422598,0.,-0.330247875736995));
#3134=DIRECTION('',(0.319699404357614,0.250722781388859,0.913745247728283));
#3135=DIRECTION('',(-0.319699404357614,-0.250722781388859,-0.913745247728283));
#3136=DIRECTION('',(0.,-0.964355574576083,0.264609761316609));
#3137=DIRECTION('',(0.,-0.264609761316609,-0.964355574576083));
#3138=DIRECTION('',(0.319699404357614,-0.250722781388859,-0.913745247728283));
#3139=DIRECTION('',(0.319699404357614,-0.250722781388859,-0.913745247728283));
#3140=DIRECTION('',(-0.9438942422598,0.,-0.330247875736995));
#3141=DIRECTION('',(0.319699404357614,-0.250722781388859,-0.913745247728283));
#3142=DIRECTION('',(0.9438942422598,0.,0.330247875736995));
#3143=DIRECTION('',(0.330247875736995,0.,-0.9438942422598));
#3144=DIRECTION('',(-0.319699404357614,-0.250722781388859,0.913745247728283));
#3145=DIRECTION('',(-0.319699404357614,-0.250722781388859,0.913745247728283));
#3146=DIRECTION('',(0.9438942422598,0.,0.330247875736995));
#3147=DIRECTION('',(0.319699404357614,0.250722781388859,-0.913745247728283));
#3148=DIRECTION('',(0.,-0.964355574576083,-0.264609761316609));
#3149=DIRECTION('',(0.,0.264609761316609,-0.964355574576083));
#3150=DIRECTION('',(0.319699404357614,-0.250722781388859,0.913745247728283));
#3151=DIRECTION('',(-0.319699404357614,0.250722781388859,-0.913745247728283));
#3152=DIRECTION('',(-0.9438942422598,0.,0.330247875736995));
#3153=DIRECTION('',(0.319699404357614,-0.250722781388859,0.913745247728283));
#3154=DIRECTION('',(0.9438942422598,0.,-0.330247875736995));
#3155=DIRECTION('',(-0.330247875736995,0.,-0.9438942422598));
#3156=DIRECTION('',(0.999979970957887,0.00632911392405024,0.));
#3157=DIRECTION('',(-0.00632911392405024,0.999979970957887,0.));
#3158=DIRECTION('',(0.999979970957887,0.00632911392405024,0.));
#3159=DIRECTION('',(-0.00632911392405024,0.999979970957887,0.));
#3160=DIRECTION('',(0.999979970957887,0.00632911392405024,0.));
#3161=DIRECTION('',(-0.00632911392405024,0.999979970957887,0.));
#3162=DIRECTION('',(0.999979970957887,0.00632911392405024,0.));
#3163=DIRECTION('',(-0.00632911392405024,0.999979970957887,0.));
#3164=DIRECTION('',(0.999979970957887,0.00632911392405024,0.));
#3165=DIRECTION('',(-0.00632911392405024,0.999979970957887,0.));
#3166=DIRECTION('',(0.999979970957887,0.00632911392405024,0.));
#3167=DIRECTION('',(-0.00632911392405024,0.999979970957887,0.));
#3168=DIRECTION('',(0.999979970957887,0.00632911392405024,0.));
#3169=DIRECTION('',(-0.00632911392405024,0.999979970957887,0.));
#3170=DIRECTION('',(0.999979970957887,0.00632911392405024,0.));
#3171=DIRECTION('',(-0.00632911392405024,0.999979970957887,0.));
#3172=DIRECTION('',(0.999979970957887,0.00632911392405024,0.));
#3173=DIRECTION('',(-0.00632911392405024,0.999979970957887,0.));
#3174=DIRECTION('',(0.,-1.,0.));
#3175=DIRECTION('',(0.,0.,-1.));
#3176=DIRECTION('',(0.,-1.,0.));
#3177=DIRECTION('',(0.,0.,-1.));
#3178=DIRECTION('',(0.,-1.,0.));
#3179=DIRECTION('',(0.,0.,-1.));
#3180=CARTESIAN_POINT('',(0.,0.,0.));
#3181=CARTESIAN_POINT('',(0.0434999683541134,-0.03721,-0.0004));
#3182=CARTESIAN_POINT('',(0.0450849683541135,-0.0379,-0.0004));
#3183=CARTESIAN_POINT('',(0.0445949367082269,-0.0379,-0.0004));
#3184=CARTESIAN_POINT('',(0.0460067391852825,-0.0379,-0.0004));
#3185=CARTESIAN_POINT('',(0.0434999683541134,-0.03721,-0.0004));
#3186=CARTESIAN_POINT('',(0.0441958519602512,-0.039715143909381,-0.0004));
#3187=CARTESIAN_POINT('',(0.0443531649319222,-0.0645700956025574,-0.0004));
#3188=CARTESIAN_POINT('',(0.044194937083821,-0.0395705963286102,-0.0004));
#3189=CARTESIAN_POINT('',(0.0441949367082269,-0.0387849841770568,-0.0004));
#3190=CARTESIAN_POINT('',(0.0441949367082269,-0.0383,-0.0004));
#3191=CARTESIAN_POINT('',(0.0441949367082269,-0.0383,-0.0004));
#3192=CARTESIAN_POINT('',(0.0442949367082269,-0.0383,-0.0004));
#3193=CARTESIAN_POINT('',(0.0445949367082269,-0.0383,-0.0004));
#3194=CARTESIAN_POINT('',(0.0445949367082269,-0.038,-0.0004));
#3195=CARTESIAN_POINT('',(0.0445949367082269,-0.0379,-0.0004));
#3196=CARTESIAN_POINT('',(0.0434999683541134,-0.03721,0.0036));
#3197=CARTESIAN_POINT('',(0.0460067391852825,-0.0379,0.0036));
#3198=CARTESIAN_POINT('',(0.0460067391852825,-0.0379,0.00335));
#3199=CARTESIAN_POINT('',(0.0434999683541134,-0.03721,0.00335));
#3200=CARTESIAN_POINT('',(0.0441958519602512,-0.039715143909381,0.00335));
#3201=CARTESIAN_POINT('',(0.0441958519602512,-0.039715143909381,0.0036));
#3202=CARTESIAN_POINT('',(0.0434999683541134,-0.04821,-0.0004));
#3203=CARTESIAN_POINT('',(0.0450849683541135,-0.0489,-0.0004));
#3204=CARTESIAN_POINT('',(0.0445949367082269,-0.0489,-0.0004));
#3205=CARTESIAN_POINT('',(0.0460067391852825,-0.0489,-0.0004));
#3206=CARTESIAN_POINT('',(0.0434999683541134,-0.04821,-0.0004));
#3207=CARTESIAN_POINT('',(0.0442653448054228,-0.0506947935302116,-0.0004));
#3208=CARTESIAN_POINT('',(0.0443531649319222,-0.0645700956025574,-0.0004));
#3209=CARTESIAN_POINT('',(0.0442565168214534,-0.0493,-0.0004));
#3210=CARTESIAN_POINT('',(0.0441949367082269,-0.0493,-0.0004));
#3211=CARTESIAN_POINT('',(0.0442949367082269,-0.0493,-0.0004));
#3212=CARTESIAN_POINT('',(0.0445949367082269,-0.0493,-0.0004));
#3213=CARTESIAN_POINT('',(0.0445949367082269,-0.049,-0.0004));
#3214=CARTESIAN_POINT('',(0.0445949367082269,-0.0489,-0.0004));
#3215=CARTESIAN_POINT('',(0.0434999683541134,-0.04821,0.0036));
#3216=CARTESIAN_POINT('',(0.0460067391852825,-0.0489,0.0036));
#3217=CARTESIAN_POINT('',(0.0460067391852825,-0.0489,0.00335));
#3218=CARTESIAN_POINT('',(0.0434999683541134,-0.04821,0.00335));
#3219=CARTESIAN_POINT('',(0.0442653448054228,-0.0506947935302116,0.00335));
#3220=CARTESIAN_POINT('',(0.0442653448054228,-0.0506947935302116,0.0036));
#3221=CARTESIAN_POINT('',(0.0434999683541134,-0.05921,-0.0004));
#3222=CARTESIAN_POINT('',(0.0450849683541135,-0.0599,-0.0004));
#3223=CARTESIAN_POINT('',(0.0445949367082269,-0.0599,-0.0004));
#3224=CARTESIAN_POINT('',(0.0460067391852825,-0.0599,-0.0004));
#3225=CARTESIAN_POINT('',(0.0434999683541134,-0.05921,-0.0004));
#3226=CARTESIAN_POINT('',(0.0443348242074189,-0.0616723191718787,-0.0004));
#3227=CARTESIAN_POINT('',(0.0443531649319222,-0.0645700956025574,-0.0004));
#3228=CARTESIAN_POINT('',(0.0443253060046691,-0.060168473258617,-0.0004));
#3229=CARTESIAN_POINT('',(0.0445949367082269,-0.0603,-0.0004));
#3230=CARTESIAN_POINT('',(0.0445949367082269,-0.06,-0.0004));
#3231=CARTESIAN_POINT('',(0.0445949367082269,-0.0599,-0.0004));
#3232=CARTESIAN_POINT('',(0.0434999683541134,-0.05921,0.0036));
#3233=CARTESIAN_POINT('',(0.0460067391852825,-0.0599,0.0036));
#3234=CARTESIAN_POINT('',(0.0460067391852825,-0.0599,0.00335));
#3235=CARTESIAN_POINT('',(0.0434999683541134,-0.05921,0.00335));
#3236=CARTESIAN_POINT('',(0.0443348242074189,-0.0616723191718788,0.00335));
#3237=CARTESIAN_POINT('',(0.0443348242074189,-0.0616723191718788,0.0036));
#3238=CARTESIAN_POINT('',(0.0434999683541134,-0.05921,0.0036));
#3239=CARTESIAN_POINT('',(0.0409931975229444,-0.05852,0.0036));
#3240=CARTESIAN_POINT('',(0.0409931975229444,-0.05852,0.00335));
#3241=CARTESIAN_POINT('',(0.0409931975229444,-0.05852,-0.0004));
#3242=CARTESIAN_POINT('',(0.0434999683541134,-0.05921,0.00335));
#3243=CARTESIAN_POINT('',(0.042923167583963,-0.0566747878054187,0.00335));
#3244=CARTESIAN_POINT('',(0.042923167583963,-0.0566747878054187,0.0036));
#3245=CARTESIAN_POINT('',(0.042923167583963,-0.0566747878054187,-0.0004));
#3246=CARTESIAN_POINT('',(0.0434999683541134,-0.05921,-0.0004));
#3247=CARTESIAN_POINT('',(0.0434999683541134,-0.05921,-0.0004));
#3248=CARTESIAN_POINT('',(0.040125,-0.0599099979970557,-0.0004));
#3249=CARTESIAN_POINT('',(0.0409959709890754,-0.0599099979970557,-0.0004));
#3250=CARTESIAN_POINT('',(0.041125,-0.0599099979970557,-0.0004));
#3251=CARTESIAN_POINT('',(0.0419143512656643,-0.0599050020029042,-0.0004));
#3252=CARTESIAN_POINT('',(0.0424043414514337,-0.0599019007370814,-0.0004));
#3253=CARTESIAN_POINT('',(0.0424043414514337,-0.0599019007370814,-0.0004));
#3254=CARTESIAN_POINT('',(0.0424049743628261,-0.0600018987341772,-0.0004));
#3255=CARTESIAN_POINT('',(0.0424068730970033,-0.0603018927254646,-0.0004));
#3256=CARTESIAN_POINT('',(0.0427068670882907,-0.0602999939912874,-0.0004));
#3257=CARTESIAN_POINT('',(0.0428068650853864,-0.060299361079895,-0.0004));
#3258=CARTESIAN_POINT('',(0.0428068650853864,-0.060299361079895,-0.0004));
#3259=CARTESIAN_POINT('',(0.0428099663512093,-0.0607893512656643,-0.0004));
#3260=CARTESIAN_POINT('',(0.0428149663512093,-0.0615793354427211,-0.0004));
#3261=CARTESIAN_POINT('',(0.0435049525311702,-0.0615749683541135,-0.0004));
#3262=CARTESIAN_POINT('',(0.0429542040686844,-0.0615784541736937,-0.0004));
#3263=CARTESIAN_POINT('',(0.0429731941993105,-0.0645788347166682,-0.0004));
#3264=CARTESIAN_POINT('',(0.0429553044454123,-0.0617523102144621,-0.0004));
#3265=CARTESIAN_POINT('',(0.0434999683541134,-0.05921,-0.0004));
#3266=CARTESIAN_POINT('',(0.0434999683541134,-0.05921,-0.0004));
#3267=CARTESIAN_POINT('',(0.041915,-0.05852,-0.0004));
#3268=CARTESIAN_POINT('',(0.042405,-0.05852,-0.0004));
#3269=CARTESIAN_POINT('',(0.0429731941993105,-0.0645788347166682,-0.0004));
#3270=CARTESIAN_POINT('',(0.0429242132517079,-0.05684,-0.0004));
#3271=CARTESIAN_POINT('',(0.043495,-0.05684,-0.0004));
#3272=CARTESIAN_POINT('',(0.042805,-0.05684,-0.0004));
#3273=CARTESIAN_POINT('',(0.042805,-0.05763,-0.0004));
#3274=CARTESIAN_POINT('',(0.042805,-0.05812,-0.0004));
#3275=CARTESIAN_POINT('',(0.042805,-0.05812,-0.0004));
#3276=CARTESIAN_POINT('',(0.042705,-0.05812,-0.0004));
#3277=CARTESIAN_POINT('',(0.042405,-0.05812,-0.0004));
#3278=CARTESIAN_POINT('',(0.042405,-0.05842,-0.0004));
#3279=CARTESIAN_POINT('',(0.042405,-0.05852,-0.0004));
#3280=CARTESIAN_POINT('',(0.0434999683541134,-0.04821,0.0036));
#3281=CARTESIAN_POINT('',(0.0409931975229444,-0.04752,0.0036));
#3282=CARTESIAN_POINT('',(0.0409931975229444,-0.04752,0.00335));
#3283=CARTESIAN_POINT('',(0.0409931975229444,-0.04752,-0.0004));
#3284=CARTESIAN_POINT('',(0.0434999683541134,-0.04821,0.00335));
#3285=CARTESIAN_POINT('',(0.0428536524237369,-0.0456916124765753,0.00335));
#3286=CARTESIAN_POINT('',(0.0428536524237369,-0.0456916124765753,0.0036));
#3287=CARTESIAN_POINT('',(0.0428536524237369,-0.0456916124765753,-0.0004));
#3288=CARTESIAN_POINT('',(0.0434999683541134,-0.04821,-0.0004));
#3289=CARTESIAN_POINT('',(0.0434999683541134,-0.04821,-0.0004));
#3290=CARTESIAN_POINT('',(0.040125,-0.0489099979970557,-0.0004));
#3291=CARTESIAN_POINT('',(0.0409959709890754,-0.0489099979970557,-0.0004));
#3292=CARTESIAN_POINT('',(0.041125,-0.0489099979970557,-0.0004));
#3293=CARTESIAN_POINT('',(0.0419143512656643,-0.0489050020029042,-0.0004));
#3294=CARTESIAN_POINT('',(0.0424043414514337,-0.0489019007370814,-0.0004));
#3295=CARTESIAN_POINT('',(0.0424043414514337,-0.0489019007370814,-0.0004));
#3296=CARTESIAN_POINT('',(0.0424049743628261,-0.0490018987341772,-0.0004));
#3297=CARTESIAN_POINT('',(0.0424068730970033,-0.0493018927254646,-0.0004));
#3298=CARTESIAN_POINT('',(0.0427068670882907,-0.0492999939912874,-0.0004));
#3299=CARTESIAN_POINT('',(0.0428068650853864,-0.049299361079895,-0.0004));
#3300=CARTESIAN_POINT('',(0.0428068650853864,-0.049299361079895,-0.0004));
#3301=CARTESIAN_POINT('',(0.0428099663512093,-0.0497893512656643,-0.0004));
#3302=CARTESIAN_POINT('',(0.0428149663512093,-0.0505793354427211,-0.0004));
#3303=CARTESIAN_POINT('',(0.0435049525311702,-0.0505749683541135,-0.0004));
#3304=CARTESIAN_POINT('',(0.0428845852099468,-0.0505788948082074,-0.0004));
#3305=CARTESIAN_POINT('',(0.0429731941993105,-0.0645788347166682,-0.0004));
#3306=CARTESIAN_POINT('',(0.0428855818881633,-0.0507363668123329,-0.0004));
#3307=CARTESIAN_POINT('',(0.0434999683541134,-0.04821,-0.0004));
#3308=CARTESIAN_POINT('',(0.0434999683541134,-0.04821,-0.0004));
#3309=CARTESIAN_POINT('',(0.041915,-0.04752,-0.0004));
#3310=CARTESIAN_POINT('',(0.042405,-0.04752,-0.0004));
#3311=CARTESIAN_POINT('',(0.0429731941993105,-0.0645788347166682,-0.0004));
#3312=CARTESIAN_POINT('',(0.0428545916040884,-0.04584,-0.0004));
#3313=CARTESIAN_POINT('',(0.043495,-0.04584,-0.0004));
#3314=CARTESIAN_POINT('',(0.042805,-0.04584,-0.0004));
#3315=CARTESIAN_POINT('',(0.042805,-0.04663,-0.0004));
#3316=CARTESIAN_POINT('',(0.042805,-0.04712,-0.0004));
#3317=CARTESIAN_POINT('',(0.042805,-0.04712,-0.0004));
#3318=CARTESIAN_POINT('',(0.042705,-0.04712,-0.0004));
#3319=CARTESIAN_POINT('',(0.042405,-0.04712,-0.0004));
#3320=CARTESIAN_POINT('',(0.042405,-0.04742,-0.0004));
#3321=CARTESIAN_POINT('',(0.042405,-0.04752,-0.0004));
#3322=CARTESIAN_POINT('',(0.0434999683541134,-0.03721,0.0036));
#3323=CARTESIAN_POINT('',(0.0409931975229444,-0.03652,0.0036));
#3324=CARTESIAN_POINT('',(0.0409931975229444,-0.03652,0.00335));
#3325=CARTESIAN_POINT('',(0.0409931975229444,-0.03652,-0.0004));
#3326=CARTESIAN_POINT('',(0.0434999683541134,-0.03721,0.00335));
#3327=CARTESIAN_POINT('',(0.042805,-0.0347046020302593,0.00335));
#3328=CARTESIAN_POINT('',(0.042805,-0.0347046020302593,0.0036));
#3329=CARTESIAN_POINT('',(0.042805,-0.0347046020302593,-0.0004));
#3330=CARTESIAN_POINT('',(0.0434999683541134,-0.03721,-0.0004));
#3331=CARTESIAN_POINT('',(0.0434999683541134,-0.03721,-0.0004));
#3332=CARTESIAN_POINT('',(0.040125,-0.0379099979970557,-0.0004));
#3333=CARTESIAN_POINT('',(0.0409959709890754,-0.0379099979970557,-0.0004));
#3334=CARTESIAN_POINT('',(0.041125,-0.0379099979970557,-0.0004));
#3335=CARTESIAN_POINT('',(0.0419143512656643,-0.0379050020029042,-0.0004));
#3336=CARTESIAN_POINT('',(0.0424043414514337,-0.0379019007370814,-0.0004));
#3337=CARTESIAN_POINT('',(0.0424043414514337,-0.0379019007370814,-0.0004));
#3338=CARTESIAN_POINT('',(0.0424049743628261,-0.0380018987341772,-0.0004));
#3339=CARTESIAN_POINT('',(0.0424068730970033,-0.0383018927254646,-0.0004));
#3340=CARTESIAN_POINT('',(0.0427068670882907,-0.0382999939912874,-0.0004));
#3341=CARTESIAN_POINT('',(0.0428068650853864,-0.0382993610798949,-0.0004));
#3342=CARTESIAN_POINT('',(0.0428068650853864,-0.0382993610798949,-0.0004));
#3343=CARTESIAN_POINT('',(0.0428099663512093,-0.0387893512656644,-0.0004));
#3344=CARTESIAN_POINT('',(0.0428158464064303,-0.0397183813826247,-0.0004));
#3345=CARTESIAN_POINT('',(0.0434999683541134,-0.03721,-0.0004));
#3346=CARTESIAN_POINT('',(0.0434999683541134,-0.03721,-0.0004));
#3347=CARTESIAN_POINT('',(0.041915,-0.03652,-0.0004));
#3348=CARTESIAN_POINT('',(0.042405,-0.03652,-0.0004));
#3349=CARTESIAN_POINT('',(0.042805,-0.03563,-0.0004));
#3350=CARTESIAN_POINT('',(0.042805,-0.03612,-0.0004));
#3351=CARTESIAN_POINT('',(0.042805,-0.03612,-0.0004));
#3352=CARTESIAN_POINT('',(0.042705,-0.03612,-0.0004));
#3353=CARTESIAN_POINT('',(0.042405,-0.03612,-0.0004));
#3354=CARTESIAN_POINT('',(0.042405,-0.03642,-0.0004));
#3355=CARTESIAN_POINT('',(0.042405,-0.03652,-0.0004));
#3356=CARTESIAN_POINT('',(0.043495,-0.05684,0.0036));
#3357=CARTESIAN_POINT('',(0.0429242132517079,-0.05684,0.0036));
#3358=CARTESIAN_POINT('',(0.0429242132517079,-0.05684,0.00335));
#3359=CARTESIAN_POINT('',(0.043495,-0.05684,0.00335));
#3360=CARTESIAN_POINT('',(0.042805,-0.05684,0.00335));
#3361=CARTESIAN_POINT('',(0.042805,-0.05684,0.0036));
#3362=CARTESIAN_POINT('',(0.0435049525311702,-0.0615749683541135,0.0036));
#3363=CARTESIAN_POINT('',(0.0435049525311702,-0.0615749683541135,0.00335));
#3364=CARTESIAN_POINT('',(0.0429542040686844,-0.0615784541736937,0.00335));
#3365=CARTESIAN_POINT('',(0.0428149663512093,-0.0615793354427211,0.00335));
#3366=CARTESIAN_POINT('',(0.0429542040686844,-0.0615784541736937,0.0036));
#3367=CARTESIAN_POINT('',(0.0428149663512093,-0.0615793354427211,0.0036));
#3368=CARTESIAN_POINT('',(0.0434999683541134,-0.05921,0.0036));
#3369=CARTESIAN_POINT('',(0.0434999683541134,-0.05921,0.00335));
#3370=CARTESIAN_POINT('',(0.0429553044454123,-0.0617523102144621,0.00335));
#3371=CARTESIAN_POINT('',(0.0409959709890753,-0.0599099979970557,0.00335));
#3372=CARTESIAN_POINT('',(0.0409959709890753,-0.0599099979970557,0.0036));
#3373=CARTESIAN_POINT('',(0.0429553044454123,-0.0617523102144621,0.0036));
#3374=CARTESIAN_POINT('',(0.0434999683541134,-0.05921,-0.0004));
#3375=CARTESIAN_POINT('',(0.0434999683541134,-0.05921,-0.0004));
#3376=CARTESIAN_POINT('',(0.0460067391852825,-0.05852,-0.0004));
#3377=CARTESIAN_POINT('',(0.0443035893498013,-0.0567373105137746,-0.0004));
#3378=CARTESIAN_POINT('',(0.04508,-0.05852,-0.0004));
#3379=CARTESIAN_POINT('',(0.044585,-0.05852,-0.0004));
#3380=CARTESIAN_POINT('',(0.044585,-0.05852,-0.0004));
#3381=CARTESIAN_POINT('',(0.044585,-0.05842,-0.0004));
#3382=CARTESIAN_POINT('',(0.044585,-0.05812,-0.0004));
#3383=CARTESIAN_POINT('',(0.0443131436686868,-0.0582468626622001,-0.0004));
#3384=CARTESIAN_POINT('',(0.0443531649319222,-0.0645700956025574,-0.0004));
#3385=CARTESIAN_POINT('',(0.0434999683541134,-0.03721,0.0036));
#3386=CARTESIAN_POINT('',(0.0434999683541134,-0.03721,0.00335));
#3387=CARTESIAN_POINT('',(0.0428158464064303,-0.0397183813826247,0.00335));
#3388=CARTESIAN_POINT('',(0.0409959709890753,-0.0379099979970557,0.00335));
#3389=CARTESIAN_POINT('',(0.0409959709890753,-0.0379099979970557,0.0036));
#3390=CARTESIAN_POINT('',(0.0428158464064303,-0.0397183813826247,0.0036));
#3391=CARTESIAN_POINT('',(0.0434999683541134,-0.03721,-0.0004));
#3392=CARTESIAN_POINT('',(0.0434999683541134,-0.03721,-0.0004));
#3393=CARTESIAN_POINT('',(0.0460067391852825,-0.03652,-0.0004));
#3394=CARTESIAN_POINT('',(0.044185,-0.0347018669006343,-0.0004));
#3395=CARTESIAN_POINT('',(0.04508,-0.03652,-0.0004));
#3396=CARTESIAN_POINT('',(0.044585,-0.03652,-0.0004));
#3397=CARTESIAN_POINT('',(0.044585,-0.03652,-0.0004));
#3398=CARTESIAN_POINT('',(0.044585,-0.03642,-0.0004));
#3399=CARTESIAN_POINT('',(0.044585,-0.03612,-0.0004));
#3400=CARTESIAN_POINT('',(0.044285,-0.03612,-0.0004));
#3401=CARTESIAN_POINT('',(0.044185,-0.03612,-0.0004));
#3402=CARTESIAN_POINT('',(0.044185,-0.03612,-0.0004));
#3403=CARTESIAN_POINT('',(0.044185,-0.03563,-0.0004));
#3404=CARTESIAN_POINT('',(0.043495,-0.04584,0.0036));
#3405=CARTESIAN_POINT('',(0.0428545916040884,-0.04584,0.0036));
#3406=CARTESIAN_POINT('',(0.0428545916040884,-0.04584,0.00335));
#3407=CARTESIAN_POINT('',(0.043495,-0.04584,0.00335));
#3408=CARTESIAN_POINT('',(0.042805,-0.04584,0.00335));
#3409=CARTESIAN_POINT('',(0.042805,-0.04584,0.0036));
#3410=CARTESIAN_POINT('',(0.0435049525311702,-0.0505749683541135,0.0036));
#3411=CARTESIAN_POINT('',(0.0435049525311702,-0.0505749683541135,0.00335));
#3412=CARTESIAN_POINT('',(0.0428845852099468,-0.0505788948082074,0.00335));
#3413=CARTESIAN_POINT('',(0.0428149663512093,-0.0505793354427211,0.00335));
#3414=CARTESIAN_POINT('',(0.0428845852099468,-0.0505788948082074,0.0036));
#3415=CARTESIAN_POINT('',(0.0428149663512093,-0.0505793354427211,0.0036));
#3416=CARTESIAN_POINT('',(0.0434999683541134,-0.04821,0.0036));
#3417=CARTESIAN_POINT('',(0.0434999683541134,-0.04821,0.00335));
#3418=CARTESIAN_POINT('',(0.0428855818881633,-0.0507363668123329,0.00335));
#3419=CARTESIAN_POINT('',(0.0409959709890753,-0.0489099979970557,0.00335));
#3420=CARTESIAN_POINT('',(0.0409959709890753,-0.0489099979970557,0.0036));
#3421=CARTESIAN_POINT('',(0.0428855818881633,-0.0507363668123329,0.0036));
#3422=CARTESIAN_POINT('',(0.0434999683541134,-0.04821,-0.0004));
#3423=CARTESIAN_POINT('',(0.0434999683541134,-0.04821,-0.0004));
#3424=CARTESIAN_POINT('',(0.0460067391852825,-0.04752,-0.0004));
#3425=CARTESIAN_POINT('',(0.0442338310343224,-0.0457157174244692,-0.0004));
#3426=CARTESIAN_POINT('',(0.04508,-0.04752,-0.0004));
#3427=CARTESIAN_POINT('',(0.044585,-0.04752,-0.0004));
#3428=CARTESIAN_POINT('',(0.044585,-0.04752,-0.0004));
#3429=CARTESIAN_POINT('',(0.044585,-0.04742,-0.0004));
#3430=CARTESIAN_POINT('',(0.044585,-0.04712,-0.0004));
#3431=CARTESIAN_POINT('',(0.044285,-0.04712,-0.0004));
#3432=CARTESIAN_POINT('',(0.044185,-0.04712,-0.0004));
#3433=CARTESIAN_POINT('',(0.0442427190767434,-0.04712,-0.0004));
#3434=CARTESIAN_POINT('',(0.0443531649319222,-0.0645700956025574,-0.0004));
#3435=CARTESIAN_POINT('',(0.0325137781065615,0.,-0.0113758572424054));
#3436=CARTESIAN_POINT('',(0.0376660323051543,0.,0.00335));
#3437=CARTESIAN_POINT('',(0.0376660323051543,-0.0308036467597989,0.00335));
#3438=CARTESIAN_POINT('',(0.0376660323051543,-0.0656163532402011,0.00335));
#3439=CARTESIAN_POINT('',(0.038097198077177,-0.0652782134747598,0.00458233158960843));
#3440=CARTESIAN_POINT('',(0.0363539896222274,-0.0666453166548353,-0.0004));
#3441=CARTESIAN_POINT('',(0.0363539896222274,-0.04821,-0.0004));
#3442=CARTESIAN_POINT('',(0.0363539896222274,-0.0297746833451648,-0.0004));
#3443=CARTESIAN_POINT('',(0.0303685638977375,-0.0250806408634281,-0.0175071770445514));
#3444=CARTESIAN_POINT('',(0.0449976271341924,0.,0.0157436819814631));
#3445=CARTESIAN_POINT('',(0.0400106744042017,-0.0583046531713758,0.0299970846952744));
#3446=CARTESIAN_POINT('',(0.0493339044030726,-0.0656163532402011,0.00335));
#3447=CARTESIAN_POINT('',(0.0506459470859995,-0.0666453166548353,-0.0004));
#3448=CARTESIAN_POINT('',(0.0493339044030726,0.,0.00335));
#3449=CARTESIAN_POINT('',(0.0493339044030726,-0.0308036467597989,0.00335));
#3450=CARTESIAN_POINT('',(0.0477393085836412,-0.032054201166812,0.00790757606111452));
#3451=CARTESIAN_POINT('',(0.0506459470859995,-0.0297746833451648,-0.0004));
#3452=CARTESIAN_POINT('',(0.0506459470859995,-0.04821,-0.0004));
#3453=CARTESIAN_POINT('',(0.,-0.0618768520019518,0.0169784045127307));
#3454=CARTESIAN_POINT('',(0.,-0.0656163532402011,0.00335));
#3455=CARTESIAN_POINT('',(0.0434999683541134,-0.0666453166548353,-0.0004));
#3456=CARTESIAN_POINT('',(0.,-0.0277919810259518,-0.00762584845224287));
#3457=CARTESIAN_POINT('',(0.,-0.0308036467597989,0.00335));
#3458=CARTESIAN_POINT('',(0.0434999683541134,-0.0297746833451648,-0.0004));
#3459=CARTESIAN_POINT('',(0.0445949367082269,-0.0603,0.0036));
#3460=CARTESIAN_POINT('',(0.0443253060046691,-0.0601684732586166,0.0036));
#3461=CARTESIAN_POINT('',(0.04432530600467,-0.0601684732587477,0.00335));
#3462=CARTESIAN_POINT('',(0.0445949367082269,-0.0603,0.00335));
#3463=CARTESIAN_POINT('',(0.0445949367082269,-0.06,0.00335));
#3464=CARTESIAN_POINT('',(0.0445949367082269,-0.06,0.0036));
#3465=CARTESIAN_POINT('',(0.0445949367082269,-0.05921,0.0036));
#3466=CARTESIAN_POINT('',(0.0445949367082269,-0.05921,0.00335));
#3467=CARTESIAN_POINT('',(0.0445949367082269,-0.0599,0.00335));
#3468=CARTESIAN_POINT('',(0.0445949367082269,-0.0599,0.0036));
#3469=CARTESIAN_POINT('',(0.0450849683541135,-0.0599,0.0036));
#3470=CARTESIAN_POINT('',(0.0450849683541135,-0.0599,0.00335));
#3471=CARTESIAN_POINT('',(0.045875,-0.0599,0.00335));
#3472=CARTESIAN_POINT('',(0.046875,-0.0599,0.00335));
#3473=CARTESIAN_POINT('',(0.04508,-0.05852,0.0036));
#3474=CARTESIAN_POINT('',(0.04508,-0.05852,0.00335));
#3475=CARTESIAN_POINT('',(0.044585,-0.05852,0.00335));
#3476=CARTESIAN_POINT('',(0.0460067391852825,-0.05852,0.00335));
#3477=CARTESIAN_POINT('',(0.044585,-0.05852,0.0036));
#3478=CARTESIAN_POINT('',(0.0460067391852825,-0.05852,0.0036));
#3479=CARTESIAN_POINT('',(0.044585,-0.05852,0.0036));
#3480=CARTESIAN_POINT('',(0.044585,-0.05852,0.00335));
#3481=CARTESIAN_POINT('',(0.044585,-0.05842,0.00335));
#3482=CARTESIAN_POINT('',(0.044585,-0.05842,0.0036));
#3483=CARTESIAN_POINT('',(0.044585,-0.05812,0.0036));
#3484=CARTESIAN_POINT('',(0.044585,-0.05812,0.00335));
#3485=CARTESIAN_POINT('',(0.0443131436686885,-0.0582468626624573,0.00335));
#3486=CARTESIAN_POINT('',(0.0443131436686885,-0.0582468626624576,0.0036));
#3487=CARTESIAN_POINT('',(0.042805,-0.05763,0.0036));
#3488=CARTESIAN_POINT('',(0.042805,-0.05763,0.00335));
#3489=CARTESIAN_POINT('',(0.042805,-0.05812,0.00335));
#3490=CARTESIAN_POINT('',(0.042805,-0.05812,0.0036));
#3491=CARTESIAN_POINT('',(0.042805,-0.05812,0.0036));
#3492=CARTESIAN_POINT('',(0.042805,-0.05812,0.00335));
#3493=CARTESIAN_POINT('',(0.042705,-0.05812,0.00335));
#3494=CARTESIAN_POINT('',(0.042705,-0.05812,0.0036));
#3495=CARTESIAN_POINT('',(0.042405,-0.05812,0.0036));
#3496=CARTESIAN_POINT('',(0.042405,-0.05812,0.00335));
#3497=CARTESIAN_POINT('',(0.042405,-0.05842,0.00335));
#3498=CARTESIAN_POINT('',(0.042405,-0.05842,0.0036));
#3499=CARTESIAN_POINT('',(0.042405,-0.05852,0.0036));
#3500=CARTESIAN_POINT('',(0.042405,-0.05852,0.00335));
#3501=CARTESIAN_POINT('',(0.042405,-0.05852,0.00335));
#3502=CARTESIAN_POINT('',(0.042405,-0.05852,0.0036));
#3503=CARTESIAN_POINT('',(0.041915,-0.05852,0.0036));
#3504=CARTESIAN_POINT('',(0.041915,-0.05852,0.00335));
#3505=CARTESIAN_POINT('',(0.041125,-0.05852,0.00335));
#3506=CARTESIAN_POINT('',(0.040125,-0.05852,0.00335));
#3507=CARTESIAN_POINT('',(0.0419143512656643,-0.0599050020029042,0.0036));
#3508=CARTESIAN_POINT('',(0.0419143512656643,-0.0599050020029042,0.00335));
#3509=CARTESIAN_POINT('',(0.0424043414514337,-0.0599019007370814,0.00335));
#3510=CARTESIAN_POINT('',(0.041125,-0.0599099979970557,0.00335));
#3511=CARTESIAN_POINT('',(0.0424043414514337,-0.0599019007370814,0.0036));
#3512=CARTESIAN_POINT('',(0.041125,-0.0599099979970557,0.0036));
#3513=CARTESIAN_POINT('',(0.0424043414514337,-0.0599019007370814,0.0036));
#3514=CARTESIAN_POINT('',(0.0424043414514337,-0.0599019007370814,0.00335));
#3515=CARTESIAN_POINT('',(0.0424049743628261,-0.0600018987341772,0.00335));
#3516=CARTESIAN_POINT('',(0.0424049743628261,-0.0600018987341772,0.0036));
#3517=CARTESIAN_POINT('',(0.0424068730970033,-0.0603018927254646,0.0036));
#3518=CARTESIAN_POINT('',(0.0424068730970033,-0.0603018927254646,0.00335));
#3519=CARTESIAN_POINT('',(0.0427068670882907,-0.0602999939912874,0.00335));
#3520=CARTESIAN_POINT('',(0.0427068670882907,-0.0602999939912874,0.0036));
#3521=CARTESIAN_POINT('',(0.0427068670882907,-0.0602999939912874,0.0036));
#3522=CARTESIAN_POINT('',(0.0427068670882907,-0.0602999939912874,0.00335));
#3523=CARTESIAN_POINT('',(0.0428068650853864,-0.060299361079895,0.00335));
#3524=CARTESIAN_POINT('',(0.0428068650853864,-0.060299361079895,0.0036));
#3525=CARTESIAN_POINT('',(0.0428099663512093,-0.0607893512656643,0.0036));
#3526=CARTESIAN_POINT('',(0.0428099663512093,-0.0607893512656643,0.00335));
#3527=CARTESIAN_POINT('',(0.0434999683541134,-0.05921,0.0036));
#3528=CARTESIAN_POINT('',(0.0434999683541134,-0.05921,0.00335));
#3529=CARTESIAN_POINT('',(0.0443035893498013,-0.0567373105137746,0.00335));
#3530=CARTESIAN_POINT('',(0.0443035893498013,-0.0567373105137746,0.0036));
#3531=CARTESIAN_POINT('',(0.0434999683541134,-0.0383,0.0036));
#3532=CARTESIAN_POINT('',(0.0434999683541134,-0.0383,0.00335));
#3533=CARTESIAN_POINT('',(0.0442949367082269,-0.0383,0.00335));
#3534=CARTESIAN_POINT('',(0.0441949367082269,-0.0383,0.00335));
#3535=CARTESIAN_POINT('',(0.0442949367082269,-0.0383,0.0036));
#3536=CARTESIAN_POINT('',(0.0441949367082269,-0.0383,0.0036));
#3537=CARTESIAN_POINT('',(0.0445949367082269,-0.0383,0.0036));
#3538=CARTESIAN_POINT('',(0.0445949367082269,-0.0383,0.00335));
#3539=CARTESIAN_POINT('',(0.0445949367082269,-0.038,0.00335));
#3540=CARTESIAN_POINT('',(0.0445949367082269,-0.038,0.0036));
#3541=CARTESIAN_POINT('',(0.0445949367082269,-0.03721,0.0036));
#3542=CARTESIAN_POINT('',(0.0445949367082269,-0.03721,0.00335));
#3543=CARTESIAN_POINT('',(0.0445949367082269,-0.0379,0.00335));
#3544=CARTESIAN_POINT('',(0.0445949367082269,-0.0379,0.0036));
#3545=CARTESIAN_POINT('',(0.0450849683541135,-0.0379,0.0036));
#3546=CARTESIAN_POINT('',(0.0450849683541135,-0.0379,0.00335));
#3547=CARTESIAN_POINT('',(0.045875,-0.0379,0.00335));
#3548=CARTESIAN_POINT('',(0.046875,-0.0379,0.00335));
#3549=CARTESIAN_POINT('',(0.04508,-0.03652,0.0036));
#3550=CARTESIAN_POINT('',(0.04508,-0.03652,0.00335));
#3551=CARTESIAN_POINT('',(0.044585,-0.03652,0.00335));
#3552=CARTESIAN_POINT('',(0.0460067391852825,-0.03652,0.00335));
#3553=CARTESIAN_POINT('',(0.044585,-0.03652,0.0036));
#3554=CARTESIAN_POINT('',(0.0460067391852825,-0.03652,0.0036));
#3555=CARTESIAN_POINT('',(0.044585,-0.03652,0.0036));
#3556=CARTESIAN_POINT('',(0.044585,-0.03652,0.00335));
#3557=CARTESIAN_POINT('',(0.044585,-0.03642,0.00335));
#3558=CARTESIAN_POINT('',(0.044585,-0.03642,0.0036));
#3559=CARTESIAN_POINT('',(0.044585,-0.03612,0.0036));
#3560=CARTESIAN_POINT('',(0.044585,-0.03612,0.00335));
#3561=CARTESIAN_POINT('',(0.044285,-0.03612,0.00335));
#3562=CARTESIAN_POINT('',(0.044285,-0.03612,0.0036));
#3563=CARTESIAN_POINT('',(0.0434999683541134,-0.03612,0.0036));
#3564=CARTESIAN_POINT('',(0.0434999683541134,-0.03612,0.00335));
#3565=CARTESIAN_POINT('',(0.044185,-0.03612,0.00335));
#3566=CARTESIAN_POINT('',(0.044185,-0.03612,0.0036));
#3567=CARTESIAN_POINT('',(0.044185,-0.03563,0.0036));
#3568=CARTESIAN_POINT('',(0.044185,-0.03563,0.00335));
#3569=CARTESIAN_POINT('',(0.044185,-0.03484,0.00335));
#3570=CARTESIAN_POINT('',(0.044185,-0.03384,0.00335));
#3571=CARTESIAN_POINT('',(0.044185,-0.0347018669006343,0.00335));
#3572=CARTESIAN_POINT('',(0.044185,-0.0347018669006343,0.0036));
#3573=CARTESIAN_POINT('',(0.042805,-0.03563,0.0036));
#3574=CARTESIAN_POINT('',(0.042805,-0.03563,0.00335));
#3575=CARTESIAN_POINT('',(0.042805,-0.03612,0.00335));
#3576=CARTESIAN_POINT('',(0.042805,-0.03612,0.0036));
#3577=CARTESIAN_POINT('',(0.042805,-0.03612,0.0036));
#3578=CARTESIAN_POINT('',(0.042805,-0.03612,0.00335));
#3579=CARTESIAN_POINT('',(0.042705,-0.03612,0.00335));
#3580=CARTESIAN_POINT('',(0.042705,-0.03612,0.0036));
#3581=CARTESIAN_POINT('',(0.042405,-0.03612,0.0036));
#3582=CARTESIAN_POINT('',(0.042405,-0.03612,0.00335));
#3583=CARTESIAN_POINT('',(0.042405,-0.03642,0.00335));
#3584=CARTESIAN_POINT('',(0.042405,-0.03642,0.0036));
#3585=CARTESIAN_POINT('',(0.042405,-0.03652,0.0036));
#3586=CARTESIAN_POINT('',(0.042405,-0.03652,0.00335));
#3587=CARTESIAN_POINT('',(0.042405,-0.03652,0.00335));
#3588=CARTESIAN_POINT('',(0.042405,-0.03652,0.0036));
#3589=CARTESIAN_POINT('',(0.041915,-0.03652,0.0036));
#3590=CARTESIAN_POINT('',(0.041915,-0.03652,0.00335));
#3591=CARTESIAN_POINT('',(0.041125,-0.03652,0.00335));
#3592=CARTESIAN_POINT('',(0.040125,-0.03652,0.00335));
#3593=CARTESIAN_POINT('',(0.0419143512656643,-0.0379050020029042,0.0036));
#3594=CARTESIAN_POINT('',(0.0419143512656643,-0.0379050020029042,0.00335));
#3595=CARTESIAN_POINT('',(0.0424043414514337,-0.0379019007370814,0.00335));
#3596=CARTESIAN_POINT('',(0.041125,-0.0379099979970557,0.00335));
#3597=CARTESIAN_POINT('',(0.0424043414514337,-0.0379019007370814,0.0036));
#3598=CARTESIAN_POINT('',(0.041125,-0.0379099979970557,0.0036));
#3599=CARTESIAN_POINT('',(0.0424043414514337,-0.0379019007370814,0.0036));
#3600=CARTESIAN_POINT('',(0.0424043414514337,-0.0379019007370814,0.00335));
#3601=CARTESIAN_POINT('',(0.0424049743628261,-0.0380018987341772,0.00335));
#3602=CARTESIAN_POINT('',(0.0424049743628261,-0.0380018987341772,0.0036));
#3603=CARTESIAN_POINT('',(0.0424068730970033,-0.0383018927254646,0.0036));
#3604=CARTESIAN_POINT('',(0.0424068730970033,-0.0383018927254646,0.00335));
#3605=CARTESIAN_POINT('',(0.0427068670882907,-0.0382999939912874,0.00335));
#3606=CARTESIAN_POINT('',(0.0427068670882907,-0.0382999939912874,0.0036));
#3607=CARTESIAN_POINT('',(0.0427068670882907,-0.0382999939912874,0.0036));
#3608=CARTESIAN_POINT('',(0.0427068670882907,-0.0382999939912874,0.00335));
#3609=CARTESIAN_POINT('',(0.0428068650853864,-0.0382993610798949,0.00335));
#3610=CARTESIAN_POINT('',(0.0428068650853864,-0.0382993610798949,0.0036));
#3611=CARTESIAN_POINT('',(0.0428099663512093,-0.0387893512656644,0.0036));
#3612=CARTESIAN_POINT('',(0.0428099663512093,-0.0387893512656644,0.00335));
#3613=CARTESIAN_POINT('',(0.0428149663512093,-0.039579335442721,0.00335));
#3614=CARTESIAN_POINT('',(0.0429731941993105,-0.0645788347166682,0.00335));
#3615=CARTESIAN_POINT('',(0.0441949367082269,-0.0387849841770568,0.0036));
#3616=CARTESIAN_POINT('',(0.0441949367082269,-0.0387849841770568,0.00335));
#3617=CARTESIAN_POINT('',(0.044194937083821,-0.0395705963286102,0.00335));
#3618=CARTESIAN_POINT('',(0.0441949370525102,-0.0395705913816131,0.0036));
#3619=CARTESIAN_POINT('',(0.0434999683541134,-0.03721,0.0036));
#3620=CARTESIAN_POINT('',(0.0434999683541134,-0.03721,0.00335));
#3621=CARTESIAN_POINT('',(0.0434999683541134,-0.0493,0.0036));
#3622=CARTESIAN_POINT('',(0.0442565168214534,-0.0493,0.0036));
#3623=CARTESIAN_POINT('',(0.0442565168214534,-0.0493,0.00335));
#3624=CARTESIAN_POINT('',(0.0434999683541134,-0.0493,0.00335));
#3625=CARTESIAN_POINT('',(0.0442949367082269,-0.0493,0.00335));
#3626=CARTESIAN_POINT('',(0.0442949367082269,-0.0493,0.0036));
#3627=CARTESIAN_POINT('',(0.0445949367082269,-0.0493,0.0036));
#3628=CARTESIAN_POINT('',(0.0445949367082269,-0.0493,0.00335));
#3629=CARTESIAN_POINT('',(0.0445949367082269,-0.049,0.00335));
#3630=CARTESIAN_POINT('',(0.0445949367082269,-0.049,0.0036));
#3631=CARTESIAN_POINT('',(0.0445949367082269,-0.04821,0.0036));
#3632=CARTESIAN_POINT('',(0.0445949367082269,-0.04821,0.00335));
#3633=CARTESIAN_POINT('',(0.0445949367082269,-0.0489,0.00335));
#3634=CARTESIAN_POINT('',(0.0445949367082269,-0.0489,0.0036));
#3635=CARTESIAN_POINT('',(0.0450849683541135,-0.0489,0.0036));
#3636=CARTESIAN_POINT('',(0.0450849683541135,-0.0489,0.00335));
#3637=CARTESIAN_POINT('',(0.045875,-0.0489,0.00335));
#3638=CARTESIAN_POINT('',(0.046875,-0.0489,0.00335));
#3639=CARTESIAN_POINT('',(0.04508,-0.04752,0.0036));
#3640=CARTESIAN_POINT('',(0.04508,-0.04752,0.00335));
#3641=CARTESIAN_POINT('',(0.044585,-0.04752,0.00335));
#3642=CARTESIAN_POINT('',(0.0460067391852825,-0.04752,0.00335));
#3643=CARTESIAN_POINT('',(0.044585,-0.04752,0.0036));
#3644=CARTESIAN_POINT('',(0.0460067391852825,-0.04752,0.0036));
#3645=CARTESIAN_POINT('',(0.044585,-0.04752,0.0036));
#3646=CARTESIAN_POINT('',(0.044585,-0.04752,0.00335));
#3647=CARTESIAN_POINT('',(0.044585,-0.04742,0.00335));
#3648=CARTESIAN_POINT('',(0.044585,-0.04742,0.0036));
#3649=CARTESIAN_POINT('',(0.044585,-0.04712,0.0036));
#3650=CARTESIAN_POINT('',(0.044585,-0.04712,0.00335));
#3651=CARTESIAN_POINT('',(0.044285,-0.04712,0.00335));
#3652=CARTESIAN_POINT('',(0.044285,-0.04712,0.0036));
#3653=CARTESIAN_POINT('',(0.0434999683541134,-0.04712,0.0036));
#3654=CARTESIAN_POINT('',(0.0434999683541134,-0.04712,0.00335));
#3655=CARTESIAN_POINT('',(0.0442427190767434,-0.04712,0.00335));
#3656=CARTESIAN_POINT('',(0.0442427190767434,-0.04712,0.0036));
#3657=CARTESIAN_POINT('',(0.042805,-0.04663,0.0036));
#3658=CARTESIAN_POINT('',(0.042805,-0.04663,0.00335));
#3659=CARTESIAN_POINT('',(0.042805,-0.04712,0.00335));
#3660=CARTESIAN_POINT('',(0.042805,-0.04712,0.0036));
#3661=CARTESIAN_POINT('',(0.042805,-0.04712,0.0036));
#3662=CARTESIAN_POINT('',(0.042805,-0.04712,0.00335));
#3663=CARTESIAN_POINT('',(0.042705,-0.04712,0.00335));
#3664=CARTESIAN_POINT('',(0.042705,-0.04712,0.0036));
#3665=CARTESIAN_POINT('',(0.042405,-0.04712,0.0036));
#3666=CARTESIAN_POINT('',(0.042405,-0.04712,0.00335));
#3667=CARTESIAN_POINT('',(0.042405,-0.04742,0.00335));
#3668=CARTESIAN_POINT('',(0.042405,-0.04742,0.0036));
#3669=CARTESIAN_POINT('',(0.042405,-0.04752,0.0036));
#3670=CARTESIAN_POINT('',(0.042405,-0.04752,0.00335));
#3671=CARTESIAN_POINT('',(0.042405,-0.04752,0.00335));
#3672=CARTESIAN_POINT('',(0.042405,-0.04752,0.0036));
#3673=CARTESIAN_POINT('',(0.041915,-0.04752,0.0036));
#3674=CARTESIAN_POINT('',(0.041915,-0.04752,0.00335));
#3675=CARTESIAN_POINT('',(0.041125,-0.04752,0.00335));
#3676=CARTESIAN_POINT('',(0.040125,-0.04752,0.00335));
#3677=CARTESIAN_POINT('',(0.0419143512656643,-0.0489050020029042,0.0036));
#3678=CARTESIAN_POINT('',(0.0419143512656643,-0.0489050020029042,0.00335));
#3679=CARTESIAN_POINT('',(0.0424043414514337,-0.0489019007370814,0.00335));
#3680=CARTESIAN_POINT('',(0.041125,-0.0489099979970557,0.00335));
#3681=CARTESIAN_POINT('',(0.0424043414514337,-0.0489019007370814,0.0036));
#3682=CARTESIAN_POINT('',(0.041125,-0.0489099979970557,0.0036));
#3683=CARTESIAN_POINT('',(0.0424043414514337,-0.0489019007370814,0.0036));
#3684=CARTESIAN_POINT('',(0.0424043414514337,-0.0489019007370814,0.00335));
#3685=CARTESIAN_POINT('',(0.0424049743628261,-0.0490018987341772,0.00335));
#3686=CARTESIAN_POINT('',(0.0424049743628261,-0.0490018987341772,0.0036));
#3687=CARTESIAN_POINT('',(0.0424068730970033,-0.0493018927254646,0.0036));
#3688=CARTESIAN_POINT('',(0.0424068730970033,-0.0493018927254646,0.00335));
#3689=CARTESIAN_POINT('',(0.0427068670882907,-0.0492999939912874,0.00335));
#3690=CARTESIAN_POINT('',(0.0427068670882907,-0.0492999939912874,0.0036));
#3691=CARTESIAN_POINT('',(0.0427068670882907,-0.0492999939912874,0.0036));
#3692=CARTESIAN_POINT('',(0.0427068670882907,-0.0492999939912874,0.00335));
#3693=CARTESIAN_POINT('',(0.0428068650853864,-0.049299361079895,0.00335));
#3694=CARTESIAN_POINT('',(0.0428068650853864,-0.049299361079895,0.0036));
#3695=CARTESIAN_POINT('',(0.0428099663512093,-0.0497893512656643,0.0036));
#3696=CARTESIAN_POINT('',(0.0428099663512093,-0.0497893512656643,0.00335));
#3697=CARTESIAN_POINT('',(0.0434999683541134,-0.04821,0.0036));
#3698=CARTESIAN_POINT('',(0.0434999683541134,-0.04821,0.00335));
#3699=CARTESIAN_POINT('',(0.0442338310343224,-0.0457157174244692,0.00335));
#3700=CARTESIAN_POINT('',(0.0442338310343224,-0.0457157174244692,0.0036));
#3701=CARTESIAN_POINT('',(0.0434999683541134,-0.04821,0.00335));
#3702=CARTESIAN_POINT('',(0.0443531649319222,-0.0645700956025574,0.00335));
#3703=CARTESIAN_POINT('',(0.0443531649319222,-0.0645700956025574,0.00335));
#3704=CARTESIAN_POINT('',(0.0443531649319222,-0.0645700956025574,0.00335));
#3705=CARTESIAN_POINT('',(0.0443531649319222,-0.0645700956025574,0.00335));
#3706=CARTESIAN_POINT('',(0.0443531649319222,-0.0645700956025574,0.00335));
#3707=CARTESIAN_POINT('',(0.0429731941993105,-0.0645788347166682,0.00335));
#3708=CARTESIAN_POINT('',(0.040125,-0.0599099979970557,0.00335));
#3709=CARTESIAN_POINT('',(0.0429731941993105,-0.0645788347166682,0.00335));
#3710=CARTESIAN_POINT('',(0.0429731941993105,-0.0645788347166682,0.00335));
#3711=CARTESIAN_POINT('',(0.040125,-0.0489099979970557,0.00335));
#3712=CARTESIAN_POINT('',(0.0429731941993105,-0.0645788347166682,0.00335));
#3713=CARTESIAN_POINT('',(0.040125,-0.0379099979970557,0.00335));
#3714=CARTESIAN_POINT('',(0.0344999683541135,-0.04821,-0.0007));
#3715=CARTESIAN_POINT('',(0.0344999683541135,-0.04821,-0.0004));
#3716=CARTESIAN_POINT('',(0.0344999683541135,-0.0678826537714166,-0.0004));
#3717=CARTESIAN_POINT('',(0.0344999683541135,-0.0285373462285834,-0.0004));
#3718=CARTESIAN_POINT('',(0.0344999683541135,-0.0285373462285834,-0.0007));
#3719=CARTESIAN_POINT('',(0.0344999683541135,-0.0285373462285834,-0.0007));
#3720=CARTESIAN_POINT('',(0.0344999683541135,-0.04821,-0.0007));
#3721=CARTESIAN_POINT('',(0.0344999683541135,-0.0678826537714166,-0.0007));
#3722=CARTESIAN_POINT('',(0.0344999683541135,-0.0678826537714166,-0.0007));
#3723=CARTESIAN_POINT('',(0.0344999683541135,-0.0285373462285834,-0.0007));
#3724=CARTESIAN_POINT('',(0.0344999683541135,-0.0285373462285834,-0.0004));
#3725=CARTESIAN_POINT('',(0.0344999683541135,-0.0282257500493438,-0.0007));
#3726=CARTESIAN_POINT('',(0.0344999683541135,-0.0282257500493438,-0.0004));
#3727=CARTESIAN_POINT('',(0.0347714792184186,-0.02796,-0.0007));
#3728=CARTESIAN_POINT('',(0.0347714792184186,-0.02796,-0.0004));
#3729=CARTESIAN_POINT('',(0.0350898300452516,-0.02796,-0.0007));
#3730=CARTESIAN_POINT('',(0.0350898300452516,-0.02796,-0.0004));
#3731=CARTESIAN_POINT('',(0.0351463119513998,-0.0285926297229818,-0.0004));
#3732=CARTESIAN_POINT('',(0.0350898300452516,-0.02796,-0.0004));
#3733=CARTESIAN_POINT('',(0.0350898300452516,-0.02796,-0.0007));
#3734=CARTESIAN_POINT('',(0.0350898300452516,-0.02796,-0.0007));
#3735=CARTESIAN_POINT('',(0.0351463119513998,-0.0285926297229818,-0.0007));
#3736=CARTESIAN_POINT('',(0.0434999683541134,-0.02796,-0.0007));
#3737=CARTESIAN_POINT('',(0.0434999683541134,-0.02796,-0.0004));
#3738=CARTESIAN_POINT('',(0.0519101066629753,-0.02796,-0.0004));
#3739=CARTESIAN_POINT('',(0.0519101066629753,-0.02796,-0.0007));
#3740=CARTESIAN_POINT('',(0.0519101066629753,-0.02796,-0.0007));
#3741=CARTESIAN_POINT('',(0.0434999683541134,-0.02796,-0.0007));
#3742=CARTESIAN_POINT('',(0.0519101066629753,-0.02796,-0.0007));
#3743=CARTESIAN_POINT('',(0.0519101066629753,-0.02796,-0.0004));
#3744=CARTESIAN_POINT('',(0.0522284574898083,-0.0279599999999999,-0.0007));
#3745=CARTESIAN_POINT('',(0.0522284574898083,-0.0279599999999999,-0.0004));
#3746=CARTESIAN_POINT('',(0.0524999683541135,-0.0282257500493438,-0.0007));
#3747=CARTESIAN_POINT('',(0.0524999683541135,-0.0282257500493438,-0.0004));
#3748=CARTESIAN_POINT('',(0.0524999683541135,-0.0285373462285834,-0.0007));
#3749=CARTESIAN_POINT('',(0.0524999683541135,-0.0285373462285834,-0.0004));
#3750=CARTESIAN_POINT('',(0.0518536247568272,-0.0285926297229817,-0.0004));
#3751=CARTESIAN_POINT('',(0.0524999683541135,-0.0285373462285834,-0.0004));
#3752=CARTESIAN_POINT('',(0.0524999683541135,-0.0285373462285834,-0.0007));
#3753=CARTESIAN_POINT('',(0.0524999683541135,-0.0285373462285834,-0.0007));
#3754=CARTESIAN_POINT('',(0.0518536247568272,-0.0285926297229817,-0.0007));
#3755=CARTESIAN_POINT('',(0.0524999683541135,-0.04821,-0.0007));
#3756=CARTESIAN_POINT('',(0.0524999683541135,-0.04821,-0.0004));
#3757=CARTESIAN_POINT('',(0.0524999683541135,-0.0678826537714166,-0.0004));
#3758=CARTESIAN_POINT('',(0.0524999683541135,-0.0678826537714166,-0.0007));
#3759=CARTESIAN_POINT('',(0.0524999683541135,-0.0678826537714166,-0.0007));
#3760=CARTESIAN_POINT('',(0.0524999683541135,-0.04821,-0.0007));
#3761=CARTESIAN_POINT('',(0.0524999683541135,-0.0678826537714166,-0.0007));
#3762=CARTESIAN_POINT('',(0.0524999683541135,-0.0678826537714166,-0.0004));
#3763=CARTESIAN_POINT('',(0.0524999683541135,-0.0681942499506562,-0.0007));
#3764=CARTESIAN_POINT('',(0.0524999683541135,-0.0681942499506562,-0.0004));
#3765=CARTESIAN_POINT('',(0.0522284574898084,-0.06846,-0.0007));
#3766=CARTESIAN_POINT('',(0.0522284574898084,-0.06846,-0.0004));
#3767=CARTESIAN_POINT('',(0.0519101066629754,-0.06846,-0.0007));
#3768=CARTESIAN_POINT('',(0.0519101066629754,-0.06846,-0.0004));
#3769=CARTESIAN_POINT('',(0.0518536247568272,-0.0678273702770182,-0.000400000000000005));
#3770=CARTESIAN_POINT('',(0.0519101066629754,-0.06846,-0.0004));
#3771=CARTESIAN_POINT('',(0.0519101066629754,-0.06846,-0.0007));
#3772=CARTESIAN_POINT('',(0.0519101066629754,-0.06846,-0.0007));
#3773=CARTESIAN_POINT('',(0.0518536247568272,-0.0678273702770182,-0.0007));
#3774=CARTESIAN_POINT('',(0.0434999683541134,-0.06846,-0.0007));
#3775=CARTESIAN_POINT('',(0.0434999683541134,-0.06846,-0.0004));
#3776=CARTESIAN_POINT('',(0.0350898300452516,-0.06846,-0.0004));
#3777=CARTESIAN_POINT('',(0.0350898300452516,-0.06846,-0.0007));
#3778=CARTESIAN_POINT('',(0.0350898300452516,-0.06846,-0.0007));
#3779=CARTESIAN_POINT('',(0.0434999683541134,-0.06846,-0.0007));
#3780=CARTESIAN_POINT('',(0.0506459470859995,-0.04821,-0.0007));
#3781=CARTESIAN_POINT('',(0.0506459470859995,-0.0297746833451648,-0.0007));
#3782=CARTESIAN_POINT('',(0.0506459470859995,-0.0297746833451648,-0.0007));
#3783=CARTESIAN_POINT('',(0.0506459470859995,-0.04821,-0.0007));
#3784=CARTESIAN_POINT('',(0.0506459470859995,-0.0666453166548353,-0.0007));
#3785=CARTESIAN_POINT('',(0.0506459470859995,-0.0666453166548353,-0.0007));
#3786=CARTESIAN_POINT('',(0.0434999683541134,-0.0297746833451648,-0.0007));
#3787=CARTESIAN_POINT('',(0.0363539896222274,-0.0297746833451648,-0.0007));
#3788=CARTESIAN_POINT('',(0.0363539896222274,-0.0297746833451648,-0.0007));
#3789=CARTESIAN_POINT('',(0.0434999683541134,-0.0297746833451648,-0.0007));
#3790=CARTESIAN_POINT('',(0.0363539896222274,-0.04821,-0.0007));
#3791=CARTESIAN_POINT('',(0.0363539896222274,-0.0666453166548353,-0.0007));
#3792=CARTESIAN_POINT('',(0.0363539896222274,-0.0666453166548353,-0.0007));
#3793=CARTESIAN_POINT('',(0.0363539896222274,-0.04821,-0.0007));
#3794=CARTESIAN_POINT('',(0.0434999683541134,-0.0666453166548353,-0.0007));
#3795=CARTESIAN_POINT('',(0.0434999683541134,-0.0666453166548353,-0.0007));
#3796=CARTESIAN_POINT('',(0.0350898300452516,-0.06846,-0.0007));
#3797=CARTESIAN_POINT('',(0.0350898300452516,-0.06846,-0.0004));
#3798=CARTESIAN_POINT('',(0.0347714792184186,-0.06846,-0.0007));
#3799=CARTESIAN_POINT('',(0.0347714792184186,-0.06846,-0.0004));
#3800=CARTESIAN_POINT('',(0.0344999683541135,-0.0681942499506562,-0.0007));
#3801=CARTESIAN_POINT('',(0.0344999683541135,-0.0681942499506562,-0.0004));
#3802=CARTESIAN_POINT('',(0.0344999683541135,-0.0678826537714166,-0.0007));
#3803=CARTESIAN_POINT('',(0.0344999683541135,-0.0678826537714166,-0.0004));
#3804=CARTESIAN_POINT('',(0.0351463119513998,-0.0678273702770182,-0.0004));
#3805=CARTESIAN_POINT('',(0.0351463119513998,-0.0678273702770182,-0.0007));
#3806=CARTESIAN_POINT('',(0.0434999683541134,-0.04821,-0.0007));
#3807=CARTESIAN_POINT('',(0.0434999683541134,-0.04821,0.0078));
#3808=CARTESIAN_POINT('',(0.0496309683541135,-0.0657447702770182,0.0078));
#3809=CARTESIAN_POINT('',(0.0378018583513998,-0.0657447702770182,0.0078));
#3810=CARTESIAN_POINT('',(0.0491980783568272,-0.0657447702770182,0.0078));
#3811=CARTESIAN_POINT('',(0.0491980783568272,-0.03021,0.0078));
#3812=CARTESIAN_POINT('',(0.0491980783568272,-0.0306752297229818,0.0078));
#3813=CARTESIAN_POINT('',(0.0373689683541134,-0.0306752297229818,0.0078));
#3814=CARTESIAN_POINT('',(0.0378018583513998,-0.0306752297229818,0.0078));
#3815=CARTESIAN_POINT('',(0.0378018583513998,-0.06621,0.0078));
#3816=CARTESIAN_POINT('',(0.0378018583513998,0.,0.00718992));
#3817=CARTESIAN_POINT('',(0.0378018583513998,-0.0657447702770182,0.00718992));
#3818=CARTESIAN_POINT('',(0.0372260073520819,-0.0657447702770182,0.00739139762402962));
#3819=CARTESIAN_POINT('',(0.0378018583513998,-0.0306752297229817,0.00718992));
#3820=CARTESIAN_POINT('',(0.0372260073520819,-0.0306752297229817,0.00739139762402962));
#3821=CARTESIAN_POINT('',(0.0372260073520819,-0.03021,0.00739139762402962));
#3822=CARTESIAN_POINT('',(0.0378018583513998,-0.0306752297229818,0.00718992));
#3823=CARTESIAN_POINT('',(0.0378018583513998,-0.0306752297229818,0.00718992));
#3824=CARTESIAN_POINT('',(0.0378018583513998,-0.0300868956740444,0.00735135312318404));
#3825=CARTESIAN_POINT('',(0.0378018583513998,-0.0306752297229818,0.00718992));
#3826=CARTESIAN_POINT('',(0.,-0.0306752297229818,0.00718992));
#3827=CARTESIAN_POINT('',(0.0491980783568272,-0.0306752297229818,0.00718992));
#3828=CARTESIAN_POINT('',(0.0491980783568272,-0.0300868956740444,0.00735135312318404));
#3829=CARTESIAN_POINT('',(0.0496309683541135,-0.0300868956740444,0.00735135312318404));
#3830=CARTESIAN_POINT('',(0.0491980783568272,-0.0306752297229818,0.00718992));
#3831=CARTESIAN_POINT('',(0.0491980783568272,-0.0306752297229818,0.00718992));
#3832=CARTESIAN_POINT('',(0.0497739293561451,-0.0306752297229817,0.00739139762402962));
#3833=CARTESIAN_POINT('',(0.0491980783568272,-0.0306752297229817,0.00718992));
#3834=CARTESIAN_POINT('',(0.0491980783568272,0.,0.00718992));
#3835=CARTESIAN_POINT('',(0.0491980783568272,-0.0657447702770182,0.00718992));
#3836=CARTESIAN_POINT('',(0.0497739293561451,-0.0657447702770182,0.00739139762402962));
#3837=CARTESIAN_POINT('',(0.0497739293561451,-0.06621,0.00739139762402962));
#3838=CARTESIAN_POINT('',(0.0491980783568272,-0.0657447702770182,0.00718992));
#3839=CARTESIAN_POINT('',(0.0491980783568272,-0.0657447702770182,0.00718992));
#3840=CARTESIAN_POINT('',(0.0491980783568272,-0.0663331043259556,0.00735135312318403));
#3841=CARTESIAN_POINT('',(0.0491980783568272,-0.0657447702770182,0.00718992));
#3842=CARTESIAN_POINT('',(0.,-0.0657447702770182,0.00718992));
#3843=CARTESIAN_POINT('',(0.0378018583513998,-0.0657447702770182,0.00718992));
#3844=CARTESIAN_POINT('',(0.0378018583513998,-0.0663331043259556,0.00735135312318403));
#3845=CARTESIAN_POINT('',(0.0373689683541134,-0.0663331043259556,0.00735135312318403));
#3846=CARTESIAN_POINT('',(0.0378018583513998,-0.0657447702770182,0.00718992));
#3847=CARTESIAN_POINT('',(0.0378018583513998,-0.0657447702770182,0.00718992));
#3848=CARTESIAN_POINT('',(0.0371077029746208,-0.0662891584254158,0.0052059276369511));
#3849=CARTESIAN_POINT('',(0.0371077029746208,-0.0668774924743532,0.00536736076013513));
#3850=CARTESIAN_POINT('',(0.036531851975303,-0.0662891584254158,0.00540740526098072));
#3851=CARTESIAN_POINT('',(0.,-0.06356447425746,0.0174414715950348));
#3852=CARTESIAN_POINT('',(0.0410001695067579,-0.0599039321709692,0.0307821138658011));
#3853=CARTESIAN_POINT('',(0.0410001695067579,-0.0593155981220318,0.030620680742617));
#3854=CARTESIAN_POINT('',(0.0415760205060757,-0.0593155981220318,0.0308221583666467));
#3855=CARTESIAN_POINT('',(0.0466494420581471,0.,0.0163216157640029));
#3856=CARTESIAN_POINT('',(0.0493046546855153,-0.031043256216156,0.00873264973248682));
#3857=CARTESIAN_POINT('',(0.0487288036861975,-0.031043256216156,0.00853117210845719));
#3858=CARTESIAN_POINT('',(0.0487288036861975,-0.0304549221672187,0.00869260523164122));
#3859=CARTESIAN_POINT('',(0.,-0.0261043587704436,-0.0071627813699388));
#3860=CARTESIAN_POINT('',(0.0293790687951812,-0.0234813618638346,-0.0167221478740247));
#3861=CARTESIAN_POINT('',(0.0293790687951812,-0.0240696959127721,-0.0168835809972088));
#3862=CARTESIAN_POINT('',(0.0288032177958634,-0.0240696959127721,-0.0166821033731792));
#3863=CARTESIAN_POINT('',(0.0308619631826068,0.,-0.0107979234598657));
#3864=CARTESIAN_POINT('',(0.0443531649632329,-0.0645701005495545,0.0036));
#3865=CARTESIAN_POINT('',(0.0429731941993105,-0.0645788347166682,0.0036));
#3866=CARTESIAN_POINT('',(0.0429731941993105,-0.0645788347166682,0.0036));
#3867=CARTESIAN_POINT('',(0.0443531649632329,-0.0645701005495545,0.0036));
#3868=CARTESIAN_POINT('',(0.0443531649632329,-0.0645701005495545,0.0036));
#3869=CARTESIAN_POINT('',(0.0443531649632329,-0.0645701005495545,0.0036));
#3870=CARTESIAN_POINT('',(0.0429731941993105,-0.0645788347166682,0.0036));
#3871=CARTESIAN_POINT('',(0.0443531649632329,-0.0645701005495545,0.0036));
#3872=CARTESIAN_POINT('',(0.0429731941993105,-0.0645788347166682,0.0036));
#3873=CARTESIAN_POINT('',(0.040125,-0.0379099979970557,0.0036));
#3874=CARTESIAN_POINT('',(0.040125,-0.0489099979970557,0.0036));
#3875=CARTESIAN_POINT('',(0.040125,-0.0599099979970557,0.0036));
#3876=MECHANICAL_DESIGN_GEOMETRIC_PRESENTATION_REPRESENTATION('',(#2329),
#3877);
#3877=(
GEOMETRIC_REPRESENTATION_CONTEXT(3)
GLOBAL_UNCERTAINTY_ASSIGNED_CONTEXT((#3878))
GLOBAL_UNIT_ASSIGNED_CONTEXT((#3881,#3880,#3879))
REPRESENTATION_CONTEXT('2.25u','TOP_LEVEL_ASSEMBLY_PART')
);
#3878=UNCERTAINTY_MEASURE_WITH_UNIT(LENGTH_MEASURE(2.E-5),#3881,
'DISTANCE_ACCURACY_VALUE','Maximum Tolerance applied to model');
#3879=(
NAMED_UNIT(*)
SI_UNIT($,.STERADIAN.)
SOLID_ANGLE_UNIT()
);
#3880=(
NAMED_UNIT(*)
PLANE_ANGLE_UNIT()
SI_UNIT($,.RADIAN.)
);
#3881=(
LENGTH_UNIT()
NAMED_UNIT(*)
SI_UNIT($,.METRE.)
);
#3882=PRODUCT_DEFINITION_SHAPE('','',#3883);
#3883=PRODUCT_DEFINITION('','',#3885,#3884);
#3884=PRODUCT_DEFINITION_CONTEXT('',#3891,'design');
#3885=PRODUCT_DEFINITION_FORMATION_WITH_SPECIFIED_SOURCE('','',#3887,
 .NOT_KNOWN.);
#3886=PRODUCT_RELATED_PRODUCT_CATEGORY('','',(#3887));
#3887=PRODUCT('2.25u','2.25u','2.25u',(#3889));
#3888=PRODUCT_CATEGORY('','');
#3889=PRODUCT_CONTEXT('',#3891,'mechanical');
#3890=APPLICATION_PROTOCOL_DEFINITION('international standard',
'ap242_managed_model_based_3d_engineering',2020,#3891);
#3891=APPLICATION_CONTEXT('managed model based 3d engineering');
ENDSEC;
END-ISO-10303-21;
