ISO-10303-21;
HEADER;
/* Generated by software containing ST-Developer
 * from STEP Tools, Inc. (www.steptools.com) 
 */
/* OPTION: using custom renumber hook */

FILE_DESCRIPTION(
/* description */ ('STEP AP242 Edition 2',
'CAx-IF Rec.Pracs.---Representation and Presentation of Product Manufa
cturing Information (PMI)---4.0---2014-10-13',
'CAx-IF Rec.Pracs.---3D Tessellated Geometry---0.4---2014-09-14','2;1',
'CAx-IF Rec.Pracs.---User Defined Attributes---1.5---2016-08-15'),
/* implementation_level */ '2;1');

FILE_NAME(
/* name */ 'Plate - Plate',
/* time_stamp */ '2026-04-23T14:48:02Z',
/* author */ (''),
/* organization */ (''),
/* preprocessor_version */ 'ST-DEVELOPER v20',
/* originating_system */ 'ONSHAPE BY PTC INC, 1.213',
/* authorisation */ '  ');

FILE_SCHEMA (('AP242_MANAGED_MODEL_BASED_3D_ENGINEERING_MIM_LF { 1 0 10303 442 3 1 4 }'));
ENDSEC;

DATA;
#10=SHAPE_REPRESENTATION_RELATIONSHIP('','',#11759,#11);
#11=ADVANCED_BREP_SHAPE_REPRESENTATION('',(#11757),#19773);
#12=PLANE('',#11764);
#13=PLANE('',#11768);
#14=PLANE('',#11772);
#15=PLANE('',#11779);
#16=PLANE('',#11783);
#17=PLANE('',#11787);
#18=PLANE('',#11794);
#19=PLANE('',#11798);
#20=PLANE('',#11802);
#21=PLANE('',#11809);
#22=PLANE('',#11813);
#23=PLANE('',#11817);
#24=PLANE('',#11824);
#25=PLANE('',#11828);
#26=PLANE('',#11832);
#27=PLANE('',#11839);
#28=PLANE('',#11843);
#29=PLANE('',#11847);
#30=PLANE('',#11854);
#31=PLANE('',#11858);
#32=PLANE('',#11862);
#33=PLANE('',#11869);
#34=PLANE('',#11873);
#35=PLANE('',#11877);
#36=PLANE('',#11884);
#37=PLANE('',#11888);
#38=PLANE('',#11892);
#39=PLANE('',#11899);
#40=PLANE('',#11903);
#41=PLANE('',#11907);
#42=PLANE('',#11914);
#43=PLANE('',#11918);
#44=PLANE('',#11922);
#45=PLANE('',#11929);
#46=PLANE('',#11933);
#47=PLANE('',#11937);
#48=PLANE('',#11944);
#49=PLANE('',#11948);
#50=PLANE('',#11952);
#51=PLANE('',#11959);
#52=PLANE('',#11963);
#53=PLANE('',#11967);
#54=PLANE('',#11974);
#55=PLANE('',#11978);
#56=PLANE('',#11982);
#57=PLANE('',#11989);
#58=PLANE('',#11993);
#59=PLANE('',#11997);
#60=PLANE('',#12004);
#61=PLANE('',#12008);
#62=PLANE('',#12012);
#63=PLANE('',#12019);
#64=PLANE('',#12023);
#65=PLANE('',#12027);
#66=PLANE('',#12034);
#67=PLANE('',#12038);
#68=PLANE('',#12042);
#69=PLANE('',#12049);
#70=PLANE('',#12053);
#71=PLANE('',#12057);
#72=PLANE('',#12064);
#73=PLANE('',#12068);
#74=PLANE('',#12072);
#75=PLANE('',#12079);
#76=PLANE('',#12083);
#77=PLANE('',#12087);
#78=PLANE('',#12094);
#79=PLANE('',#12098);
#80=PLANE('',#12102);
#81=PLANE('',#12109);
#82=PLANE('',#12113);
#83=PLANE('',#12117);
#84=PLANE('',#12124);
#85=PLANE('',#12128);
#86=PLANE('',#12132);
#87=PLANE('',#12139);
#88=PLANE('',#12143);
#89=PLANE('',#12147);
#90=PLANE('',#12154);
#91=PLANE('',#12158);
#92=PLANE('',#12162);
#93=PLANE('',#12169);
#94=PLANE('',#12173);
#95=PLANE('',#12177);
#96=PLANE('',#12184);
#97=PLANE('',#12188);
#98=PLANE('',#12192);
#99=PLANE('',#12199);
#100=PLANE('',#12203);
#101=PLANE('',#12207);
#102=PLANE('',#12214);
#103=PLANE('',#12218);
#104=PLANE('',#12222);
#105=PLANE('',#12229);
#106=PLANE('',#12233);
#107=PLANE('',#12237);
#108=PLANE('',#12244);
#109=PLANE('',#12248);
#110=PLANE('',#12252);
#111=PLANE('',#12259);
#112=PLANE('',#12263);
#113=PLANE('',#12267);
#114=PLANE('',#12274);
#115=PLANE('',#12278);
#116=PLANE('',#12282);
#117=PLANE('',#12289);
#118=PLANE('',#12293);
#119=PLANE('',#12297);
#120=PLANE('',#12304);
#121=PLANE('',#12308);
#122=PLANE('',#12312);
#123=PLANE('',#12319);
#124=PLANE('',#12323);
#125=PLANE('',#12327);
#126=PLANE('',#12334);
#127=PLANE('',#12338);
#128=PLANE('',#12342);
#129=PLANE('',#12349);
#130=PLANE('',#12353);
#131=PLANE('',#12357);
#132=PLANE('',#12364);
#133=PLANE('',#12368);
#134=PLANE('',#12372);
#135=PLANE('',#12379);
#136=PLANE('',#12383);
#137=PLANE('',#12387);
#138=PLANE('',#12394);
#139=PLANE('',#12398);
#140=PLANE('',#12402);
#141=PLANE('',#12409);
#142=PLANE('',#12413);
#143=PLANE('',#12417);
#144=PLANE('',#12424);
#145=PLANE('',#12428);
#146=PLANE('',#12432);
#147=PLANE('',#12439);
#148=PLANE('',#12443);
#149=PLANE('',#12447);
#150=PLANE('',#12454);
#151=PLANE('',#12458);
#152=PLANE('',#12462);
#153=PLANE('',#12469);
#154=PLANE('',#12473);
#155=PLANE('',#12477);
#156=PLANE('',#12484);
#157=PLANE('',#12488);
#158=PLANE('',#12492);
#159=PLANE('',#12499);
#160=PLANE('',#12503);
#161=PLANE('',#12507);
#162=PLANE('',#12514);
#163=PLANE('',#12518);
#164=PLANE('',#12522);
#165=PLANE('',#12529);
#166=PLANE('',#12533);
#167=PLANE('',#12537);
#168=PLANE('',#12544);
#169=PLANE('',#12548);
#170=PLANE('',#12552);
#171=PLANE('',#12559);
#172=PLANE('',#12563);
#173=PLANE('',#12567);
#174=PLANE('',#12574);
#175=PLANE('',#12578);
#176=PLANE('',#12582);
#177=PLANE('',#12589);
#178=PLANE('',#12593);
#179=PLANE('',#12597);
#180=PLANE('',#12604);
#181=PLANE('',#12608);
#182=PLANE('',#12612);
#183=PLANE('',#12619);
#184=PLANE('',#12623);
#185=PLANE('',#12627);
#186=PLANE('',#12634);
#187=PLANE('',#12638);
#188=PLANE('',#12642);
#189=PLANE('',#12649);
#190=PLANE('',#12653);
#191=PLANE('',#12657);
#192=PLANE('',#12664);
#193=PLANE('',#12668);
#194=PLANE('',#12672);
#195=PLANE('',#12679);
#196=PLANE('',#12683);
#197=PLANE('',#12687);
#198=PLANE('',#12694);
#199=PLANE('',#12698);
#200=PLANE('',#12702);
#201=PLANE('',#12709);
#202=PLANE('',#12713);
#203=PLANE('',#12717);
#204=PLANE('',#12724);
#205=PLANE('',#12728);
#206=PLANE('',#12732);
#207=PLANE('',#12739);
#208=PLANE('',#12743);
#209=PLANE('',#12747);
#210=PLANE('',#12754);
#211=PLANE('',#12758);
#212=PLANE('',#12762);
#213=PLANE('',#12769);
#214=PLANE('',#12773);
#215=PLANE('',#12777);
#216=PLANE('',#12784);
#217=PLANE('',#12788);
#218=PLANE('',#12792);
#219=PLANE('',#12799);
#220=PLANE('',#12803);
#221=PLANE('',#12807);
#222=PLANE('',#12814);
#223=PLANE('',#12818);
#224=PLANE('',#12822);
#225=PLANE('',#12826);
#226=PLANE('',#12827);
#227=PLANE('',#12828);
#228=PLANE('',#12829);
#229=PLANE('',#12830);
#230=PLANE('',#12831);
#231=PLANE('',#12832);
#232=PLANE('',#12833);
#233=PLANE('',#12834);
#234=PLANE('',#12835);
#235=PLANE('',#12836);
#236=PLANE('',#12837);
#237=PLANE('',#12838);
#238=PLANE('',#12839);
#239=PLANE('',#12840);
#240=PLANE('',#12841);
#241=PLANE('',#12842);
#242=PLANE('',#12843);
#243=PLANE('',#12844);
#244=PLANE('',#12845);
#245=PLANE('',#12846);
#246=PLANE('',#12847);
#247=PLANE('',#12848);
#248=PLANE('',#12849);
#249=PLANE('',#12850);
#250=PLANE('',#12851);
#251=PLANE('',#12852);
#252=PLANE('',#12853);
#253=PLANE('',#12854);
#254=PLANE('',#12855);
#255=PLANE('',#12856);
#256=PLANE('',#12857);
#257=PLANE('',#12858);
#258=PLANE('',#12859);
#259=PLANE('',#12860);
#260=PLANE('',#12861);
#261=PLANE('',#12862);
#262=PLANE('',#12863);
#263=PLANE('',#12864);
#264=PLANE('',#12865);
#265=PLANE('',#12866);
#266=PLANE('',#12867);
#267=PLANE('',#12868);
#268=PLANE('',#12869);
#269=PLANE('',#12870);
#270=PLANE('',#12871);
#271=PLANE('',#12872);
#272=PLANE('',#12873);
#273=PLANE('',#12874);
#274=PLANE('',#12875);
#275=PLANE('',#12876);
#276=PLANE('',#12877);
#277=PLANE('',#12878);
#278=PLANE('',#12879);
#279=PLANE('',#12880);
#280=PLANE('',#12881);
#281=PLANE('',#12882);
#282=PLANE('',#12883);
#283=PLANE('',#12884);
#284=PLANE('',#12885);
#285=PLANE('',#12886);
#286=PLANE('',#12887);
#287=PLANE('',#12888);
#288=PLANE('',#12889);
#289=PLANE('',#12890);
#290=PLANE('',#12891);
#291=PLANE('',#12892);
#292=PLANE('',#12893);
#293=PLANE('',#12894);
#294=PLANE('',#12895);
#295=PLANE('',#12896);
#296=PLANE('',#12897);
#297=PLANE('',#12898);
#298=PLANE('',#12899);
#299=PLANE('',#12900);
#300=PLANE('',#12901);
#301=PLANE('',#12902);
#302=LINE('',#16342,#1450);
#303=LINE('',#16346,#1451);
#304=LINE('',#16348,#1452);
#305=LINE('',#16350,#1453);
#306=LINE('',#16352,#1454);
#307=LINE('',#16356,#1455);
#308=LINE('',#16360,#1456);
#309=LINE('',#16362,#1457);
#310=LINE('',#16364,#1458);
#311=LINE('',#16368,#1459);
#312=LINE('',#16372,#1460);
#313=LINE('',#16374,#1461);
#314=LINE('',#16376,#1462);
#315=LINE('',#16380,#1463);
#316=LINE('',#16387,#1464);
#317=LINE('',#16391,#1465);
#318=LINE('',#16393,#1466);
#319=LINE('',#16395,#1467);
#320=LINE('',#16397,#1468);
#321=LINE('',#16401,#1469);
#322=LINE('',#16405,#1470);
#323=LINE('',#16407,#1471);
#324=LINE('',#16409,#1472);
#325=LINE('',#16413,#1473);
#326=LINE('',#16417,#1474);
#327=LINE('',#16419,#1475);
#328=LINE('',#16421,#1476);
#329=LINE('',#16425,#1477);
#330=LINE('',#16432,#1478);
#331=LINE('',#16436,#1479);
#332=LINE('',#16438,#1480);
#333=LINE('',#16440,#1481);
#334=LINE('',#16442,#1482);
#335=LINE('',#16446,#1483);
#336=LINE('',#16450,#1484);
#337=LINE('',#16452,#1485);
#338=LINE('',#16454,#1486);
#339=LINE('',#16458,#1487);
#340=LINE('',#16462,#1488);
#341=LINE('',#16464,#1489);
#342=LINE('',#16466,#1490);
#343=LINE('',#16470,#1491);
#344=LINE('',#16477,#1492);
#345=LINE('',#16481,#1493);
#346=LINE('',#16483,#1494);
#347=LINE('',#16485,#1495);
#348=LINE('',#16487,#1496);
#349=LINE('',#16491,#1497);
#350=LINE('',#16495,#1498);
#351=LINE('',#16497,#1499);
#352=LINE('',#16499,#1500);
#353=LINE('',#16503,#1501);
#354=LINE('',#16507,#1502);
#355=LINE('',#16509,#1503);
#356=LINE('',#16511,#1504);
#357=LINE('',#16515,#1505);
#358=LINE('',#16522,#1506);
#359=LINE('',#16526,#1507);
#360=LINE('',#16528,#1508);
#361=LINE('',#16530,#1509);
#362=LINE('',#16532,#1510);
#363=LINE('',#16536,#1511);
#364=LINE('',#16540,#1512);
#365=LINE('',#16542,#1513);
#366=LINE('',#16544,#1514);
#367=LINE('',#16548,#1515);
#368=LINE('',#16552,#1516);
#369=LINE('',#16554,#1517);
#370=LINE('',#16556,#1518);
#371=LINE('',#16560,#1519);
#372=LINE('',#16567,#1520);
#373=LINE('',#16571,#1521);
#374=LINE('',#16573,#1522);
#375=LINE('',#16575,#1523);
#376=LINE('',#16577,#1524);
#377=LINE('',#16581,#1525);
#378=LINE('',#16585,#1526);
#379=LINE('',#16587,#1527);
#380=LINE('',#16589,#1528);
#381=LINE('',#16593,#1529);
#382=LINE('',#16597,#1530);
#383=LINE('',#16599,#1531);
#384=LINE('',#16601,#1532);
#385=LINE('',#16605,#1533);
#386=LINE('',#16612,#1534);
#387=LINE('',#16616,#1535);
#388=LINE('',#16618,#1536);
#389=LINE('',#16620,#1537);
#390=LINE('',#16622,#1538);
#391=LINE('',#16626,#1539);
#392=LINE('',#16630,#1540);
#393=LINE('',#16632,#1541);
#394=LINE('',#16634,#1542);
#395=LINE('',#16638,#1543);
#396=LINE('',#16642,#1544);
#397=LINE('',#16644,#1545);
#398=LINE('',#16646,#1546);
#399=LINE('',#16650,#1547);
#400=LINE('',#16657,#1548);
#401=LINE('',#16661,#1549);
#402=LINE('',#16663,#1550);
#403=LINE('',#16665,#1551);
#404=LINE('',#16667,#1552);
#405=LINE('',#16671,#1553);
#406=LINE('',#16675,#1554);
#407=LINE('',#16677,#1555);
#408=LINE('',#16679,#1556);
#409=LINE('',#16683,#1557);
#410=LINE('',#16687,#1558);
#411=LINE('',#16689,#1559);
#412=LINE('',#16691,#1560);
#413=LINE('',#16695,#1561);
#414=LINE('',#16702,#1562);
#415=LINE('',#16706,#1563);
#416=LINE('',#16708,#1564);
#417=LINE('',#16710,#1565);
#418=LINE('',#16712,#1566);
#419=LINE('',#16716,#1567);
#420=LINE('',#16720,#1568);
#421=LINE('',#16722,#1569);
#422=LINE('',#16724,#1570);
#423=LINE('',#16728,#1571);
#424=LINE('',#16732,#1572);
#425=LINE('',#16734,#1573);
#426=LINE('',#16736,#1574);
#427=LINE('',#16740,#1575);
#428=LINE('',#16747,#1576);
#429=LINE('',#16751,#1577);
#430=LINE('',#16753,#1578);
#431=LINE('',#16755,#1579);
#432=LINE('',#16757,#1580);
#433=LINE('',#16761,#1581);
#434=LINE('',#16765,#1582);
#435=LINE('',#16767,#1583);
#436=LINE('',#16769,#1584);
#437=LINE('',#16773,#1585);
#438=LINE('',#16777,#1586);
#439=LINE('',#16779,#1587);
#440=LINE('',#16781,#1588);
#441=LINE('',#16785,#1589);
#442=LINE('',#16792,#1590);
#443=LINE('',#16796,#1591);
#444=LINE('',#16798,#1592);
#445=LINE('',#16800,#1593);
#446=LINE('',#16802,#1594);
#447=LINE('',#16806,#1595);
#448=LINE('',#16810,#1596);
#449=LINE('',#16812,#1597);
#450=LINE('',#16814,#1598);
#451=LINE('',#16818,#1599);
#452=LINE('',#16822,#1600);
#453=LINE('',#16824,#1601);
#454=LINE('',#16826,#1602);
#455=LINE('',#16830,#1603);
#456=LINE('',#16837,#1604);
#457=LINE('',#16841,#1605);
#458=LINE('',#16843,#1606);
#459=LINE('',#16845,#1607);
#460=LINE('',#16847,#1608);
#461=LINE('',#16851,#1609);
#462=LINE('',#16855,#1610);
#463=LINE('',#16857,#1611);
#464=LINE('',#16859,#1612);
#465=LINE('',#16863,#1613);
#466=LINE('',#16867,#1614);
#467=LINE('',#16869,#1615);
#468=LINE('',#16871,#1616);
#469=LINE('',#16875,#1617);
#470=LINE('',#16882,#1618);
#471=LINE('',#16886,#1619);
#472=LINE('',#16888,#1620);
#473=LINE('',#16890,#1621);
#474=LINE('',#16892,#1622);
#475=LINE('',#16896,#1623);
#476=LINE('',#16900,#1624);
#477=LINE('',#16902,#1625);
#478=LINE('',#16904,#1626);
#479=LINE('',#16908,#1627);
#480=LINE('',#16912,#1628);
#481=LINE('',#16914,#1629);
#482=LINE('',#16916,#1630);
#483=LINE('',#16920,#1631);
#484=LINE('',#16927,#1632);
#485=LINE('',#16931,#1633);
#486=LINE('',#16933,#1634);
#487=LINE('',#16935,#1635);
#488=LINE('',#16937,#1636);
#489=LINE('',#16941,#1637);
#490=LINE('',#16945,#1638);
#491=LINE('',#16947,#1639);
#492=LINE('',#16949,#1640);
#493=LINE('',#16953,#1641);
#494=LINE('',#16957,#1642);
#495=LINE('',#16959,#1643);
#496=LINE('',#16961,#1644);
#497=LINE('',#16965,#1645);
#498=LINE('',#16972,#1646);
#499=LINE('',#16976,#1647);
#500=LINE('',#16978,#1648);
#501=LINE('',#16980,#1649);
#502=LINE('',#16982,#1650);
#503=LINE('',#16986,#1651);
#504=LINE('',#16990,#1652);
#505=LINE('',#16992,#1653);
#506=LINE('',#16994,#1654);
#507=LINE('',#16998,#1655);
#508=LINE('',#17002,#1656);
#509=LINE('',#17004,#1657);
#510=LINE('',#17006,#1658);
#511=LINE('',#17010,#1659);
#512=LINE('',#17017,#1660);
#513=LINE('',#17021,#1661);
#514=LINE('',#17023,#1662);
#515=LINE('',#17025,#1663);
#516=LINE('',#17027,#1664);
#517=LINE('',#17031,#1665);
#518=LINE('',#17035,#1666);
#519=LINE('',#17037,#1667);
#520=LINE('',#17039,#1668);
#521=LINE('',#17043,#1669);
#522=LINE('',#17047,#1670);
#523=LINE('',#17049,#1671);
#524=LINE('',#17051,#1672);
#525=LINE('',#17055,#1673);
#526=LINE('',#17062,#1674);
#527=LINE('',#17066,#1675);
#528=LINE('',#17068,#1676);
#529=LINE('',#17070,#1677);
#530=LINE('',#17072,#1678);
#531=LINE('',#17076,#1679);
#532=LINE('',#17080,#1680);
#533=LINE('',#17082,#1681);
#534=LINE('',#17084,#1682);
#535=LINE('',#17088,#1683);
#536=LINE('',#17092,#1684);
#537=LINE('',#17094,#1685);
#538=LINE('',#17096,#1686);
#539=LINE('',#17100,#1687);
#540=LINE('',#17107,#1688);
#541=LINE('',#17111,#1689);
#542=LINE('',#17113,#1690);
#543=LINE('',#17115,#1691);
#544=LINE('',#17117,#1692);
#545=LINE('',#17121,#1693);
#546=LINE('',#17125,#1694);
#547=LINE('',#17127,#1695);
#548=LINE('',#17129,#1696);
#549=LINE('',#17133,#1697);
#550=LINE('',#17137,#1698);
#551=LINE('',#17139,#1699);
#552=LINE('',#17141,#1700);
#553=LINE('',#17145,#1701);
#554=LINE('',#17152,#1702);
#555=LINE('',#17156,#1703);
#556=LINE('',#17158,#1704);
#557=LINE('',#17160,#1705);
#558=LINE('',#17162,#1706);
#559=LINE('',#17166,#1707);
#560=LINE('',#17170,#1708);
#561=LINE('',#17172,#1709);
#562=LINE('',#17174,#1710);
#563=LINE('',#17178,#1711);
#564=LINE('',#17182,#1712);
#565=LINE('',#17184,#1713);
#566=LINE('',#17186,#1714);
#567=LINE('',#17190,#1715);
#568=LINE('',#17197,#1716);
#569=LINE('',#17201,#1717);
#570=LINE('',#17203,#1718);
#571=LINE('',#17205,#1719);
#572=LINE('',#17207,#1720);
#573=LINE('',#17211,#1721);
#574=LINE('',#17215,#1722);
#575=LINE('',#17217,#1723);
#576=LINE('',#17219,#1724);
#577=LINE('',#17223,#1725);
#578=LINE('',#17227,#1726);
#579=LINE('',#17229,#1727);
#580=LINE('',#17231,#1728);
#581=LINE('',#17235,#1729);
#582=LINE('',#17242,#1730);
#583=LINE('',#17246,#1731);
#584=LINE('',#17248,#1732);
#585=LINE('',#17250,#1733);
#586=LINE('',#17252,#1734);
#587=LINE('',#17256,#1735);
#588=LINE('',#17260,#1736);
#589=LINE('',#17262,#1737);
#590=LINE('',#17264,#1738);
#591=LINE('',#17268,#1739);
#592=LINE('',#17272,#1740);
#593=LINE('',#17274,#1741);
#594=LINE('',#17276,#1742);
#595=LINE('',#17280,#1743);
#596=LINE('',#17287,#1744);
#597=LINE('',#17291,#1745);
#598=LINE('',#17293,#1746);
#599=LINE('',#17295,#1747);
#600=LINE('',#17297,#1748);
#601=LINE('',#17301,#1749);
#602=LINE('',#17305,#1750);
#603=LINE('',#17307,#1751);
#604=LINE('',#17309,#1752);
#605=LINE('',#17313,#1753);
#606=LINE('',#17317,#1754);
#607=LINE('',#17319,#1755);
#608=LINE('',#17321,#1756);
#609=LINE('',#17325,#1757);
#610=LINE('',#17332,#1758);
#611=LINE('',#17336,#1759);
#612=LINE('',#17338,#1760);
#613=LINE('',#17340,#1761);
#614=LINE('',#17342,#1762);
#615=LINE('',#17346,#1763);
#616=LINE('',#17350,#1764);
#617=LINE('',#17352,#1765);
#618=LINE('',#17354,#1766);
#619=LINE('',#17358,#1767);
#620=LINE('',#17362,#1768);
#621=LINE('',#17364,#1769);
#622=LINE('',#17366,#1770);
#623=LINE('',#17370,#1771);
#624=LINE('',#17377,#1772);
#625=LINE('',#17381,#1773);
#626=LINE('',#17383,#1774);
#627=LINE('',#17385,#1775);
#628=LINE('',#17387,#1776);
#629=LINE('',#17391,#1777);
#630=LINE('',#17395,#1778);
#631=LINE('',#17397,#1779);
#632=LINE('',#17399,#1780);
#633=LINE('',#17403,#1781);
#634=LINE('',#17407,#1782);
#635=LINE('',#17409,#1783);
#636=LINE('',#17411,#1784);
#637=LINE('',#17415,#1785);
#638=LINE('',#17422,#1786);
#639=LINE('',#17426,#1787);
#640=LINE('',#17428,#1788);
#641=LINE('',#17430,#1789);
#642=LINE('',#17432,#1790);
#643=LINE('',#17436,#1791);
#644=LINE('',#17440,#1792);
#645=LINE('',#17442,#1793);
#646=LINE('',#17444,#1794);
#647=LINE('',#17448,#1795);
#648=LINE('',#17452,#1796);
#649=LINE('',#17454,#1797);
#650=LINE('',#17456,#1798);
#651=LINE('',#17460,#1799);
#652=LINE('',#17467,#1800);
#653=LINE('',#17471,#1801);
#654=LINE('',#17473,#1802);
#655=LINE('',#17475,#1803);
#656=LINE('',#17477,#1804);
#657=LINE('',#17481,#1805);
#658=LINE('',#17485,#1806);
#659=LINE('',#17487,#1807);
#660=LINE('',#17489,#1808);
#661=LINE('',#17493,#1809);
#662=LINE('',#17497,#1810);
#663=LINE('',#17499,#1811);
#664=LINE('',#17501,#1812);
#665=LINE('',#17505,#1813);
#666=LINE('',#17512,#1814);
#667=LINE('',#17516,#1815);
#668=LINE('',#17518,#1816);
#669=LINE('',#17520,#1817);
#670=LINE('',#17522,#1818);
#671=LINE('',#17526,#1819);
#672=LINE('',#17530,#1820);
#673=LINE('',#17532,#1821);
#674=LINE('',#17534,#1822);
#675=LINE('',#17538,#1823);
#676=LINE('',#17542,#1824);
#677=LINE('',#17544,#1825);
#678=LINE('',#17546,#1826);
#679=LINE('',#17550,#1827);
#680=LINE('',#17557,#1828);
#681=LINE('',#17561,#1829);
#682=LINE('',#17563,#1830);
#683=LINE('',#17565,#1831);
#684=LINE('',#17567,#1832);
#685=LINE('',#17571,#1833);
#686=LINE('',#17575,#1834);
#687=LINE('',#17577,#1835);
#688=LINE('',#17579,#1836);
#689=LINE('',#17583,#1837);
#690=LINE('',#17587,#1838);
#691=LINE('',#17589,#1839);
#692=LINE('',#17591,#1840);
#693=LINE('',#17595,#1841);
#694=LINE('',#17602,#1842);
#695=LINE('',#17606,#1843);
#696=LINE('',#17608,#1844);
#697=LINE('',#17610,#1845);
#698=LINE('',#17612,#1846);
#699=LINE('',#17616,#1847);
#700=LINE('',#17620,#1848);
#701=LINE('',#17622,#1849);
#702=LINE('',#17624,#1850);
#703=LINE('',#17628,#1851);
#704=LINE('',#17632,#1852);
#705=LINE('',#17634,#1853);
#706=LINE('',#17636,#1854);
#707=LINE('',#17640,#1855);
#708=LINE('',#17647,#1856);
#709=LINE('',#17651,#1857);
#710=LINE('',#17653,#1858);
#711=LINE('',#17655,#1859);
#712=LINE('',#17657,#1860);
#713=LINE('',#17661,#1861);
#714=LINE('',#17665,#1862);
#715=LINE('',#17667,#1863);
#716=LINE('',#17669,#1864);
#717=LINE('',#17673,#1865);
#718=LINE('',#17677,#1866);
#719=LINE('',#17679,#1867);
#720=LINE('',#17681,#1868);
#721=LINE('',#17685,#1869);
#722=LINE('',#17692,#1870);
#723=LINE('',#17696,#1871);
#724=LINE('',#17698,#1872);
#725=LINE('',#17700,#1873);
#726=LINE('',#17702,#1874);
#727=LINE('',#17706,#1875);
#728=LINE('',#17710,#1876);
#729=LINE('',#17712,#1877);
#730=LINE('',#17714,#1878);
#731=LINE('',#17718,#1879);
#732=LINE('',#17722,#1880);
#733=LINE('',#17724,#1881);
#734=LINE('',#17726,#1882);
#735=LINE('',#17730,#1883);
#736=LINE('',#17737,#1884);
#737=LINE('',#17741,#1885);
#738=LINE('',#17743,#1886);
#739=LINE('',#17745,#1887);
#740=LINE('',#17747,#1888);
#741=LINE('',#17751,#1889);
#742=LINE('',#17755,#1890);
#743=LINE('',#17757,#1891);
#744=LINE('',#17759,#1892);
#745=LINE('',#17763,#1893);
#746=LINE('',#17767,#1894);
#747=LINE('',#17769,#1895);
#748=LINE('',#17771,#1896);
#749=LINE('',#17775,#1897);
#750=LINE('',#17782,#1898);
#751=LINE('',#17786,#1899);
#752=LINE('',#17788,#1900);
#753=LINE('',#17790,#1901);
#754=LINE('',#17792,#1902);
#755=LINE('',#17796,#1903);
#756=LINE('',#17800,#1904);
#757=LINE('',#17802,#1905);
#758=LINE('',#17804,#1906);
#759=LINE('',#17808,#1907);
#760=LINE('',#17812,#1908);
#761=LINE('',#17814,#1909);
#762=LINE('',#17816,#1910);
#763=LINE('',#17820,#1911);
#764=LINE('',#17827,#1912);
#765=LINE('',#17831,#1913);
#766=LINE('',#17833,#1914);
#767=LINE('',#17835,#1915);
#768=LINE('',#17837,#1916);
#769=LINE('',#17841,#1917);
#770=LINE('',#17845,#1918);
#771=LINE('',#17847,#1919);
#772=LINE('',#17849,#1920);
#773=LINE('',#17853,#1921);
#774=LINE('',#17857,#1922);
#775=LINE('',#17859,#1923);
#776=LINE('',#17861,#1924);
#777=LINE('',#17865,#1925);
#778=LINE('',#17872,#1926);
#779=LINE('',#17876,#1927);
#780=LINE('',#17878,#1928);
#781=LINE('',#17880,#1929);
#782=LINE('',#17882,#1930);
#783=LINE('',#17886,#1931);
#784=LINE('',#17890,#1932);
#785=LINE('',#17892,#1933);
#786=LINE('',#17894,#1934);
#787=LINE('',#17898,#1935);
#788=LINE('',#17902,#1936);
#789=LINE('',#17904,#1937);
#790=LINE('',#17906,#1938);
#791=LINE('',#17910,#1939);
#792=LINE('',#17917,#1940);
#793=LINE('',#17921,#1941);
#794=LINE('',#17923,#1942);
#795=LINE('',#17925,#1943);
#796=LINE('',#17927,#1944);
#797=LINE('',#17931,#1945);
#798=LINE('',#17935,#1946);
#799=LINE('',#17937,#1947);
#800=LINE('',#17939,#1948);
#801=LINE('',#17943,#1949);
#802=LINE('',#17947,#1950);
#803=LINE('',#17949,#1951);
#804=LINE('',#17951,#1952);
#805=LINE('',#17955,#1953);
#806=LINE('',#17962,#1954);
#807=LINE('',#17966,#1955);
#808=LINE('',#17968,#1956);
#809=LINE('',#17970,#1957);
#810=LINE('',#17972,#1958);
#811=LINE('',#17976,#1959);
#812=LINE('',#17980,#1960);
#813=LINE('',#17982,#1961);
#814=LINE('',#17984,#1962);
#815=LINE('',#17988,#1963);
#816=LINE('',#17992,#1964);
#817=LINE('',#17994,#1965);
#818=LINE('',#17996,#1966);
#819=LINE('',#18000,#1967);
#820=LINE('',#18007,#1968);
#821=LINE('',#18011,#1969);
#822=LINE('',#18013,#1970);
#823=LINE('',#18015,#1971);
#824=LINE('',#18017,#1972);
#825=LINE('',#18021,#1973);
#826=LINE('',#18025,#1974);
#827=LINE('',#18027,#1975);
#828=LINE('',#18029,#1976);
#829=LINE('',#18033,#1977);
#830=LINE('',#18037,#1978);
#831=LINE('',#18039,#1979);
#832=LINE('',#18041,#1980);
#833=LINE('',#18045,#1981);
#834=LINE('',#18052,#1982);
#835=LINE('',#18056,#1983);
#836=LINE('',#18058,#1984);
#837=LINE('',#18060,#1985);
#838=LINE('',#18062,#1986);
#839=LINE('',#18066,#1987);
#840=LINE('',#18070,#1988);
#841=LINE('',#18072,#1989);
#842=LINE('',#18074,#1990);
#843=LINE('',#18078,#1991);
#844=LINE('',#18082,#1992);
#845=LINE('',#18084,#1993);
#846=LINE('',#18086,#1994);
#847=LINE('',#18090,#1995);
#848=LINE('',#18097,#1996);
#849=LINE('',#18101,#1997);
#850=LINE('',#18103,#1998);
#851=LINE('',#18105,#1999);
#852=LINE('',#18107,#2000);
#853=LINE('',#18111,#2001);
#854=LINE('',#18115,#2002);
#855=LINE('',#18117,#2003);
#856=LINE('',#18119,#2004);
#857=LINE('',#18123,#2005);
#858=LINE('',#18127,#2006);
#859=LINE('',#18129,#2007);
#860=LINE('',#18131,#2008);
#861=LINE('',#18135,#2009);
#862=LINE('',#18142,#2010);
#863=LINE('',#18146,#2011);
#864=LINE('',#18148,#2012);
#865=LINE('',#18150,#2013);
#866=LINE('',#18152,#2014);
#867=LINE('',#18156,#2015);
#868=LINE('',#18160,#2016);
#869=LINE('',#18162,#2017);
#870=LINE('',#18164,#2018);
#871=LINE('',#18168,#2019);
#872=LINE('',#18172,#2020);
#873=LINE('',#18174,#2021);
#874=LINE('',#18176,#2022);
#875=LINE('',#18180,#2023);
#876=LINE('',#18187,#2024);
#877=LINE('',#18191,#2025);
#878=LINE('',#18193,#2026);
#879=LINE('',#18195,#2027);
#880=LINE('',#18197,#2028);
#881=LINE('',#18201,#2029);
#882=LINE('',#18205,#2030);
#883=LINE('',#18207,#2031);
#884=LINE('',#18209,#2032);
#885=LINE('',#18213,#2033);
#886=LINE('',#18217,#2034);
#887=LINE('',#18219,#2035);
#888=LINE('',#18221,#2036);
#889=LINE('',#18225,#2037);
#890=LINE('',#18232,#2038);
#891=LINE('',#18236,#2039);
#892=LINE('',#18238,#2040);
#893=LINE('',#18240,#2041);
#894=LINE('',#18242,#2042);
#895=LINE('',#18246,#2043);
#896=LINE('',#18250,#2044);
#897=LINE('',#18252,#2045);
#898=LINE('',#18254,#2046);
#899=LINE('',#18258,#2047);
#900=LINE('',#18262,#2048);
#901=LINE('',#18264,#2049);
#902=LINE('',#18266,#2050);
#903=LINE('',#18270,#2051);
#904=LINE('',#18277,#2052);
#905=LINE('',#18281,#2053);
#906=LINE('',#18283,#2054);
#907=LINE('',#18285,#2055);
#908=LINE('',#18287,#2056);
#909=LINE('',#18291,#2057);
#910=LINE('',#18295,#2058);
#911=LINE('',#18297,#2059);
#912=LINE('',#18299,#2060);
#913=LINE('',#18303,#2061);
#914=LINE('',#18307,#2062);
#915=LINE('',#18309,#2063);
#916=LINE('',#18311,#2064);
#917=LINE('',#18315,#2065);
#918=LINE('',#18322,#2066);
#919=LINE('',#18326,#2067);
#920=LINE('',#18328,#2068);
#921=LINE('',#18330,#2069);
#922=LINE('',#18332,#2070);
#923=LINE('',#18336,#2071);
#924=LINE('',#18340,#2072);
#925=LINE('',#18342,#2073);
#926=LINE('',#18344,#2074);
#927=LINE('',#18348,#2075);
#928=LINE('',#18352,#2076);
#929=LINE('',#18354,#2077);
#930=LINE('',#18356,#2078);
#931=LINE('',#18360,#2079);
#932=LINE('',#18367,#2080);
#933=LINE('',#18371,#2081);
#934=LINE('',#18373,#2082);
#935=LINE('',#18375,#2083);
#936=LINE('',#18377,#2084);
#937=LINE('',#18381,#2085);
#938=LINE('',#18385,#2086);
#939=LINE('',#18387,#2087);
#940=LINE('',#18389,#2088);
#941=LINE('',#18393,#2089);
#942=LINE('',#18397,#2090);
#943=LINE('',#18399,#2091);
#944=LINE('',#18401,#2092);
#945=LINE('',#18405,#2093);
#946=LINE('',#18412,#2094);
#947=LINE('',#18416,#2095);
#948=LINE('',#18418,#2096);
#949=LINE('',#18420,#2097);
#950=LINE('',#18422,#2098);
#951=LINE('',#18426,#2099);
#952=LINE('',#18430,#2100);
#953=LINE('',#18432,#2101);
#954=LINE('',#18434,#2102);
#955=LINE('',#18438,#2103);
#956=LINE('',#18442,#2104);
#957=LINE('',#18444,#2105);
#958=LINE('',#18446,#2106);
#959=LINE('',#18450,#2107);
#960=LINE('',#18457,#2108);
#961=LINE('',#18461,#2109);
#962=LINE('',#18463,#2110);
#963=LINE('',#18465,#2111);
#964=LINE('',#18467,#2112);
#965=LINE('',#18471,#2113);
#966=LINE('',#18475,#2114);
#967=LINE('',#18477,#2115);
#968=LINE('',#18479,#2116);
#969=LINE('',#18483,#2117);
#970=LINE('',#18487,#2118);
#971=LINE('',#18489,#2119);
#972=LINE('',#18491,#2120);
#973=LINE('',#18495,#2121);
#974=LINE('',#18502,#2122);
#975=LINE('',#18506,#2123);
#976=LINE('',#18508,#2124);
#977=LINE('',#18510,#2125);
#978=LINE('',#18512,#2126);
#979=LINE('',#18516,#2127);
#980=LINE('',#18520,#2128);
#981=LINE('',#18522,#2129);
#982=LINE('',#18524,#2130);
#983=LINE('',#18528,#2131);
#984=LINE('',#18532,#2132);
#985=LINE('',#18534,#2133);
#986=LINE('',#18536,#2134);
#987=LINE('',#18540,#2135);
#988=LINE('',#18547,#2136);
#989=LINE('',#18551,#2137);
#990=LINE('',#18553,#2138);
#991=LINE('',#18555,#2139);
#992=LINE('',#18557,#2140);
#993=LINE('',#18561,#2141);
#994=LINE('',#18565,#2142);
#995=LINE('',#18567,#2143);
#996=LINE('',#18569,#2144);
#997=LINE('',#18573,#2145);
#998=LINE('',#18577,#2146);
#999=LINE('',#18579,#2147);
#1000=LINE('',#18581,#2148);
#1001=LINE('',#18585,#2149);
#1002=LINE('',#18592,#2150);
#1003=LINE('',#18596,#2151);
#1004=LINE('',#18598,#2152);
#1005=LINE('',#18600,#2153);
#1006=LINE('',#18602,#2154);
#1007=LINE('',#18606,#2155);
#1008=LINE('',#18610,#2156);
#1009=LINE('',#18612,#2157);
#1010=LINE('',#18614,#2158);
#1011=LINE('',#18618,#2159);
#1012=LINE('',#18622,#2160);
#1013=LINE('',#18624,#2161);
#1014=LINE('',#18626,#2162);
#1015=LINE('',#18630,#2163);
#1016=LINE('',#18637,#2164);
#1017=LINE('',#18641,#2165);
#1018=LINE('',#18643,#2166);
#1019=LINE('',#18645,#2167);
#1020=LINE('',#18647,#2168);
#1021=LINE('',#18651,#2169);
#1022=LINE('',#18655,#2170);
#1023=LINE('',#18657,#2171);
#1024=LINE('',#18659,#2172);
#1025=LINE('',#18663,#2173);
#1026=LINE('',#18667,#2174);
#1027=LINE('',#18669,#2175);
#1028=LINE('',#18671,#2176);
#1029=LINE('',#18675,#2177);
#1030=LINE('',#18682,#2178);
#1031=LINE('',#18686,#2179);
#1032=LINE('',#18688,#2180);
#1033=LINE('',#18690,#2181);
#1034=LINE('',#18692,#2182);
#1035=LINE('',#18696,#2183);
#1036=LINE('',#18700,#2184);
#1037=LINE('',#18702,#2185);
#1038=LINE('',#18704,#2186);
#1039=LINE('',#18708,#2187);
#1040=LINE('',#18712,#2188);
#1041=LINE('',#18714,#2189);
#1042=LINE('',#18716,#2190);
#1043=LINE('',#18720,#2191);
#1044=LINE('',#18727,#2192);
#1045=LINE('',#18731,#2193);
#1046=LINE('',#18733,#2194);
#1047=LINE('',#18735,#2195);
#1048=LINE('',#18737,#2196);
#1049=LINE('',#18741,#2197);
#1050=LINE('',#18745,#2198);
#1051=LINE('',#18747,#2199);
#1052=LINE('',#18749,#2200);
#1053=LINE('',#18753,#2201);
#1054=LINE('',#18757,#2202);
#1055=LINE('',#18759,#2203);
#1056=LINE('',#18761,#2204);
#1057=LINE('',#18765,#2205);
#1058=LINE('',#18772,#2206);
#1059=LINE('',#18776,#2207);
#1060=LINE('',#18778,#2208);
#1061=LINE('',#18780,#2209);
#1062=LINE('',#18782,#2210);
#1063=LINE('',#18786,#2211);
#1064=LINE('',#18790,#2212);
#1065=LINE('',#18792,#2213);
#1066=LINE('',#18794,#2214);
#1067=LINE('',#18798,#2215);
#1068=LINE('',#18802,#2216);
#1069=LINE('',#18804,#2217);
#1070=LINE('',#18806,#2218);
#1071=LINE('',#18810,#2219);
#1072=LINE('',#18817,#2220);
#1073=LINE('',#18821,#2221);
#1074=LINE('',#18823,#2222);
#1075=LINE('',#18825,#2223);
#1076=LINE('',#18827,#2224);
#1077=LINE('',#18831,#2225);
#1078=LINE('',#18835,#2226);
#1079=LINE('',#18837,#2227);
#1080=LINE('',#18839,#2228);
#1081=LINE('',#18843,#2229);
#1082=LINE('',#18847,#2230);
#1083=LINE('',#18849,#2231);
#1084=LINE('',#18851,#2232);
#1085=LINE('',#18855,#2233);
#1086=LINE('',#18862,#2234);
#1087=LINE('',#18866,#2235);
#1088=LINE('',#18868,#2236);
#1089=LINE('',#18870,#2237);
#1090=LINE('',#18872,#2238);
#1091=LINE('',#18876,#2239);
#1092=LINE('',#18880,#2240);
#1093=LINE('',#18882,#2241);
#1094=LINE('',#18884,#2242);
#1095=LINE('',#18888,#2243);
#1096=LINE('',#18892,#2244);
#1097=LINE('',#18894,#2245);
#1098=LINE('',#18896,#2246);
#1099=LINE('',#18900,#2247);
#1100=LINE('',#18907,#2248);
#1101=LINE('',#18911,#2249);
#1102=LINE('',#18913,#2250);
#1103=LINE('',#18915,#2251);
#1104=LINE('',#18917,#2252);
#1105=LINE('',#18921,#2253);
#1106=LINE('',#18925,#2254);
#1107=LINE('',#18927,#2255);
#1108=LINE('',#18929,#2256);
#1109=LINE('',#18933,#2257);
#1110=LINE('',#18937,#2258);
#1111=LINE('',#18939,#2259);
#1112=LINE('',#18941,#2260);
#1113=LINE('',#18945,#2261);
#1114=LINE('',#18952,#2262);
#1115=LINE('',#18956,#2263);
#1116=LINE('',#18958,#2264);
#1117=LINE('',#18960,#2265);
#1118=LINE('',#18962,#2266);
#1119=LINE('',#18966,#2267);
#1120=LINE('',#18970,#2268);
#1121=LINE('',#18972,#2269);
#1122=LINE('',#18974,#2270);
#1123=LINE('',#18978,#2271);
#1124=LINE('',#18982,#2272);
#1125=LINE('',#18984,#2273);
#1126=LINE('',#18986,#2274);
#1127=LINE('',#18990,#2275);
#1128=LINE('',#18997,#2276);
#1129=LINE('',#19001,#2277);
#1130=LINE('',#19003,#2278);
#1131=LINE('',#19005,#2279);
#1132=LINE('',#19007,#2280);
#1133=LINE('',#19011,#2281);
#1134=LINE('',#19015,#2282);
#1135=LINE('',#19017,#2283);
#1136=LINE('',#19019,#2284);
#1137=LINE('',#19023,#2285);
#1138=LINE('',#19027,#2286);
#1139=LINE('',#19029,#2287);
#1140=LINE('',#19031,#2288);
#1141=LINE('',#19035,#2289);
#1142=LINE('',#19042,#2290);
#1143=LINE('',#19046,#2291);
#1144=LINE('',#19048,#2292);
#1145=LINE('',#19050,#2293);
#1146=LINE('',#19052,#2294);
#1147=LINE('',#19056,#2295);
#1148=LINE('',#19060,#2296);
#1149=LINE('',#19062,#2297);
#1150=LINE('',#19064,#2298);
#1151=LINE('',#19068,#2299);
#1152=LINE('',#19072,#2300);
#1153=LINE('',#19074,#2301);
#1154=LINE('',#19076,#2302);
#1155=LINE('',#19080,#2303);
#1156=LINE('',#19087,#2304);
#1157=LINE('',#19091,#2305);
#1158=LINE('',#19093,#2306);
#1159=LINE('',#19095,#2307);
#1160=LINE('',#19097,#2308);
#1161=LINE('',#19101,#2309);
#1162=LINE('',#19105,#2310);
#1163=LINE('',#19107,#2311);
#1164=LINE('',#19109,#2312);
#1165=LINE('',#19113,#2313);
#1166=LINE('',#19117,#2314);
#1167=LINE('',#19119,#2315);
#1168=LINE('',#19121,#2316);
#1169=LINE('',#19125,#2317);
#1170=LINE('',#19132,#2318);
#1171=LINE('',#19136,#2319);
#1172=LINE('',#19138,#2320);
#1173=LINE('',#19140,#2321);
#1174=LINE('',#19142,#2322);
#1175=LINE('',#19146,#2323);
#1176=LINE('',#19150,#2324);
#1177=LINE('',#19152,#2325);
#1178=LINE('',#19154,#2326);
#1179=LINE('',#19158,#2327);
#1180=LINE('',#19162,#2328);
#1181=LINE('',#19164,#2329);
#1182=LINE('',#19166,#2330);
#1183=LINE('',#19170,#2331);
#1184=LINE('',#19177,#2332);
#1185=LINE('',#19181,#2333);
#1186=LINE('',#19183,#2334);
#1187=LINE('',#19185,#2335);
#1188=LINE('',#19187,#2336);
#1189=LINE('',#19191,#2337);
#1190=LINE('',#19195,#2338);
#1191=LINE('',#19197,#2339);
#1192=LINE('',#19199,#2340);
#1193=LINE('',#19203,#2341);
#1194=LINE('',#19207,#2342);
#1195=LINE('',#19209,#2343);
#1196=LINE('',#19211,#2344);
#1197=LINE('',#19215,#2345);
#1198=LINE('',#19222,#2346);
#1199=LINE('',#19226,#2347);
#1200=LINE('',#19228,#2348);
#1201=LINE('',#19230,#2349);
#1202=LINE('',#19232,#2350);
#1203=LINE('',#19236,#2351);
#1204=LINE('',#19240,#2352);
#1205=LINE('',#19242,#2353);
#1206=LINE('',#19244,#2354);
#1207=LINE('',#19248,#2355);
#1208=LINE('',#19252,#2356);
#1209=LINE('',#19254,#2357);
#1210=LINE('',#19256,#2358);
#1211=LINE('',#19260,#2359);
#1212=LINE('',#19267,#2360);
#1213=LINE('',#19271,#2361);
#1214=LINE('',#19273,#2362);
#1215=LINE('',#19275,#2363);
#1216=LINE('',#19277,#2364);
#1217=LINE('',#19281,#2365);
#1218=LINE('',#19285,#2366);
#1219=LINE('',#19287,#2367);
#1220=LINE('',#19289,#2368);
#1221=LINE('',#19293,#2369);
#1222=LINE('',#19297,#2370);
#1223=LINE('',#19299,#2371);
#1224=LINE('',#19301,#2372);
#1225=LINE('',#19305,#2373);
#1226=LINE('',#19312,#2374);
#1227=LINE('',#19316,#2375);
#1228=LINE('',#19318,#2376);
#1229=LINE('',#19320,#2377);
#1230=LINE('',#19322,#2378);
#1231=LINE('',#19326,#2379);
#1232=LINE('',#19330,#2380);
#1233=LINE('',#19332,#2381);
#1234=LINE('',#19334,#2382);
#1235=LINE('',#19338,#2383);
#1236=LINE('',#19342,#2384);
#1237=LINE('',#19344,#2385);
#1238=LINE('',#19346,#2386);
#1239=LINE('',#19350,#2387);
#1240=LINE('',#19357,#2388);
#1241=LINE('',#19361,#2389);
#1242=LINE('',#19363,#2390);
#1243=LINE('',#19365,#2391);
#1244=LINE('',#19367,#2392);
#1245=LINE('',#19371,#2393);
#1246=LINE('',#19375,#2394);
#1247=LINE('',#19377,#2395);
#1248=LINE('',#19379,#2396);
#1249=LINE('',#19383,#2397);
#1250=LINE('',#19387,#2398);
#1251=LINE('',#19389,#2399);
#1252=LINE('',#19391,#2400);
#1253=LINE('',#19395,#2401);
#1254=LINE('',#19402,#2402);
#1255=LINE('',#19406,#2403);
#1256=LINE('',#19408,#2404);
#1257=LINE('',#19410,#2405);
#1258=LINE('',#19412,#2406);
#1259=LINE('',#19416,#2407);
#1260=LINE('',#19420,#2408);
#1261=LINE('',#19422,#2409);
#1262=LINE('',#19424,#2410);
#1263=LINE('',#19428,#2411);
#1264=LINE('',#19432,#2412);
#1265=LINE('',#19434,#2413);
#1266=LINE('',#19436,#2414);
#1267=LINE('',#19440,#2415);
#1268=LINE('',#19447,#2416);
#1269=LINE('',#19451,#2417);
#1270=LINE('',#19453,#2418);
#1271=LINE('',#19455,#2419);
#1272=LINE('',#19457,#2420);
#1273=LINE('',#19461,#2421);
#1274=LINE('',#19465,#2422);
#1275=LINE('',#19467,#2423);
#1276=LINE('',#19469,#2424);
#1277=LINE('',#19473,#2425);
#1278=LINE('',#19477,#2426);
#1279=LINE('',#19479,#2427);
#1280=LINE('',#19481,#2428);
#1281=LINE('',#19485,#2429);
#1282=LINE('',#19492,#2430);
#1283=LINE('',#19496,#2431);
#1284=LINE('',#19498,#2432);
#1285=LINE('',#19500,#2433);
#1286=LINE('',#19502,#2434);
#1287=LINE('',#19506,#2435);
#1288=LINE('',#19510,#2436);
#1289=LINE('',#19512,#2437);
#1290=LINE('',#19514,#2438);
#1291=LINE('',#19518,#2439);
#1292=LINE('',#19522,#2440);
#1293=LINE('',#19524,#2441);
#1294=LINE('',#19526,#2442);
#1295=LINE('',#19530,#2443);
#1296=LINE('',#19534,#2444);
#1297=LINE('',#19535,#2445);
#1298=LINE('',#19537,#2446);
#1299=LINE('',#19538,#2447);
#1300=LINE('',#19540,#2448);
#1301=LINE('',#19541,#2449);
#1302=LINE('',#19543,#2450);
#1303=LINE('',#19544,#2451);
#1304=LINE('',#19546,#2452);
#1305=LINE('',#19547,#2453);
#1306=LINE('',#19549,#2454);
#1307=LINE('',#19550,#2455);
#1308=LINE('',#19552,#2456);
#1309=LINE('',#19553,#2457);
#1310=LINE('',#19555,#2458);
#1311=LINE('',#19556,#2459);
#1312=LINE('',#19558,#2460);
#1313=LINE('',#19559,#2461);
#1314=LINE('',#19561,#2462);
#1315=LINE('',#19562,#2463);
#1316=LINE('',#19564,#2464);
#1317=LINE('',#19565,#2465);
#1318=LINE('',#19567,#2466);
#1319=LINE('',#19568,#2467);
#1320=LINE('',#19570,#2468);
#1321=LINE('',#19571,#2469);
#1322=LINE('',#19573,#2470);
#1323=LINE('',#19574,#2471);
#1324=LINE('',#19576,#2472);
#1325=LINE('',#19577,#2473);
#1326=LINE('',#19579,#2474);
#1327=LINE('',#19580,#2475);
#1328=LINE('',#19582,#2476);
#1329=LINE('',#19583,#2477);
#1330=LINE('',#19585,#2478);
#1331=LINE('',#19586,#2479);
#1332=LINE('',#19588,#2480);
#1333=LINE('',#19589,#2481);
#1334=LINE('',#19591,#2482);
#1335=LINE('',#19592,#2483);
#1336=LINE('',#19594,#2484);
#1337=LINE('',#19595,#2485);
#1338=LINE('',#19597,#2486);
#1339=LINE('',#19598,#2487);
#1340=LINE('',#19600,#2488);
#1341=LINE('',#19601,#2489);
#1342=LINE('',#19603,#2490);
#1343=LINE('',#19604,#2491);
#1344=LINE('',#19606,#2492);
#1345=LINE('',#19607,#2493);
#1346=LINE('',#19609,#2494);
#1347=LINE('',#19610,#2495);
#1348=LINE('',#19612,#2496);
#1349=LINE('',#19613,#2497);
#1350=LINE('',#19615,#2498);
#1351=LINE('',#19616,#2499);
#1352=LINE('',#19618,#2500);
#1353=LINE('',#19619,#2501);
#1354=LINE('',#19621,#2502);
#1355=LINE('',#19622,#2503);
#1356=LINE('',#19624,#2504);
#1357=LINE('',#19625,#2505);
#1358=LINE('',#19627,#2506);
#1359=LINE('',#19628,#2507);
#1360=LINE('',#19630,#2508);
#1361=LINE('',#19631,#2509);
#1362=LINE('',#19633,#2510);
#1363=LINE('',#19634,#2511);
#1364=LINE('',#19636,#2512);
#1365=LINE('',#19637,#2513);
#1366=LINE('',#19639,#2514);
#1367=LINE('',#19640,#2515);
#1368=LINE('',#19642,#2516);
#1369=LINE('',#19643,#2517);
#1370=LINE('',#19645,#2518);
#1371=LINE('',#19646,#2519);
#1372=LINE('',#19648,#2520);
#1373=LINE('',#19649,#2521);
#1374=LINE('',#19651,#2522);
#1375=LINE('',#19652,#2523);
#1376=LINE('',#19654,#2524);
#1377=LINE('',#19655,#2525);
#1378=LINE('',#19657,#2526);
#1379=LINE('',#19658,#2527);
#1380=LINE('',#19660,#2528);
#1381=LINE('',#19661,#2529);
#1382=LINE('',#19663,#2530);
#1383=LINE('',#19664,#2531);
#1384=LINE('',#19666,#2532);
#1385=LINE('',#19667,#2533);
#1386=LINE('',#19669,#2534);
#1387=LINE('',#19670,#2535);
#1388=LINE('',#19672,#2536);
#1389=LINE('',#19673,#2537);
#1390=LINE('',#19675,#2538);
#1391=LINE('',#19676,#2539);
#1392=LINE('',#19678,#2540);
#1393=LINE('',#19679,#2541);
#1394=LINE('',#19681,#2542);
#1395=LINE('',#19682,#2543);
#1396=LINE('',#19684,#2544);
#1397=LINE('',#19685,#2545);
#1398=LINE('',#19687,#2546);
#1399=LINE('',#19688,#2547);
#1400=LINE('',#19690,#2548);
#1401=LINE('',#19691,#2549);
#1402=LINE('',#19693,#2550);
#1403=LINE('',#19694,#2551);
#1404=LINE('',#19696,#2552);
#1405=LINE('',#19697,#2553);
#1406=LINE('',#19699,#2554);
#1407=LINE('',#19700,#2555);
#1408=LINE('',#19702,#2556);
#1409=LINE('',#19703,#2557);
#1410=LINE('',#19705,#2558);
#1411=LINE('',#19706,#2559);
#1412=LINE('',#19708,#2560);
#1413=LINE('',#19709,#2561);
#1414=LINE('',#19711,#2562);
#1415=LINE('',#19712,#2563);
#1416=LINE('',#19714,#2564);
#1417=LINE('',#19715,#2565);
#1418=LINE('',#19717,#2566);
#1419=LINE('',#19718,#2567);
#1420=LINE('',#19720,#2568);
#1421=LINE('',#19721,#2569);
#1422=LINE('',#19723,#2570);
#1423=LINE('',#19724,#2571);
#1424=LINE('',#19726,#2572);
#1425=LINE('',#19727,#2573);
#1426=LINE('',#19729,#2574);
#1427=LINE('',#19730,#2575);
#1428=LINE('',#19732,#2576);
#1429=LINE('',#19733,#2577);
#1430=LINE('',#19735,#2578);
#1431=LINE('',#19736,#2579);
#1432=LINE('',#19738,#2580);
#1433=LINE('',#19739,#2581);
#1434=LINE('',#19741,#2582);
#1435=LINE('',#19742,#2583);
#1436=LINE('',#19744,#2584);
#1437=LINE('',#19745,#2585);
#1438=LINE('',#19747,#2586);
#1439=LINE('',#19750,#2587);
#1440=LINE('',#19752,#2588);
#1441=LINE('',#19754,#2589);
#1442=LINE('',#19756,#2590);
#1443=LINE('',#19759,#2591);
#1444=LINE('',#19761,#2592);
#1445=LINE('',#19763,#2593);
#1446=LINE('',#19765,#2594);
#1447=LINE('',#19766,#2595);
#1448=LINE('',#19768,#2596);
#1449=LINE('',#19770,#2597);
#1450=VECTOR('',#12909,1.);
#1451=VECTOR('',#12912,1.);
#1452=VECTOR('',#12915,1.);
#1453=VECTOR('',#12916,1.);
#1454=VECTOR('',#12917,1.);
#1455=VECTOR('',#12922,1.);
#1456=VECTOR('',#12927,1.);
#1457=VECTOR('',#12928,1.);
#1458=VECTOR('',#12929,1.);
#1459=VECTOR('',#12934,1.);
#1460=VECTOR('',#12939,1.);
#1461=VECTOR('',#12940,1.);
#1462=VECTOR('',#12941,1.);
#1463=VECTOR('',#12946,1.);
#1464=VECTOR('',#12953,1.);
#1465=VECTOR('',#12956,1.);
#1466=VECTOR('',#12959,1.);
#1467=VECTOR('',#12960,1.);
#1468=VECTOR('',#12961,1.);
#1469=VECTOR('',#12966,1.);
#1470=VECTOR('',#12971,1.);
#1471=VECTOR('',#12972,1.);
#1472=VECTOR('',#12973,1.);
#1473=VECTOR('',#12978,1.);
#1474=VECTOR('',#12983,1.);
#1475=VECTOR('',#12984,1.);
#1476=VECTOR('',#12985,1.);
#1477=VECTOR('',#12990,1.);
#1478=VECTOR('',#12997,1.);
#1479=VECTOR('',#13000,1.);
#1480=VECTOR('',#13003,1.);
#1481=VECTOR('',#13004,1.);
#1482=VECTOR('',#13005,1.);
#1483=VECTOR('',#13010,1.);
#1484=VECTOR('',#13015,1.);
#1485=VECTOR('',#13016,1.);
#1486=VECTOR('',#13017,1.);
#1487=VECTOR('',#13022,1.);
#1488=VECTOR('',#13027,1.);
#1489=VECTOR('',#13028,1.);
#1490=VECTOR('',#13029,1.);
#1491=VECTOR('',#13034,1.);
#1492=VECTOR('',#13041,1.);
#1493=VECTOR('',#13044,1.);
#1494=VECTOR('',#13047,1.);
#1495=VECTOR('',#13048,1.);
#1496=VECTOR('',#13049,1.);
#1497=VECTOR('',#13054,1.);
#1498=VECTOR('',#13059,1.);
#1499=VECTOR('',#13060,1.);
#1500=VECTOR('',#13061,1.);
#1501=VECTOR('',#13066,1.);
#1502=VECTOR('',#13071,1.);
#1503=VECTOR('',#13072,1.);
#1504=VECTOR('',#13073,1.);
#1505=VECTOR('',#13078,1.);
#1506=VECTOR('',#13085,1.);
#1507=VECTOR('',#13088,1.);
#1508=VECTOR('',#13091,1.);
#1509=VECTOR('',#13092,1.);
#1510=VECTOR('',#13093,1.);
#1511=VECTOR('',#13098,1.);
#1512=VECTOR('',#13103,1.);
#1513=VECTOR('',#13104,1.);
#1514=VECTOR('',#13105,1.);
#1515=VECTOR('',#13110,1.);
#1516=VECTOR('',#13115,1.);
#1517=VECTOR('',#13116,1.);
#1518=VECTOR('',#13117,1.);
#1519=VECTOR('',#13122,1.);
#1520=VECTOR('',#13129,1.);
#1521=VECTOR('',#13132,1.);
#1522=VECTOR('',#13135,1.);
#1523=VECTOR('',#13136,1.);
#1524=VECTOR('',#13137,1.);
#1525=VECTOR('',#13142,1.);
#1526=VECTOR('',#13147,1.);
#1527=VECTOR('',#13148,1.);
#1528=VECTOR('',#13149,1.);
#1529=VECTOR('',#13154,1.);
#1530=VECTOR('',#13159,1.);
#1531=VECTOR('',#13160,1.);
#1532=VECTOR('',#13161,1.);
#1533=VECTOR('',#13166,1.);
#1534=VECTOR('',#13173,1.);
#1535=VECTOR('',#13176,1.);
#1536=VECTOR('',#13179,1.);
#1537=VECTOR('',#13180,1.);
#1538=VECTOR('',#13181,1.);
#1539=VECTOR('',#13186,1.);
#1540=VECTOR('',#13191,1.);
#1541=VECTOR('',#13192,1.);
#1542=VECTOR('',#13193,1.);
#1543=VECTOR('',#13198,1.);
#1544=VECTOR('',#13203,1.);
#1545=VECTOR('',#13204,1.);
#1546=VECTOR('',#13205,1.);
#1547=VECTOR('',#13210,1.);
#1548=VECTOR('',#13217,1.);
#1549=VECTOR('',#13220,1.);
#1550=VECTOR('',#13223,1.);
#1551=VECTOR('',#13224,1.);
#1552=VECTOR('',#13225,1.);
#1553=VECTOR('',#13230,1.);
#1554=VECTOR('',#13235,1.);
#1555=VECTOR('',#13236,1.);
#1556=VECTOR('',#13237,1.);
#1557=VECTOR('',#13242,1.);
#1558=VECTOR('',#13247,1.);
#1559=VECTOR('',#13248,1.);
#1560=VECTOR('',#13249,1.);
#1561=VECTOR('',#13254,1.);
#1562=VECTOR('',#13261,1.);
#1563=VECTOR('',#13264,1.);
#1564=VECTOR('',#13267,1.);
#1565=VECTOR('',#13268,1.);
#1566=VECTOR('',#13269,1.);
#1567=VECTOR('',#13274,1.);
#1568=VECTOR('',#13279,1.);
#1569=VECTOR('',#13280,1.);
#1570=VECTOR('',#13281,1.);
#1571=VECTOR('',#13286,1.);
#1572=VECTOR('',#13291,1.);
#1573=VECTOR('',#13292,1.);
#1574=VECTOR('',#13293,1.);
#1575=VECTOR('',#13298,1.);
#1576=VECTOR('',#13305,1.);
#1577=VECTOR('',#13308,1.);
#1578=VECTOR('',#13311,1.);
#1579=VECTOR('',#13312,1.);
#1580=VECTOR('',#13313,1.);
#1581=VECTOR('',#13318,1.);
#1582=VECTOR('',#13323,1.);
#1583=VECTOR('',#13324,1.);
#1584=VECTOR('',#13325,1.);
#1585=VECTOR('',#13330,1.);
#1586=VECTOR('',#13335,1.);
#1587=VECTOR('',#13336,1.);
#1588=VECTOR('',#13337,1.);
#1589=VECTOR('',#13342,1.);
#1590=VECTOR('',#13349,1.);
#1591=VECTOR('',#13352,1.);
#1592=VECTOR('',#13355,1.);
#1593=VECTOR('',#13356,1.);
#1594=VECTOR('',#13357,1.);
#1595=VECTOR('',#13362,1.);
#1596=VECTOR('',#13367,1.);
#1597=VECTOR('',#13368,1.);
#1598=VECTOR('',#13369,1.);
#1599=VECTOR('',#13374,1.);
#1600=VECTOR('',#13379,1.);
#1601=VECTOR('',#13380,1.);
#1602=VECTOR('',#13381,1.);
#1603=VECTOR('',#13386,1.);
#1604=VECTOR('',#13393,1.);
#1605=VECTOR('',#13396,1.);
#1606=VECTOR('',#13399,1.);
#1607=VECTOR('',#13400,1.);
#1608=VECTOR('',#13401,1.);
#1609=VECTOR('',#13406,1.);
#1610=VECTOR('',#13411,1.);
#1611=VECTOR('',#13412,1.);
#1612=VECTOR('',#13413,1.);
#1613=VECTOR('',#13418,1.);
#1614=VECTOR('',#13423,1.);
#1615=VECTOR('',#13424,1.);
#1616=VECTOR('',#13425,1.);
#1617=VECTOR('',#13430,1.);
#1618=VECTOR('',#13437,1.);
#1619=VECTOR('',#13440,1.);
#1620=VECTOR('',#13443,1.);
#1621=VECTOR('',#13444,1.);
#1622=VECTOR('',#13445,1.);
#1623=VECTOR('',#13450,1.);
#1624=VECTOR('',#13455,1.);
#1625=VECTOR('',#13456,1.);
#1626=VECTOR('',#13457,1.);
#1627=VECTOR('',#13462,1.);
#1628=VECTOR('',#13467,1.);
#1629=VECTOR('',#13468,1.);
#1630=VECTOR('',#13469,1.);
#1631=VECTOR('',#13474,1.);
#1632=VECTOR('',#13481,1.);
#1633=VECTOR('',#13484,1.);
#1634=VECTOR('',#13487,1.);
#1635=VECTOR('',#13488,1.);
#1636=VECTOR('',#13489,1.);
#1637=VECTOR('',#13494,1.);
#1638=VECTOR('',#13499,1.);
#1639=VECTOR('',#13500,1.);
#1640=VECTOR('',#13501,1.);
#1641=VECTOR('',#13506,1.);
#1642=VECTOR('',#13511,1.);
#1643=VECTOR('',#13512,1.);
#1644=VECTOR('',#13513,1.);
#1645=VECTOR('',#13518,1.);
#1646=VECTOR('',#13525,1.);
#1647=VECTOR('',#13528,1.);
#1648=VECTOR('',#13531,1.);
#1649=VECTOR('',#13532,1.);
#1650=VECTOR('',#13533,1.);
#1651=VECTOR('',#13538,1.);
#1652=VECTOR('',#13543,1.);
#1653=VECTOR('',#13544,1.);
#1654=VECTOR('',#13545,1.);
#1655=VECTOR('',#13550,1.);
#1656=VECTOR('',#13555,1.);
#1657=VECTOR('',#13556,1.);
#1658=VECTOR('',#13557,1.);
#1659=VECTOR('',#13562,1.);
#1660=VECTOR('',#13569,1.);
#1661=VECTOR('',#13572,1.);
#1662=VECTOR('',#13575,1.);
#1663=VECTOR('',#13576,1.);
#1664=VECTOR('',#13577,1.);
#1665=VECTOR('',#13582,1.);
#1666=VECTOR('',#13587,1.);
#1667=VECTOR('',#13588,1.);
#1668=VECTOR('',#13589,1.);
#1669=VECTOR('',#13594,1.);
#1670=VECTOR('',#13599,1.);
#1671=VECTOR('',#13600,1.);
#1672=VECTOR('',#13601,1.);
#1673=VECTOR('',#13606,1.);
#1674=VECTOR('',#13613,1.);
#1675=VECTOR('',#13616,1.);
#1676=VECTOR('',#13619,1.);
#1677=VECTOR('',#13620,1.);
#1678=VECTOR('',#13621,1.);
#1679=VECTOR('',#13626,1.);
#1680=VECTOR('',#13631,1.);
#1681=VECTOR('',#13632,1.);
#1682=VECTOR('',#13633,1.);
#1683=VECTOR('',#13638,1.);
#1684=VECTOR('',#13643,1.);
#1685=VECTOR('',#13644,1.);
#1686=VECTOR('',#13645,1.);
#1687=VECTOR('',#13650,1.);
#1688=VECTOR('',#13657,1.);
#1689=VECTOR('',#13660,1.);
#1690=VECTOR('',#13663,1.);
#1691=VECTOR('',#13664,1.);
#1692=VECTOR('',#13665,1.);
#1693=VECTOR('',#13670,1.);
#1694=VECTOR('',#13675,1.);
#1695=VECTOR('',#13676,1.);
#1696=VECTOR('',#13677,1.);
#1697=VECTOR('',#13682,1.);
#1698=VECTOR('',#13687,1.);
#1699=VECTOR('',#13688,1.);
#1700=VECTOR('',#13689,1.);
#1701=VECTOR('',#13694,1.);
#1702=VECTOR('',#13701,1.);
#1703=VECTOR('',#13704,1.);
#1704=VECTOR('',#13707,1.);
#1705=VECTOR('',#13708,1.);
#1706=VECTOR('',#13709,1.);
#1707=VECTOR('',#13714,1.);
#1708=VECTOR('',#13719,1.);
#1709=VECTOR('',#13720,1.);
#1710=VECTOR('',#13721,1.);
#1711=VECTOR('',#13726,1.);
#1712=VECTOR('',#13731,1.);
#1713=VECTOR('',#13732,1.);
#1714=VECTOR('',#13733,1.);
#1715=VECTOR('',#13738,1.);
#1716=VECTOR('',#13745,1.);
#1717=VECTOR('',#13748,1.);
#1718=VECTOR('',#13751,1.);
#1719=VECTOR('',#13752,1.);
#1720=VECTOR('',#13753,1.);
#1721=VECTOR('',#13758,1.);
#1722=VECTOR('',#13763,1.);
#1723=VECTOR('',#13764,1.);
#1724=VECTOR('',#13765,1.);
#1725=VECTOR('',#13770,1.);
#1726=VECTOR('',#13775,1.);
#1727=VECTOR('',#13776,1.);
#1728=VECTOR('',#13777,1.);
#1729=VECTOR('',#13782,1.);
#1730=VECTOR('',#13789,1.);
#1731=VECTOR('',#13792,1.);
#1732=VECTOR('',#13795,1.);
#1733=VECTOR('',#13796,1.);
#1734=VECTOR('',#13797,1.);
#1735=VECTOR('',#13802,1.);
#1736=VECTOR('',#13807,1.);
#1737=VECTOR('',#13808,1.);
#1738=VECTOR('',#13809,1.);
#1739=VECTOR('',#13814,1.);
#1740=VECTOR('',#13819,1.);
#1741=VECTOR('',#13820,1.);
#1742=VECTOR('',#13821,1.);
#1743=VECTOR('',#13826,1.);
#1744=VECTOR('',#13833,1.);
#1745=VECTOR('',#13836,1.);
#1746=VECTOR('',#13839,1.);
#1747=VECTOR('',#13840,1.);
#1748=VECTOR('',#13841,1.);
#1749=VECTOR('',#13846,1.);
#1750=VECTOR('',#13851,1.);
#1751=VECTOR('',#13852,1.);
#1752=VECTOR('',#13853,1.);
#1753=VECTOR('',#13858,1.);
#1754=VECTOR('',#13863,1.);
#1755=VECTOR('',#13864,1.);
#1756=VECTOR('',#13865,1.);
#1757=VECTOR('',#13870,1.);
#1758=VECTOR('',#13877,1.);
#1759=VECTOR('',#13880,1.);
#1760=VECTOR('',#13883,1.);
#1761=VECTOR('',#13884,1.);
#1762=VECTOR('',#13885,1.);
#1763=VECTOR('',#13890,1.);
#1764=VECTOR('',#13895,1.);
#1765=VECTOR('',#13896,1.);
#1766=VECTOR('',#13897,1.);
#1767=VECTOR('',#13902,1.);
#1768=VECTOR('',#13907,1.);
#1769=VECTOR('',#13908,1.);
#1770=VECTOR('',#13909,1.);
#1771=VECTOR('',#13914,1.);
#1772=VECTOR('',#13921,1.);
#1773=VECTOR('',#13924,1.);
#1774=VECTOR('',#13927,1.);
#1775=VECTOR('',#13928,1.);
#1776=VECTOR('',#13929,1.);
#1777=VECTOR('',#13934,1.);
#1778=VECTOR('',#13939,1.);
#1779=VECTOR('',#13940,1.);
#1780=VECTOR('',#13941,1.);
#1781=VECTOR('',#13946,1.);
#1782=VECTOR('',#13951,1.);
#1783=VECTOR('',#13952,1.);
#1784=VECTOR('',#13953,1.);
#1785=VECTOR('',#13958,1.);
#1786=VECTOR('',#13965,1.);
#1787=VECTOR('',#13968,1.);
#1788=VECTOR('',#13971,1.);
#1789=VECTOR('',#13972,1.);
#1790=VECTOR('',#13973,1.);
#1791=VECTOR('',#13978,1.);
#1792=VECTOR('',#13983,1.);
#1793=VECTOR('',#13984,1.);
#1794=VECTOR('',#13985,1.);
#1795=VECTOR('',#13990,1.);
#1796=VECTOR('',#13995,1.);
#1797=VECTOR('',#13996,1.);
#1798=VECTOR('',#13997,1.);
#1799=VECTOR('',#14002,1.);
#1800=VECTOR('',#14009,1.);
#1801=VECTOR('',#14012,1.);
#1802=VECTOR('',#14015,1.);
#1803=VECTOR('',#14016,1.);
#1804=VECTOR('',#14017,1.);
#1805=VECTOR('',#14022,1.);
#1806=VECTOR('',#14027,1.);
#1807=VECTOR('',#14028,1.);
#1808=VECTOR('',#14029,1.);
#1809=VECTOR('',#14034,1.);
#1810=VECTOR('',#14039,1.);
#1811=VECTOR('',#14040,1.);
#1812=VECTOR('',#14041,1.);
#1813=VECTOR('',#14046,1.);
#1814=VECTOR('',#14053,1.);
#1815=VECTOR('',#14056,1.);
#1816=VECTOR('',#14059,1.);
#1817=VECTOR('',#14060,1.);
#1818=VECTOR('',#14061,1.);
#1819=VECTOR('',#14066,1.);
#1820=VECTOR('',#14071,1.);
#1821=VECTOR('',#14072,1.);
#1822=VECTOR('',#14073,1.);
#1823=VECTOR('',#14078,1.);
#1824=VECTOR('',#14083,1.);
#1825=VECTOR('',#14084,1.);
#1826=VECTOR('',#14085,1.);
#1827=VECTOR('',#14090,1.);
#1828=VECTOR('',#14097,1.);
#1829=VECTOR('',#14100,1.);
#1830=VECTOR('',#14103,1.);
#1831=VECTOR('',#14104,1.);
#1832=VECTOR('',#14105,1.);
#1833=VECTOR('',#14110,1.);
#1834=VECTOR('',#14115,1.);
#1835=VECTOR('',#14116,1.);
#1836=VECTOR('',#14117,1.);
#1837=VECTOR('',#14122,1.);
#1838=VECTOR('',#14127,1.);
#1839=VECTOR('',#14128,1.);
#1840=VECTOR('',#14129,1.);
#1841=VECTOR('',#14134,1.);
#1842=VECTOR('',#14141,1.);
#1843=VECTOR('',#14144,1.);
#1844=VECTOR('',#14147,1.);
#1845=VECTOR('',#14148,1.);
#1846=VECTOR('',#14149,1.);
#1847=VECTOR('',#14154,1.);
#1848=VECTOR('',#14159,1.);
#1849=VECTOR('',#14160,1.);
#1850=VECTOR('',#14161,1.);
#1851=VECTOR('',#14166,1.);
#1852=VECTOR('',#14171,1.);
#1853=VECTOR('',#14172,1.);
#1854=VECTOR('',#14173,1.);
#1855=VECTOR('',#14178,1.);
#1856=VECTOR('',#14185,1.);
#1857=VECTOR('',#14188,1.);
#1858=VECTOR('',#14191,1.);
#1859=VECTOR('',#14192,1.);
#1860=VECTOR('',#14193,1.);
#1861=VECTOR('',#14198,1.);
#1862=VECTOR('',#14203,1.);
#1863=VECTOR('',#14204,1.);
#1864=VECTOR('',#14205,1.);
#1865=VECTOR('',#14210,1.);
#1866=VECTOR('',#14215,1.);
#1867=VECTOR('',#14216,1.);
#1868=VECTOR('',#14217,1.);
#1869=VECTOR('',#14222,1.);
#1870=VECTOR('',#14229,1.);
#1871=VECTOR('',#14232,1.);
#1872=VECTOR('',#14235,1.);
#1873=VECTOR('',#14236,1.);
#1874=VECTOR('',#14237,1.);
#1875=VECTOR('',#14242,1.);
#1876=VECTOR('',#14247,1.);
#1877=VECTOR('',#14248,1.);
#1878=VECTOR('',#14249,1.);
#1879=VECTOR('',#14254,1.);
#1880=VECTOR('',#14259,1.);
#1881=VECTOR('',#14260,1.);
#1882=VECTOR('',#14261,1.);
#1883=VECTOR('',#14266,1.);
#1884=VECTOR('',#14273,1.);
#1885=VECTOR('',#14276,1.);
#1886=VECTOR('',#14279,1.);
#1887=VECTOR('',#14280,1.);
#1888=VECTOR('',#14281,1.);
#1889=VECTOR('',#14286,1.);
#1890=VECTOR('',#14291,1.);
#1891=VECTOR('',#14292,1.);
#1892=VECTOR('',#14293,1.);
#1893=VECTOR('',#14298,1.);
#1894=VECTOR('',#14303,1.);
#1895=VECTOR('',#14304,1.);
#1896=VECTOR('',#14305,1.);
#1897=VECTOR('',#14310,1.);
#1898=VECTOR('',#14317,1.);
#1899=VECTOR('',#14320,1.);
#1900=VECTOR('',#14323,1.);
#1901=VECTOR('',#14324,1.);
#1902=VECTOR('',#14325,1.);
#1903=VECTOR('',#14330,1.);
#1904=VECTOR('',#14335,1.);
#1905=VECTOR('',#14336,1.);
#1906=VECTOR('',#14337,1.);
#1907=VECTOR('',#14342,1.);
#1908=VECTOR('',#14347,1.);
#1909=VECTOR('',#14348,1.);
#1910=VECTOR('',#14349,1.);
#1911=VECTOR('',#14354,1.);
#1912=VECTOR('',#14361,1.);
#1913=VECTOR('',#14364,1.);
#1914=VECTOR('',#14367,1.);
#1915=VECTOR('',#14368,1.);
#1916=VECTOR('',#14369,1.);
#1917=VECTOR('',#14374,1.);
#1918=VECTOR('',#14379,1.);
#1919=VECTOR('',#14380,1.);
#1920=VECTOR('',#14381,1.);
#1921=VECTOR('',#14386,1.);
#1922=VECTOR('',#14391,1.);
#1923=VECTOR('',#14392,1.);
#1924=VECTOR('',#14393,1.);
#1925=VECTOR('',#14398,1.);
#1926=VECTOR('',#14405,1.);
#1927=VECTOR('',#14408,1.);
#1928=VECTOR('',#14411,1.);
#1929=VECTOR('',#14412,1.);
#1930=VECTOR('',#14413,1.);
#1931=VECTOR('',#14418,1.);
#1932=VECTOR('',#14423,1.);
#1933=VECTOR('',#14424,1.);
#1934=VECTOR('',#14425,1.);
#1935=VECTOR('',#14430,1.);
#1936=VECTOR('',#14435,1.);
#1937=VECTOR('',#14436,1.);
#1938=VECTOR('',#14437,1.);
#1939=VECTOR('',#14442,1.);
#1940=VECTOR('',#14449,1.);
#1941=VECTOR('',#14452,1.);
#1942=VECTOR('',#14455,1.);
#1943=VECTOR('',#14456,1.);
#1944=VECTOR('',#14457,1.);
#1945=VECTOR('',#14462,1.);
#1946=VECTOR('',#14467,1.);
#1947=VECTOR('',#14468,1.);
#1948=VECTOR('',#14469,1.);
#1949=VECTOR('',#14474,1.);
#1950=VECTOR('',#14479,1.);
#1951=VECTOR('',#14480,1.);
#1952=VECTOR('',#14481,1.);
#1953=VECTOR('',#14486,1.);
#1954=VECTOR('',#14493,1.);
#1955=VECTOR('',#14496,1.);
#1956=VECTOR('',#14499,1.);
#1957=VECTOR('',#14500,1.);
#1958=VECTOR('',#14501,1.);
#1959=VECTOR('',#14506,1.);
#1960=VECTOR('',#14511,1.);
#1961=VECTOR('',#14512,1.);
#1962=VECTOR('',#14513,1.);
#1963=VECTOR('',#14518,1.);
#1964=VECTOR('',#14523,1.);
#1965=VECTOR('',#14524,1.);
#1966=VECTOR('',#14525,1.);
#1967=VECTOR('',#14530,1.);
#1968=VECTOR('',#14537,1.);
#1969=VECTOR('',#14540,1.);
#1970=VECTOR('',#14543,1.);
#1971=VECTOR('',#14544,1.);
#1972=VECTOR('',#14545,1.);
#1973=VECTOR('',#14550,1.);
#1974=VECTOR('',#14555,1.);
#1975=VECTOR('',#14556,1.);
#1976=VECTOR('',#14557,1.);
#1977=VECTOR('',#14562,1.);
#1978=VECTOR('',#14567,1.);
#1979=VECTOR('',#14568,1.);
#1980=VECTOR('',#14569,1.);
#1981=VECTOR('',#14574,1.);
#1982=VECTOR('',#14581,1.);
#1983=VECTOR('',#14584,1.);
#1984=VECTOR('',#14587,1.);
#1985=VECTOR('',#14588,1.);
#1986=VECTOR('',#14589,1.);
#1987=VECTOR('',#14594,1.);
#1988=VECTOR('',#14599,1.);
#1989=VECTOR('',#14600,1.);
#1990=VECTOR('',#14601,1.);
#1991=VECTOR('',#14606,1.);
#1992=VECTOR('',#14611,1.);
#1993=VECTOR('',#14612,1.);
#1994=VECTOR('',#14613,1.);
#1995=VECTOR('',#14618,1.);
#1996=VECTOR('',#14625,1.);
#1997=VECTOR('',#14628,1.);
#1998=VECTOR('',#14631,1.);
#1999=VECTOR('',#14632,1.);
#2000=VECTOR('',#14633,1.);
#2001=VECTOR('',#14638,1.);
#2002=VECTOR('',#14643,1.);
#2003=VECTOR('',#14644,1.);
#2004=VECTOR('',#14645,1.);
#2005=VECTOR('',#14650,1.);
#2006=VECTOR('',#14655,1.);
#2007=VECTOR('',#14656,1.);
#2008=VECTOR('',#14657,1.);
#2009=VECTOR('',#14662,1.);
#2010=VECTOR('',#14669,1.);
#2011=VECTOR('',#14672,1.);
#2012=VECTOR('',#14675,1.);
#2013=VECTOR('',#14676,1.);
#2014=VECTOR('',#14677,1.);
#2015=VECTOR('',#14682,1.);
#2016=VECTOR('',#14687,1.);
#2017=VECTOR('',#14688,1.);
#2018=VECTOR('',#14689,1.);
#2019=VECTOR('',#14694,1.);
#2020=VECTOR('',#14699,1.);
#2021=VECTOR('',#14700,1.);
#2022=VECTOR('',#14701,1.);
#2023=VECTOR('',#14706,1.);
#2024=VECTOR('',#14713,1.);
#2025=VECTOR('',#14716,1.);
#2026=VECTOR('',#14719,1.);
#2027=VECTOR('',#14720,1.);
#2028=VECTOR('',#14721,1.);
#2029=VECTOR('',#14726,1.);
#2030=VECTOR('',#14731,1.);
#2031=VECTOR('',#14732,1.);
#2032=VECTOR('',#14733,1.);
#2033=VECTOR('',#14738,1.);
#2034=VECTOR('',#14743,1.);
#2035=VECTOR('',#14744,1.);
#2036=VECTOR('',#14745,1.);
#2037=VECTOR('',#14750,1.);
#2038=VECTOR('',#14757,1.);
#2039=VECTOR('',#14760,1.);
#2040=VECTOR('',#14763,1.);
#2041=VECTOR('',#14764,1.);
#2042=VECTOR('',#14765,1.);
#2043=VECTOR('',#14770,1.);
#2044=VECTOR('',#14775,1.);
#2045=VECTOR('',#14776,1.);
#2046=VECTOR('',#14777,1.);
#2047=VECTOR('',#14782,1.);
#2048=VECTOR('',#14787,1.);
#2049=VECTOR('',#14788,1.);
#2050=VECTOR('',#14789,1.);
#2051=VECTOR('',#14794,1.);
#2052=VECTOR('',#14801,1.);
#2053=VECTOR('',#14804,1.);
#2054=VECTOR('',#14807,1.);
#2055=VECTOR('',#14808,1.);
#2056=VECTOR('',#14809,1.);
#2057=VECTOR('',#14814,1.);
#2058=VECTOR('',#14819,1.);
#2059=VECTOR('',#14820,1.);
#2060=VECTOR('',#14821,1.);
#2061=VECTOR('',#14826,1.);
#2062=VECTOR('',#14831,1.);
#2063=VECTOR('',#14832,1.);
#2064=VECTOR('',#14833,1.);
#2065=VECTOR('',#14838,1.);
#2066=VECTOR('',#14845,1.);
#2067=VECTOR('',#14848,1.);
#2068=VECTOR('',#14851,1.);
#2069=VECTOR('',#14852,1.);
#2070=VECTOR('',#14853,1.);
#2071=VECTOR('',#14858,1.);
#2072=VECTOR('',#14863,1.);
#2073=VECTOR('',#14864,1.);
#2074=VECTOR('',#14865,1.);
#2075=VECTOR('',#14870,1.);
#2076=VECTOR('',#14875,1.);
#2077=VECTOR('',#14876,1.);
#2078=VECTOR('',#14877,1.);
#2079=VECTOR('',#14882,1.);
#2080=VECTOR('',#14889,1.);
#2081=VECTOR('',#14892,1.);
#2082=VECTOR('',#14895,1.);
#2083=VECTOR('',#14896,1.);
#2084=VECTOR('',#14897,1.);
#2085=VECTOR('',#14902,1.);
#2086=VECTOR('',#14907,1.);
#2087=VECTOR('',#14908,1.);
#2088=VECTOR('',#14909,1.);
#2089=VECTOR('',#14914,1.);
#2090=VECTOR('',#14919,1.);
#2091=VECTOR('',#14920,1.);
#2092=VECTOR('',#14921,1.);
#2093=VECTOR('',#14926,1.);
#2094=VECTOR('',#14933,1.);
#2095=VECTOR('',#14936,1.);
#2096=VECTOR('',#14939,1.);
#2097=VECTOR('',#14940,1.);
#2098=VECTOR('',#14941,1.);
#2099=VECTOR('',#14946,1.);
#2100=VECTOR('',#14951,1.);
#2101=VECTOR('',#14952,1.);
#2102=VECTOR('',#14953,1.);
#2103=VECTOR('',#14958,1.);
#2104=VECTOR('',#14963,1.);
#2105=VECTOR('',#14964,1.);
#2106=VECTOR('',#14965,1.);
#2107=VECTOR('',#14970,1.);
#2108=VECTOR('',#14977,1.);
#2109=VECTOR('',#14980,1.);
#2110=VECTOR('',#14983,1.);
#2111=VECTOR('',#14984,1.);
#2112=VECTOR('',#14985,1.);
#2113=VECTOR('',#14990,1.);
#2114=VECTOR('',#14995,1.);
#2115=VECTOR('',#14996,1.);
#2116=VECTOR('',#14997,1.);
#2117=VECTOR('',#15002,1.);
#2118=VECTOR('',#15007,1.);
#2119=VECTOR('',#15008,1.);
#2120=VECTOR('',#15009,1.);
#2121=VECTOR('',#15014,1.);
#2122=VECTOR('',#15021,1.);
#2123=VECTOR('',#15024,1.);
#2124=VECTOR('',#15027,1.);
#2125=VECTOR('',#15028,1.);
#2126=VECTOR('',#15029,1.);
#2127=VECTOR('',#15034,1.);
#2128=VECTOR('',#15039,1.);
#2129=VECTOR('',#15040,1.);
#2130=VECTOR('',#15041,1.);
#2131=VECTOR('',#15046,1.);
#2132=VECTOR('',#15051,1.);
#2133=VECTOR('',#15052,1.);
#2134=VECTOR('',#15053,1.);
#2135=VECTOR('',#15058,1.);
#2136=VECTOR('',#15065,1.);
#2137=VECTOR('',#15068,1.);
#2138=VECTOR('',#15071,1.);
#2139=VECTOR('',#15072,1.);
#2140=VECTOR('',#15073,1.);
#2141=VECTOR('',#15078,1.);
#2142=VECTOR('',#15083,1.);
#2143=VECTOR('',#15084,1.);
#2144=VECTOR('',#15085,1.);
#2145=VECTOR('',#15090,1.);
#2146=VECTOR('',#15095,1.);
#2147=VECTOR('',#15096,1.);
#2148=VECTOR('',#15097,1.);
#2149=VECTOR('',#15102,1.);
#2150=VECTOR('',#15109,1.);
#2151=VECTOR('',#15112,1.);
#2152=VECTOR('',#15115,1.);
#2153=VECTOR('',#15116,1.);
#2154=VECTOR('',#15117,1.);
#2155=VECTOR('',#15122,1.);
#2156=VECTOR('',#15127,1.);
#2157=VECTOR('',#15128,1.);
#2158=VECTOR('',#15129,1.);
#2159=VECTOR('',#15134,1.);
#2160=VECTOR('',#15139,1.);
#2161=VECTOR('',#15140,1.);
#2162=VECTOR('',#15141,1.);
#2163=VECTOR('',#15146,1.);
#2164=VECTOR('',#15153,1.);
#2165=VECTOR('',#15156,1.);
#2166=VECTOR('',#15159,1.);
#2167=VECTOR('',#15160,1.);
#2168=VECTOR('',#15161,1.);
#2169=VECTOR('',#15166,1.);
#2170=VECTOR('',#15171,1.);
#2171=VECTOR('',#15172,1.);
#2172=VECTOR('',#15173,1.);
#2173=VECTOR('',#15178,1.);
#2174=VECTOR('',#15183,1.);
#2175=VECTOR('',#15184,1.);
#2176=VECTOR('',#15185,1.);
#2177=VECTOR('',#15190,1.);
#2178=VECTOR('',#15197,1.);
#2179=VECTOR('',#15200,1.);
#2180=VECTOR('',#15203,1.);
#2181=VECTOR('',#15204,1.);
#2182=VECTOR('',#15205,1.);
#2183=VECTOR('',#15210,1.);
#2184=VECTOR('',#15215,1.);
#2185=VECTOR('',#15216,1.);
#2186=VECTOR('',#15217,1.);
#2187=VECTOR('',#15222,1.);
#2188=VECTOR('',#15227,1.);
#2189=VECTOR('',#15228,1.);
#2190=VECTOR('',#15229,1.);
#2191=VECTOR('',#15234,1.);
#2192=VECTOR('',#15241,1.);
#2193=VECTOR('',#15244,1.);
#2194=VECTOR('',#15247,1.);
#2195=VECTOR('',#15248,1.);
#2196=VECTOR('',#15249,1.);
#2197=VECTOR('',#15254,1.);
#2198=VECTOR('',#15259,1.);
#2199=VECTOR('',#15260,1.);
#2200=VECTOR('',#15261,1.);
#2201=VECTOR('',#15266,1.);
#2202=VECTOR('',#15271,1.);
#2203=VECTOR('',#15272,1.);
#2204=VECTOR('',#15273,1.);
#2205=VECTOR('',#15278,1.);
#2206=VECTOR('',#15285,1.);
#2207=VECTOR('',#15288,1.);
#2208=VECTOR('',#15291,1.);
#2209=VECTOR('',#15292,1.);
#2210=VECTOR('',#15293,1.);
#2211=VECTOR('',#15298,1.);
#2212=VECTOR('',#15303,1.);
#2213=VECTOR('',#15304,1.);
#2214=VECTOR('',#15305,1.);
#2215=VECTOR('',#15310,1.);
#2216=VECTOR('',#15315,1.);
#2217=VECTOR('',#15316,1.);
#2218=VECTOR('',#15317,1.);
#2219=VECTOR('',#15322,1.);
#2220=VECTOR('',#15329,1.);
#2221=VECTOR('',#15332,1.);
#2222=VECTOR('',#15335,1.);
#2223=VECTOR('',#15336,1.);
#2224=VECTOR('',#15337,1.);
#2225=VECTOR('',#15342,1.);
#2226=VECTOR('',#15347,1.);
#2227=VECTOR('',#15348,1.);
#2228=VECTOR('',#15349,1.);
#2229=VECTOR('',#15354,1.);
#2230=VECTOR('',#15359,1.);
#2231=VECTOR('',#15360,1.);
#2232=VECTOR('',#15361,1.);
#2233=VECTOR('',#15366,1.);
#2234=VECTOR('',#15373,1.);
#2235=VECTOR('',#15376,1.);
#2236=VECTOR('',#15379,1.);
#2237=VECTOR('',#15380,1.);
#2238=VECTOR('',#15381,1.);
#2239=VECTOR('',#15386,1.);
#2240=VECTOR('',#15391,1.);
#2241=VECTOR('',#15392,1.);
#2242=VECTOR('',#15393,1.);
#2243=VECTOR('',#15398,1.);
#2244=VECTOR('',#15403,1.);
#2245=VECTOR('',#15404,1.);
#2246=VECTOR('',#15405,1.);
#2247=VECTOR('',#15410,1.);
#2248=VECTOR('',#15417,1.);
#2249=VECTOR('',#15420,1.);
#2250=VECTOR('',#15423,1.);
#2251=VECTOR('',#15424,1.);
#2252=VECTOR('',#15425,1.);
#2253=VECTOR('',#15430,1.);
#2254=VECTOR('',#15435,1.);
#2255=VECTOR('',#15436,1.);
#2256=VECTOR('',#15437,1.);
#2257=VECTOR('',#15442,1.);
#2258=VECTOR('',#15447,1.);
#2259=VECTOR('',#15448,1.);
#2260=VECTOR('',#15449,1.);
#2261=VECTOR('',#15454,1.);
#2262=VECTOR('',#15461,1.);
#2263=VECTOR('',#15464,1.);
#2264=VECTOR('',#15467,1.);
#2265=VECTOR('',#15468,1.);
#2266=VECTOR('',#15469,1.);
#2267=VECTOR('',#15474,1.);
#2268=VECTOR('',#15479,1.);
#2269=VECTOR('',#15480,1.);
#2270=VECTOR('',#15481,1.);
#2271=VECTOR('',#15486,1.);
#2272=VECTOR('',#15491,1.);
#2273=VECTOR('',#15492,1.);
#2274=VECTOR('',#15493,1.);
#2275=VECTOR('',#15498,1.);
#2276=VECTOR('',#15505,1.);
#2277=VECTOR('',#15508,1.);
#2278=VECTOR('',#15511,1.);
#2279=VECTOR('',#15512,1.);
#2280=VECTOR('',#15513,1.);
#2281=VECTOR('',#15518,1.);
#2282=VECTOR('',#15523,1.);
#2283=VECTOR('',#15524,1.);
#2284=VECTOR('',#15525,1.);
#2285=VECTOR('',#15530,1.);
#2286=VECTOR('',#15535,1.);
#2287=VECTOR('',#15536,1.);
#2288=VECTOR('',#15537,1.);
#2289=VECTOR('',#15542,1.);
#2290=VECTOR('',#15549,1.);
#2291=VECTOR('',#15552,1.);
#2292=VECTOR('',#15555,1.);
#2293=VECTOR('',#15556,1.);
#2294=VECTOR('',#15557,1.);
#2295=VECTOR('',#15562,1.);
#2296=VECTOR('',#15567,1.);
#2297=VECTOR('',#15568,1.);
#2298=VECTOR('',#15569,1.);
#2299=VECTOR('',#15574,1.);
#2300=VECTOR('',#15579,1.);
#2301=VECTOR('',#15580,1.);
#2302=VECTOR('',#15581,1.);
#2303=VECTOR('',#15586,1.);
#2304=VECTOR('',#15593,1.);
#2305=VECTOR('',#15596,1.);
#2306=VECTOR('',#15599,1.);
#2307=VECTOR('',#15600,1.);
#2308=VECTOR('',#15601,1.);
#2309=VECTOR('',#15606,1.);
#2310=VECTOR('',#15611,1.);
#2311=VECTOR('',#15612,1.);
#2312=VECTOR('',#15613,1.);
#2313=VECTOR('',#15618,1.);
#2314=VECTOR('',#15623,1.);
#2315=VECTOR('',#15624,1.);
#2316=VECTOR('',#15625,1.);
#2317=VECTOR('',#15630,1.);
#2318=VECTOR('',#15637,1.);
#2319=VECTOR('',#15640,1.);
#2320=VECTOR('',#15643,1.);
#2321=VECTOR('',#15644,1.);
#2322=VECTOR('',#15645,1.);
#2323=VECTOR('',#15650,1.);
#2324=VECTOR('',#15655,1.);
#2325=VECTOR('',#15656,1.);
#2326=VECTOR('',#15657,1.);
#2327=VECTOR('',#15662,1.);
#2328=VECTOR('',#15667,1.);
#2329=VECTOR('',#15668,1.);
#2330=VECTOR('',#15669,1.);
#2331=VECTOR('',#15674,1.);
#2332=VECTOR('',#15681,1.);
#2333=VECTOR('',#15684,1.);
#2334=VECTOR('',#15687,1.);
#2335=VECTOR('',#15688,1.);
#2336=VECTOR('',#15689,1.);
#2337=VECTOR('',#15694,1.);
#2338=VECTOR('',#15699,1.);
#2339=VECTOR('',#15700,1.);
#2340=VECTOR('',#15701,1.);
#2341=VECTOR('',#15706,1.);
#2342=VECTOR('',#15711,1.);
#2343=VECTOR('',#15712,1.);
#2344=VECTOR('',#15713,1.);
#2345=VECTOR('',#15718,1.);
#2346=VECTOR('',#15725,1.);
#2347=VECTOR('',#15728,1.);
#2348=VECTOR('',#15731,1.);
#2349=VECTOR('',#15732,1.);
#2350=VECTOR('',#15733,1.);
#2351=VECTOR('',#15738,1.);
#2352=VECTOR('',#15743,1.);
#2353=VECTOR('',#15744,1.);
#2354=VECTOR('',#15745,1.);
#2355=VECTOR('',#15750,1.);
#2356=VECTOR('',#15755,1.);
#2357=VECTOR('',#15756,1.);
#2358=VECTOR('',#15757,1.);
#2359=VECTOR('',#15762,1.);
#2360=VECTOR('',#15769,1.);
#2361=VECTOR('',#15772,1.);
#2362=VECTOR('',#15775,1.);
#2363=VECTOR('',#15776,1.);
#2364=VECTOR('',#15777,1.);
#2365=VECTOR('',#15782,1.);
#2366=VECTOR('',#15787,1.);
#2367=VECTOR('',#15788,1.);
#2368=VECTOR('',#15789,1.);
#2369=VECTOR('',#15794,1.);
#2370=VECTOR('',#15799,1.);
#2371=VECTOR('',#15800,1.);
#2372=VECTOR('',#15801,1.);
#2373=VECTOR('',#15806,1.);
#2374=VECTOR('',#15813,1.);
#2375=VECTOR('',#15816,1.);
#2376=VECTOR('',#15819,1.);
#2377=VECTOR('',#15820,1.);
#2378=VECTOR('',#15821,1.);
#2379=VECTOR('',#15826,1.);
#2380=VECTOR('',#15831,1.);
#2381=VECTOR('',#15832,1.);
#2382=VECTOR('',#15833,1.);
#2383=VECTOR('',#15838,1.);
#2384=VECTOR('',#15843,1.);
#2385=VECTOR('',#15844,1.);
#2386=VECTOR('',#15845,1.);
#2387=VECTOR('',#15850,1.);
#2388=VECTOR('',#15857,1.);
#2389=VECTOR('',#15860,1.);
#2390=VECTOR('',#15863,1.);
#2391=VECTOR('',#15864,1.);
#2392=VECTOR('',#15865,1.);
#2393=VECTOR('',#15870,1.);
#2394=VECTOR('',#15875,1.);
#2395=VECTOR('',#15876,1.);
#2396=VECTOR('',#15877,1.);
#2397=VECTOR('',#15882,1.);
#2398=VECTOR('',#15887,1.);
#2399=VECTOR('',#15888,1.);
#2400=VECTOR('',#15889,1.);
#2401=VECTOR('',#15894,1.);
#2402=VECTOR('',#15901,1.);
#2403=VECTOR('',#15904,1.);
#2404=VECTOR('',#15907,1.);
#2405=VECTOR('',#15908,1.);
#2406=VECTOR('',#15909,1.);
#2407=VECTOR('',#15914,1.);
#2408=VECTOR('',#15919,1.);
#2409=VECTOR('',#15920,1.);
#2410=VECTOR('',#15921,1.);
#2411=VECTOR('',#15926,1.);
#2412=VECTOR('',#15931,1.);
#2413=VECTOR('',#15932,1.);
#2414=VECTOR('',#15933,1.);
#2415=VECTOR('',#15938,1.);
#2416=VECTOR('',#15945,1.);
#2417=VECTOR('',#15948,1.);
#2418=VECTOR('',#15951,1.);
#2419=VECTOR('',#15952,1.);
#2420=VECTOR('',#15953,1.);
#2421=VECTOR('',#15958,1.);
#2422=VECTOR('',#15963,1.);
#2423=VECTOR('',#15964,1.);
#2424=VECTOR('',#15965,1.);
#2425=VECTOR('',#15970,1.);
#2426=VECTOR('',#15975,1.);
#2427=VECTOR('',#15976,1.);
#2428=VECTOR('',#15977,1.);
#2429=VECTOR('',#15982,1.);
#2430=VECTOR('',#15989,1.);
#2431=VECTOR('',#15992,1.);
#2432=VECTOR('',#15995,1.);
#2433=VECTOR('',#15996,1.);
#2434=VECTOR('',#15997,1.);
#2435=VECTOR('',#16002,1.);
#2436=VECTOR('',#16007,1.);
#2437=VECTOR('',#16008,1.);
#2438=VECTOR('',#16009,1.);
#2439=VECTOR('',#16014,1.);
#2440=VECTOR('',#16019,1.);
#2441=VECTOR('',#16020,1.);
#2442=VECTOR('',#16021,1.);
#2443=VECTOR('',#16026,1.);
#2444=VECTOR('',#16031,1.);
#2445=VECTOR('',#16032,1.);
#2446=VECTOR('',#16035,1.);
#2447=VECTOR('',#16036,1.);
#2448=VECTOR('',#16039,1.);
#2449=VECTOR('',#16040,1.);
#2450=VECTOR('',#16043,1.);
#2451=VECTOR('',#16044,1.);
#2452=VECTOR('',#16047,1.);
#2453=VECTOR('',#16048,1.);
#2454=VECTOR('',#16051,1.);
#2455=VECTOR('',#16052,1.);
#2456=VECTOR('',#16055,1.);
#2457=VECTOR('',#16056,1.);
#2458=VECTOR('',#16059,1.);
#2459=VECTOR('',#16060,1.);
#2460=VECTOR('',#16063,1.);
#2461=VECTOR('',#16064,1.);
#2462=VECTOR('',#16067,1.);
#2463=VECTOR('',#16068,1.);
#2464=VECTOR('',#16071,1.);
#2465=VECTOR('',#16072,1.);
#2466=VECTOR('',#16075,1.);
#2467=VECTOR('',#16076,1.);
#2468=VECTOR('',#16079,1.);
#2469=VECTOR('',#16080,1.);
#2470=VECTOR('',#16083,1.);
#2471=VECTOR('',#16084,1.);
#2472=VECTOR('',#16087,1.);
#2473=VECTOR('',#16088,1.);
#2474=VECTOR('',#16091,1.);
#2475=VECTOR('',#16092,1.);
#2476=VECTOR('',#16095,1.);
#2477=VECTOR('',#16096,1.);
#2478=VECTOR('',#16099,1.);
#2479=VECTOR('',#16100,1.);
#2480=VECTOR('',#16103,1.);
#2481=VECTOR('',#16104,1.);
#2482=VECTOR('',#16107,1.);
#2483=VECTOR('',#16108,1.);
#2484=VECTOR('',#16111,1.);
#2485=VECTOR('',#16112,1.);
#2486=VECTOR('',#16115,1.);
#2487=VECTOR('',#16116,1.);
#2488=VECTOR('',#16119,1.);
#2489=VECTOR('',#16120,1.);
#2490=VECTOR('',#16123,1.);
#2491=VECTOR('',#16124,1.);
#2492=VECTOR('',#16127,1.);
#2493=VECTOR('',#16128,1.);
#2494=VECTOR('',#16131,1.);
#2495=VECTOR('',#16132,1.);
#2496=VECTOR('',#16135,1.);
#2497=VECTOR('',#16136,1.);
#2498=VECTOR('',#16139,1.);
#2499=VECTOR('',#16140,1.);
#2500=VECTOR('',#16143,1.);
#2501=VECTOR('',#16144,1.);
#2502=VECTOR('',#16147,1.);
#2503=VECTOR('',#16148,1.);
#2504=VECTOR('',#16151,1.);
#2505=VECTOR('',#16152,1.);
#2506=VECTOR('',#16155,1.);
#2507=VECTOR('',#16156,1.);
#2508=VECTOR('',#16159,1.);
#2509=VECTOR('',#16160,1.);
#2510=VECTOR('',#16163,1.);
#2511=VECTOR('',#16164,1.);
#2512=VECTOR('',#16167,1.);
#2513=VECTOR('',#16168,1.);
#2514=VECTOR('',#16171,1.);
#2515=VECTOR('',#16172,1.);
#2516=VECTOR('',#16175,1.);
#2517=VECTOR('',#16176,1.);
#2518=VECTOR('',#16179,1.);
#2519=VECTOR('',#16180,1.);
#2520=VECTOR('',#16183,1.);
#2521=VECTOR('',#16184,1.);
#2522=VECTOR('',#16187,1.);
#2523=VECTOR('',#16188,1.);
#2524=VECTOR('',#16191,1.);
#2525=VECTOR('',#16192,1.);
#2526=VECTOR('',#16195,1.);
#2527=VECTOR('',#16196,1.);
#2528=VECTOR('',#16199,1.);
#2529=VECTOR('',#16200,1.);
#2530=VECTOR('',#16203,1.);
#2531=VECTOR('',#16204,1.);
#2532=VECTOR('',#16207,1.);
#2533=VECTOR('',#16208,1.);
#2534=VECTOR('',#16211,1.);
#2535=VECTOR('',#16212,1.);
#2536=VECTOR('',#16215,1.);
#2537=VECTOR('',#16216,1.);
#2538=VECTOR('',#16219,1.);
#2539=VECTOR('',#16220,1.);
#2540=VECTOR('',#16223,1.);
#2541=VECTOR('',#16224,1.);
#2542=VECTOR('',#16227,1.);
#2543=VECTOR('',#16228,1.);
#2544=VECTOR('',#16231,1.);
#2545=VECTOR('',#16232,1.);
#2546=VECTOR('',#16235,1.);
#2547=VECTOR('',#16236,1.);
#2548=VECTOR('',#16239,1.);
#2549=VECTOR('',#16240,1.);
#2550=VECTOR('',#16243,1.);
#2551=VECTOR('',#16244,1.);
#2552=VECTOR('',#16247,1.);
#2553=VECTOR('',#16248,1.);
#2554=VECTOR('',#16251,1.);
#2555=VECTOR('',#16252,1.);
#2556=VECTOR('',#16255,1.);
#2557=VECTOR('',#16256,1.);
#2558=VECTOR('',#16259,1.);
#2559=VECTOR('',#16260,1.);
#2560=VECTOR('',#16263,1.);
#2561=VECTOR('',#16264,1.);
#2562=VECTOR('',#16267,1.);
#2563=VECTOR('',#16268,1.);
#2564=VECTOR('',#16271,1.);
#2565=VECTOR('',#16272,1.);
#2566=VECTOR('',#16275,1.);
#2567=VECTOR('',#16276,1.);
#2568=VECTOR('',#16279,1.);
#2569=VECTOR('',#16280,1.);
#2570=VECTOR('',#16283,1.);
#2571=VECTOR('',#16284,1.);
#2572=VECTOR('',#16287,1.);
#2573=VECTOR('',#16288,1.);
#2574=VECTOR('',#16291,1.);
#2575=VECTOR('',#16292,1.);
#2576=VECTOR('',#16295,1.);
#2577=VECTOR('',#16296,1.);
#2578=VECTOR('',#16299,1.);
#2579=VECTOR('',#16300,1.);
#2580=VECTOR('',#16303,1.);
#2581=VECTOR('',#16304,1.);
#2582=VECTOR('',#16307,1.);
#2583=VECTOR('',#16308,1.);
#2584=VECTOR('',#16311,1.);
#2585=VECTOR('',#16312,1.);
#2586=VECTOR('',#16315,1.);
#2587=VECTOR('',#16316,1.);
#2588=VECTOR('',#16317,1.);
#2589=VECTOR('',#16318,1.);
#2590=VECTOR('',#16321,1.);
#2591=VECTOR('',#16322,1.);
#2592=VECTOR('',#16323,1.);
#2593=VECTOR('',#16324,1.);
#2594=VECTOR('',#16327,1.);
#2595=VECTOR('',#16328,1.);
#2596=VECTOR('',#16331,1.);
#2597=VECTOR('',#16334,1.);
#2598=ORIENTED_EDGE('',*,*,#6030,.F.);
#2599=ORIENTED_EDGE('',*,*,#6031,.F.);
#2600=ORIENTED_EDGE('',*,*,#6032,.T.);
#2601=ORIENTED_EDGE('',*,*,#6033,.T.);
#2602=ORIENTED_EDGE('',*,*,#6034,.T.);
#2603=ORIENTED_EDGE('',*,*,#6035,.F.);
#2604=ORIENTED_EDGE('',*,*,#6036,.F.);
#2605=ORIENTED_EDGE('',*,*,#6031,.T.);
#2606=ORIENTED_EDGE('',*,*,#6037,.F.);
#2607=ORIENTED_EDGE('',*,*,#6038,.F.);
#2608=ORIENTED_EDGE('',*,*,#6039,.T.);
#2609=ORIENTED_EDGE('',*,*,#6035,.T.);
#2610=ORIENTED_EDGE('',*,*,#6040,.T.);
#2611=ORIENTED_EDGE('',*,*,#6041,.F.);
#2612=ORIENTED_EDGE('',*,*,#6042,.F.);
#2613=ORIENTED_EDGE('',*,*,#6038,.T.);
#2614=ORIENTED_EDGE('',*,*,#6043,.F.);
#2615=ORIENTED_EDGE('',*,*,#6044,.F.);
#2616=ORIENTED_EDGE('',*,*,#6045,.T.);
#2617=ORIENTED_EDGE('',*,*,#6041,.T.);
#2618=ORIENTED_EDGE('',*,*,#6046,.F.);
#2619=ORIENTED_EDGE('',*,*,#6047,.F.);
#2620=ORIENTED_EDGE('',*,*,#6048,.T.);
#2621=ORIENTED_EDGE('',*,*,#6044,.T.);
#2622=ORIENTED_EDGE('',*,*,#6049,.F.);
#2623=ORIENTED_EDGE('',*,*,#6050,.F.);
#2624=ORIENTED_EDGE('',*,*,#6051,.T.);
#2625=ORIENTED_EDGE('',*,*,#6047,.T.);
#2626=ORIENTED_EDGE('',*,*,#6052,.F.);
#2627=ORIENTED_EDGE('',*,*,#6053,.F.);
#2628=ORIENTED_EDGE('',*,*,#6054,.T.);
#2629=ORIENTED_EDGE('',*,*,#6055,.T.);
#2630=ORIENTED_EDGE('',*,*,#6056,.T.);
#2631=ORIENTED_EDGE('',*,*,#6057,.F.);
#2632=ORIENTED_EDGE('',*,*,#6058,.F.);
#2633=ORIENTED_EDGE('',*,*,#6053,.T.);
#2634=ORIENTED_EDGE('',*,*,#6059,.F.);
#2635=ORIENTED_EDGE('',*,*,#6060,.F.);
#2636=ORIENTED_EDGE('',*,*,#6061,.T.);
#2637=ORIENTED_EDGE('',*,*,#6057,.T.);
#2638=ORIENTED_EDGE('',*,*,#6062,.T.);
#2639=ORIENTED_EDGE('',*,*,#6063,.F.);
#2640=ORIENTED_EDGE('',*,*,#6064,.F.);
#2641=ORIENTED_EDGE('',*,*,#6060,.T.);
#2642=ORIENTED_EDGE('',*,*,#6065,.F.);
#2643=ORIENTED_EDGE('',*,*,#6066,.F.);
#2644=ORIENTED_EDGE('',*,*,#6067,.T.);
#2645=ORIENTED_EDGE('',*,*,#6063,.T.);
#2646=ORIENTED_EDGE('',*,*,#6068,.F.);
#2647=ORIENTED_EDGE('',*,*,#6069,.F.);
#2648=ORIENTED_EDGE('',*,*,#6070,.T.);
#2649=ORIENTED_EDGE('',*,*,#6066,.T.);
#2650=ORIENTED_EDGE('',*,*,#6071,.F.);
#2651=ORIENTED_EDGE('',*,*,#6072,.F.);
#2652=ORIENTED_EDGE('',*,*,#6073,.T.);
#2653=ORIENTED_EDGE('',*,*,#6069,.T.);
#2654=ORIENTED_EDGE('',*,*,#6074,.F.);
#2655=ORIENTED_EDGE('',*,*,#6075,.F.);
#2656=ORIENTED_EDGE('',*,*,#6076,.T.);
#2657=ORIENTED_EDGE('',*,*,#6077,.T.);
#2658=ORIENTED_EDGE('',*,*,#6078,.T.);
#2659=ORIENTED_EDGE('',*,*,#6079,.F.);
#2660=ORIENTED_EDGE('',*,*,#6080,.F.);
#2661=ORIENTED_EDGE('',*,*,#6075,.T.);
#2662=ORIENTED_EDGE('',*,*,#6081,.F.);
#2663=ORIENTED_EDGE('',*,*,#6082,.F.);
#2664=ORIENTED_EDGE('',*,*,#6083,.T.);
#2665=ORIENTED_EDGE('',*,*,#6079,.T.);
#2666=ORIENTED_EDGE('',*,*,#6084,.T.);
#2667=ORIENTED_EDGE('',*,*,#6085,.F.);
#2668=ORIENTED_EDGE('',*,*,#6086,.F.);
#2669=ORIENTED_EDGE('',*,*,#6082,.T.);
#2670=ORIENTED_EDGE('',*,*,#6087,.F.);
#2671=ORIENTED_EDGE('',*,*,#6088,.F.);
#2672=ORIENTED_EDGE('',*,*,#6089,.T.);
#2673=ORIENTED_EDGE('',*,*,#6085,.T.);
#2674=ORIENTED_EDGE('',*,*,#6090,.F.);
#2675=ORIENTED_EDGE('',*,*,#6091,.F.);
#2676=ORIENTED_EDGE('',*,*,#6092,.T.);
#2677=ORIENTED_EDGE('',*,*,#6088,.T.);
#2678=ORIENTED_EDGE('',*,*,#6093,.F.);
#2679=ORIENTED_EDGE('',*,*,#6094,.F.);
#2680=ORIENTED_EDGE('',*,*,#6095,.T.);
#2681=ORIENTED_EDGE('',*,*,#6091,.T.);
#2682=ORIENTED_EDGE('',*,*,#6096,.F.);
#2683=ORIENTED_EDGE('',*,*,#6097,.F.);
#2684=ORIENTED_EDGE('',*,*,#6098,.T.);
#2685=ORIENTED_EDGE('',*,*,#6099,.T.);
#2686=ORIENTED_EDGE('',*,*,#6100,.T.);
#2687=ORIENTED_EDGE('',*,*,#6101,.F.);
#2688=ORIENTED_EDGE('',*,*,#6102,.F.);
#2689=ORIENTED_EDGE('',*,*,#6097,.T.);
#2690=ORIENTED_EDGE('',*,*,#6103,.F.);
#2691=ORIENTED_EDGE('',*,*,#6104,.F.);
#2692=ORIENTED_EDGE('',*,*,#6105,.T.);
#2693=ORIENTED_EDGE('',*,*,#6101,.T.);
#2694=ORIENTED_EDGE('',*,*,#6106,.T.);
#2695=ORIENTED_EDGE('',*,*,#6107,.F.);
#2696=ORIENTED_EDGE('',*,*,#6108,.F.);
#2697=ORIENTED_EDGE('',*,*,#6104,.T.);
#2698=ORIENTED_EDGE('',*,*,#6109,.F.);
#2699=ORIENTED_EDGE('',*,*,#6110,.F.);
#2700=ORIENTED_EDGE('',*,*,#6111,.T.);
#2701=ORIENTED_EDGE('',*,*,#6107,.T.);
#2702=ORIENTED_EDGE('',*,*,#6112,.F.);
#2703=ORIENTED_EDGE('',*,*,#6113,.F.);
#2704=ORIENTED_EDGE('',*,*,#6114,.T.);
#2705=ORIENTED_EDGE('',*,*,#6110,.T.);
#2706=ORIENTED_EDGE('',*,*,#6115,.F.);
#2707=ORIENTED_EDGE('',*,*,#6116,.F.);
#2708=ORIENTED_EDGE('',*,*,#6117,.T.);
#2709=ORIENTED_EDGE('',*,*,#6113,.T.);
#2710=ORIENTED_EDGE('',*,*,#6118,.F.);
#2711=ORIENTED_EDGE('',*,*,#6119,.F.);
#2712=ORIENTED_EDGE('',*,*,#6120,.T.);
#2713=ORIENTED_EDGE('',*,*,#6121,.T.);
#2714=ORIENTED_EDGE('',*,*,#6122,.T.);
#2715=ORIENTED_EDGE('',*,*,#6123,.F.);
#2716=ORIENTED_EDGE('',*,*,#6124,.F.);
#2717=ORIENTED_EDGE('',*,*,#6119,.T.);
#2718=ORIENTED_EDGE('',*,*,#6125,.F.);
#2719=ORIENTED_EDGE('',*,*,#6126,.F.);
#2720=ORIENTED_EDGE('',*,*,#6127,.T.);
#2721=ORIENTED_EDGE('',*,*,#6123,.T.);
#2722=ORIENTED_EDGE('',*,*,#6128,.T.);
#2723=ORIENTED_EDGE('',*,*,#6129,.F.);
#2724=ORIENTED_EDGE('',*,*,#6130,.F.);
#2725=ORIENTED_EDGE('',*,*,#6126,.T.);
#2726=ORIENTED_EDGE('',*,*,#6131,.F.);
#2727=ORIENTED_EDGE('',*,*,#6132,.F.);
#2728=ORIENTED_EDGE('',*,*,#6133,.T.);
#2729=ORIENTED_EDGE('',*,*,#6129,.T.);
#2730=ORIENTED_EDGE('',*,*,#6134,.F.);
#2731=ORIENTED_EDGE('',*,*,#6135,.F.);
#2732=ORIENTED_EDGE('',*,*,#6136,.T.);
#2733=ORIENTED_EDGE('',*,*,#6132,.T.);
#2734=ORIENTED_EDGE('',*,*,#6137,.F.);
#2735=ORIENTED_EDGE('',*,*,#6138,.F.);
#2736=ORIENTED_EDGE('',*,*,#6139,.T.);
#2737=ORIENTED_EDGE('',*,*,#6135,.T.);
#2738=ORIENTED_EDGE('',*,*,#6140,.F.);
#2739=ORIENTED_EDGE('',*,*,#6141,.F.);
#2740=ORIENTED_EDGE('',*,*,#6142,.T.);
#2741=ORIENTED_EDGE('',*,*,#6143,.T.);
#2742=ORIENTED_EDGE('',*,*,#6144,.T.);
#2743=ORIENTED_EDGE('',*,*,#6145,.F.);
#2744=ORIENTED_EDGE('',*,*,#6146,.F.);
#2745=ORIENTED_EDGE('',*,*,#6141,.T.);
#2746=ORIENTED_EDGE('',*,*,#6147,.F.);
#2747=ORIENTED_EDGE('',*,*,#6148,.F.);
#2748=ORIENTED_EDGE('',*,*,#6149,.T.);
#2749=ORIENTED_EDGE('',*,*,#6145,.T.);
#2750=ORIENTED_EDGE('',*,*,#6150,.T.);
#2751=ORIENTED_EDGE('',*,*,#6151,.F.);
#2752=ORIENTED_EDGE('',*,*,#6152,.F.);
#2753=ORIENTED_EDGE('',*,*,#6148,.T.);
#2754=ORIENTED_EDGE('',*,*,#6153,.F.);
#2755=ORIENTED_EDGE('',*,*,#6154,.F.);
#2756=ORIENTED_EDGE('',*,*,#6155,.T.);
#2757=ORIENTED_EDGE('',*,*,#6151,.T.);
#2758=ORIENTED_EDGE('',*,*,#6156,.F.);
#2759=ORIENTED_EDGE('',*,*,#6157,.F.);
#2760=ORIENTED_EDGE('',*,*,#6158,.T.);
#2761=ORIENTED_EDGE('',*,*,#6154,.T.);
#2762=ORIENTED_EDGE('',*,*,#6159,.F.);
#2763=ORIENTED_EDGE('',*,*,#6160,.F.);
#2764=ORIENTED_EDGE('',*,*,#6161,.T.);
#2765=ORIENTED_EDGE('',*,*,#6157,.T.);
#2766=ORIENTED_EDGE('',*,*,#6162,.F.);
#2767=ORIENTED_EDGE('',*,*,#6163,.F.);
#2768=ORIENTED_EDGE('',*,*,#6164,.T.);
#2769=ORIENTED_EDGE('',*,*,#6165,.T.);
#2770=ORIENTED_EDGE('',*,*,#6166,.T.);
#2771=ORIENTED_EDGE('',*,*,#6167,.F.);
#2772=ORIENTED_EDGE('',*,*,#6168,.F.);
#2773=ORIENTED_EDGE('',*,*,#6163,.T.);
#2774=ORIENTED_EDGE('',*,*,#6169,.F.);
#2775=ORIENTED_EDGE('',*,*,#6170,.F.);
#2776=ORIENTED_EDGE('',*,*,#6171,.T.);
#2777=ORIENTED_EDGE('',*,*,#6167,.T.);
#2778=ORIENTED_EDGE('',*,*,#6172,.T.);
#2779=ORIENTED_EDGE('',*,*,#6173,.F.);
#2780=ORIENTED_EDGE('',*,*,#6174,.F.);
#2781=ORIENTED_EDGE('',*,*,#6170,.T.);
#2782=ORIENTED_EDGE('',*,*,#6175,.F.);
#2783=ORIENTED_EDGE('',*,*,#6176,.F.);
#2784=ORIENTED_EDGE('',*,*,#6177,.T.);
#2785=ORIENTED_EDGE('',*,*,#6173,.T.);
#2786=ORIENTED_EDGE('',*,*,#6178,.F.);
#2787=ORIENTED_EDGE('',*,*,#6179,.F.);
#2788=ORIENTED_EDGE('',*,*,#6180,.T.);
#2789=ORIENTED_EDGE('',*,*,#6176,.T.);
#2790=ORIENTED_EDGE('',*,*,#6181,.F.);
#2791=ORIENTED_EDGE('',*,*,#6182,.F.);
#2792=ORIENTED_EDGE('',*,*,#6183,.T.);
#2793=ORIENTED_EDGE('',*,*,#6179,.T.);
#2794=ORIENTED_EDGE('',*,*,#6184,.F.);
#2795=ORIENTED_EDGE('',*,*,#6185,.F.);
#2796=ORIENTED_EDGE('',*,*,#6186,.T.);
#2797=ORIENTED_EDGE('',*,*,#6187,.T.);
#2798=ORIENTED_EDGE('',*,*,#6188,.T.);
#2799=ORIENTED_EDGE('',*,*,#6189,.F.);
#2800=ORIENTED_EDGE('',*,*,#6190,.F.);
#2801=ORIENTED_EDGE('',*,*,#6185,.T.);
#2802=ORIENTED_EDGE('',*,*,#6191,.F.);
#2803=ORIENTED_EDGE('',*,*,#6192,.F.);
#2804=ORIENTED_EDGE('',*,*,#6193,.T.);
#2805=ORIENTED_EDGE('',*,*,#6189,.T.);
#2806=ORIENTED_EDGE('',*,*,#6194,.T.);
#2807=ORIENTED_EDGE('',*,*,#6195,.F.);
#2808=ORIENTED_EDGE('',*,*,#6196,.F.);
#2809=ORIENTED_EDGE('',*,*,#6192,.T.);
#2810=ORIENTED_EDGE('',*,*,#6197,.F.);
#2811=ORIENTED_EDGE('',*,*,#6198,.F.);
#2812=ORIENTED_EDGE('',*,*,#6199,.T.);
#2813=ORIENTED_EDGE('',*,*,#6195,.T.);
#2814=ORIENTED_EDGE('',*,*,#6200,.F.);
#2815=ORIENTED_EDGE('',*,*,#6201,.F.);
#2816=ORIENTED_EDGE('',*,*,#6202,.T.);
#2817=ORIENTED_EDGE('',*,*,#6198,.T.);
#2818=ORIENTED_EDGE('',*,*,#6203,.F.);
#2819=ORIENTED_EDGE('',*,*,#6204,.F.);
#2820=ORIENTED_EDGE('',*,*,#6205,.T.);
#2821=ORIENTED_EDGE('',*,*,#6201,.T.);
#2822=ORIENTED_EDGE('',*,*,#6206,.F.);
#2823=ORIENTED_EDGE('',*,*,#6207,.F.);
#2824=ORIENTED_EDGE('',*,*,#6208,.T.);
#2825=ORIENTED_EDGE('',*,*,#6209,.T.);
#2826=ORIENTED_EDGE('',*,*,#6210,.T.);
#2827=ORIENTED_EDGE('',*,*,#6211,.F.);
#2828=ORIENTED_EDGE('',*,*,#6212,.F.);
#2829=ORIENTED_EDGE('',*,*,#6207,.T.);
#2830=ORIENTED_EDGE('',*,*,#6213,.F.);
#2831=ORIENTED_EDGE('',*,*,#6214,.F.);
#2832=ORIENTED_EDGE('',*,*,#6215,.T.);
#2833=ORIENTED_EDGE('',*,*,#6211,.T.);
#2834=ORIENTED_EDGE('',*,*,#6216,.T.);
#2835=ORIENTED_EDGE('',*,*,#6217,.F.);
#2836=ORIENTED_EDGE('',*,*,#6218,.F.);
#2837=ORIENTED_EDGE('',*,*,#6214,.T.);
#2838=ORIENTED_EDGE('',*,*,#6219,.F.);
#2839=ORIENTED_EDGE('',*,*,#6220,.F.);
#2840=ORIENTED_EDGE('',*,*,#6221,.T.);
#2841=ORIENTED_EDGE('',*,*,#6217,.T.);
#2842=ORIENTED_EDGE('',*,*,#6222,.F.);
#2843=ORIENTED_EDGE('',*,*,#6223,.F.);
#2844=ORIENTED_EDGE('',*,*,#6224,.T.);
#2845=ORIENTED_EDGE('',*,*,#6220,.T.);
#2846=ORIENTED_EDGE('',*,*,#6225,.F.);
#2847=ORIENTED_EDGE('',*,*,#6226,.F.);
#2848=ORIENTED_EDGE('',*,*,#6227,.T.);
#2849=ORIENTED_EDGE('',*,*,#6223,.T.);
#2850=ORIENTED_EDGE('',*,*,#6228,.F.);
#2851=ORIENTED_EDGE('',*,*,#6229,.F.);
#2852=ORIENTED_EDGE('',*,*,#6230,.T.);
#2853=ORIENTED_EDGE('',*,*,#6231,.T.);
#2854=ORIENTED_EDGE('',*,*,#6232,.T.);
#2855=ORIENTED_EDGE('',*,*,#6233,.F.);
#2856=ORIENTED_EDGE('',*,*,#6234,.F.);
#2857=ORIENTED_EDGE('',*,*,#6229,.T.);
#2858=ORIENTED_EDGE('',*,*,#6235,.F.);
#2859=ORIENTED_EDGE('',*,*,#6236,.F.);
#2860=ORIENTED_EDGE('',*,*,#6237,.T.);
#2861=ORIENTED_EDGE('',*,*,#6233,.T.);
#2862=ORIENTED_EDGE('',*,*,#6238,.T.);
#2863=ORIENTED_EDGE('',*,*,#6239,.F.);
#2864=ORIENTED_EDGE('',*,*,#6240,.F.);
#2865=ORIENTED_EDGE('',*,*,#6236,.T.);
#2866=ORIENTED_EDGE('',*,*,#6241,.F.);
#2867=ORIENTED_EDGE('',*,*,#6242,.F.);
#2868=ORIENTED_EDGE('',*,*,#6243,.T.);
#2869=ORIENTED_EDGE('',*,*,#6239,.T.);
#2870=ORIENTED_EDGE('',*,*,#6244,.F.);
#2871=ORIENTED_EDGE('',*,*,#6245,.F.);
#2872=ORIENTED_EDGE('',*,*,#6246,.T.);
#2873=ORIENTED_EDGE('',*,*,#6242,.T.);
#2874=ORIENTED_EDGE('',*,*,#6247,.F.);
#2875=ORIENTED_EDGE('',*,*,#6248,.F.);
#2876=ORIENTED_EDGE('',*,*,#6249,.T.);
#2877=ORIENTED_EDGE('',*,*,#6245,.T.);
#2878=ORIENTED_EDGE('',*,*,#6250,.F.);
#2879=ORIENTED_EDGE('',*,*,#6251,.F.);
#2880=ORIENTED_EDGE('',*,*,#6252,.T.);
#2881=ORIENTED_EDGE('',*,*,#6253,.T.);
#2882=ORIENTED_EDGE('',*,*,#6254,.T.);
#2883=ORIENTED_EDGE('',*,*,#6255,.F.);
#2884=ORIENTED_EDGE('',*,*,#6256,.F.);
#2885=ORIENTED_EDGE('',*,*,#6251,.T.);
#2886=ORIENTED_EDGE('',*,*,#6257,.F.);
#2887=ORIENTED_EDGE('',*,*,#6258,.F.);
#2888=ORIENTED_EDGE('',*,*,#6259,.T.);
#2889=ORIENTED_EDGE('',*,*,#6255,.T.);
#2890=ORIENTED_EDGE('',*,*,#6260,.T.);
#2891=ORIENTED_EDGE('',*,*,#6261,.F.);
#2892=ORIENTED_EDGE('',*,*,#6262,.F.);
#2893=ORIENTED_EDGE('',*,*,#6258,.T.);
#2894=ORIENTED_EDGE('',*,*,#6263,.F.);
#2895=ORIENTED_EDGE('',*,*,#6264,.F.);
#2896=ORIENTED_EDGE('',*,*,#6265,.T.);
#2897=ORIENTED_EDGE('',*,*,#6261,.T.);
#2898=ORIENTED_EDGE('',*,*,#6266,.F.);
#2899=ORIENTED_EDGE('',*,*,#6267,.F.);
#2900=ORIENTED_EDGE('',*,*,#6268,.T.);
#2901=ORIENTED_EDGE('',*,*,#6264,.T.);
#2902=ORIENTED_EDGE('',*,*,#6269,.F.);
#2903=ORIENTED_EDGE('',*,*,#6270,.F.);
#2904=ORIENTED_EDGE('',*,*,#6271,.T.);
#2905=ORIENTED_EDGE('',*,*,#6267,.T.);
#2906=ORIENTED_EDGE('',*,*,#6272,.F.);
#2907=ORIENTED_EDGE('',*,*,#6273,.F.);
#2908=ORIENTED_EDGE('',*,*,#6274,.T.);
#2909=ORIENTED_EDGE('',*,*,#6275,.T.);
#2910=ORIENTED_EDGE('',*,*,#6276,.T.);
#2911=ORIENTED_EDGE('',*,*,#6277,.F.);
#2912=ORIENTED_EDGE('',*,*,#6278,.F.);
#2913=ORIENTED_EDGE('',*,*,#6273,.T.);
#2914=ORIENTED_EDGE('',*,*,#6279,.F.);
#2915=ORIENTED_EDGE('',*,*,#6280,.F.);
#2916=ORIENTED_EDGE('',*,*,#6281,.T.);
#2917=ORIENTED_EDGE('',*,*,#6277,.T.);
#2918=ORIENTED_EDGE('',*,*,#6282,.T.);
#2919=ORIENTED_EDGE('',*,*,#6283,.F.);
#2920=ORIENTED_EDGE('',*,*,#6284,.F.);
#2921=ORIENTED_EDGE('',*,*,#6280,.T.);
#2922=ORIENTED_EDGE('',*,*,#6285,.F.);
#2923=ORIENTED_EDGE('',*,*,#6286,.F.);
#2924=ORIENTED_EDGE('',*,*,#6287,.T.);
#2925=ORIENTED_EDGE('',*,*,#6283,.T.);
#2926=ORIENTED_EDGE('',*,*,#6288,.F.);
#2927=ORIENTED_EDGE('',*,*,#6289,.F.);
#2928=ORIENTED_EDGE('',*,*,#6290,.T.);
#2929=ORIENTED_EDGE('',*,*,#6286,.T.);
#2930=ORIENTED_EDGE('',*,*,#6291,.F.);
#2931=ORIENTED_EDGE('',*,*,#6292,.F.);
#2932=ORIENTED_EDGE('',*,*,#6293,.T.);
#2933=ORIENTED_EDGE('',*,*,#6289,.T.);
#2934=ORIENTED_EDGE('',*,*,#6294,.F.);
#2935=ORIENTED_EDGE('',*,*,#6295,.F.);
#2936=ORIENTED_EDGE('',*,*,#6296,.T.);
#2937=ORIENTED_EDGE('',*,*,#6297,.T.);
#2938=ORIENTED_EDGE('',*,*,#6298,.T.);
#2939=ORIENTED_EDGE('',*,*,#6299,.F.);
#2940=ORIENTED_EDGE('',*,*,#6300,.F.);
#2941=ORIENTED_EDGE('',*,*,#6295,.T.);
#2942=ORIENTED_EDGE('',*,*,#6301,.F.);
#2943=ORIENTED_EDGE('',*,*,#6302,.F.);
#2944=ORIENTED_EDGE('',*,*,#6303,.T.);
#2945=ORIENTED_EDGE('',*,*,#6299,.T.);
#2946=ORIENTED_EDGE('',*,*,#6304,.T.);
#2947=ORIENTED_EDGE('',*,*,#6305,.F.);
#2948=ORIENTED_EDGE('',*,*,#6306,.F.);
#2949=ORIENTED_EDGE('',*,*,#6302,.T.);
#2950=ORIENTED_EDGE('',*,*,#6307,.F.);
#2951=ORIENTED_EDGE('',*,*,#6308,.F.);
#2952=ORIENTED_EDGE('',*,*,#6309,.T.);
#2953=ORIENTED_EDGE('',*,*,#6305,.T.);
#2954=ORIENTED_EDGE('',*,*,#6310,.F.);
#2955=ORIENTED_EDGE('',*,*,#6311,.F.);
#2956=ORIENTED_EDGE('',*,*,#6312,.T.);
#2957=ORIENTED_EDGE('',*,*,#6308,.T.);
#2958=ORIENTED_EDGE('',*,*,#6313,.F.);
#2959=ORIENTED_EDGE('',*,*,#6314,.F.);
#2960=ORIENTED_EDGE('',*,*,#6315,.T.);
#2961=ORIENTED_EDGE('',*,*,#6311,.T.);
#2962=ORIENTED_EDGE('',*,*,#6316,.F.);
#2963=ORIENTED_EDGE('',*,*,#6317,.F.);
#2964=ORIENTED_EDGE('',*,*,#6318,.T.);
#2965=ORIENTED_EDGE('',*,*,#6319,.T.);
#2966=ORIENTED_EDGE('',*,*,#6320,.T.);
#2967=ORIENTED_EDGE('',*,*,#6321,.F.);
#2968=ORIENTED_EDGE('',*,*,#6322,.F.);
#2969=ORIENTED_EDGE('',*,*,#6317,.T.);
#2970=ORIENTED_EDGE('',*,*,#6323,.F.);
#2971=ORIENTED_EDGE('',*,*,#6324,.F.);
#2972=ORIENTED_EDGE('',*,*,#6325,.T.);
#2973=ORIENTED_EDGE('',*,*,#6321,.T.);
#2974=ORIENTED_EDGE('',*,*,#6326,.T.);
#2975=ORIENTED_EDGE('',*,*,#6327,.F.);
#2976=ORIENTED_EDGE('',*,*,#6328,.F.);
#2977=ORIENTED_EDGE('',*,*,#6324,.T.);
#2978=ORIENTED_EDGE('',*,*,#6329,.F.);
#2979=ORIENTED_EDGE('',*,*,#6330,.F.);
#2980=ORIENTED_EDGE('',*,*,#6331,.T.);
#2981=ORIENTED_EDGE('',*,*,#6327,.T.);
#2982=ORIENTED_EDGE('',*,*,#6332,.F.);
#2983=ORIENTED_EDGE('',*,*,#6333,.F.);
#2984=ORIENTED_EDGE('',*,*,#6334,.T.);
#2985=ORIENTED_EDGE('',*,*,#6330,.T.);
#2986=ORIENTED_EDGE('',*,*,#6335,.F.);
#2987=ORIENTED_EDGE('',*,*,#6336,.F.);
#2988=ORIENTED_EDGE('',*,*,#6337,.T.);
#2989=ORIENTED_EDGE('',*,*,#6333,.T.);
#2990=ORIENTED_EDGE('',*,*,#6338,.F.);
#2991=ORIENTED_EDGE('',*,*,#6339,.F.);
#2992=ORIENTED_EDGE('',*,*,#6340,.T.);
#2993=ORIENTED_EDGE('',*,*,#6341,.T.);
#2994=ORIENTED_EDGE('',*,*,#6342,.T.);
#2995=ORIENTED_EDGE('',*,*,#6343,.F.);
#2996=ORIENTED_EDGE('',*,*,#6344,.F.);
#2997=ORIENTED_EDGE('',*,*,#6339,.T.);
#2998=ORIENTED_EDGE('',*,*,#6345,.F.);
#2999=ORIENTED_EDGE('',*,*,#6346,.F.);
#3000=ORIENTED_EDGE('',*,*,#6347,.T.);
#3001=ORIENTED_EDGE('',*,*,#6343,.T.);
#3002=ORIENTED_EDGE('',*,*,#6348,.T.);
#3003=ORIENTED_EDGE('',*,*,#6349,.F.);
#3004=ORIENTED_EDGE('',*,*,#6350,.F.);
#3005=ORIENTED_EDGE('',*,*,#6346,.T.);
#3006=ORIENTED_EDGE('',*,*,#6351,.F.);
#3007=ORIENTED_EDGE('',*,*,#6352,.F.);
#3008=ORIENTED_EDGE('',*,*,#6353,.T.);
#3009=ORIENTED_EDGE('',*,*,#6349,.T.);
#3010=ORIENTED_EDGE('',*,*,#6354,.F.);
#3011=ORIENTED_EDGE('',*,*,#6355,.F.);
#3012=ORIENTED_EDGE('',*,*,#6356,.T.);
#3013=ORIENTED_EDGE('',*,*,#6352,.T.);
#3014=ORIENTED_EDGE('',*,*,#6357,.F.);
#3015=ORIENTED_EDGE('',*,*,#6358,.F.);
#3016=ORIENTED_EDGE('',*,*,#6359,.T.);
#3017=ORIENTED_EDGE('',*,*,#6355,.T.);
#3018=ORIENTED_EDGE('',*,*,#6360,.F.);
#3019=ORIENTED_EDGE('',*,*,#6361,.F.);
#3020=ORIENTED_EDGE('',*,*,#6362,.T.);
#3021=ORIENTED_EDGE('',*,*,#6363,.T.);
#3022=ORIENTED_EDGE('',*,*,#6364,.T.);
#3023=ORIENTED_EDGE('',*,*,#6365,.F.);
#3024=ORIENTED_EDGE('',*,*,#6366,.F.);
#3025=ORIENTED_EDGE('',*,*,#6361,.T.);
#3026=ORIENTED_EDGE('',*,*,#6367,.F.);
#3027=ORIENTED_EDGE('',*,*,#6368,.F.);
#3028=ORIENTED_EDGE('',*,*,#6369,.T.);
#3029=ORIENTED_EDGE('',*,*,#6365,.T.);
#3030=ORIENTED_EDGE('',*,*,#6370,.T.);
#3031=ORIENTED_EDGE('',*,*,#6371,.F.);
#3032=ORIENTED_EDGE('',*,*,#6372,.F.);
#3033=ORIENTED_EDGE('',*,*,#6368,.T.);
#3034=ORIENTED_EDGE('',*,*,#6373,.F.);
#3035=ORIENTED_EDGE('',*,*,#6374,.F.);
#3036=ORIENTED_EDGE('',*,*,#6375,.T.);
#3037=ORIENTED_EDGE('',*,*,#6371,.T.);
#3038=ORIENTED_EDGE('',*,*,#6376,.F.);
#3039=ORIENTED_EDGE('',*,*,#6377,.F.);
#3040=ORIENTED_EDGE('',*,*,#6378,.T.);
#3041=ORIENTED_EDGE('',*,*,#6374,.T.);
#3042=ORIENTED_EDGE('',*,*,#6379,.F.);
#3043=ORIENTED_EDGE('',*,*,#6380,.F.);
#3044=ORIENTED_EDGE('',*,*,#6381,.T.);
#3045=ORIENTED_EDGE('',*,*,#6377,.T.);
#3046=ORIENTED_EDGE('',*,*,#6382,.F.);
#3047=ORIENTED_EDGE('',*,*,#6383,.F.);
#3048=ORIENTED_EDGE('',*,*,#6384,.T.);
#3049=ORIENTED_EDGE('',*,*,#6385,.T.);
#3050=ORIENTED_EDGE('',*,*,#6386,.T.);
#3051=ORIENTED_EDGE('',*,*,#6387,.F.);
#3052=ORIENTED_EDGE('',*,*,#6388,.F.);
#3053=ORIENTED_EDGE('',*,*,#6383,.T.);
#3054=ORIENTED_EDGE('',*,*,#6389,.F.);
#3055=ORIENTED_EDGE('',*,*,#6390,.F.);
#3056=ORIENTED_EDGE('',*,*,#6391,.T.);
#3057=ORIENTED_EDGE('',*,*,#6387,.T.);
#3058=ORIENTED_EDGE('',*,*,#6392,.T.);
#3059=ORIENTED_EDGE('',*,*,#6393,.F.);
#3060=ORIENTED_EDGE('',*,*,#6394,.F.);
#3061=ORIENTED_EDGE('',*,*,#6390,.T.);
#3062=ORIENTED_EDGE('',*,*,#6395,.F.);
#3063=ORIENTED_EDGE('',*,*,#6396,.F.);
#3064=ORIENTED_EDGE('',*,*,#6397,.T.);
#3065=ORIENTED_EDGE('',*,*,#6393,.T.);
#3066=ORIENTED_EDGE('',*,*,#6398,.F.);
#3067=ORIENTED_EDGE('',*,*,#6399,.F.);
#3068=ORIENTED_EDGE('',*,*,#6400,.T.);
#3069=ORIENTED_EDGE('',*,*,#6396,.T.);
#3070=ORIENTED_EDGE('',*,*,#6401,.F.);
#3071=ORIENTED_EDGE('',*,*,#6402,.F.);
#3072=ORIENTED_EDGE('',*,*,#6403,.T.);
#3073=ORIENTED_EDGE('',*,*,#6399,.T.);
#3074=ORIENTED_EDGE('',*,*,#6404,.F.);
#3075=ORIENTED_EDGE('',*,*,#6405,.F.);
#3076=ORIENTED_EDGE('',*,*,#6406,.T.);
#3077=ORIENTED_EDGE('',*,*,#6407,.T.);
#3078=ORIENTED_EDGE('',*,*,#6408,.T.);
#3079=ORIENTED_EDGE('',*,*,#6409,.F.);
#3080=ORIENTED_EDGE('',*,*,#6410,.F.);
#3081=ORIENTED_EDGE('',*,*,#6405,.T.);
#3082=ORIENTED_EDGE('',*,*,#6411,.F.);
#3083=ORIENTED_EDGE('',*,*,#6412,.F.);
#3084=ORIENTED_EDGE('',*,*,#6413,.T.);
#3085=ORIENTED_EDGE('',*,*,#6409,.T.);
#3086=ORIENTED_EDGE('',*,*,#6414,.T.);
#3087=ORIENTED_EDGE('',*,*,#6415,.F.);
#3088=ORIENTED_EDGE('',*,*,#6416,.F.);
#3089=ORIENTED_EDGE('',*,*,#6412,.T.);
#3090=ORIENTED_EDGE('',*,*,#6417,.F.);
#3091=ORIENTED_EDGE('',*,*,#6418,.F.);
#3092=ORIENTED_EDGE('',*,*,#6419,.T.);
#3093=ORIENTED_EDGE('',*,*,#6415,.T.);
#3094=ORIENTED_EDGE('',*,*,#6420,.F.);
#3095=ORIENTED_EDGE('',*,*,#6421,.F.);
#3096=ORIENTED_EDGE('',*,*,#6422,.T.);
#3097=ORIENTED_EDGE('',*,*,#6418,.T.);
#3098=ORIENTED_EDGE('',*,*,#6423,.F.);
#3099=ORIENTED_EDGE('',*,*,#6424,.F.);
#3100=ORIENTED_EDGE('',*,*,#6425,.T.);
#3101=ORIENTED_EDGE('',*,*,#6421,.T.);
#3102=ORIENTED_EDGE('',*,*,#6426,.F.);
#3103=ORIENTED_EDGE('',*,*,#6427,.F.);
#3104=ORIENTED_EDGE('',*,*,#6428,.T.);
#3105=ORIENTED_EDGE('',*,*,#6429,.T.);
#3106=ORIENTED_EDGE('',*,*,#6430,.T.);
#3107=ORIENTED_EDGE('',*,*,#6431,.F.);
#3108=ORIENTED_EDGE('',*,*,#6432,.F.);
#3109=ORIENTED_EDGE('',*,*,#6427,.T.);
#3110=ORIENTED_EDGE('',*,*,#6433,.F.);
#3111=ORIENTED_EDGE('',*,*,#6434,.F.);
#3112=ORIENTED_EDGE('',*,*,#6435,.T.);
#3113=ORIENTED_EDGE('',*,*,#6431,.T.);
#3114=ORIENTED_EDGE('',*,*,#6436,.T.);
#3115=ORIENTED_EDGE('',*,*,#6437,.F.);
#3116=ORIENTED_EDGE('',*,*,#6438,.F.);
#3117=ORIENTED_EDGE('',*,*,#6434,.T.);
#3118=ORIENTED_EDGE('',*,*,#6439,.F.);
#3119=ORIENTED_EDGE('',*,*,#6440,.F.);
#3120=ORIENTED_EDGE('',*,*,#6441,.T.);
#3121=ORIENTED_EDGE('',*,*,#6437,.T.);
#3122=ORIENTED_EDGE('',*,*,#6442,.F.);
#3123=ORIENTED_EDGE('',*,*,#6443,.F.);
#3124=ORIENTED_EDGE('',*,*,#6444,.T.);
#3125=ORIENTED_EDGE('',*,*,#6440,.T.);
#3126=ORIENTED_EDGE('',*,*,#6445,.F.);
#3127=ORIENTED_EDGE('',*,*,#6446,.F.);
#3128=ORIENTED_EDGE('',*,*,#6447,.T.);
#3129=ORIENTED_EDGE('',*,*,#6443,.T.);
#3130=ORIENTED_EDGE('',*,*,#6448,.F.);
#3131=ORIENTED_EDGE('',*,*,#6449,.F.);
#3132=ORIENTED_EDGE('',*,*,#6450,.T.);
#3133=ORIENTED_EDGE('',*,*,#6451,.T.);
#3134=ORIENTED_EDGE('',*,*,#6452,.T.);
#3135=ORIENTED_EDGE('',*,*,#6453,.F.);
#3136=ORIENTED_EDGE('',*,*,#6454,.F.);
#3137=ORIENTED_EDGE('',*,*,#6449,.T.);
#3138=ORIENTED_EDGE('',*,*,#6455,.F.);
#3139=ORIENTED_EDGE('',*,*,#6456,.F.);
#3140=ORIENTED_EDGE('',*,*,#6457,.T.);
#3141=ORIENTED_EDGE('',*,*,#6453,.T.);
#3142=ORIENTED_EDGE('',*,*,#6458,.T.);
#3143=ORIENTED_EDGE('',*,*,#6459,.F.);
#3144=ORIENTED_EDGE('',*,*,#6460,.F.);
#3145=ORIENTED_EDGE('',*,*,#6456,.T.);
#3146=ORIENTED_EDGE('',*,*,#6461,.F.);
#3147=ORIENTED_EDGE('',*,*,#6462,.F.);
#3148=ORIENTED_EDGE('',*,*,#6463,.T.);
#3149=ORIENTED_EDGE('',*,*,#6459,.T.);
#3150=ORIENTED_EDGE('',*,*,#6464,.F.);
#3151=ORIENTED_EDGE('',*,*,#6465,.F.);
#3152=ORIENTED_EDGE('',*,*,#6466,.T.);
#3153=ORIENTED_EDGE('',*,*,#6462,.T.);
#3154=ORIENTED_EDGE('',*,*,#6467,.F.);
#3155=ORIENTED_EDGE('',*,*,#6468,.F.);
#3156=ORIENTED_EDGE('',*,*,#6469,.T.);
#3157=ORIENTED_EDGE('',*,*,#6465,.T.);
#3158=ORIENTED_EDGE('',*,*,#6470,.F.);
#3159=ORIENTED_EDGE('',*,*,#6471,.F.);
#3160=ORIENTED_EDGE('',*,*,#6472,.T.);
#3161=ORIENTED_EDGE('',*,*,#6473,.T.);
#3162=ORIENTED_EDGE('',*,*,#6474,.T.);
#3163=ORIENTED_EDGE('',*,*,#6475,.F.);
#3164=ORIENTED_EDGE('',*,*,#6476,.F.);
#3165=ORIENTED_EDGE('',*,*,#6471,.T.);
#3166=ORIENTED_EDGE('',*,*,#6477,.F.);
#3167=ORIENTED_EDGE('',*,*,#6478,.F.);
#3168=ORIENTED_EDGE('',*,*,#6479,.T.);
#3169=ORIENTED_EDGE('',*,*,#6475,.T.);
#3170=ORIENTED_EDGE('',*,*,#6480,.T.);
#3171=ORIENTED_EDGE('',*,*,#6481,.F.);
#3172=ORIENTED_EDGE('',*,*,#6482,.F.);
#3173=ORIENTED_EDGE('',*,*,#6478,.T.);
#3174=ORIENTED_EDGE('',*,*,#6483,.F.);
#3175=ORIENTED_EDGE('',*,*,#6484,.F.);
#3176=ORIENTED_EDGE('',*,*,#6485,.T.);
#3177=ORIENTED_EDGE('',*,*,#6481,.T.);
#3178=ORIENTED_EDGE('',*,*,#6486,.F.);
#3179=ORIENTED_EDGE('',*,*,#6487,.F.);
#3180=ORIENTED_EDGE('',*,*,#6488,.T.);
#3181=ORIENTED_EDGE('',*,*,#6484,.T.);
#3182=ORIENTED_EDGE('',*,*,#6489,.F.);
#3183=ORIENTED_EDGE('',*,*,#6490,.F.);
#3184=ORIENTED_EDGE('',*,*,#6491,.T.);
#3185=ORIENTED_EDGE('',*,*,#6487,.T.);
#3186=ORIENTED_EDGE('',*,*,#6492,.F.);
#3187=ORIENTED_EDGE('',*,*,#6493,.F.);
#3188=ORIENTED_EDGE('',*,*,#6494,.T.);
#3189=ORIENTED_EDGE('',*,*,#6495,.T.);
#3190=ORIENTED_EDGE('',*,*,#6496,.T.);
#3191=ORIENTED_EDGE('',*,*,#6497,.F.);
#3192=ORIENTED_EDGE('',*,*,#6498,.F.);
#3193=ORIENTED_EDGE('',*,*,#6493,.T.);
#3194=ORIENTED_EDGE('',*,*,#6499,.F.);
#3195=ORIENTED_EDGE('',*,*,#6500,.F.);
#3196=ORIENTED_EDGE('',*,*,#6501,.T.);
#3197=ORIENTED_EDGE('',*,*,#6497,.T.);
#3198=ORIENTED_EDGE('',*,*,#6502,.T.);
#3199=ORIENTED_EDGE('',*,*,#6503,.F.);
#3200=ORIENTED_EDGE('',*,*,#6504,.F.);
#3201=ORIENTED_EDGE('',*,*,#6500,.T.);
#3202=ORIENTED_EDGE('',*,*,#6505,.F.);
#3203=ORIENTED_EDGE('',*,*,#6506,.F.);
#3204=ORIENTED_EDGE('',*,*,#6507,.T.);
#3205=ORIENTED_EDGE('',*,*,#6503,.T.);
#3206=ORIENTED_EDGE('',*,*,#6508,.F.);
#3207=ORIENTED_EDGE('',*,*,#6509,.F.);
#3208=ORIENTED_EDGE('',*,*,#6510,.T.);
#3209=ORIENTED_EDGE('',*,*,#6506,.T.);
#3210=ORIENTED_EDGE('',*,*,#6511,.F.);
#3211=ORIENTED_EDGE('',*,*,#6512,.F.);
#3212=ORIENTED_EDGE('',*,*,#6513,.T.);
#3213=ORIENTED_EDGE('',*,*,#6509,.T.);
#3214=ORIENTED_EDGE('',*,*,#6514,.F.);
#3215=ORIENTED_EDGE('',*,*,#6515,.F.);
#3216=ORIENTED_EDGE('',*,*,#6516,.T.);
#3217=ORIENTED_EDGE('',*,*,#6517,.T.);
#3218=ORIENTED_EDGE('',*,*,#6518,.T.);
#3219=ORIENTED_EDGE('',*,*,#6519,.F.);
#3220=ORIENTED_EDGE('',*,*,#6520,.F.);
#3221=ORIENTED_EDGE('',*,*,#6515,.T.);
#3222=ORIENTED_EDGE('',*,*,#6521,.F.);
#3223=ORIENTED_EDGE('',*,*,#6522,.F.);
#3224=ORIENTED_EDGE('',*,*,#6523,.T.);
#3225=ORIENTED_EDGE('',*,*,#6519,.T.);
#3226=ORIENTED_EDGE('',*,*,#6524,.T.);
#3227=ORIENTED_EDGE('',*,*,#6525,.F.);
#3228=ORIENTED_EDGE('',*,*,#6526,.F.);
#3229=ORIENTED_EDGE('',*,*,#6522,.T.);
#3230=ORIENTED_EDGE('',*,*,#6527,.F.);
#3231=ORIENTED_EDGE('',*,*,#6528,.F.);
#3232=ORIENTED_EDGE('',*,*,#6529,.T.);
#3233=ORIENTED_EDGE('',*,*,#6525,.T.);
#3234=ORIENTED_EDGE('',*,*,#6530,.F.);
#3235=ORIENTED_EDGE('',*,*,#6531,.F.);
#3236=ORIENTED_EDGE('',*,*,#6532,.T.);
#3237=ORIENTED_EDGE('',*,*,#6528,.T.);
#3238=ORIENTED_EDGE('',*,*,#6533,.F.);
#3239=ORIENTED_EDGE('',*,*,#6534,.F.);
#3240=ORIENTED_EDGE('',*,*,#6535,.T.);
#3241=ORIENTED_EDGE('',*,*,#6531,.T.);
#3242=ORIENTED_EDGE('',*,*,#6536,.F.);
#3243=ORIENTED_EDGE('',*,*,#6537,.F.);
#3244=ORIENTED_EDGE('',*,*,#6538,.T.);
#3245=ORIENTED_EDGE('',*,*,#6539,.T.);
#3246=ORIENTED_EDGE('',*,*,#6540,.T.);
#3247=ORIENTED_EDGE('',*,*,#6541,.F.);
#3248=ORIENTED_EDGE('',*,*,#6542,.F.);
#3249=ORIENTED_EDGE('',*,*,#6537,.T.);
#3250=ORIENTED_EDGE('',*,*,#6543,.F.);
#3251=ORIENTED_EDGE('',*,*,#6544,.F.);
#3252=ORIENTED_EDGE('',*,*,#6545,.T.);
#3253=ORIENTED_EDGE('',*,*,#6541,.T.);
#3254=ORIENTED_EDGE('',*,*,#6546,.T.);
#3255=ORIENTED_EDGE('',*,*,#6547,.F.);
#3256=ORIENTED_EDGE('',*,*,#6548,.F.);
#3257=ORIENTED_EDGE('',*,*,#6544,.T.);
#3258=ORIENTED_EDGE('',*,*,#6549,.F.);
#3259=ORIENTED_EDGE('',*,*,#6550,.F.);
#3260=ORIENTED_EDGE('',*,*,#6551,.T.);
#3261=ORIENTED_EDGE('',*,*,#6547,.T.);
#3262=ORIENTED_EDGE('',*,*,#6552,.F.);
#3263=ORIENTED_EDGE('',*,*,#6553,.F.);
#3264=ORIENTED_EDGE('',*,*,#6554,.T.);
#3265=ORIENTED_EDGE('',*,*,#6550,.T.);
#3266=ORIENTED_EDGE('',*,*,#6555,.F.);
#3267=ORIENTED_EDGE('',*,*,#6556,.F.);
#3268=ORIENTED_EDGE('',*,*,#6557,.T.);
#3269=ORIENTED_EDGE('',*,*,#6553,.T.);
#3270=ORIENTED_EDGE('',*,*,#6558,.F.);
#3271=ORIENTED_EDGE('',*,*,#6559,.F.);
#3272=ORIENTED_EDGE('',*,*,#6560,.T.);
#3273=ORIENTED_EDGE('',*,*,#6561,.T.);
#3274=ORIENTED_EDGE('',*,*,#6562,.T.);
#3275=ORIENTED_EDGE('',*,*,#6563,.F.);
#3276=ORIENTED_EDGE('',*,*,#6564,.F.);
#3277=ORIENTED_EDGE('',*,*,#6559,.T.);
#3278=ORIENTED_EDGE('',*,*,#6565,.F.);
#3279=ORIENTED_EDGE('',*,*,#6566,.F.);
#3280=ORIENTED_EDGE('',*,*,#6567,.T.);
#3281=ORIENTED_EDGE('',*,*,#6563,.T.);
#3282=ORIENTED_EDGE('',*,*,#6568,.T.);
#3283=ORIENTED_EDGE('',*,*,#6569,.F.);
#3284=ORIENTED_EDGE('',*,*,#6570,.F.);
#3285=ORIENTED_EDGE('',*,*,#6566,.T.);
#3286=ORIENTED_EDGE('',*,*,#6571,.F.);
#3287=ORIENTED_EDGE('',*,*,#6572,.F.);
#3288=ORIENTED_EDGE('',*,*,#6573,.T.);
#3289=ORIENTED_EDGE('',*,*,#6569,.T.);
#3290=ORIENTED_EDGE('',*,*,#6574,.F.);
#3291=ORIENTED_EDGE('',*,*,#6575,.F.);
#3292=ORIENTED_EDGE('',*,*,#6576,.T.);
#3293=ORIENTED_EDGE('',*,*,#6572,.T.);
#3294=ORIENTED_EDGE('',*,*,#6577,.F.);
#3295=ORIENTED_EDGE('',*,*,#6578,.F.);
#3296=ORIENTED_EDGE('',*,*,#6579,.T.);
#3297=ORIENTED_EDGE('',*,*,#6575,.T.);
#3298=ORIENTED_EDGE('',*,*,#6580,.F.);
#3299=ORIENTED_EDGE('',*,*,#6581,.F.);
#3300=ORIENTED_EDGE('',*,*,#6582,.T.);
#3301=ORIENTED_EDGE('',*,*,#6583,.T.);
#3302=ORIENTED_EDGE('',*,*,#6584,.T.);
#3303=ORIENTED_EDGE('',*,*,#6585,.F.);
#3304=ORIENTED_EDGE('',*,*,#6586,.F.);
#3305=ORIENTED_EDGE('',*,*,#6581,.T.);
#3306=ORIENTED_EDGE('',*,*,#6587,.F.);
#3307=ORIENTED_EDGE('',*,*,#6588,.F.);
#3308=ORIENTED_EDGE('',*,*,#6589,.T.);
#3309=ORIENTED_EDGE('',*,*,#6585,.T.);
#3310=ORIENTED_EDGE('',*,*,#6590,.T.);
#3311=ORIENTED_EDGE('',*,*,#6591,.F.);
#3312=ORIENTED_EDGE('',*,*,#6592,.F.);
#3313=ORIENTED_EDGE('',*,*,#6588,.T.);
#3314=ORIENTED_EDGE('',*,*,#6593,.F.);
#3315=ORIENTED_EDGE('',*,*,#6594,.F.);
#3316=ORIENTED_EDGE('',*,*,#6595,.T.);
#3317=ORIENTED_EDGE('',*,*,#6591,.T.);
#3318=ORIENTED_EDGE('',*,*,#6596,.F.);
#3319=ORIENTED_EDGE('',*,*,#6597,.F.);
#3320=ORIENTED_EDGE('',*,*,#6598,.T.);
#3321=ORIENTED_EDGE('',*,*,#6594,.T.);
#3322=ORIENTED_EDGE('',*,*,#6599,.F.);
#3323=ORIENTED_EDGE('',*,*,#6600,.F.);
#3324=ORIENTED_EDGE('',*,*,#6601,.T.);
#3325=ORIENTED_EDGE('',*,*,#6597,.T.);
#3326=ORIENTED_EDGE('',*,*,#6602,.F.);
#3327=ORIENTED_EDGE('',*,*,#6603,.F.);
#3328=ORIENTED_EDGE('',*,*,#6604,.T.);
#3329=ORIENTED_EDGE('',*,*,#6605,.T.);
#3330=ORIENTED_EDGE('',*,*,#6606,.T.);
#3331=ORIENTED_EDGE('',*,*,#6607,.F.);
#3332=ORIENTED_EDGE('',*,*,#6608,.F.);
#3333=ORIENTED_EDGE('',*,*,#6603,.T.);
#3334=ORIENTED_EDGE('',*,*,#6609,.F.);
#3335=ORIENTED_EDGE('',*,*,#6610,.F.);
#3336=ORIENTED_EDGE('',*,*,#6611,.T.);
#3337=ORIENTED_EDGE('',*,*,#6607,.T.);
#3338=ORIENTED_EDGE('',*,*,#6612,.T.);
#3339=ORIENTED_EDGE('',*,*,#6613,.F.);
#3340=ORIENTED_EDGE('',*,*,#6614,.F.);
#3341=ORIENTED_EDGE('',*,*,#6610,.T.);
#3342=ORIENTED_EDGE('',*,*,#6615,.F.);
#3343=ORIENTED_EDGE('',*,*,#6616,.F.);
#3344=ORIENTED_EDGE('',*,*,#6617,.T.);
#3345=ORIENTED_EDGE('',*,*,#6613,.T.);
#3346=ORIENTED_EDGE('',*,*,#6618,.F.);
#3347=ORIENTED_EDGE('',*,*,#6619,.F.);
#3348=ORIENTED_EDGE('',*,*,#6620,.T.);
#3349=ORIENTED_EDGE('',*,*,#6616,.T.);
#3350=ORIENTED_EDGE('',*,*,#6621,.F.);
#3351=ORIENTED_EDGE('',*,*,#6622,.F.);
#3352=ORIENTED_EDGE('',*,*,#6623,.T.);
#3353=ORIENTED_EDGE('',*,*,#6619,.T.);
#3354=ORIENTED_EDGE('',*,*,#6624,.F.);
#3355=ORIENTED_EDGE('',*,*,#6625,.F.);
#3356=ORIENTED_EDGE('',*,*,#6626,.T.);
#3357=ORIENTED_EDGE('',*,*,#6627,.T.);
#3358=ORIENTED_EDGE('',*,*,#6628,.T.);
#3359=ORIENTED_EDGE('',*,*,#6629,.F.);
#3360=ORIENTED_EDGE('',*,*,#6630,.F.);
#3361=ORIENTED_EDGE('',*,*,#6625,.T.);
#3362=ORIENTED_EDGE('',*,*,#6631,.F.);
#3363=ORIENTED_EDGE('',*,*,#6632,.F.);
#3364=ORIENTED_EDGE('',*,*,#6633,.T.);
#3365=ORIENTED_EDGE('',*,*,#6629,.T.);
#3366=ORIENTED_EDGE('',*,*,#6634,.T.);
#3367=ORIENTED_EDGE('',*,*,#6635,.F.);
#3368=ORIENTED_EDGE('',*,*,#6636,.F.);
#3369=ORIENTED_EDGE('',*,*,#6632,.T.);
#3370=ORIENTED_EDGE('',*,*,#6637,.F.);
#3371=ORIENTED_EDGE('',*,*,#6638,.F.);
#3372=ORIENTED_EDGE('',*,*,#6639,.T.);
#3373=ORIENTED_EDGE('',*,*,#6635,.T.);
#3374=ORIENTED_EDGE('',*,*,#6640,.F.);
#3375=ORIENTED_EDGE('',*,*,#6641,.F.);
#3376=ORIENTED_EDGE('',*,*,#6642,.T.);
#3377=ORIENTED_EDGE('',*,*,#6638,.T.);
#3378=ORIENTED_EDGE('',*,*,#6643,.F.);
#3379=ORIENTED_EDGE('',*,*,#6644,.F.);
#3380=ORIENTED_EDGE('',*,*,#6645,.T.);
#3381=ORIENTED_EDGE('',*,*,#6641,.T.);
#3382=ORIENTED_EDGE('',*,*,#6646,.F.);
#3383=ORIENTED_EDGE('',*,*,#6647,.F.);
#3384=ORIENTED_EDGE('',*,*,#6648,.T.);
#3385=ORIENTED_EDGE('',*,*,#6649,.T.);
#3386=ORIENTED_EDGE('',*,*,#6650,.T.);
#3387=ORIENTED_EDGE('',*,*,#6651,.F.);
#3388=ORIENTED_EDGE('',*,*,#6652,.F.);
#3389=ORIENTED_EDGE('',*,*,#6647,.T.);
#3390=ORIENTED_EDGE('',*,*,#6653,.F.);
#3391=ORIENTED_EDGE('',*,*,#6654,.F.);
#3392=ORIENTED_EDGE('',*,*,#6655,.T.);
#3393=ORIENTED_EDGE('',*,*,#6651,.T.);
#3394=ORIENTED_EDGE('',*,*,#6656,.T.);
#3395=ORIENTED_EDGE('',*,*,#6657,.F.);
#3396=ORIENTED_EDGE('',*,*,#6658,.F.);
#3397=ORIENTED_EDGE('',*,*,#6654,.T.);
#3398=ORIENTED_EDGE('',*,*,#6659,.F.);
#3399=ORIENTED_EDGE('',*,*,#6660,.F.);
#3400=ORIENTED_EDGE('',*,*,#6661,.T.);
#3401=ORIENTED_EDGE('',*,*,#6657,.T.);
#3402=ORIENTED_EDGE('',*,*,#6662,.F.);
#3403=ORIENTED_EDGE('',*,*,#6663,.F.);
#3404=ORIENTED_EDGE('',*,*,#6664,.T.);
#3405=ORIENTED_EDGE('',*,*,#6660,.T.);
#3406=ORIENTED_EDGE('',*,*,#6665,.F.);
#3407=ORIENTED_EDGE('',*,*,#6666,.F.);
#3408=ORIENTED_EDGE('',*,*,#6667,.T.);
#3409=ORIENTED_EDGE('',*,*,#6663,.T.);
#3410=ORIENTED_EDGE('',*,*,#6668,.F.);
#3411=ORIENTED_EDGE('',*,*,#6669,.F.);
#3412=ORIENTED_EDGE('',*,*,#6670,.T.);
#3413=ORIENTED_EDGE('',*,*,#6671,.T.);
#3414=ORIENTED_EDGE('',*,*,#6672,.T.);
#3415=ORIENTED_EDGE('',*,*,#6673,.F.);
#3416=ORIENTED_EDGE('',*,*,#6674,.F.);
#3417=ORIENTED_EDGE('',*,*,#6669,.T.);
#3418=ORIENTED_EDGE('',*,*,#6675,.F.);
#3419=ORIENTED_EDGE('',*,*,#6676,.F.);
#3420=ORIENTED_EDGE('',*,*,#6677,.T.);
#3421=ORIENTED_EDGE('',*,*,#6673,.T.);
#3422=ORIENTED_EDGE('',*,*,#6678,.T.);
#3423=ORIENTED_EDGE('',*,*,#6679,.F.);
#3424=ORIENTED_EDGE('',*,*,#6680,.F.);
#3425=ORIENTED_EDGE('',*,*,#6676,.T.);
#3426=ORIENTED_EDGE('',*,*,#6681,.F.);
#3427=ORIENTED_EDGE('',*,*,#6682,.F.);
#3428=ORIENTED_EDGE('',*,*,#6683,.T.);
#3429=ORIENTED_EDGE('',*,*,#6679,.T.);
#3430=ORIENTED_EDGE('',*,*,#6684,.F.);
#3431=ORIENTED_EDGE('',*,*,#6685,.F.);
#3432=ORIENTED_EDGE('',*,*,#6686,.T.);
#3433=ORIENTED_EDGE('',*,*,#6682,.T.);
#3434=ORIENTED_EDGE('',*,*,#6687,.F.);
#3435=ORIENTED_EDGE('',*,*,#6688,.F.);
#3436=ORIENTED_EDGE('',*,*,#6689,.T.);
#3437=ORIENTED_EDGE('',*,*,#6685,.T.);
#3438=ORIENTED_EDGE('',*,*,#6690,.F.);
#3439=ORIENTED_EDGE('',*,*,#6691,.F.);
#3440=ORIENTED_EDGE('',*,*,#6692,.T.);
#3441=ORIENTED_EDGE('',*,*,#6693,.T.);
#3442=ORIENTED_EDGE('',*,*,#6694,.T.);
#3443=ORIENTED_EDGE('',*,*,#6695,.F.);
#3444=ORIENTED_EDGE('',*,*,#6696,.F.);
#3445=ORIENTED_EDGE('',*,*,#6691,.T.);
#3446=ORIENTED_EDGE('',*,*,#6697,.F.);
#3447=ORIENTED_EDGE('',*,*,#6698,.F.);
#3448=ORIENTED_EDGE('',*,*,#6699,.T.);
#3449=ORIENTED_EDGE('',*,*,#6695,.T.);
#3450=ORIENTED_EDGE('',*,*,#6700,.T.);
#3451=ORIENTED_EDGE('',*,*,#6701,.F.);
#3452=ORIENTED_EDGE('',*,*,#6702,.F.);
#3453=ORIENTED_EDGE('',*,*,#6698,.T.);
#3454=ORIENTED_EDGE('',*,*,#6703,.F.);
#3455=ORIENTED_EDGE('',*,*,#6704,.F.);
#3456=ORIENTED_EDGE('',*,*,#6705,.T.);
#3457=ORIENTED_EDGE('',*,*,#6701,.T.);
#3458=ORIENTED_EDGE('',*,*,#6706,.F.);
#3459=ORIENTED_EDGE('',*,*,#6707,.F.);
#3460=ORIENTED_EDGE('',*,*,#6708,.T.);
#3461=ORIENTED_EDGE('',*,*,#6704,.T.);
#3462=ORIENTED_EDGE('',*,*,#6709,.F.);
#3463=ORIENTED_EDGE('',*,*,#6710,.F.);
#3464=ORIENTED_EDGE('',*,*,#6711,.T.);
#3465=ORIENTED_EDGE('',*,*,#6707,.T.);
#3466=ORIENTED_EDGE('',*,*,#6712,.F.);
#3467=ORIENTED_EDGE('',*,*,#6713,.F.);
#3468=ORIENTED_EDGE('',*,*,#6714,.T.);
#3469=ORIENTED_EDGE('',*,*,#6715,.T.);
#3470=ORIENTED_EDGE('',*,*,#6716,.T.);
#3471=ORIENTED_EDGE('',*,*,#6717,.F.);
#3472=ORIENTED_EDGE('',*,*,#6718,.F.);
#3473=ORIENTED_EDGE('',*,*,#6713,.T.);
#3474=ORIENTED_EDGE('',*,*,#6719,.F.);
#3475=ORIENTED_EDGE('',*,*,#6720,.F.);
#3476=ORIENTED_EDGE('',*,*,#6721,.T.);
#3477=ORIENTED_EDGE('',*,*,#6717,.T.);
#3478=ORIENTED_EDGE('',*,*,#6722,.T.);
#3479=ORIENTED_EDGE('',*,*,#6723,.F.);
#3480=ORIENTED_EDGE('',*,*,#6724,.F.);
#3481=ORIENTED_EDGE('',*,*,#6720,.T.);
#3482=ORIENTED_EDGE('',*,*,#6725,.F.);
#3483=ORIENTED_EDGE('',*,*,#6726,.F.);
#3484=ORIENTED_EDGE('',*,*,#6727,.T.);
#3485=ORIENTED_EDGE('',*,*,#6723,.T.);
#3486=ORIENTED_EDGE('',*,*,#6728,.F.);
#3487=ORIENTED_EDGE('',*,*,#6729,.F.);
#3488=ORIENTED_EDGE('',*,*,#6730,.T.);
#3489=ORIENTED_EDGE('',*,*,#6726,.T.);
#3490=ORIENTED_EDGE('',*,*,#6731,.F.);
#3491=ORIENTED_EDGE('',*,*,#6732,.F.);
#3492=ORIENTED_EDGE('',*,*,#6733,.T.);
#3493=ORIENTED_EDGE('',*,*,#6729,.T.);
#3494=ORIENTED_EDGE('',*,*,#6734,.F.);
#3495=ORIENTED_EDGE('',*,*,#6735,.F.);
#3496=ORIENTED_EDGE('',*,*,#6736,.T.);
#3497=ORIENTED_EDGE('',*,*,#6737,.T.);
#3498=ORIENTED_EDGE('',*,*,#6738,.T.);
#3499=ORIENTED_EDGE('',*,*,#6739,.F.);
#3500=ORIENTED_EDGE('',*,*,#6740,.F.);
#3501=ORIENTED_EDGE('',*,*,#6735,.T.);
#3502=ORIENTED_EDGE('',*,*,#6741,.F.);
#3503=ORIENTED_EDGE('',*,*,#6742,.F.);
#3504=ORIENTED_EDGE('',*,*,#6743,.T.);
#3505=ORIENTED_EDGE('',*,*,#6739,.T.);
#3506=ORIENTED_EDGE('',*,*,#6744,.T.);
#3507=ORIENTED_EDGE('',*,*,#6745,.F.);
#3508=ORIENTED_EDGE('',*,*,#6746,.F.);
#3509=ORIENTED_EDGE('',*,*,#6742,.T.);
#3510=ORIENTED_EDGE('',*,*,#6747,.F.);
#3511=ORIENTED_EDGE('',*,*,#6748,.F.);
#3512=ORIENTED_EDGE('',*,*,#6749,.T.);
#3513=ORIENTED_EDGE('',*,*,#6745,.T.);
#3514=ORIENTED_EDGE('',*,*,#6750,.F.);
#3515=ORIENTED_EDGE('',*,*,#6751,.F.);
#3516=ORIENTED_EDGE('',*,*,#6752,.T.);
#3517=ORIENTED_EDGE('',*,*,#6748,.T.);
#3518=ORIENTED_EDGE('',*,*,#6753,.F.);
#3519=ORIENTED_EDGE('',*,*,#6754,.F.);
#3520=ORIENTED_EDGE('',*,*,#6755,.T.);
#3521=ORIENTED_EDGE('',*,*,#6751,.T.);
#3522=ORIENTED_EDGE('',*,*,#6756,.F.);
#3523=ORIENTED_EDGE('',*,*,#6757,.F.);
#3524=ORIENTED_EDGE('',*,*,#6758,.T.);
#3525=ORIENTED_EDGE('',*,*,#6759,.T.);
#3526=ORIENTED_EDGE('',*,*,#6760,.T.);
#3527=ORIENTED_EDGE('',*,*,#6761,.F.);
#3528=ORIENTED_EDGE('',*,*,#6762,.F.);
#3529=ORIENTED_EDGE('',*,*,#6757,.T.);
#3530=ORIENTED_EDGE('',*,*,#6763,.F.);
#3531=ORIENTED_EDGE('',*,*,#6764,.F.);
#3532=ORIENTED_EDGE('',*,*,#6765,.T.);
#3533=ORIENTED_EDGE('',*,*,#6761,.T.);
#3534=ORIENTED_EDGE('',*,*,#6766,.T.);
#3535=ORIENTED_EDGE('',*,*,#6767,.F.);
#3536=ORIENTED_EDGE('',*,*,#6768,.F.);
#3537=ORIENTED_EDGE('',*,*,#6764,.T.);
#3538=ORIENTED_EDGE('',*,*,#6769,.F.);
#3539=ORIENTED_EDGE('',*,*,#6770,.F.);
#3540=ORIENTED_EDGE('',*,*,#6771,.T.);
#3541=ORIENTED_EDGE('',*,*,#6767,.T.);
#3542=ORIENTED_EDGE('',*,*,#6772,.F.);
#3543=ORIENTED_EDGE('',*,*,#6773,.F.);
#3544=ORIENTED_EDGE('',*,*,#6774,.T.);
#3545=ORIENTED_EDGE('',*,*,#6770,.T.);
#3546=ORIENTED_EDGE('',*,*,#6775,.F.);
#3547=ORIENTED_EDGE('',*,*,#6776,.F.);
#3548=ORIENTED_EDGE('',*,*,#6777,.T.);
#3549=ORIENTED_EDGE('',*,*,#6773,.T.);
#3550=ORIENTED_EDGE('',*,*,#6778,.F.);
#3551=ORIENTED_EDGE('',*,*,#6779,.F.);
#3552=ORIENTED_EDGE('',*,*,#6780,.T.);
#3553=ORIENTED_EDGE('',*,*,#6781,.T.);
#3554=ORIENTED_EDGE('',*,*,#6782,.T.);
#3555=ORIENTED_EDGE('',*,*,#6783,.F.);
#3556=ORIENTED_EDGE('',*,*,#6784,.F.);
#3557=ORIENTED_EDGE('',*,*,#6779,.T.);
#3558=ORIENTED_EDGE('',*,*,#6785,.F.);
#3559=ORIENTED_EDGE('',*,*,#6786,.F.);
#3560=ORIENTED_EDGE('',*,*,#6787,.T.);
#3561=ORIENTED_EDGE('',*,*,#6783,.T.);
#3562=ORIENTED_EDGE('',*,*,#6788,.T.);
#3563=ORIENTED_EDGE('',*,*,#6789,.F.);
#3564=ORIENTED_EDGE('',*,*,#6790,.F.);
#3565=ORIENTED_EDGE('',*,*,#6786,.T.);
#3566=ORIENTED_EDGE('',*,*,#6791,.F.);
#3567=ORIENTED_EDGE('',*,*,#6792,.F.);
#3568=ORIENTED_EDGE('',*,*,#6793,.T.);
#3569=ORIENTED_EDGE('',*,*,#6789,.T.);
#3570=ORIENTED_EDGE('',*,*,#6794,.F.);
#3571=ORIENTED_EDGE('',*,*,#6795,.F.);
#3572=ORIENTED_EDGE('',*,*,#6796,.T.);
#3573=ORIENTED_EDGE('',*,*,#6792,.T.);
#3574=ORIENTED_EDGE('',*,*,#6797,.F.);
#3575=ORIENTED_EDGE('',*,*,#6798,.F.);
#3576=ORIENTED_EDGE('',*,*,#6799,.T.);
#3577=ORIENTED_EDGE('',*,*,#6795,.T.);
#3578=ORIENTED_EDGE('',*,*,#6800,.F.);
#3579=ORIENTED_EDGE('',*,*,#6801,.F.);
#3580=ORIENTED_EDGE('',*,*,#6802,.T.);
#3581=ORIENTED_EDGE('',*,*,#6803,.T.);
#3582=ORIENTED_EDGE('',*,*,#6804,.T.);
#3583=ORIENTED_EDGE('',*,*,#6805,.F.);
#3584=ORIENTED_EDGE('',*,*,#6806,.F.);
#3585=ORIENTED_EDGE('',*,*,#6801,.T.);
#3586=ORIENTED_EDGE('',*,*,#6807,.F.);
#3587=ORIENTED_EDGE('',*,*,#6808,.F.);
#3588=ORIENTED_EDGE('',*,*,#6809,.T.);
#3589=ORIENTED_EDGE('',*,*,#6805,.T.);
#3590=ORIENTED_EDGE('',*,*,#6810,.T.);
#3591=ORIENTED_EDGE('',*,*,#6811,.F.);
#3592=ORIENTED_EDGE('',*,*,#6812,.F.);
#3593=ORIENTED_EDGE('',*,*,#6808,.T.);
#3594=ORIENTED_EDGE('',*,*,#6813,.F.);
#3595=ORIENTED_EDGE('',*,*,#6814,.F.);
#3596=ORIENTED_EDGE('',*,*,#6815,.T.);
#3597=ORIENTED_EDGE('',*,*,#6811,.T.);
#3598=ORIENTED_EDGE('',*,*,#6816,.F.);
#3599=ORIENTED_EDGE('',*,*,#6817,.F.);
#3600=ORIENTED_EDGE('',*,*,#6818,.T.);
#3601=ORIENTED_EDGE('',*,*,#6814,.T.);
#3602=ORIENTED_EDGE('',*,*,#6819,.F.);
#3603=ORIENTED_EDGE('',*,*,#6820,.F.);
#3604=ORIENTED_EDGE('',*,*,#6821,.T.);
#3605=ORIENTED_EDGE('',*,*,#6817,.T.);
#3606=ORIENTED_EDGE('',*,*,#6822,.F.);
#3607=ORIENTED_EDGE('',*,*,#6823,.F.);
#3608=ORIENTED_EDGE('',*,*,#6824,.T.);
#3609=ORIENTED_EDGE('',*,*,#6825,.T.);
#3610=ORIENTED_EDGE('',*,*,#6826,.T.);
#3611=ORIENTED_EDGE('',*,*,#6827,.F.);
#3612=ORIENTED_EDGE('',*,*,#6828,.F.);
#3613=ORIENTED_EDGE('',*,*,#6823,.T.);
#3614=ORIENTED_EDGE('',*,*,#6829,.F.);
#3615=ORIENTED_EDGE('',*,*,#6830,.F.);
#3616=ORIENTED_EDGE('',*,*,#6831,.T.);
#3617=ORIENTED_EDGE('',*,*,#6827,.T.);
#3618=ORIENTED_EDGE('',*,*,#6832,.T.);
#3619=ORIENTED_EDGE('',*,*,#6833,.F.);
#3620=ORIENTED_EDGE('',*,*,#6834,.F.);
#3621=ORIENTED_EDGE('',*,*,#6830,.T.);
#3622=ORIENTED_EDGE('',*,*,#6835,.F.);
#3623=ORIENTED_EDGE('',*,*,#6836,.F.);
#3624=ORIENTED_EDGE('',*,*,#6837,.T.);
#3625=ORIENTED_EDGE('',*,*,#6833,.T.);
#3626=ORIENTED_EDGE('',*,*,#6838,.F.);
#3627=ORIENTED_EDGE('',*,*,#6839,.F.);
#3628=ORIENTED_EDGE('',*,*,#6840,.T.);
#3629=ORIENTED_EDGE('',*,*,#6836,.T.);
#3630=ORIENTED_EDGE('',*,*,#6841,.F.);
#3631=ORIENTED_EDGE('',*,*,#6842,.F.);
#3632=ORIENTED_EDGE('',*,*,#6843,.T.);
#3633=ORIENTED_EDGE('',*,*,#6839,.T.);
#3634=ORIENTED_EDGE('',*,*,#6844,.F.);
#3635=ORIENTED_EDGE('',*,*,#6845,.F.);
#3636=ORIENTED_EDGE('',*,*,#6846,.T.);
#3637=ORIENTED_EDGE('',*,*,#6847,.T.);
#3638=ORIENTED_EDGE('',*,*,#6848,.T.);
#3639=ORIENTED_EDGE('',*,*,#6849,.F.);
#3640=ORIENTED_EDGE('',*,*,#6850,.F.);
#3641=ORIENTED_EDGE('',*,*,#6845,.T.);
#3642=ORIENTED_EDGE('',*,*,#6851,.F.);
#3643=ORIENTED_EDGE('',*,*,#6852,.F.);
#3644=ORIENTED_EDGE('',*,*,#6853,.T.);
#3645=ORIENTED_EDGE('',*,*,#6849,.T.);
#3646=ORIENTED_EDGE('',*,*,#6854,.T.);
#3647=ORIENTED_EDGE('',*,*,#6855,.F.);
#3648=ORIENTED_EDGE('',*,*,#6856,.F.);
#3649=ORIENTED_EDGE('',*,*,#6852,.T.);
#3650=ORIENTED_EDGE('',*,*,#6857,.F.);
#3651=ORIENTED_EDGE('',*,*,#6858,.F.);
#3652=ORIENTED_EDGE('',*,*,#6859,.T.);
#3653=ORIENTED_EDGE('',*,*,#6855,.T.);
#3654=ORIENTED_EDGE('',*,*,#6860,.F.);
#3655=ORIENTED_EDGE('',*,*,#6861,.F.);
#3656=ORIENTED_EDGE('',*,*,#6862,.T.);
#3657=ORIENTED_EDGE('',*,*,#6858,.T.);
#3658=ORIENTED_EDGE('',*,*,#6863,.F.);
#3659=ORIENTED_EDGE('',*,*,#6864,.F.);
#3660=ORIENTED_EDGE('',*,*,#6865,.T.);
#3661=ORIENTED_EDGE('',*,*,#6861,.T.);
#3662=ORIENTED_EDGE('',*,*,#6866,.F.);
#3663=ORIENTED_EDGE('',*,*,#6867,.F.);
#3664=ORIENTED_EDGE('',*,*,#6868,.T.);
#3665=ORIENTED_EDGE('',*,*,#6869,.T.);
#3666=ORIENTED_EDGE('',*,*,#6870,.T.);
#3667=ORIENTED_EDGE('',*,*,#6871,.F.);
#3668=ORIENTED_EDGE('',*,*,#6872,.F.);
#3669=ORIENTED_EDGE('',*,*,#6867,.T.);
#3670=ORIENTED_EDGE('',*,*,#6873,.F.);
#3671=ORIENTED_EDGE('',*,*,#6874,.F.);
#3672=ORIENTED_EDGE('',*,*,#6875,.T.);
#3673=ORIENTED_EDGE('',*,*,#6871,.T.);
#3674=ORIENTED_EDGE('',*,*,#6876,.T.);
#3675=ORIENTED_EDGE('',*,*,#6877,.F.);
#3676=ORIENTED_EDGE('',*,*,#6878,.F.);
#3677=ORIENTED_EDGE('',*,*,#6874,.T.);
#3678=ORIENTED_EDGE('',*,*,#6879,.F.);
#3679=ORIENTED_EDGE('',*,*,#6880,.F.);
#3680=ORIENTED_EDGE('',*,*,#6881,.T.);
#3681=ORIENTED_EDGE('',*,*,#6877,.T.);
#3682=ORIENTED_EDGE('',*,*,#6882,.F.);
#3683=ORIENTED_EDGE('',*,*,#6883,.F.);
#3684=ORIENTED_EDGE('',*,*,#6884,.T.);
#3685=ORIENTED_EDGE('',*,*,#6880,.T.);
#3686=ORIENTED_EDGE('',*,*,#6885,.F.);
#3687=ORIENTED_EDGE('',*,*,#6886,.F.);
#3688=ORIENTED_EDGE('',*,*,#6887,.T.);
#3689=ORIENTED_EDGE('',*,*,#6883,.T.);
#3690=ORIENTED_EDGE('',*,*,#6888,.F.);
#3691=ORIENTED_EDGE('',*,*,#6889,.F.);
#3692=ORIENTED_EDGE('',*,*,#6890,.T.);
#3693=ORIENTED_EDGE('',*,*,#6891,.T.);
#3694=ORIENTED_EDGE('',*,*,#6892,.T.);
#3695=ORIENTED_EDGE('',*,*,#6893,.F.);
#3696=ORIENTED_EDGE('',*,*,#6894,.F.);
#3697=ORIENTED_EDGE('',*,*,#6889,.T.);
#3698=ORIENTED_EDGE('',*,*,#6895,.F.);
#3699=ORIENTED_EDGE('',*,*,#6896,.F.);
#3700=ORIENTED_EDGE('',*,*,#6897,.T.);
#3701=ORIENTED_EDGE('',*,*,#6893,.T.);
#3702=ORIENTED_EDGE('',*,*,#6898,.T.);
#3703=ORIENTED_EDGE('',*,*,#6899,.F.);
#3704=ORIENTED_EDGE('',*,*,#6900,.F.);
#3705=ORIENTED_EDGE('',*,*,#6896,.T.);
#3706=ORIENTED_EDGE('',*,*,#6901,.F.);
#3707=ORIENTED_EDGE('',*,*,#6902,.F.);
#3708=ORIENTED_EDGE('',*,*,#6903,.T.);
#3709=ORIENTED_EDGE('',*,*,#6899,.T.);
#3710=ORIENTED_EDGE('',*,*,#6904,.F.);
#3711=ORIENTED_EDGE('',*,*,#6905,.F.);
#3712=ORIENTED_EDGE('',*,*,#6906,.T.);
#3713=ORIENTED_EDGE('',*,*,#6902,.T.);
#3714=ORIENTED_EDGE('',*,*,#6907,.F.);
#3715=ORIENTED_EDGE('',*,*,#6908,.F.);
#3716=ORIENTED_EDGE('',*,*,#6909,.T.);
#3717=ORIENTED_EDGE('',*,*,#6905,.T.);
#3718=ORIENTED_EDGE('',*,*,#6910,.F.);
#3719=ORIENTED_EDGE('',*,*,#6911,.F.);
#3720=ORIENTED_EDGE('',*,*,#6912,.T.);
#3721=ORIENTED_EDGE('',*,*,#6913,.T.);
#3722=ORIENTED_EDGE('',*,*,#6914,.T.);
#3723=ORIENTED_EDGE('',*,*,#6915,.F.);
#3724=ORIENTED_EDGE('',*,*,#6916,.F.);
#3725=ORIENTED_EDGE('',*,*,#6911,.T.);
#3726=ORIENTED_EDGE('',*,*,#6917,.F.);
#3727=ORIENTED_EDGE('',*,*,#6918,.F.);
#3728=ORIENTED_EDGE('',*,*,#6919,.T.);
#3729=ORIENTED_EDGE('',*,*,#6915,.T.);
#3730=ORIENTED_EDGE('',*,*,#6920,.T.);
#3731=ORIENTED_EDGE('',*,*,#6921,.F.);
#3732=ORIENTED_EDGE('',*,*,#6922,.F.);
#3733=ORIENTED_EDGE('',*,*,#6918,.T.);
#3734=ORIENTED_EDGE('',*,*,#6923,.F.);
#3735=ORIENTED_EDGE('',*,*,#6924,.F.);
#3736=ORIENTED_EDGE('',*,*,#6925,.T.);
#3737=ORIENTED_EDGE('',*,*,#6921,.T.);
#3738=ORIENTED_EDGE('',*,*,#6926,.F.);
#3739=ORIENTED_EDGE('',*,*,#6927,.F.);
#3740=ORIENTED_EDGE('',*,*,#6928,.T.);
#3741=ORIENTED_EDGE('',*,*,#6924,.T.);
#3742=ORIENTED_EDGE('',*,*,#6929,.F.);
#3743=ORIENTED_EDGE('',*,*,#6930,.F.);
#3744=ORIENTED_EDGE('',*,*,#6931,.T.);
#3745=ORIENTED_EDGE('',*,*,#6927,.T.);
#3746=ORIENTED_EDGE('',*,*,#6932,.F.);
#3747=ORIENTED_EDGE('',*,*,#6933,.F.);
#3748=ORIENTED_EDGE('',*,*,#6934,.T.);
#3749=ORIENTED_EDGE('',*,*,#6935,.T.);
#3750=ORIENTED_EDGE('',*,*,#6936,.T.);
#3751=ORIENTED_EDGE('',*,*,#6937,.F.);
#3752=ORIENTED_EDGE('',*,*,#6938,.F.);
#3753=ORIENTED_EDGE('',*,*,#6933,.T.);
#3754=ORIENTED_EDGE('',*,*,#6939,.F.);
#3755=ORIENTED_EDGE('',*,*,#6940,.F.);
#3756=ORIENTED_EDGE('',*,*,#6941,.T.);
#3757=ORIENTED_EDGE('',*,*,#6937,.T.);
#3758=ORIENTED_EDGE('',*,*,#6942,.T.);
#3759=ORIENTED_EDGE('',*,*,#6943,.F.);
#3760=ORIENTED_EDGE('',*,*,#6944,.F.);
#3761=ORIENTED_EDGE('',*,*,#6940,.T.);
#3762=ORIENTED_EDGE('',*,*,#6945,.F.);
#3763=ORIENTED_EDGE('',*,*,#6946,.F.);
#3764=ORIENTED_EDGE('',*,*,#6947,.T.);
#3765=ORIENTED_EDGE('',*,*,#6943,.T.);
#3766=ORIENTED_EDGE('',*,*,#6948,.F.);
#3767=ORIENTED_EDGE('',*,*,#6949,.F.);
#3768=ORIENTED_EDGE('',*,*,#6950,.T.);
#3769=ORIENTED_EDGE('',*,*,#6946,.T.);
#3770=ORIENTED_EDGE('',*,*,#6951,.F.);
#3771=ORIENTED_EDGE('',*,*,#6952,.F.);
#3772=ORIENTED_EDGE('',*,*,#6953,.T.);
#3773=ORIENTED_EDGE('',*,*,#6949,.T.);
#3774=ORIENTED_EDGE('',*,*,#6954,.F.);
#3775=ORIENTED_EDGE('',*,*,#6955,.F.);
#3776=ORIENTED_EDGE('',*,*,#6956,.T.);
#3777=ORIENTED_EDGE('',*,*,#6957,.T.);
#3778=ORIENTED_EDGE('',*,*,#6958,.T.);
#3779=ORIENTED_EDGE('',*,*,#6959,.F.);
#3780=ORIENTED_EDGE('',*,*,#6960,.F.);
#3781=ORIENTED_EDGE('',*,*,#6955,.T.);
#3782=ORIENTED_EDGE('',*,*,#6961,.F.);
#3783=ORIENTED_EDGE('',*,*,#6962,.F.);
#3784=ORIENTED_EDGE('',*,*,#6963,.T.);
#3785=ORIENTED_EDGE('',*,*,#6959,.T.);
#3786=ORIENTED_EDGE('',*,*,#6964,.T.);
#3787=ORIENTED_EDGE('',*,*,#6965,.F.);
#3788=ORIENTED_EDGE('',*,*,#6966,.F.);
#3789=ORIENTED_EDGE('',*,*,#6962,.T.);
#3790=ORIENTED_EDGE('',*,*,#6967,.F.);
#3791=ORIENTED_EDGE('',*,*,#6968,.F.);
#3792=ORIENTED_EDGE('',*,*,#6969,.T.);
#3793=ORIENTED_EDGE('',*,*,#6965,.T.);
#3794=ORIENTED_EDGE('',*,*,#6970,.F.);
#3795=ORIENTED_EDGE('',*,*,#6971,.F.);
#3796=ORIENTED_EDGE('',*,*,#6972,.T.);
#3797=ORIENTED_EDGE('',*,*,#6968,.T.);
#3798=ORIENTED_EDGE('',*,*,#6973,.F.);
#3799=ORIENTED_EDGE('',*,*,#6974,.F.);
#3800=ORIENTED_EDGE('',*,*,#6975,.T.);
#3801=ORIENTED_EDGE('',*,*,#6971,.T.);
#3802=ORIENTED_EDGE('',*,*,#6976,.F.);
#3803=ORIENTED_EDGE('',*,*,#6977,.F.);
#3804=ORIENTED_EDGE('',*,*,#6978,.T.);
#3805=ORIENTED_EDGE('',*,*,#6979,.T.);
#3806=ORIENTED_EDGE('',*,*,#6980,.T.);
#3807=ORIENTED_EDGE('',*,*,#6981,.F.);
#3808=ORIENTED_EDGE('',*,*,#6982,.F.);
#3809=ORIENTED_EDGE('',*,*,#6977,.T.);
#3810=ORIENTED_EDGE('',*,*,#6983,.F.);
#3811=ORIENTED_EDGE('',*,*,#6984,.F.);
#3812=ORIENTED_EDGE('',*,*,#6985,.T.);
#3813=ORIENTED_EDGE('',*,*,#6981,.T.);
#3814=ORIENTED_EDGE('',*,*,#6986,.T.);
#3815=ORIENTED_EDGE('',*,*,#6987,.F.);
#3816=ORIENTED_EDGE('',*,*,#6988,.F.);
#3817=ORIENTED_EDGE('',*,*,#6984,.T.);
#3818=ORIENTED_EDGE('',*,*,#6989,.F.);
#3819=ORIENTED_EDGE('',*,*,#6990,.F.);
#3820=ORIENTED_EDGE('',*,*,#6991,.T.);
#3821=ORIENTED_EDGE('',*,*,#6987,.T.);
#3822=ORIENTED_EDGE('',*,*,#6992,.F.);
#3823=ORIENTED_EDGE('',*,*,#6993,.F.);
#3824=ORIENTED_EDGE('',*,*,#6994,.T.);
#3825=ORIENTED_EDGE('',*,*,#6990,.T.);
#3826=ORIENTED_EDGE('',*,*,#6995,.F.);
#3827=ORIENTED_EDGE('',*,*,#6996,.F.);
#3828=ORIENTED_EDGE('',*,*,#6997,.T.);
#3829=ORIENTED_EDGE('',*,*,#6993,.T.);
#3830=ORIENTED_EDGE('',*,*,#6998,.F.);
#3831=ORIENTED_EDGE('',*,*,#6999,.F.);
#3832=ORIENTED_EDGE('',*,*,#7000,.T.);
#3833=ORIENTED_EDGE('',*,*,#7001,.T.);
#3834=ORIENTED_EDGE('',*,*,#7002,.T.);
#3835=ORIENTED_EDGE('',*,*,#7003,.F.);
#3836=ORIENTED_EDGE('',*,*,#7004,.F.);
#3837=ORIENTED_EDGE('',*,*,#6999,.T.);
#3838=ORIENTED_EDGE('',*,*,#7005,.F.);
#3839=ORIENTED_EDGE('',*,*,#7006,.F.);
#3840=ORIENTED_EDGE('',*,*,#7007,.T.);
#3841=ORIENTED_EDGE('',*,*,#7003,.T.);
#3842=ORIENTED_EDGE('',*,*,#7008,.T.);
#3843=ORIENTED_EDGE('',*,*,#7009,.F.);
#3844=ORIENTED_EDGE('',*,*,#7010,.F.);
#3845=ORIENTED_EDGE('',*,*,#7006,.T.);
#3846=ORIENTED_EDGE('',*,*,#7011,.F.);
#3847=ORIENTED_EDGE('',*,*,#7012,.F.);
#3848=ORIENTED_EDGE('',*,*,#7013,.T.);
#3849=ORIENTED_EDGE('',*,*,#7009,.T.);
#3850=ORIENTED_EDGE('',*,*,#7014,.F.);
#3851=ORIENTED_EDGE('',*,*,#7015,.F.);
#3852=ORIENTED_EDGE('',*,*,#7016,.T.);
#3853=ORIENTED_EDGE('',*,*,#7012,.T.);
#3854=ORIENTED_EDGE('',*,*,#7017,.F.);
#3855=ORIENTED_EDGE('',*,*,#7018,.F.);
#3856=ORIENTED_EDGE('',*,*,#7019,.T.);
#3857=ORIENTED_EDGE('',*,*,#7015,.T.);
#3858=ORIENTED_EDGE('',*,*,#7020,.F.);
#3859=ORIENTED_EDGE('',*,*,#7021,.F.);
#3860=ORIENTED_EDGE('',*,*,#7022,.T.);
#3861=ORIENTED_EDGE('',*,*,#7023,.T.);
#3862=ORIENTED_EDGE('',*,*,#7024,.T.);
#3863=ORIENTED_EDGE('',*,*,#7025,.F.);
#3864=ORIENTED_EDGE('',*,*,#7026,.F.);
#3865=ORIENTED_EDGE('',*,*,#7021,.T.);
#3866=ORIENTED_EDGE('',*,*,#7027,.F.);
#3867=ORIENTED_EDGE('',*,*,#7028,.F.);
#3868=ORIENTED_EDGE('',*,*,#7029,.T.);
#3869=ORIENTED_EDGE('',*,*,#7025,.T.);
#3870=ORIENTED_EDGE('',*,*,#7030,.T.);
#3871=ORIENTED_EDGE('',*,*,#7031,.F.);
#3872=ORIENTED_EDGE('',*,*,#7032,.F.);
#3873=ORIENTED_EDGE('',*,*,#7028,.T.);
#3874=ORIENTED_EDGE('',*,*,#7033,.F.);
#3875=ORIENTED_EDGE('',*,*,#7034,.F.);
#3876=ORIENTED_EDGE('',*,*,#7035,.T.);
#3877=ORIENTED_EDGE('',*,*,#7031,.T.);
#3878=ORIENTED_EDGE('',*,*,#7036,.F.);
#3879=ORIENTED_EDGE('',*,*,#7037,.F.);
#3880=ORIENTED_EDGE('',*,*,#7038,.T.);
#3881=ORIENTED_EDGE('',*,*,#7034,.T.);
#3882=ORIENTED_EDGE('',*,*,#7039,.F.);
#3883=ORIENTED_EDGE('',*,*,#7040,.F.);
#3884=ORIENTED_EDGE('',*,*,#7041,.T.);
#3885=ORIENTED_EDGE('',*,*,#7037,.T.);
#3886=ORIENTED_EDGE('',*,*,#7042,.F.);
#3887=ORIENTED_EDGE('',*,*,#7043,.F.);
#3888=ORIENTED_EDGE('',*,*,#7044,.T.);
#3889=ORIENTED_EDGE('',*,*,#7045,.T.);
#3890=ORIENTED_EDGE('',*,*,#7046,.T.);
#3891=ORIENTED_EDGE('',*,*,#7047,.F.);
#3892=ORIENTED_EDGE('',*,*,#7048,.F.);
#3893=ORIENTED_EDGE('',*,*,#7043,.T.);
#3894=ORIENTED_EDGE('',*,*,#7049,.F.);
#3895=ORIENTED_EDGE('',*,*,#7050,.F.);
#3896=ORIENTED_EDGE('',*,*,#7051,.T.);
#3897=ORIENTED_EDGE('',*,*,#7047,.T.);
#3898=ORIENTED_EDGE('',*,*,#7052,.T.);
#3899=ORIENTED_EDGE('',*,*,#7053,.F.);
#3900=ORIENTED_EDGE('',*,*,#7054,.F.);
#3901=ORIENTED_EDGE('',*,*,#7050,.T.);
#3902=ORIENTED_EDGE('',*,*,#7055,.F.);
#3903=ORIENTED_EDGE('',*,*,#7056,.F.);
#3904=ORIENTED_EDGE('',*,*,#7057,.T.);
#3905=ORIENTED_EDGE('',*,*,#7053,.T.);
#3906=ORIENTED_EDGE('',*,*,#7058,.F.);
#3907=ORIENTED_EDGE('',*,*,#7059,.F.);
#3908=ORIENTED_EDGE('',*,*,#7060,.T.);
#3909=ORIENTED_EDGE('',*,*,#7056,.T.);
#3910=ORIENTED_EDGE('',*,*,#7061,.F.);
#3911=ORIENTED_EDGE('',*,*,#7062,.F.);
#3912=ORIENTED_EDGE('',*,*,#7063,.T.);
#3913=ORIENTED_EDGE('',*,*,#7059,.T.);
#3914=ORIENTED_EDGE('',*,*,#7064,.F.);
#3915=ORIENTED_EDGE('',*,*,#7065,.F.);
#3916=ORIENTED_EDGE('',*,*,#7066,.T.);
#3917=ORIENTED_EDGE('',*,*,#7067,.T.);
#3918=ORIENTED_EDGE('',*,*,#7068,.T.);
#3919=ORIENTED_EDGE('',*,*,#7069,.F.);
#3920=ORIENTED_EDGE('',*,*,#7070,.F.);
#3921=ORIENTED_EDGE('',*,*,#7065,.T.);
#3922=ORIENTED_EDGE('',*,*,#7071,.F.);
#3923=ORIENTED_EDGE('',*,*,#7072,.F.);
#3924=ORIENTED_EDGE('',*,*,#7073,.T.);
#3925=ORIENTED_EDGE('',*,*,#7069,.T.);
#3926=ORIENTED_EDGE('',*,*,#7074,.T.);
#3927=ORIENTED_EDGE('',*,*,#7075,.F.);
#3928=ORIENTED_EDGE('',*,*,#7076,.F.);
#3929=ORIENTED_EDGE('',*,*,#7072,.T.);
#3930=ORIENTED_EDGE('',*,*,#7077,.F.);
#3931=ORIENTED_EDGE('',*,*,#7078,.F.);
#3932=ORIENTED_EDGE('',*,*,#7079,.T.);
#3933=ORIENTED_EDGE('',*,*,#7075,.T.);
#3934=ORIENTED_EDGE('',*,*,#7080,.F.);
#3935=ORIENTED_EDGE('',*,*,#7081,.F.);
#3936=ORIENTED_EDGE('',*,*,#7082,.T.);
#3937=ORIENTED_EDGE('',*,*,#7078,.T.);
#3938=ORIENTED_EDGE('',*,*,#7083,.F.);
#3939=ORIENTED_EDGE('',*,*,#7084,.F.);
#3940=ORIENTED_EDGE('',*,*,#7085,.T.);
#3941=ORIENTED_EDGE('',*,*,#7081,.T.);
#3942=ORIENTED_EDGE('',*,*,#7086,.F.);
#3943=ORIENTED_EDGE('',*,*,#7087,.F.);
#3944=ORIENTED_EDGE('',*,*,#7088,.T.);
#3945=ORIENTED_EDGE('',*,*,#7089,.T.);
#3946=ORIENTED_EDGE('',*,*,#7090,.T.);
#3947=ORIENTED_EDGE('',*,*,#7091,.F.);
#3948=ORIENTED_EDGE('',*,*,#7092,.F.);
#3949=ORIENTED_EDGE('',*,*,#7087,.T.);
#3950=ORIENTED_EDGE('',*,*,#7093,.F.);
#3951=ORIENTED_EDGE('',*,*,#7094,.F.);
#3952=ORIENTED_EDGE('',*,*,#7095,.T.);
#3953=ORIENTED_EDGE('',*,*,#7091,.T.);
#3954=ORIENTED_EDGE('',*,*,#7096,.T.);
#3955=ORIENTED_EDGE('',*,*,#7097,.F.);
#3956=ORIENTED_EDGE('',*,*,#7098,.F.);
#3957=ORIENTED_EDGE('',*,*,#7094,.T.);
#3958=ORIENTED_EDGE('',*,*,#7099,.F.);
#3959=ORIENTED_EDGE('',*,*,#7100,.F.);
#3960=ORIENTED_EDGE('',*,*,#7101,.T.);
#3961=ORIENTED_EDGE('',*,*,#7097,.T.);
#3962=ORIENTED_EDGE('',*,*,#7102,.F.);
#3963=ORIENTED_EDGE('',*,*,#7103,.F.);
#3964=ORIENTED_EDGE('',*,*,#7104,.T.);
#3965=ORIENTED_EDGE('',*,*,#7100,.T.);
#3966=ORIENTED_EDGE('',*,*,#7105,.F.);
#3967=ORIENTED_EDGE('',*,*,#7106,.F.);
#3968=ORIENTED_EDGE('',*,*,#7107,.T.);
#3969=ORIENTED_EDGE('',*,*,#7103,.T.);
#3970=ORIENTED_EDGE('',*,*,#7108,.F.);
#3971=ORIENTED_EDGE('',*,*,#7109,.F.);
#3972=ORIENTED_EDGE('',*,*,#7110,.T.);
#3973=ORIENTED_EDGE('',*,*,#7111,.T.);
#3974=ORIENTED_EDGE('',*,*,#7112,.T.);
#3975=ORIENTED_EDGE('',*,*,#7113,.F.);
#3976=ORIENTED_EDGE('',*,*,#7114,.F.);
#3977=ORIENTED_EDGE('',*,*,#7109,.T.);
#3978=ORIENTED_EDGE('',*,*,#7115,.F.);
#3979=ORIENTED_EDGE('',*,*,#7116,.F.);
#3980=ORIENTED_EDGE('',*,*,#7117,.T.);
#3981=ORIENTED_EDGE('',*,*,#7113,.T.);
#3982=ORIENTED_EDGE('',*,*,#7118,.T.);
#3983=ORIENTED_EDGE('',*,*,#7119,.F.);
#3984=ORIENTED_EDGE('',*,*,#7120,.F.);
#3985=ORIENTED_EDGE('',*,*,#7116,.T.);
#3986=ORIENTED_EDGE('',*,*,#7121,.F.);
#3987=ORIENTED_EDGE('',*,*,#7122,.F.);
#3988=ORIENTED_EDGE('',*,*,#7123,.T.);
#3989=ORIENTED_EDGE('',*,*,#7119,.T.);
#3990=ORIENTED_EDGE('',*,*,#7124,.F.);
#3991=ORIENTED_EDGE('',*,*,#7125,.F.);
#3992=ORIENTED_EDGE('',*,*,#7126,.T.);
#3993=ORIENTED_EDGE('',*,*,#7122,.T.);
#3994=ORIENTED_EDGE('',*,*,#7127,.F.);
#3995=ORIENTED_EDGE('',*,*,#7128,.F.);
#3996=ORIENTED_EDGE('',*,*,#7129,.T.);
#3997=ORIENTED_EDGE('',*,*,#7125,.T.);
#3998=ORIENTED_EDGE('',*,*,#7130,.F.);
#3999=ORIENTED_EDGE('',*,*,#7131,.F.);
#4000=ORIENTED_EDGE('',*,*,#7132,.T.);
#4001=ORIENTED_EDGE('',*,*,#7133,.T.);
#4002=ORIENTED_EDGE('',*,*,#7134,.T.);
#4003=ORIENTED_EDGE('',*,*,#7135,.F.);
#4004=ORIENTED_EDGE('',*,*,#7136,.F.);
#4005=ORIENTED_EDGE('',*,*,#7131,.T.);
#4006=ORIENTED_EDGE('',*,*,#7137,.F.);
#4007=ORIENTED_EDGE('',*,*,#7138,.F.);
#4008=ORIENTED_EDGE('',*,*,#7139,.T.);
#4009=ORIENTED_EDGE('',*,*,#7135,.T.);
#4010=ORIENTED_EDGE('',*,*,#7140,.T.);
#4011=ORIENTED_EDGE('',*,*,#7141,.F.);
#4012=ORIENTED_EDGE('',*,*,#7142,.F.);
#4013=ORIENTED_EDGE('',*,*,#7138,.T.);
#4014=ORIENTED_EDGE('',*,*,#7143,.F.);
#4015=ORIENTED_EDGE('',*,*,#7144,.F.);
#4016=ORIENTED_EDGE('',*,*,#7145,.T.);
#4017=ORIENTED_EDGE('',*,*,#7141,.T.);
#4018=ORIENTED_EDGE('',*,*,#7146,.F.);
#4019=ORIENTED_EDGE('',*,*,#7147,.F.);
#4020=ORIENTED_EDGE('',*,*,#7148,.T.);
#4021=ORIENTED_EDGE('',*,*,#7144,.T.);
#4022=ORIENTED_EDGE('',*,*,#7149,.F.);
#4023=ORIENTED_EDGE('',*,*,#7150,.F.);
#4024=ORIENTED_EDGE('',*,*,#7151,.T.);
#4025=ORIENTED_EDGE('',*,*,#7147,.T.);
#4026=ORIENTED_EDGE('',*,*,#7152,.F.);
#4027=ORIENTED_EDGE('',*,*,#7153,.F.);
#4028=ORIENTED_EDGE('',*,*,#7154,.T.);
#4029=ORIENTED_EDGE('',*,*,#7155,.T.);
#4030=ORIENTED_EDGE('',*,*,#7156,.T.);
#4031=ORIENTED_EDGE('',*,*,#7157,.F.);
#4032=ORIENTED_EDGE('',*,*,#7158,.F.);
#4033=ORIENTED_EDGE('',*,*,#7153,.T.);
#4034=ORIENTED_EDGE('',*,*,#7159,.F.);
#4035=ORIENTED_EDGE('',*,*,#7160,.F.);
#4036=ORIENTED_EDGE('',*,*,#7161,.T.);
#4037=ORIENTED_EDGE('',*,*,#7157,.T.);
#4038=ORIENTED_EDGE('',*,*,#7162,.T.);
#4039=ORIENTED_EDGE('',*,*,#7163,.F.);
#4040=ORIENTED_EDGE('',*,*,#7164,.F.);
#4041=ORIENTED_EDGE('',*,*,#7160,.T.);
#4042=ORIENTED_EDGE('',*,*,#7165,.F.);
#4043=ORIENTED_EDGE('',*,*,#7166,.F.);
#4044=ORIENTED_EDGE('',*,*,#7167,.T.);
#4045=ORIENTED_EDGE('',*,*,#7163,.T.);
#4046=ORIENTED_EDGE('',*,*,#7168,.F.);
#4047=ORIENTED_EDGE('',*,*,#7169,.F.);
#4048=ORIENTED_EDGE('',*,*,#7170,.T.);
#4049=ORIENTED_EDGE('',*,*,#7166,.T.);
#4050=ORIENTED_EDGE('',*,*,#7171,.F.);
#4051=ORIENTED_EDGE('',*,*,#7172,.F.);
#4052=ORIENTED_EDGE('',*,*,#7173,.T.);
#4053=ORIENTED_EDGE('',*,*,#7169,.T.);
#4054=ORIENTED_EDGE('',*,*,#7174,.F.);
#4055=ORIENTED_EDGE('',*,*,#7175,.F.);
#4056=ORIENTED_EDGE('',*,*,#7176,.T.);
#4057=ORIENTED_EDGE('',*,*,#7177,.T.);
#4058=ORIENTED_EDGE('',*,*,#7178,.T.);
#4059=ORIENTED_EDGE('',*,*,#7179,.F.);
#4060=ORIENTED_EDGE('',*,*,#7180,.F.);
#4061=ORIENTED_EDGE('',*,*,#7175,.T.);
#4062=ORIENTED_EDGE('',*,*,#7181,.F.);
#4063=ORIENTED_EDGE('',*,*,#7182,.F.);
#4064=ORIENTED_EDGE('',*,*,#7183,.T.);
#4065=ORIENTED_EDGE('',*,*,#7179,.T.);
#4066=ORIENTED_EDGE('',*,*,#7184,.T.);
#4067=ORIENTED_EDGE('',*,*,#7185,.F.);
#4068=ORIENTED_EDGE('',*,*,#7186,.F.);
#4069=ORIENTED_EDGE('',*,*,#7182,.T.);
#4070=ORIENTED_EDGE('',*,*,#7187,.F.);
#4071=ORIENTED_EDGE('',*,*,#7188,.F.);
#4072=ORIENTED_EDGE('',*,*,#7189,.T.);
#4073=ORIENTED_EDGE('',*,*,#7185,.T.);
#4074=ORIENTED_EDGE('',*,*,#7190,.F.);
#4075=ORIENTED_EDGE('',*,*,#7191,.F.);
#4076=ORIENTED_EDGE('',*,*,#7192,.T.);
#4077=ORIENTED_EDGE('',*,*,#7188,.T.);
#4078=ORIENTED_EDGE('',*,*,#7193,.F.);
#4079=ORIENTED_EDGE('',*,*,#7194,.F.);
#4080=ORIENTED_EDGE('',*,*,#7195,.T.);
#4081=ORIENTED_EDGE('',*,*,#7191,.T.);
#4082=ORIENTED_EDGE('',*,*,#7196,.F.);
#4083=ORIENTED_EDGE('',*,*,#7197,.F.);
#4084=ORIENTED_EDGE('',*,*,#7198,.T.);
#4085=ORIENTED_EDGE('',*,*,#7199,.T.);
#4086=ORIENTED_EDGE('',*,*,#7200,.T.);
#4087=ORIENTED_EDGE('',*,*,#7201,.F.);
#4088=ORIENTED_EDGE('',*,*,#7202,.F.);
#4089=ORIENTED_EDGE('',*,*,#7197,.T.);
#4090=ORIENTED_EDGE('',*,*,#7203,.F.);
#4091=ORIENTED_EDGE('',*,*,#7204,.F.);
#4092=ORIENTED_EDGE('',*,*,#7205,.T.);
#4093=ORIENTED_EDGE('',*,*,#7201,.T.);
#4094=ORIENTED_EDGE('',*,*,#7206,.T.);
#4095=ORIENTED_EDGE('',*,*,#7207,.F.);
#4096=ORIENTED_EDGE('',*,*,#7208,.F.);
#4097=ORIENTED_EDGE('',*,*,#7204,.T.);
#4098=ORIENTED_EDGE('',*,*,#7209,.F.);
#4099=ORIENTED_EDGE('',*,*,#7210,.F.);
#4100=ORIENTED_EDGE('',*,*,#7211,.T.);
#4101=ORIENTED_EDGE('',*,*,#7207,.T.);
#4102=ORIENTED_EDGE('',*,*,#7212,.F.);
#4103=ORIENTED_EDGE('',*,*,#7213,.F.);
#4104=ORIENTED_EDGE('',*,*,#7214,.T.);
#4105=ORIENTED_EDGE('',*,*,#7210,.T.);
#4106=ORIENTED_EDGE('',*,*,#7215,.F.);
#4107=ORIENTED_EDGE('',*,*,#7216,.F.);
#4108=ORIENTED_EDGE('',*,*,#7217,.T.);
#4109=ORIENTED_EDGE('',*,*,#7213,.T.);
#4110=ORIENTED_EDGE('',*,*,#7218,.F.);
#4111=ORIENTED_EDGE('',*,*,#7219,.F.);
#4112=ORIENTED_EDGE('',*,*,#7220,.T.);
#4113=ORIENTED_EDGE('',*,*,#7221,.T.);
#4114=ORIENTED_EDGE('',*,*,#7222,.T.);
#4115=ORIENTED_EDGE('',*,*,#7223,.F.);
#4116=ORIENTED_EDGE('',*,*,#7224,.F.);
#4117=ORIENTED_EDGE('',*,*,#7219,.T.);
#4118=ORIENTED_EDGE('',*,*,#7225,.F.);
#4119=ORIENTED_EDGE('',*,*,#7226,.F.);
#4120=ORIENTED_EDGE('',*,*,#7227,.T.);
#4121=ORIENTED_EDGE('',*,*,#7223,.T.);
#4122=ORIENTED_EDGE('',*,*,#7228,.T.);
#4123=ORIENTED_EDGE('',*,*,#7229,.F.);
#4124=ORIENTED_EDGE('',*,*,#7230,.F.);
#4125=ORIENTED_EDGE('',*,*,#7226,.T.);
#4126=ORIENTED_EDGE('',*,*,#7231,.F.);
#4127=ORIENTED_EDGE('',*,*,#7232,.F.);
#4128=ORIENTED_EDGE('',*,*,#7233,.T.);
#4129=ORIENTED_EDGE('',*,*,#7229,.T.);
#4130=ORIENTED_EDGE('',*,*,#7234,.F.);
#4131=ORIENTED_EDGE('',*,*,#7235,.F.);
#4132=ORIENTED_EDGE('',*,*,#7236,.T.);
#4133=ORIENTED_EDGE('',*,*,#7232,.T.);
#4134=ORIENTED_EDGE('',*,*,#7237,.F.);
#4135=ORIENTED_EDGE('',*,*,#7238,.F.);
#4136=ORIENTED_EDGE('',*,*,#7239,.T.);
#4137=ORIENTED_EDGE('',*,*,#7235,.T.);
#4138=ORIENTED_EDGE('',*,*,#7240,.F.);
#4139=ORIENTED_EDGE('',*,*,#7241,.F.);
#4140=ORIENTED_EDGE('',*,*,#7242,.T.);
#4141=ORIENTED_EDGE('',*,*,#7243,.T.);
#4142=ORIENTED_EDGE('',*,*,#7244,.T.);
#4143=ORIENTED_EDGE('',*,*,#7245,.F.);
#4144=ORIENTED_EDGE('',*,*,#7246,.F.);
#4145=ORIENTED_EDGE('',*,*,#7241,.T.);
#4146=ORIENTED_EDGE('',*,*,#7247,.F.);
#4147=ORIENTED_EDGE('',*,*,#7248,.F.);
#4148=ORIENTED_EDGE('',*,*,#7249,.T.);
#4149=ORIENTED_EDGE('',*,*,#7245,.T.);
#4150=ORIENTED_EDGE('',*,*,#7250,.T.);
#4151=ORIENTED_EDGE('',*,*,#7251,.F.);
#4152=ORIENTED_EDGE('',*,*,#7252,.F.);
#4153=ORIENTED_EDGE('',*,*,#7248,.T.);
#4154=ORIENTED_EDGE('',*,*,#7253,.F.);
#4155=ORIENTED_EDGE('',*,*,#7254,.F.);
#4156=ORIENTED_EDGE('',*,*,#7255,.T.);
#4157=ORIENTED_EDGE('',*,*,#7251,.T.);
#4158=ORIENTED_EDGE('',*,*,#7256,.F.);
#4159=ORIENTED_EDGE('',*,*,#7257,.F.);
#4160=ORIENTED_EDGE('',*,*,#7258,.T.);
#4161=ORIENTED_EDGE('',*,*,#7254,.T.);
#4162=ORIENTED_EDGE('',*,*,#7259,.F.);
#4163=ORIENTED_EDGE('',*,*,#7260,.F.);
#4164=ORIENTED_EDGE('',*,*,#7261,.T.);
#4165=ORIENTED_EDGE('',*,*,#7257,.T.);
#4166=ORIENTED_EDGE('',*,*,#7262,.F.);
#4167=ORIENTED_EDGE('',*,*,#7263,.F.);
#4168=ORIENTED_EDGE('',*,*,#7264,.T.);
#4169=ORIENTED_EDGE('',*,*,#7265,.T.);
#4170=ORIENTED_EDGE('',*,*,#7266,.T.);
#4171=ORIENTED_EDGE('',*,*,#7267,.F.);
#4172=ORIENTED_EDGE('',*,*,#7268,.F.);
#4173=ORIENTED_EDGE('',*,*,#7263,.T.);
#4174=ORIENTED_EDGE('',*,*,#7269,.F.);
#4175=ORIENTED_EDGE('',*,*,#7270,.F.);
#4176=ORIENTED_EDGE('',*,*,#7271,.T.);
#4177=ORIENTED_EDGE('',*,*,#7267,.T.);
#4178=ORIENTED_EDGE('',*,*,#7272,.T.);
#4179=ORIENTED_EDGE('',*,*,#7273,.F.);
#4180=ORIENTED_EDGE('',*,*,#7274,.F.);
#4181=ORIENTED_EDGE('',*,*,#7270,.T.);
#4182=ORIENTED_EDGE('',*,*,#7275,.F.);
#4183=ORIENTED_EDGE('',*,*,#7276,.F.);
#4184=ORIENTED_EDGE('',*,*,#7277,.T.);
#4185=ORIENTED_EDGE('',*,*,#7273,.T.);
#4186=ORIENTED_EDGE('',*,*,#7278,.F.);
#4187=ORIENTED_EDGE('',*,*,#7279,.F.);
#4188=ORIENTED_EDGE('',*,*,#7280,.T.);
#4189=ORIENTED_EDGE('',*,*,#7276,.T.);
#4190=ORIENTED_EDGE('',*,*,#7281,.F.);
#4191=ORIENTED_EDGE('',*,*,#7282,.F.);
#4192=ORIENTED_EDGE('',*,*,#7283,.T.);
#4193=ORIENTED_EDGE('',*,*,#7279,.T.);
#4194=ORIENTED_EDGE('',*,*,#7284,.F.);
#4195=ORIENTED_EDGE('',*,*,#7285,.F.);
#4196=ORIENTED_EDGE('',*,*,#7286,.T.);
#4197=ORIENTED_EDGE('',*,*,#7287,.T.);
#4198=ORIENTED_EDGE('',*,*,#7288,.T.);
#4199=ORIENTED_EDGE('',*,*,#7289,.F.);
#4200=ORIENTED_EDGE('',*,*,#7290,.F.);
#4201=ORIENTED_EDGE('',*,*,#7285,.T.);
#4202=ORIENTED_EDGE('',*,*,#7291,.F.);
#4203=ORIENTED_EDGE('',*,*,#7292,.F.);
#4204=ORIENTED_EDGE('',*,*,#7293,.T.);
#4205=ORIENTED_EDGE('',*,*,#7289,.T.);
#4206=ORIENTED_EDGE('',*,*,#7294,.T.);
#4207=ORIENTED_EDGE('',*,*,#7295,.F.);
#4208=ORIENTED_EDGE('',*,*,#7296,.F.);
#4209=ORIENTED_EDGE('',*,*,#7292,.T.);
#4210=ORIENTED_EDGE('',*,*,#7297,.F.);
#4211=ORIENTED_EDGE('',*,*,#7298,.F.);
#4212=ORIENTED_EDGE('',*,*,#7299,.T.);
#4213=ORIENTED_EDGE('',*,*,#7295,.T.);
#4214=ORIENTED_EDGE('',*,*,#7300,.F.);
#4215=ORIENTED_EDGE('',*,*,#7301,.F.);
#4216=ORIENTED_EDGE('',*,*,#7302,.T.);
#4217=ORIENTED_EDGE('',*,*,#7298,.T.);
#4218=ORIENTED_EDGE('',*,*,#7303,.F.);
#4219=ORIENTED_EDGE('',*,*,#7304,.F.);
#4220=ORIENTED_EDGE('',*,*,#7305,.T.);
#4221=ORIENTED_EDGE('',*,*,#7301,.T.);
#4222=ORIENTED_EDGE('',*,*,#7306,.F.);
#4223=ORIENTED_EDGE('',*,*,#7307,.F.);
#4224=ORIENTED_EDGE('',*,*,#7308,.T.);
#4225=ORIENTED_EDGE('',*,*,#7309,.T.);
#4226=ORIENTED_EDGE('',*,*,#7310,.T.);
#4227=ORIENTED_EDGE('',*,*,#7311,.F.);
#4228=ORIENTED_EDGE('',*,*,#7312,.F.);
#4229=ORIENTED_EDGE('',*,*,#7307,.T.);
#4230=ORIENTED_EDGE('',*,*,#7313,.F.);
#4231=ORIENTED_EDGE('',*,*,#7314,.F.);
#4232=ORIENTED_EDGE('',*,*,#7315,.T.);
#4233=ORIENTED_EDGE('',*,*,#7311,.T.);
#4234=ORIENTED_EDGE('',*,*,#7316,.T.);
#4235=ORIENTED_EDGE('',*,*,#7317,.F.);
#4236=ORIENTED_EDGE('',*,*,#7318,.F.);
#4237=ORIENTED_EDGE('',*,*,#7314,.T.);
#4238=ORIENTED_EDGE('',*,*,#7319,.F.);
#4239=ORIENTED_EDGE('',*,*,#7320,.F.);
#4240=ORIENTED_EDGE('',*,*,#7321,.T.);
#4241=ORIENTED_EDGE('',*,*,#7317,.T.);
#4242=ORIENTED_EDGE('',*,*,#7322,.F.);
#4243=ORIENTED_EDGE('',*,*,#7323,.F.);
#4244=ORIENTED_EDGE('',*,*,#7324,.T.);
#4245=ORIENTED_EDGE('',*,*,#7320,.T.);
#4246=ORIENTED_EDGE('',*,*,#7325,.F.);
#4247=ORIENTED_EDGE('',*,*,#7326,.F.);
#4248=ORIENTED_EDGE('',*,*,#7327,.T.);
#4249=ORIENTED_EDGE('',*,*,#7323,.T.);
#4250=ORIENTED_EDGE('',*,*,#7328,.F.);
#4251=ORIENTED_EDGE('',*,*,#7329,.F.);
#4252=ORIENTED_EDGE('',*,*,#7330,.T.);
#4253=ORIENTED_EDGE('',*,*,#7331,.T.);
#4254=ORIENTED_EDGE('',*,*,#7332,.T.);
#4255=ORIENTED_EDGE('',*,*,#7333,.F.);
#4256=ORIENTED_EDGE('',*,*,#7334,.F.);
#4257=ORIENTED_EDGE('',*,*,#7329,.T.);
#4258=ORIENTED_EDGE('',*,*,#7335,.F.);
#4259=ORIENTED_EDGE('',*,*,#7336,.F.);
#4260=ORIENTED_EDGE('',*,*,#7337,.T.);
#4261=ORIENTED_EDGE('',*,*,#7333,.T.);
#4262=ORIENTED_EDGE('',*,*,#7338,.T.);
#4263=ORIENTED_EDGE('',*,*,#7339,.F.);
#4264=ORIENTED_EDGE('',*,*,#7340,.F.);
#4265=ORIENTED_EDGE('',*,*,#7336,.T.);
#4266=ORIENTED_EDGE('',*,*,#7341,.F.);
#4267=ORIENTED_EDGE('',*,*,#7342,.F.);
#4268=ORIENTED_EDGE('',*,*,#7343,.T.);
#4269=ORIENTED_EDGE('',*,*,#7339,.T.);
#4270=ORIENTED_EDGE('',*,*,#7344,.F.);
#4271=ORIENTED_EDGE('',*,*,#7345,.F.);
#4272=ORIENTED_EDGE('',*,*,#7346,.T.);
#4273=ORIENTED_EDGE('',*,*,#7342,.T.);
#4274=ORIENTED_EDGE('',*,*,#7347,.F.);
#4275=ORIENTED_EDGE('',*,*,#7348,.F.);
#4276=ORIENTED_EDGE('',*,*,#7349,.T.);
#4277=ORIENTED_EDGE('',*,*,#7345,.T.);
#4278=ORIENTED_EDGE('',*,*,#7350,.F.);
#4279=ORIENTED_EDGE('',*,*,#7351,.F.);
#4280=ORIENTED_EDGE('',*,*,#7352,.T.);
#4281=ORIENTED_EDGE('',*,*,#7353,.T.);
#4282=ORIENTED_EDGE('',*,*,#7354,.T.);
#4283=ORIENTED_EDGE('',*,*,#7355,.F.);
#4284=ORIENTED_EDGE('',*,*,#7356,.F.);
#4285=ORIENTED_EDGE('',*,*,#7351,.T.);
#4286=ORIENTED_EDGE('',*,*,#7357,.F.);
#4287=ORIENTED_EDGE('',*,*,#7358,.F.);
#4288=ORIENTED_EDGE('',*,*,#7359,.T.);
#4289=ORIENTED_EDGE('',*,*,#7355,.T.);
#4290=ORIENTED_EDGE('',*,*,#7360,.T.);
#4291=ORIENTED_EDGE('',*,*,#7361,.F.);
#4292=ORIENTED_EDGE('',*,*,#7362,.F.);
#4293=ORIENTED_EDGE('',*,*,#7358,.T.);
#4294=ORIENTED_EDGE('',*,*,#7363,.F.);
#4295=ORIENTED_EDGE('',*,*,#7364,.F.);
#4296=ORIENTED_EDGE('',*,*,#7365,.T.);
#4297=ORIENTED_EDGE('',*,*,#7361,.T.);
#4298=ORIENTED_EDGE('',*,*,#7366,.F.);
#4299=ORIENTED_EDGE('',*,*,#7367,.F.);
#4300=ORIENTED_EDGE('',*,*,#7368,.T.);
#4301=ORIENTED_EDGE('',*,*,#7364,.T.);
#4302=ORIENTED_EDGE('',*,*,#7369,.F.);
#4303=ORIENTED_EDGE('',*,*,#7370,.F.);
#4304=ORIENTED_EDGE('',*,*,#7371,.T.);
#4305=ORIENTED_EDGE('',*,*,#7367,.T.);
#4306=ORIENTED_EDGE('',*,*,#7372,.F.);
#4307=ORIENTED_EDGE('',*,*,#7373,.F.);
#4308=ORIENTED_EDGE('',*,*,#7374,.T.);
#4309=ORIENTED_EDGE('',*,*,#7375,.T.);
#4310=ORIENTED_EDGE('',*,*,#7376,.T.);
#4311=ORIENTED_EDGE('',*,*,#7377,.F.);
#4312=ORIENTED_EDGE('',*,*,#7378,.F.);
#4313=ORIENTED_EDGE('',*,*,#7373,.T.);
#4314=ORIENTED_EDGE('',*,*,#7379,.F.);
#4315=ORIENTED_EDGE('',*,*,#7380,.F.);
#4316=ORIENTED_EDGE('',*,*,#7381,.T.);
#4317=ORIENTED_EDGE('',*,*,#7377,.T.);
#4318=ORIENTED_EDGE('',*,*,#7382,.T.);
#4319=ORIENTED_EDGE('',*,*,#7383,.F.);
#4320=ORIENTED_EDGE('',*,*,#7384,.F.);
#4321=ORIENTED_EDGE('',*,*,#7380,.T.);
#4322=ORIENTED_EDGE('',*,*,#7385,.F.);
#4323=ORIENTED_EDGE('',*,*,#7386,.F.);
#4324=ORIENTED_EDGE('',*,*,#7387,.T.);
#4325=ORIENTED_EDGE('',*,*,#7383,.T.);
#4326=ORIENTED_EDGE('',*,*,#7388,.F.);
#4327=ORIENTED_EDGE('',*,*,#7389,.F.);
#4328=ORIENTED_EDGE('',*,*,#7390,.T.);
#4329=ORIENTED_EDGE('',*,*,#7386,.T.);
#4330=ORIENTED_EDGE('',*,*,#7391,.F.);
#4331=ORIENTED_EDGE('',*,*,#7392,.F.);
#4332=ORIENTED_EDGE('',*,*,#7393,.T.);
#4333=ORIENTED_EDGE('',*,*,#7389,.T.);
#4334=ORIENTED_EDGE('',*,*,#7394,.F.);
#4335=ORIENTED_EDGE('',*,*,#7395,.F.);
#4336=ORIENTED_EDGE('',*,*,#7396,.T.);
#4337=ORIENTED_EDGE('',*,*,#7397,.T.);
#4338=ORIENTED_EDGE('',*,*,#7398,.T.);
#4339=ORIENTED_EDGE('',*,*,#7399,.F.);
#4340=ORIENTED_EDGE('',*,*,#7400,.F.);
#4341=ORIENTED_EDGE('',*,*,#7395,.T.);
#4342=ORIENTED_EDGE('',*,*,#7401,.F.);
#4343=ORIENTED_EDGE('',*,*,#7402,.F.);
#4344=ORIENTED_EDGE('',*,*,#7403,.T.);
#4345=ORIENTED_EDGE('',*,*,#7399,.T.);
#4346=ORIENTED_EDGE('',*,*,#7404,.T.);
#4347=ORIENTED_EDGE('',*,*,#7405,.F.);
#4348=ORIENTED_EDGE('',*,*,#7406,.F.);
#4349=ORIENTED_EDGE('',*,*,#7402,.T.);
#4350=ORIENTED_EDGE('',*,*,#7407,.F.);
#4351=ORIENTED_EDGE('',*,*,#7408,.F.);
#4352=ORIENTED_EDGE('',*,*,#7409,.T.);
#4353=ORIENTED_EDGE('',*,*,#7405,.T.);
#4354=ORIENTED_EDGE('',*,*,#7410,.F.);
#4355=ORIENTED_EDGE('',*,*,#7411,.F.);
#4356=ORIENTED_EDGE('',*,*,#7412,.T.);
#4357=ORIENTED_EDGE('',*,*,#7408,.T.);
#4358=ORIENTED_EDGE('',*,*,#7413,.F.);
#4359=ORIENTED_EDGE('',*,*,#7414,.F.);
#4360=ORIENTED_EDGE('',*,*,#7415,.T.);
#4361=ORIENTED_EDGE('',*,*,#7411,.T.);
#4362=ORIENTED_EDGE('',*,*,#7416,.F.);
#4363=ORIENTED_EDGE('',*,*,#7417,.F.);
#4364=ORIENTED_EDGE('',*,*,#7418,.T.);
#4365=ORIENTED_EDGE('',*,*,#7419,.T.);
#4366=ORIENTED_EDGE('',*,*,#7420,.T.);
#4367=ORIENTED_EDGE('',*,*,#7421,.F.);
#4368=ORIENTED_EDGE('',*,*,#7422,.F.);
#4369=ORIENTED_EDGE('',*,*,#7417,.T.);
#4370=ORIENTED_EDGE('',*,*,#7423,.F.);
#4371=ORIENTED_EDGE('',*,*,#7424,.F.);
#4372=ORIENTED_EDGE('',*,*,#7425,.T.);
#4373=ORIENTED_EDGE('',*,*,#7421,.T.);
#4374=ORIENTED_EDGE('',*,*,#7426,.T.);
#4375=ORIENTED_EDGE('',*,*,#7427,.F.);
#4376=ORIENTED_EDGE('',*,*,#7428,.F.);
#4377=ORIENTED_EDGE('',*,*,#7424,.T.);
#4378=ORIENTED_EDGE('',*,*,#7429,.F.);
#4379=ORIENTED_EDGE('',*,*,#7430,.F.);
#4380=ORIENTED_EDGE('',*,*,#7431,.T.);
#4381=ORIENTED_EDGE('',*,*,#7427,.T.);
#4382=ORIENTED_EDGE('',*,*,#7432,.F.);
#4383=ORIENTED_EDGE('',*,*,#7433,.F.);
#4384=ORIENTED_EDGE('',*,*,#7434,.T.);
#4385=ORIENTED_EDGE('',*,*,#7430,.T.);
#4386=ORIENTED_EDGE('',*,*,#7435,.F.);
#4387=ORIENTED_EDGE('',*,*,#7436,.F.);
#4388=ORIENTED_EDGE('',*,*,#7437,.T.);
#4389=ORIENTED_EDGE('',*,*,#7433,.T.);
#4390=ORIENTED_EDGE('',*,*,#7438,.F.);
#4391=ORIENTED_EDGE('',*,*,#7439,.F.);
#4392=ORIENTED_EDGE('',*,*,#7440,.T.);
#4393=ORIENTED_EDGE('',*,*,#7441,.T.);
#4394=ORIENTED_EDGE('',*,*,#7442,.T.);
#4395=ORIENTED_EDGE('',*,*,#7443,.F.);
#4396=ORIENTED_EDGE('',*,*,#7444,.F.);
#4397=ORIENTED_EDGE('',*,*,#7439,.T.);
#4398=ORIENTED_EDGE('',*,*,#7445,.F.);
#4399=ORIENTED_EDGE('',*,*,#7446,.F.);
#4400=ORIENTED_EDGE('',*,*,#7447,.T.);
#4401=ORIENTED_EDGE('',*,*,#7443,.T.);
#4402=ORIENTED_EDGE('',*,*,#7448,.T.);
#4403=ORIENTED_EDGE('',*,*,#7449,.F.);
#4404=ORIENTED_EDGE('',*,*,#7450,.F.);
#4405=ORIENTED_EDGE('',*,*,#7446,.T.);
#4406=ORIENTED_EDGE('',*,*,#7451,.F.);
#4407=ORIENTED_EDGE('',*,*,#7452,.F.);
#4408=ORIENTED_EDGE('',*,*,#7453,.T.);
#4409=ORIENTED_EDGE('',*,*,#7449,.T.);
#4410=ORIENTED_EDGE('',*,*,#7454,.F.);
#4411=ORIENTED_EDGE('',*,*,#7455,.F.);
#4412=ORIENTED_EDGE('',*,*,#7456,.T.);
#4413=ORIENTED_EDGE('',*,*,#7452,.T.);
#4414=ORIENTED_EDGE('',*,*,#7457,.F.);
#4415=ORIENTED_EDGE('',*,*,#7458,.F.);
#4416=ORIENTED_EDGE('',*,*,#7459,.T.);
#4417=ORIENTED_EDGE('',*,*,#7455,.T.);
#4418=ORIENTED_EDGE('',*,*,#7460,.F.);
#4419=ORIENTED_EDGE('',*,*,#7461,.F.);
#4420=ORIENTED_EDGE('',*,*,#7462,.T.);
#4421=ORIENTED_EDGE('',*,*,#7463,.T.);
#4422=ORIENTED_EDGE('',*,*,#7464,.T.);
#4423=ORIENTED_EDGE('',*,*,#7465,.F.);
#4424=ORIENTED_EDGE('',*,*,#7466,.F.);
#4425=ORIENTED_EDGE('',*,*,#7461,.T.);
#4426=ORIENTED_EDGE('',*,*,#7467,.F.);
#4427=ORIENTED_EDGE('',*,*,#7468,.F.);
#4428=ORIENTED_EDGE('',*,*,#7469,.T.);
#4429=ORIENTED_EDGE('',*,*,#7465,.T.);
#4430=ORIENTED_EDGE('',*,*,#7470,.T.);
#4431=ORIENTED_EDGE('',*,*,#7471,.F.);
#4432=ORIENTED_EDGE('',*,*,#7472,.F.);
#4433=ORIENTED_EDGE('',*,*,#7468,.T.);
#4434=ORIENTED_EDGE('',*,*,#7473,.F.);
#4435=ORIENTED_EDGE('',*,*,#7474,.F.);
#4436=ORIENTED_EDGE('',*,*,#7475,.T.);
#4437=ORIENTED_EDGE('',*,*,#7471,.T.);
#4438=ORIENTED_EDGE('',*,*,#7476,.F.);
#4439=ORIENTED_EDGE('',*,*,#7477,.F.);
#4440=ORIENTED_EDGE('',*,*,#7478,.T.);
#4441=ORIENTED_EDGE('',*,*,#7474,.T.);
#4442=ORIENTED_EDGE('',*,*,#7479,.F.);
#4443=ORIENTED_EDGE('',*,*,#7480,.F.);
#4444=ORIENTED_EDGE('',*,*,#7481,.T.);
#4445=ORIENTED_EDGE('',*,*,#7477,.T.);
#4446=ORIENTED_EDGE('',*,*,#7482,.F.);
#4447=ORIENTED_EDGE('',*,*,#7483,.F.);
#4448=ORIENTED_EDGE('',*,*,#7484,.T.);
#4449=ORIENTED_EDGE('',*,*,#7485,.T.);
#4450=ORIENTED_EDGE('',*,*,#7486,.T.);
#4451=ORIENTED_EDGE('',*,*,#7487,.F.);
#4452=ORIENTED_EDGE('',*,*,#7488,.F.);
#4453=ORIENTED_EDGE('',*,*,#7483,.T.);
#4454=ORIENTED_EDGE('',*,*,#7489,.F.);
#4455=ORIENTED_EDGE('',*,*,#7490,.F.);
#4456=ORIENTED_EDGE('',*,*,#7491,.T.);
#4457=ORIENTED_EDGE('',*,*,#7487,.T.);
#4458=ORIENTED_EDGE('',*,*,#7492,.T.);
#4459=ORIENTED_EDGE('',*,*,#7493,.F.);
#4460=ORIENTED_EDGE('',*,*,#7494,.F.);
#4461=ORIENTED_EDGE('',*,*,#7490,.T.);
#4462=ORIENTED_EDGE('',*,*,#7495,.F.);
#4463=ORIENTED_EDGE('',*,*,#7496,.F.);
#4464=ORIENTED_EDGE('',*,*,#7497,.T.);
#4465=ORIENTED_EDGE('',*,*,#7493,.T.);
#4466=ORIENTED_EDGE('',*,*,#7498,.F.);
#4467=ORIENTED_EDGE('',*,*,#7499,.F.);
#4468=ORIENTED_EDGE('',*,*,#7500,.T.);
#4469=ORIENTED_EDGE('',*,*,#7496,.T.);
#4470=ORIENTED_EDGE('',*,*,#7501,.F.);
#4471=ORIENTED_EDGE('',*,*,#7502,.F.);
#4472=ORIENTED_EDGE('',*,*,#7503,.T.);
#4473=ORIENTED_EDGE('',*,*,#7499,.T.);
#4474=ORIENTED_EDGE('',*,*,#7504,.F.);
#4475=ORIENTED_EDGE('',*,*,#7505,.F.);
#4476=ORIENTED_EDGE('',*,*,#7506,.T.);
#4477=ORIENTED_EDGE('',*,*,#7507,.T.);
#4478=ORIENTED_EDGE('',*,*,#7508,.T.);
#4479=ORIENTED_EDGE('',*,*,#7509,.F.);
#4480=ORIENTED_EDGE('',*,*,#7510,.F.);
#4481=ORIENTED_EDGE('',*,*,#7505,.T.);
#4482=ORIENTED_EDGE('',*,*,#7511,.F.);
#4483=ORIENTED_EDGE('',*,*,#7512,.F.);
#4484=ORIENTED_EDGE('',*,*,#7513,.T.);
#4485=ORIENTED_EDGE('',*,*,#7509,.T.);
#4486=ORIENTED_EDGE('',*,*,#7514,.T.);
#4487=ORIENTED_EDGE('',*,*,#7515,.F.);
#4488=ORIENTED_EDGE('',*,*,#7516,.F.);
#4489=ORIENTED_EDGE('',*,*,#7512,.T.);
#4490=ORIENTED_EDGE('',*,*,#7517,.F.);
#4491=ORIENTED_EDGE('',*,*,#7518,.F.);
#4492=ORIENTED_EDGE('',*,*,#7519,.T.);
#4493=ORIENTED_EDGE('',*,*,#7515,.T.);
#4494=ORIENTED_EDGE('',*,*,#7520,.F.);
#4495=ORIENTED_EDGE('',*,*,#7521,.F.);
#4496=ORIENTED_EDGE('',*,*,#7522,.T.);
#4497=ORIENTED_EDGE('',*,*,#7518,.T.);
#4498=ORIENTED_EDGE('',*,*,#7523,.F.);
#4499=ORIENTED_EDGE('',*,*,#7524,.F.);
#4500=ORIENTED_EDGE('',*,*,#7525,.T.);
#4501=ORIENTED_EDGE('',*,*,#7521,.T.);
#4502=ORIENTED_EDGE('',*,*,#7526,.F.);
#4503=ORIENTED_EDGE('',*,*,#7527,.F.);
#4504=ORIENTED_EDGE('',*,*,#7528,.T.);
#4505=ORIENTED_EDGE('',*,*,#7529,.T.);
#4506=ORIENTED_EDGE('',*,*,#7530,.T.);
#4507=ORIENTED_EDGE('',*,*,#7531,.F.);
#4508=ORIENTED_EDGE('',*,*,#7532,.F.);
#4509=ORIENTED_EDGE('',*,*,#7527,.T.);
#4510=ORIENTED_EDGE('',*,*,#7533,.F.);
#4511=ORIENTED_EDGE('',*,*,#7534,.F.);
#4512=ORIENTED_EDGE('',*,*,#7535,.T.);
#4513=ORIENTED_EDGE('',*,*,#7531,.T.);
#4514=ORIENTED_EDGE('',*,*,#7536,.T.);
#4515=ORIENTED_EDGE('',*,*,#7537,.F.);
#4516=ORIENTED_EDGE('',*,*,#7538,.F.);
#4517=ORIENTED_EDGE('',*,*,#7534,.T.);
#4518=ORIENTED_EDGE('',*,*,#7539,.F.);
#4519=ORIENTED_EDGE('',*,*,#7540,.F.);
#4520=ORIENTED_EDGE('',*,*,#7541,.T.);
#4521=ORIENTED_EDGE('',*,*,#7537,.T.);
#4522=ORIENTED_EDGE('',*,*,#7542,.F.);
#4523=ORIENTED_EDGE('',*,*,#7543,.F.);
#4524=ORIENTED_EDGE('',*,*,#7544,.T.);
#4525=ORIENTED_EDGE('',*,*,#7540,.T.);
#4526=ORIENTED_EDGE('',*,*,#7545,.F.);
#4527=ORIENTED_EDGE('',*,*,#7546,.F.);
#4528=ORIENTED_EDGE('',*,*,#7547,.T.);
#4529=ORIENTED_EDGE('',*,*,#7543,.T.);
#4530=ORIENTED_EDGE('',*,*,#7548,.F.);
#4531=ORIENTED_EDGE('',*,*,#7549,.F.);
#4532=ORIENTED_EDGE('',*,*,#7550,.T.);
#4533=ORIENTED_EDGE('',*,*,#7551,.T.);
#4534=ORIENTED_EDGE('',*,*,#7552,.T.);
#4535=ORIENTED_EDGE('',*,*,#7553,.F.);
#4536=ORIENTED_EDGE('',*,*,#7554,.F.);
#4537=ORIENTED_EDGE('',*,*,#7549,.T.);
#4538=ORIENTED_EDGE('',*,*,#7555,.F.);
#4539=ORIENTED_EDGE('',*,*,#7556,.F.);
#4540=ORIENTED_EDGE('',*,*,#7557,.T.);
#4541=ORIENTED_EDGE('',*,*,#7553,.T.);
#4542=ORIENTED_EDGE('',*,*,#7558,.T.);
#4543=ORIENTED_EDGE('',*,*,#7559,.F.);
#4544=ORIENTED_EDGE('',*,*,#7560,.F.);
#4545=ORIENTED_EDGE('',*,*,#7556,.T.);
#4546=ORIENTED_EDGE('',*,*,#7561,.F.);
#4547=ORIENTED_EDGE('',*,*,#7562,.F.);
#4548=ORIENTED_EDGE('',*,*,#7563,.T.);
#4549=ORIENTED_EDGE('',*,*,#7559,.T.);
#4550=ORIENTED_EDGE('',*,*,#7564,.F.);
#4551=ORIENTED_EDGE('',*,*,#7565,.F.);
#4552=ORIENTED_EDGE('',*,*,#7566,.T.);
#4553=ORIENTED_EDGE('',*,*,#7562,.T.);
#4554=ORIENTED_EDGE('',*,*,#7567,.F.);
#4555=ORIENTED_EDGE('',*,*,#7568,.F.);
#4556=ORIENTED_EDGE('',*,*,#7569,.T.);
#4557=ORIENTED_EDGE('',*,*,#7565,.T.);
#4558=ORIENTED_EDGE('',*,*,#7570,.F.);
#4559=ORIENTED_EDGE('',*,*,#7571,.F.);
#4560=ORIENTED_EDGE('',*,*,#7572,.T.);
#4561=ORIENTED_EDGE('',*,*,#7573,.T.);
#4562=ORIENTED_EDGE('',*,*,#7574,.T.);
#4563=ORIENTED_EDGE('',*,*,#7575,.F.);
#4564=ORIENTED_EDGE('',*,*,#7576,.F.);
#4565=ORIENTED_EDGE('',*,*,#7571,.T.);
#4566=ORIENTED_EDGE('',*,*,#7577,.F.);
#4567=ORIENTED_EDGE('',*,*,#7578,.F.);
#4568=ORIENTED_EDGE('',*,*,#7579,.T.);
#4569=ORIENTED_EDGE('',*,*,#7575,.T.);
#4570=ORIENTED_EDGE('',*,*,#7580,.T.);
#4571=ORIENTED_EDGE('',*,*,#7581,.F.);
#4572=ORIENTED_EDGE('',*,*,#7582,.F.);
#4573=ORIENTED_EDGE('',*,*,#7578,.T.);
#4574=ORIENTED_EDGE('',*,*,#7583,.F.);
#4575=ORIENTED_EDGE('',*,*,#7584,.F.);
#4576=ORIENTED_EDGE('',*,*,#7585,.T.);
#4577=ORIENTED_EDGE('',*,*,#7581,.T.);
#4578=ORIENTED_EDGE('',*,*,#7586,.F.);
#4579=ORIENTED_EDGE('',*,*,#7587,.F.);
#4580=ORIENTED_EDGE('',*,*,#7588,.T.);
#4581=ORIENTED_EDGE('',*,*,#7584,.T.);
#4582=ORIENTED_EDGE('',*,*,#7589,.F.);
#4583=ORIENTED_EDGE('',*,*,#7590,.F.);
#4584=ORIENTED_EDGE('',*,*,#7591,.T.);
#4585=ORIENTED_EDGE('',*,*,#7587,.T.);
#4586=ORIENTED_EDGE('',*,*,#7592,.F.);
#4587=ORIENTED_EDGE('',*,*,#6033,.F.);
#4588=ORIENTED_EDGE('',*,*,#7593,.T.);
#4589=ORIENTED_EDGE('',*,*,#6050,.T.);
#4590=ORIENTED_EDGE('',*,*,#7594,.F.);
#4591=ORIENTED_EDGE('',*,*,#6055,.F.);
#4592=ORIENTED_EDGE('',*,*,#7595,.T.);
#4593=ORIENTED_EDGE('',*,*,#6072,.T.);
#4594=ORIENTED_EDGE('',*,*,#7596,.F.);
#4595=ORIENTED_EDGE('',*,*,#6077,.F.);
#4596=ORIENTED_EDGE('',*,*,#7597,.T.);
#4597=ORIENTED_EDGE('',*,*,#6094,.T.);
#4598=ORIENTED_EDGE('',*,*,#7598,.F.);
#4599=ORIENTED_EDGE('',*,*,#6099,.F.);
#4600=ORIENTED_EDGE('',*,*,#7599,.T.);
#4601=ORIENTED_EDGE('',*,*,#6116,.T.);
#4602=ORIENTED_EDGE('',*,*,#7600,.F.);
#4603=ORIENTED_EDGE('',*,*,#6121,.F.);
#4604=ORIENTED_EDGE('',*,*,#7601,.T.);
#4605=ORIENTED_EDGE('',*,*,#6138,.T.);
#4606=ORIENTED_EDGE('',*,*,#7602,.F.);
#4607=ORIENTED_EDGE('',*,*,#6143,.F.);
#4608=ORIENTED_EDGE('',*,*,#7603,.T.);
#4609=ORIENTED_EDGE('',*,*,#6160,.T.);
#4610=ORIENTED_EDGE('',*,*,#7604,.F.);
#4611=ORIENTED_EDGE('',*,*,#6165,.F.);
#4612=ORIENTED_EDGE('',*,*,#7605,.T.);
#4613=ORIENTED_EDGE('',*,*,#6182,.T.);
#4614=ORIENTED_EDGE('',*,*,#7606,.F.);
#4615=ORIENTED_EDGE('',*,*,#6187,.F.);
#4616=ORIENTED_EDGE('',*,*,#7607,.T.);
#4617=ORIENTED_EDGE('',*,*,#6204,.T.);
#4618=ORIENTED_EDGE('',*,*,#7608,.F.);
#4619=ORIENTED_EDGE('',*,*,#6209,.F.);
#4620=ORIENTED_EDGE('',*,*,#7609,.T.);
#4621=ORIENTED_EDGE('',*,*,#6226,.T.);
#4622=ORIENTED_EDGE('',*,*,#7610,.F.);
#4623=ORIENTED_EDGE('',*,*,#6231,.F.);
#4624=ORIENTED_EDGE('',*,*,#7611,.T.);
#4625=ORIENTED_EDGE('',*,*,#6248,.T.);
#4626=ORIENTED_EDGE('',*,*,#7612,.F.);
#4627=ORIENTED_EDGE('',*,*,#6253,.F.);
#4628=ORIENTED_EDGE('',*,*,#7613,.T.);
#4629=ORIENTED_EDGE('',*,*,#6270,.T.);
#4630=ORIENTED_EDGE('',*,*,#7614,.F.);
#4631=ORIENTED_EDGE('',*,*,#6275,.F.);
#4632=ORIENTED_EDGE('',*,*,#7615,.T.);
#4633=ORIENTED_EDGE('',*,*,#6292,.T.);
#4634=ORIENTED_EDGE('',*,*,#7616,.F.);
#4635=ORIENTED_EDGE('',*,*,#6297,.F.);
#4636=ORIENTED_EDGE('',*,*,#7617,.T.);
#4637=ORIENTED_EDGE('',*,*,#6314,.T.);
#4638=ORIENTED_EDGE('',*,*,#7618,.F.);
#4639=ORIENTED_EDGE('',*,*,#6319,.F.);
#4640=ORIENTED_EDGE('',*,*,#7619,.T.);
#4641=ORIENTED_EDGE('',*,*,#6336,.T.);
#4642=ORIENTED_EDGE('',*,*,#7620,.F.);
#4643=ORIENTED_EDGE('',*,*,#6341,.F.);
#4644=ORIENTED_EDGE('',*,*,#7621,.T.);
#4645=ORIENTED_EDGE('',*,*,#6358,.T.);
#4646=ORIENTED_EDGE('',*,*,#7622,.F.);
#4647=ORIENTED_EDGE('',*,*,#6363,.F.);
#4648=ORIENTED_EDGE('',*,*,#7623,.T.);
#4649=ORIENTED_EDGE('',*,*,#6380,.T.);
#4650=ORIENTED_EDGE('',*,*,#7624,.F.);
#4651=ORIENTED_EDGE('',*,*,#6385,.F.);
#4652=ORIENTED_EDGE('',*,*,#7625,.T.);
#4653=ORIENTED_EDGE('',*,*,#6402,.T.);
#4654=ORIENTED_EDGE('',*,*,#7626,.F.);
#4655=ORIENTED_EDGE('',*,*,#6407,.F.);
#4656=ORIENTED_EDGE('',*,*,#7627,.T.);
#4657=ORIENTED_EDGE('',*,*,#6424,.T.);
#4658=ORIENTED_EDGE('',*,*,#7628,.F.);
#4659=ORIENTED_EDGE('',*,*,#6429,.F.);
#4660=ORIENTED_EDGE('',*,*,#7629,.T.);
#4661=ORIENTED_EDGE('',*,*,#6446,.T.);
#4662=ORIENTED_EDGE('',*,*,#7630,.F.);
#4663=ORIENTED_EDGE('',*,*,#6451,.F.);
#4664=ORIENTED_EDGE('',*,*,#7631,.T.);
#4665=ORIENTED_EDGE('',*,*,#6468,.T.);
#4666=ORIENTED_EDGE('',*,*,#7632,.F.);
#4667=ORIENTED_EDGE('',*,*,#6473,.F.);
#4668=ORIENTED_EDGE('',*,*,#7633,.T.);
#4669=ORIENTED_EDGE('',*,*,#6490,.T.);
#4670=ORIENTED_EDGE('',*,*,#7634,.F.);
#4671=ORIENTED_EDGE('',*,*,#6495,.F.);
#4672=ORIENTED_EDGE('',*,*,#7635,.T.);
#4673=ORIENTED_EDGE('',*,*,#6512,.T.);
#4674=ORIENTED_EDGE('',*,*,#7636,.F.);
#4675=ORIENTED_EDGE('',*,*,#6517,.F.);
#4676=ORIENTED_EDGE('',*,*,#7637,.T.);
#4677=ORIENTED_EDGE('',*,*,#6534,.T.);
#4678=ORIENTED_EDGE('',*,*,#7638,.F.);
#4679=ORIENTED_EDGE('',*,*,#6539,.F.);
#4680=ORIENTED_EDGE('',*,*,#7639,.T.);
#4681=ORIENTED_EDGE('',*,*,#6556,.T.);
#4682=ORIENTED_EDGE('',*,*,#7640,.F.);
#4683=ORIENTED_EDGE('',*,*,#6561,.F.);
#4684=ORIENTED_EDGE('',*,*,#7641,.T.);
#4685=ORIENTED_EDGE('',*,*,#6578,.T.);
#4686=ORIENTED_EDGE('',*,*,#7642,.F.);
#4687=ORIENTED_EDGE('',*,*,#6583,.F.);
#4688=ORIENTED_EDGE('',*,*,#7643,.T.);
#4689=ORIENTED_EDGE('',*,*,#6600,.T.);
#4690=ORIENTED_EDGE('',*,*,#7644,.F.);
#4691=ORIENTED_EDGE('',*,*,#6605,.F.);
#4692=ORIENTED_EDGE('',*,*,#7645,.T.);
#4693=ORIENTED_EDGE('',*,*,#6622,.T.);
#4694=ORIENTED_EDGE('',*,*,#7646,.F.);
#4695=ORIENTED_EDGE('',*,*,#6627,.F.);
#4696=ORIENTED_EDGE('',*,*,#7647,.T.);
#4697=ORIENTED_EDGE('',*,*,#6644,.T.);
#4698=ORIENTED_EDGE('',*,*,#7648,.F.);
#4699=ORIENTED_EDGE('',*,*,#6649,.F.);
#4700=ORIENTED_EDGE('',*,*,#7649,.T.);
#4701=ORIENTED_EDGE('',*,*,#6666,.T.);
#4702=ORIENTED_EDGE('',*,*,#7650,.F.);
#4703=ORIENTED_EDGE('',*,*,#6671,.F.);
#4704=ORIENTED_EDGE('',*,*,#7651,.T.);
#4705=ORIENTED_EDGE('',*,*,#6688,.T.);
#4706=ORIENTED_EDGE('',*,*,#7652,.F.);
#4707=ORIENTED_EDGE('',*,*,#6693,.F.);
#4708=ORIENTED_EDGE('',*,*,#7653,.T.);
#4709=ORIENTED_EDGE('',*,*,#6710,.T.);
#4710=ORIENTED_EDGE('',*,*,#7654,.F.);
#4711=ORIENTED_EDGE('',*,*,#6715,.F.);
#4712=ORIENTED_EDGE('',*,*,#7655,.T.);
#4713=ORIENTED_EDGE('',*,*,#6732,.T.);
#4714=ORIENTED_EDGE('',*,*,#7656,.F.);
#4715=ORIENTED_EDGE('',*,*,#6737,.F.);
#4716=ORIENTED_EDGE('',*,*,#7657,.T.);
#4717=ORIENTED_EDGE('',*,*,#6754,.T.);
#4718=ORIENTED_EDGE('',*,*,#7658,.F.);
#4719=ORIENTED_EDGE('',*,*,#6759,.F.);
#4720=ORIENTED_EDGE('',*,*,#7659,.T.);
#4721=ORIENTED_EDGE('',*,*,#6776,.T.);
#4722=ORIENTED_EDGE('',*,*,#7660,.F.);
#4723=ORIENTED_EDGE('',*,*,#6781,.F.);
#4724=ORIENTED_EDGE('',*,*,#7661,.T.);
#4725=ORIENTED_EDGE('',*,*,#6798,.T.);
#4726=ORIENTED_EDGE('',*,*,#7662,.F.);
#4727=ORIENTED_EDGE('',*,*,#6803,.F.);
#4728=ORIENTED_EDGE('',*,*,#7663,.T.);
#4729=ORIENTED_EDGE('',*,*,#6820,.T.);
#4730=ORIENTED_EDGE('',*,*,#7664,.F.);
#4731=ORIENTED_EDGE('',*,*,#6825,.F.);
#4732=ORIENTED_EDGE('',*,*,#7665,.T.);
#4733=ORIENTED_EDGE('',*,*,#6842,.T.);
#4734=ORIENTED_EDGE('',*,*,#7666,.F.);
#4735=ORIENTED_EDGE('',*,*,#6847,.F.);
#4736=ORIENTED_EDGE('',*,*,#7667,.T.);
#4737=ORIENTED_EDGE('',*,*,#6864,.T.);
#4738=ORIENTED_EDGE('',*,*,#7668,.F.);
#4739=ORIENTED_EDGE('',*,*,#6869,.F.);
#4740=ORIENTED_EDGE('',*,*,#7669,.T.);
#4741=ORIENTED_EDGE('',*,*,#6886,.T.);
#4742=ORIENTED_EDGE('',*,*,#7670,.F.);
#4743=ORIENTED_EDGE('',*,*,#6891,.F.);
#4744=ORIENTED_EDGE('',*,*,#7671,.T.);
#4745=ORIENTED_EDGE('',*,*,#6908,.T.);
#4746=ORIENTED_EDGE('',*,*,#7672,.F.);
#4747=ORIENTED_EDGE('',*,*,#6913,.F.);
#4748=ORIENTED_EDGE('',*,*,#7673,.T.);
#4749=ORIENTED_EDGE('',*,*,#6930,.T.);
#4750=ORIENTED_EDGE('',*,*,#7674,.F.);
#4751=ORIENTED_EDGE('',*,*,#6935,.F.);
#4752=ORIENTED_EDGE('',*,*,#7675,.T.);
#4753=ORIENTED_EDGE('',*,*,#6952,.T.);
#4754=ORIENTED_EDGE('',*,*,#7676,.F.);
#4755=ORIENTED_EDGE('',*,*,#6957,.F.);
#4756=ORIENTED_EDGE('',*,*,#7677,.T.);
#4757=ORIENTED_EDGE('',*,*,#6974,.T.);
#4758=ORIENTED_EDGE('',*,*,#7678,.F.);
#4759=ORIENTED_EDGE('',*,*,#6979,.F.);
#4760=ORIENTED_EDGE('',*,*,#7679,.T.);
#4761=ORIENTED_EDGE('',*,*,#6996,.T.);
#4762=ORIENTED_EDGE('',*,*,#7680,.F.);
#4763=ORIENTED_EDGE('',*,*,#7001,.F.);
#4764=ORIENTED_EDGE('',*,*,#7681,.T.);
#4765=ORIENTED_EDGE('',*,*,#7018,.T.);
#4766=ORIENTED_EDGE('',*,*,#7682,.F.);
#4767=ORIENTED_EDGE('',*,*,#7023,.F.);
#4768=ORIENTED_EDGE('',*,*,#7683,.T.);
#4769=ORIENTED_EDGE('',*,*,#7040,.T.);
#4770=ORIENTED_EDGE('',*,*,#7684,.F.);
#4771=ORIENTED_EDGE('',*,*,#7045,.F.);
#4772=ORIENTED_EDGE('',*,*,#7685,.T.);
#4773=ORIENTED_EDGE('',*,*,#7062,.T.);
#4774=ORIENTED_EDGE('',*,*,#7686,.F.);
#4775=ORIENTED_EDGE('',*,*,#7067,.F.);
#4776=ORIENTED_EDGE('',*,*,#7687,.T.);
#4777=ORIENTED_EDGE('',*,*,#7084,.T.);
#4778=ORIENTED_EDGE('',*,*,#7688,.F.);
#4779=ORIENTED_EDGE('',*,*,#7089,.F.);
#4780=ORIENTED_EDGE('',*,*,#7689,.T.);
#4781=ORIENTED_EDGE('',*,*,#7106,.T.);
#4782=ORIENTED_EDGE('',*,*,#7690,.F.);
#4783=ORIENTED_EDGE('',*,*,#7111,.F.);
#4784=ORIENTED_EDGE('',*,*,#7691,.T.);
#4785=ORIENTED_EDGE('',*,*,#7128,.T.);
#4786=ORIENTED_EDGE('',*,*,#7692,.F.);
#4787=ORIENTED_EDGE('',*,*,#7133,.F.);
#4788=ORIENTED_EDGE('',*,*,#7693,.T.);
#4789=ORIENTED_EDGE('',*,*,#7150,.T.);
#4790=ORIENTED_EDGE('',*,*,#7694,.F.);
#4791=ORIENTED_EDGE('',*,*,#7155,.F.);
#4792=ORIENTED_EDGE('',*,*,#7695,.T.);
#4793=ORIENTED_EDGE('',*,*,#7172,.T.);
#4794=ORIENTED_EDGE('',*,*,#7696,.F.);
#4795=ORIENTED_EDGE('',*,*,#7177,.F.);
#4796=ORIENTED_EDGE('',*,*,#7697,.T.);
#4797=ORIENTED_EDGE('',*,*,#7194,.T.);
#4798=ORIENTED_EDGE('',*,*,#7698,.F.);
#4799=ORIENTED_EDGE('',*,*,#7199,.F.);
#4800=ORIENTED_EDGE('',*,*,#7699,.T.);
#4801=ORIENTED_EDGE('',*,*,#7216,.T.);
#4802=ORIENTED_EDGE('',*,*,#7700,.F.);
#4803=ORIENTED_EDGE('',*,*,#7221,.F.);
#4804=ORIENTED_EDGE('',*,*,#7701,.T.);
#4805=ORIENTED_EDGE('',*,*,#7238,.T.);
#4806=ORIENTED_EDGE('',*,*,#7702,.F.);
#4807=ORIENTED_EDGE('',*,*,#7243,.F.);
#4808=ORIENTED_EDGE('',*,*,#7703,.T.);
#4809=ORIENTED_EDGE('',*,*,#7260,.T.);
#4810=ORIENTED_EDGE('',*,*,#7704,.F.);
#4811=ORIENTED_EDGE('',*,*,#7265,.F.);
#4812=ORIENTED_EDGE('',*,*,#7705,.T.);
#4813=ORIENTED_EDGE('',*,*,#7282,.T.);
#4814=ORIENTED_EDGE('',*,*,#7706,.F.);
#4815=ORIENTED_EDGE('',*,*,#7287,.F.);
#4816=ORIENTED_EDGE('',*,*,#7707,.T.);
#4817=ORIENTED_EDGE('',*,*,#7304,.T.);
#4818=ORIENTED_EDGE('',*,*,#7708,.F.);
#4819=ORIENTED_EDGE('',*,*,#7309,.F.);
#4820=ORIENTED_EDGE('',*,*,#7709,.T.);
#4821=ORIENTED_EDGE('',*,*,#7326,.T.);
#4822=ORIENTED_EDGE('',*,*,#7710,.F.);
#4823=ORIENTED_EDGE('',*,*,#7331,.F.);
#4824=ORIENTED_EDGE('',*,*,#7711,.T.);
#4825=ORIENTED_EDGE('',*,*,#7348,.T.);
#4826=ORIENTED_EDGE('',*,*,#7712,.F.);
#4827=ORIENTED_EDGE('',*,*,#7353,.F.);
#4828=ORIENTED_EDGE('',*,*,#7713,.T.);
#4829=ORIENTED_EDGE('',*,*,#7370,.T.);
#4830=ORIENTED_EDGE('',*,*,#7714,.F.);
#4831=ORIENTED_EDGE('',*,*,#7375,.F.);
#4832=ORIENTED_EDGE('',*,*,#7715,.T.);
#4833=ORIENTED_EDGE('',*,*,#7392,.T.);
#4834=ORIENTED_EDGE('',*,*,#7716,.F.);
#4835=ORIENTED_EDGE('',*,*,#7397,.F.);
#4836=ORIENTED_EDGE('',*,*,#7717,.T.);
#4837=ORIENTED_EDGE('',*,*,#7414,.T.);
#4838=ORIENTED_EDGE('',*,*,#7718,.F.);
#4839=ORIENTED_EDGE('',*,*,#7419,.F.);
#4840=ORIENTED_EDGE('',*,*,#7719,.T.);
#4841=ORIENTED_EDGE('',*,*,#7436,.T.);
#4842=ORIENTED_EDGE('',*,*,#7720,.F.);
#4843=ORIENTED_EDGE('',*,*,#7441,.F.);
#4844=ORIENTED_EDGE('',*,*,#7721,.T.);
#4845=ORIENTED_EDGE('',*,*,#7458,.T.);
#4846=ORIENTED_EDGE('',*,*,#7722,.F.);
#4847=ORIENTED_EDGE('',*,*,#7463,.F.);
#4848=ORIENTED_EDGE('',*,*,#7723,.T.);
#4849=ORIENTED_EDGE('',*,*,#7480,.T.);
#4850=ORIENTED_EDGE('',*,*,#7724,.F.);
#4851=ORIENTED_EDGE('',*,*,#7485,.F.);
#4852=ORIENTED_EDGE('',*,*,#7725,.T.);
#4853=ORIENTED_EDGE('',*,*,#7502,.T.);
#4854=ORIENTED_EDGE('',*,*,#7726,.F.);
#4855=ORIENTED_EDGE('',*,*,#7507,.F.);
#4856=ORIENTED_EDGE('',*,*,#7727,.T.);
#4857=ORIENTED_EDGE('',*,*,#7524,.T.);
#4858=ORIENTED_EDGE('',*,*,#7728,.F.);
#4859=ORIENTED_EDGE('',*,*,#7529,.F.);
#4860=ORIENTED_EDGE('',*,*,#7729,.T.);
#4861=ORIENTED_EDGE('',*,*,#7546,.T.);
#4862=ORIENTED_EDGE('',*,*,#7730,.F.);
#4863=ORIENTED_EDGE('',*,*,#7551,.F.);
#4864=ORIENTED_EDGE('',*,*,#7731,.T.);
#4865=ORIENTED_EDGE('',*,*,#7568,.T.);
#4866=ORIENTED_EDGE('',*,*,#7732,.F.);
#4867=ORIENTED_EDGE('',*,*,#7573,.F.);
#4868=ORIENTED_EDGE('',*,*,#7733,.T.);
#4869=ORIENTED_EDGE('',*,*,#7590,.T.);
#4870=ORIENTED_EDGE('',*,*,#7572,.F.);
#4871=ORIENTED_EDGE('',*,*,#7576,.T.);
#4872=ORIENTED_EDGE('',*,*,#7579,.F.);
#4873=ORIENTED_EDGE('',*,*,#7582,.T.);
#4874=ORIENTED_EDGE('',*,*,#7585,.F.);
#4875=ORIENTED_EDGE('',*,*,#7588,.F.);
#4876=ORIENTED_EDGE('',*,*,#7591,.F.);
#4877=ORIENTED_EDGE('',*,*,#7733,.F.);
#4878=ORIENTED_EDGE('',*,*,#7550,.F.);
#4879=ORIENTED_EDGE('',*,*,#7554,.T.);
#4880=ORIENTED_EDGE('',*,*,#7557,.F.);
#4881=ORIENTED_EDGE('',*,*,#7560,.T.);
#4882=ORIENTED_EDGE('',*,*,#7563,.F.);
#4883=ORIENTED_EDGE('',*,*,#7566,.F.);
#4884=ORIENTED_EDGE('',*,*,#7569,.F.);
#4885=ORIENTED_EDGE('',*,*,#7731,.F.);
#4886=ORIENTED_EDGE('',*,*,#7528,.F.);
#4887=ORIENTED_EDGE('',*,*,#7532,.T.);
#4888=ORIENTED_EDGE('',*,*,#7535,.F.);
#4889=ORIENTED_EDGE('',*,*,#7538,.T.);
#4890=ORIENTED_EDGE('',*,*,#7541,.F.);
#4891=ORIENTED_EDGE('',*,*,#7544,.F.);
#4892=ORIENTED_EDGE('',*,*,#7547,.F.);
#4893=ORIENTED_EDGE('',*,*,#7729,.F.);
#4894=ORIENTED_EDGE('',*,*,#7506,.F.);
#4895=ORIENTED_EDGE('',*,*,#7510,.T.);
#4896=ORIENTED_EDGE('',*,*,#7513,.F.);
#4897=ORIENTED_EDGE('',*,*,#7516,.T.);
#4898=ORIENTED_EDGE('',*,*,#7519,.F.);
#4899=ORIENTED_EDGE('',*,*,#7522,.F.);
#4900=ORIENTED_EDGE('',*,*,#7525,.F.);
#4901=ORIENTED_EDGE('',*,*,#7727,.F.);
#4902=ORIENTED_EDGE('',*,*,#7484,.F.);
#4903=ORIENTED_EDGE('',*,*,#7488,.T.);
#4904=ORIENTED_EDGE('',*,*,#7491,.F.);
#4905=ORIENTED_EDGE('',*,*,#7494,.T.);
#4906=ORIENTED_EDGE('',*,*,#7497,.F.);
#4907=ORIENTED_EDGE('',*,*,#7500,.F.);
#4908=ORIENTED_EDGE('',*,*,#7503,.F.);
#4909=ORIENTED_EDGE('',*,*,#7725,.F.);
#4910=ORIENTED_EDGE('',*,*,#7462,.F.);
#4911=ORIENTED_EDGE('',*,*,#7466,.T.);
#4912=ORIENTED_EDGE('',*,*,#7469,.F.);
#4913=ORIENTED_EDGE('',*,*,#7472,.T.);
#4914=ORIENTED_EDGE('',*,*,#7475,.F.);
#4915=ORIENTED_EDGE('',*,*,#7478,.F.);
#4916=ORIENTED_EDGE('',*,*,#7481,.F.);
#4917=ORIENTED_EDGE('',*,*,#7723,.F.);
#4918=ORIENTED_EDGE('',*,*,#7440,.F.);
#4919=ORIENTED_EDGE('',*,*,#7444,.T.);
#4920=ORIENTED_EDGE('',*,*,#7447,.F.);
#4921=ORIENTED_EDGE('',*,*,#7450,.T.);
#4922=ORIENTED_EDGE('',*,*,#7453,.F.);
#4923=ORIENTED_EDGE('',*,*,#7456,.F.);
#4924=ORIENTED_EDGE('',*,*,#7459,.F.);
#4925=ORIENTED_EDGE('',*,*,#7721,.F.);
#4926=ORIENTED_EDGE('',*,*,#7418,.F.);
#4927=ORIENTED_EDGE('',*,*,#7422,.T.);
#4928=ORIENTED_EDGE('',*,*,#7425,.F.);
#4929=ORIENTED_EDGE('',*,*,#7428,.T.);
#4930=ORIENTED_EDGE('',*,*,#7431,.F.);
#4931=ORIENTED_EDGE('',*,*,#7434,.F.);
#4932=ORIENTED_EDGE('',*,*,#7437,.F.);
#4933=ORIENTED_EDGE('',*,*,#7719,.F.);
#4934=ORIENTED_EDGE('',*,*,#7396,.F.);
#4935=ORIENTED_EDGE('',*,*,#7400,.T.);
#4936=ORIENTED_EDGE('',*,*,#7403,.F.);
#4937=ORIENTED_EDGE('',*,*,#7406,.T.);
#4938=ORIENTED_EDGE('',*,*,#7409,.F.);
#4939=ORIENTED_EDGE('',*,*,#7412,.F.);
#4940=ORIENTED_EDGE('',*,*,#7415,.F.);
#4941=ORIENTED_EDGE('',*,*,#7717,.F.);
#4942=ORIENTED_EDGE('',*,*,#7374,.F.);
#4943=ORIENTED_EDGE('',*,*,#7378,.T.);
#4944=ORIENTED_EDGE('',*,*,#7381,.F.);
#4945=ORIENTED_EDGE('',*,*,#7384,.T.);
#4946=ORIENTED_EDGE('',*,*,#7387,.F.);
#4947=ORIENTED_EDGE('',*,*,#7390,.F.);
#4948=ORIENTED_EDGE('',*,*,#7393,.F.);
#4949=ORIENTED_EDGE('',*,*,#7715,.F.);
#4950=ORIENTED_EDGE('',*,*,#7352,.F.);
#4951=ORIENTED_EDGE('',*,*,#7356,.T.);
#4952=ORIENTED_EDGE('',*,*,#7359,.F.);
#4953=ORIENTED_EDGE('',*,*,#7362,.T.);
#4954=ORIENTED_EDGE('',*,*,#7365,.F.);
#4955=ORIENTED_EDGE('',*,*,#7368,.F.);
#4956=ORIENTED_EDGE('',*,*,#7371,.F.);
#4957=ORIENTED_EDGE('',*,*,#7713,.F.);
#4958=ORIENTED_EDGE('',*,*,#7330,.F.);
#4959=ORIENTED_EDGE('',*,*,#7334,.T.);
#4960=ORIENTED_EDGE('',*,*,#7337,.F.);
#4961=ORIENTED_EDGE('',*,*,#7340,.T.);
#4962=ORIENTED_EDGE('',*,*,#7343,.F.);
#4963=ORIENTED_EDGE('',*,*,#7346,.F.);
#4964=ORIENTED_EDGE('',*,*,#7349,.F.);
#4965=ORIENTED_EDGE('',*,*,#7711,.F.);
#4966=ORIENTED_EDGE('',*,*,#7308,.F.);
#4967=ORIENTED_EDGE('',*,*,#7312,.T.);
#4968=ORIENTED_EDGE('',*,*,#7315,.F.);
#4969=ORIENTED_EDGE('',*,*,#7318,.T.);
#4970=ORIENTED_EDGE('',*,*,#7321,.F.);
#4971=ORIENTED_EDGE('',*,*,#7324,.F.);
#4972=ORIENTED_EDGE('',*,*,#7327,.F.);
#4973=ORIENTED_EDGE('',*,*,#7709,.F.);
#4974=ORIENTED_EDGE('',*,*,#7286,.F.);
#4975=ORIENTED_EDGE('',*,*,#7290,.T.);
#4976=ORIENTED_EDGE('',*,*,#7293,.F.);
#4977=ORIENTED_EDGE('',*,*,#7296,.T.);
#4978=ORIENTED_EDGE('',*,*,#7299,.F.);
#4979=ORIENTED_EDGE('',*,*,#7302,.F.);
#4980=ORIENTED_EDGE('',*,*,#7305,.F.);
#4981=ORIENTED_EDGE('',*,*,#7707,.F.);
#4982=ORIENTED_EDGE('',*,*,#7264,.F.);
#4983=ORIENTED_EDGE('',*,*,#7268,.T.);
#4984=ORIENTED_EDGE('',*,*,#7271,.F.);
#4985=ORIENTED_EDGE('',*,*,#7274,.T.);
#4986=ORIENTED_EDGE('',*,*,#7277,.F.);
#4987=ORIENTED_EDGE('',*,*,#7280,.F.);
#4988=ORIENTED_EDGE('',*,*,#7283,.F.);
#4989=ORIENTED_EDGE('',*,*,#7705,.F.);
#4990=ORIENTED_EDGE('',*,*,#7242,.F.);
#4991=ORIENTED_EDGE('',*,*,#7246,.T.);
#4992=ORIENTED_EDGE('',*,*,#7249,.F.);
#4993=ORIENTED_EDGE('',*,*,#7252,.T.);
#4994=ORIENTED_EDGE('',*,*,#7255,.F.);
#4995=ORIENTED_EDGE('',*,*,#7258,.F.);
#4996=ORIENTED_EDGE('',*,*,#7261,.F.);
#4997=ORIENTED_EDGE('',*,*,#7703,.F.);
#4998=ORIENTED_EDGE('',*,*,#7220,.F.);
#4999=ORIENTED_EDGE('',*,*,#7224,.T.);
#5000=ORIENTED_EDGE('',*,*,#7227,.F.);
#5001=ORIENTED_EDGE('',*,*,#7230,.T.);
#5002=ORIENTED_EDGE('',*,*,#7233,.F.);
#5003=ORIENTED_EDGE('',*,*,#7236,.F.);
#5004=ORIENTED_EDGE('',*,*,#7239,.F.);
#5005=ORIENTED_EDGE('',*,*,#7701,.F.);
#5006=ORIENTED_EDGE('',*,*,#7198,.F.);
#5007=ORIENTED_EDGE('',*,*,#7202,.T.);
#5008=ORIENTED_EDGE('',*,*,#7205,.F.);
#5009=ORIENTED_EDGE('',*,*,#7208,.T.);
#5010=ORIENTED_EDGE('',*,*,#7211,.F.);
#5011=ORIENTED_EDGE('',*,*,#7214,.F.);
#5012=ORIENTED_EDGE('',*,*,#7217,.F.);
#5013=ORIENTED_EDGE('',*,*,#7699,.F.);
#5014=ORIENTED_EDGE('',*,*,#7176,.F.);
#5015=ORIENTED_EDGE('',*,*,#7180,.T.);
#5016=ORIENTED_EDGE('',*,*,#7183,.F.);
#5017=ORIENTED_EDGE('',*,*,#7186,.T.);
#5018=ORIENTED_EDGE('',*,*,#7189,.F.);
#5019=ORIENTED_EDGE('',*,*,#7192,.F.);
#5020=ORIENTED_EDGE('',*,*,#7195,.F.);
#5021=ORIENTED_EDGE('',*,*,#7697,.F.);
#5022=ORIENTED_EDGE('',*,*,#7154,.F.);
#5023=ORIENTED_EDGE('',*,*,#7158,.T.);
#5024=ORIENTED_EDGE('',*,*,#7161,.F.);
#5025=ORIENTED_EDGE('',*,*,#7164,.T.);
#5026=ORIENTED_EDGE('',*,*,#7167,.F.);
#5027=ORIENTED_EDGE('',*,*,#7170,.F.);
#5028=ORIENTED_EDGE('',*,*,#7173,.F.);
#5029=ORIENTED_EDGE('',*,*,#7695,.F.);
#5030=ORIENTED_EDGE('',*,*,#7132,.F.);
#5031=ORIENTED_EDGE('',*,*,#7136,.T.);
#5032=ORIENTED_EDGE('',*,*,#7139,.F.);
#5033=ORIENTED_EDGE('',*,*,#7142,.T.);
#5034=ORIENTED_EDGE('',*,*,#7145,.F.);
#5035=ORIENTED_EDGE('',*,*,#7148,.F.);
#5036=ORIENTED_EDGE('',*,*,#7151,.F.);
#5037=ORIENTED_EDGE('',*,*,#7693,.F.);
#5038=ORIENTED_EDGE('',*,*,#7110,.F.);
#5039=ORIENTED_EDGE('',*,*,#7114,.T.);
#5040=ORIENTED_EDGE('',*,*,#7117,.F.);
#5041=ORIENTED_EDGE('',*,*,#7120,.T.);
#5042=ORIENTED_EDGE('',*,*,#7123,.F.);
#5043=ORIENTED_EDGE('',*,*,#7126,.F.);
#5044=ORIENTED_EDGE('',*,*,#7129,.F.);
#5045=ORIENTED_EDGE('',*,*,#7691,.F.);
#5046=ORIENTED_EDGE('',*,*,#7088,.F.);
#5047=ORIENTED_EDGE('',*,*,#7092,.T.);
#5048=ORIENTED_EDGE('',*,*,#7095,.F.);
#5049=ORIENTED_EDGE('',*,*,#7098,.T.);
#5050=ORIENTED_EDGE('',*,*,#7101,.F.);
#5051=ORIENTED_EDGE('',*,*,#7104,.F.);
#5052=ORIENTED_EDGE('',*,*,#7107,.F.);
#5053=ORIENTED_EDGE('',*,*,#7689,.F.);
#5054=ORIENTED_EDGE('',*,*,#7066,.F.);
#5055=ORIENTED_EDGE('',*,*,#7070,.T.);
#5056=ORIENTED_EDGE('',*,*,#7073,.F.);
#5057=ORIENTED_EDGE('',*,*,#7076,.T.);
#5058=ORIENTED_EDGE('',*,*,#7079,.F.);
#5059=ORIENTED_EDGE('',*,*,#7082,.F.);
#5060=ORIENTED_EDGE('',*,*,#7085,.F.);
#5061=ORIENTED_EDGE('',*,*,#7687,.F.);
#5062=ORIENTED_EDGE('',*,*,#7044,.F.);
#5063=ORIENTED_EDGE('',*,*,#7048,.T.);
#5064=ORIENTED_EDGE('',*,*,#7051,.F.);
#5065=ORIENTED_EDGE('',*,*,#7054,.T.);
#5066=ORIENTED_EDGE('',*,*,#7057,.F.);
#5067=ORIENTED_EDGE('',*,*,#7060,.F.);
#5068=ORIENTED_EDGE('',*,*,#7063,.F.);
#5069=ORIENTED_EDGE('',*,*,#7685,.F.);
#5070=ORIENTED_EDGE('',*,*,#7022,.F.);
#5071=ORIENTED_EDGE('',*,*,#7026,.T.);
#5072=ORIENTED_EDGE('',*,*,#7029,.F.);
#5073=ORIENTED_EDGE('',*,*,#7032,.T.);
#5074=ORIENTED_EDGE('',*,*,#7035,.F.);
#5075=ORIENTED_EDGE('',*,*,#7038,.F.);
#5076=ORIENTED_EDGE('',*,*,#7041,.F.);
#5077=ORIENTED_EDGE('',*,*,#7683,.F.);
#5078=ORIENTED_EDGE('',*,*,#7000,.F.);
#5079=ORIENTED_EDGE('',*,*,#7004,.T.);
#5080=ORIENTED_EDGE('',*,*,#7007,.F.);
#5081=ORIENTED_EDGE('',*,*,#7010,.T.);
#5082=ORIENTED_EDGE('',*,*,#7013,.F.);
#5083=ORIENTED_EDGE('',*,*,#7016,.F.);
#5084=ORIENTED_EDGE('',*,*,#7019,.F.);
#5085=ORIENTED_EDGE('',*,*,#7681,.F.);
#5086=ORIENTED_EDGE('',*,*,#6978,.F.);
#5087=ORIENTED_EDGE('',*,*,#6982,.T.);
#5088=ORIENTED_EDGE('',*,*,#6985,.F.);
#5089=ORIENTED_EDGE('',*,*,#6988,.T.);
#5090=ORIENTED_EDGE('',*,*,#6991,.F.);
#5091=ORIENTED_EDGE('',*,*,#6994,.F.);
#5092=ORIENTED_EDGE('',*,*,#6997,.F.);
#5093=ORIENTED_EDGE('',*,*,#7679,.F.);
#5094=ORIENTED_EDGE('',*,*,#6956,.F.);
#5095=ORIENTED_EDGE('',*,*,#6960,.T.);
#5096=ORIENTED_EDGE('',*,*,#6963,.F.);
#5097=ORIENTED_EDGE('',*,*,#6966,.T.);
#5098=ORIENTED_EDGE('',*,*,#6969,.F.);
#5099=ORIENTED_EDGE('',*,*,#6972,.F.);
#5100=ORIENTED_EDGE('',*,*,#6975,.F.);
#5101=ORIENTED_EDGE('',*,*,#7677,.F.);
#5102=ORIENTED_EDGE('',*,*,#6934,.F.);
#5103=ORIENTED_EDGE('',*,*,#6938,.T.);
#5104=ORIENTED_EDGE('',*,*,#6941,.F.);
#5105=ORIENTED_EDGE('',*,*,#6944,.T.);
#5106=ORIENTED_EDGE('',*,*,#6947,.F.);
#5107=ORIENTED_EDGE('',*,*,#6950,.F.);
#5108=ORIENTED_EDGE('',*,*,#6953,.F.);
#5109=ORIENTED_EDGE('',*,*,#7675,.F.);
#5110=ORIENTED_EDGE('',*,*,#6912,.F.);
#5111=ORIENTED_EDGE('',*,*,#6916,.T.);
#5112=ORIENTED_EDGE('',*,*,#6919,.F.);
#5113=ORIENTED_EDGE('',*,*,#6922,.T.);
#5114=ORIENTED_EDGE('',*,*,#6925,.F.);
#5115=ORIENTED_EDGE('',*,*,#6928,.F.);
#5116=ORIENTED_EDGE('',*,*,#6931,.F.);
#5117=ORIENTED_EDGE('',*,*,#7673,.F.);
#5118=ORIENTED_EDGE('',*,*,#6890,.F.);
#5119=ORIENTED_EDGE('',*,*,#6894,.T.);
#5120=ORIENTED_EDGE('',*,*,#6897,.F.);
#5121=ORIENTED_EDGE('',*,*,#6900,.T.);
#5122=ORIENTED_EDGE('',*,*,#6903,.F.);
#5123=ORIENTED_EDGE('',*,*,#6906,.F.);
#5124=ORIENTED_EDGE('',*,*,#6909,.F.);
#5125=ORIENTED_EDGE('',*,*,#7671,.F.);
#5126=ORIENTED_EDGE('',*,*,#6868,.F.);
#5127=ORIENTED_EDGE('',*,*,#6872,.T.);
#5128=ORIENTED_EDGE('',*,*,#6875,.F.);
#5129=ORIENTED_EDGE('',*,*,#6878,.T.);
#5130=ORIENTED_EDGE('',*,*,#6881,.F.);
#5131=ORIENTED_EDGE('',*,*,#6884,.F.);
#5132=ORIENTED_EDGE('',*,*,#6887,.F.);
#5133=ORIENTED_EDGE('',*,*,#7669,.F.);
#5134=ORIENTED_EDGE('',*,*,#6846,.F.);
#5135=ORIENTED_EDGE('',*,*,#6850,.T.);
#5136=ORIENTED_EDGE('',*,*,#6853,.F.);
#5137=ORIENTED_EDGE('',*,*,#6856,.T.);
#5138=ORIENTED_EDGE('',*,*,#6859,.F.);
#5139=ORIENTED_EDGE('',*,*,#6862,.F.);
#5140=ORIENTED_EDGE('',*,*,#6865,.F.);
#5141=ORIENTED_EDGE('',*,*,#7667,.F.);
#5142=ORIENTED_EDGE('',*,*,#6824,.F.);
#5143=ORIENTED_EDGE('',*,*,#6828,.T.);
#5144=ORIENTED_EDGE('',*,*,#6831,.F.);
#5145=ORIENTED_EDGE('',*,*,#6834,.T.);
#5146=ORIENTED_EDGE('',*,*,#6837,.F.);
#5147=ORIENTED_EDGE('',*,*,#6840,.F.);
#5148=ORIENTED_EDGE('',*,*,#6843,.F.);
#5149=ORIENTED_EDGE('',*,*,#7665,.F.);
#5150=ORIENTED_EDGE('',*,*,#6802,.F.);
#5151=ORIENTED_EDGE('',*,*,#6806,.T.);
#5152=ORIENTED_EDGE('',*,*,#6809,.F.);
#5153=ORIENTED_EDGE('',*,*,#6812,.T.);
#5154=ORIENTED_EDGE('',*,*,#6815,.F.);
#5155=ORIENTED_EDGE('',*,*,#6818,.F.);
#5156=ORIENTED_EDGE('',*,*,#6821,.F.);
#5157=ORIENTED_EDGE('',*,*,#7663,.F.);
#5158=ORIENTED_EDGE('',*,*,#6780,.F.);
#5159=ORIENTED_EDGE('',*,*,#6784,.T.);
#5160=ORIENTED_EDGE('',*,*,#6787,.F.);
#5161=ORIENTED_EDGE('',*,*,#6790,.T.);
#5162=ORIENTED_EDGE('',*,*,#6793,.F.);
#5163=ORIENTED_EDGE('',*,*,#6796,.F.);
#5164=ORIENTED_EDGE('',*,*,#6799,.F.);
#5165=ORIENTED_EDGE('',*,*,#7661,.F.);
#5166=ORIENTED_EDGE('',*,*,#6758,.F.);
#5167=ORIENTED_EDGE('',*,*,#6762,.T.);
#5168=ORIENTED_EDGE('',*,*,#6765,.F.);
#5169=ORIENTED_EDGE('',*,*,#6768,.T.);
#5170=ORIENTED_EDGE('',*,*,#6771,.F.);
#5171=ORIENTED_EDGE('',*,*,#6774,.F.);
#5172=ORIENTED_EDGE('',*,*,#6777,.F.);
#5173=ORIENTED_EDGE('',*,*,#7659,.F.);
#5174=ORIENTED_EDGE('',*,*,#6736,.F.);
#5175=ORIENTED_EDGE('',*,*,#6740,.T.);
#5176=ORIENTED_EDGE('',*,*,#6743,.F.);
#5177=ORIENTED_EDGE('',*,*,#6746,.T.);
#5178=ORIENTED_EDGE('',*,*,#6749,.F.);
#5179=ORIENTED_EDGE('',*,*,#6752,.F.);
#5180=ORIENTED_EDGE('',*,*,#6755,.F.);
#5181=ORIENTED_EDGE('',*,*,#7657,.F.);
#5182=ORIENTED_EDGE('',*,*,#6714,.F.);
#5183=ORIENTED_EDGE('',*,*,#6718,.T.);
#5184=ORIENTED_EDGE('',*,*,#6721,.F.);
#5185=ORIENTED_EDGE('',*,*,#6724,.T.);
#5186=ORIENTED_EDGE('',*,*,#6727,.F.);
#5187=ORIENTED_EDGE('',*,*,#6730,.F.);
#5188=ORIENTED_EDGE('',*,*,#6733,.F.);
#5189=ORIENTED_EDGE('',*,*,#7655,.F.);
#5190=ORIENTED_EDGE('',*,*,#6692,.F.);
#5191=ORIENTED_EDGE('',*,*,#6696,.T.);
#5192=ORIENTED_EDGE('',*,*,#6699,.F.);
#5193=ORIENTED_EDGE('',*,*,#6702,.T.);
#5194=ORIENTED_EDGE('',*,*,#6705,.F.);
#5195=ORIENTED_EDGE('',*,*,#6708,.F.);
#5196=ORIENTED_EDGE('',*,*,#6711,.F.);
#5197=ORIENTED_EDGE('',*,*,#7653,.F.);
#5198=ORIENTED_EDGE('',*,*,#6670,.F.);
#5199=ORIENTED_EDGE('',*,*,#6674,.T.);
#5200=ORIENTED_EDGE('',*,*,#6677,.F.);
#5201=ORIENTED_EDGE('',*,*,#6680,.T.);
#5202=ORIENTED_EDGE('',*,*,#6683,.F.);
#5203=ORIENTED_EDGE('',*,*,#6686,.F.);
#5204=ORIENTED_EDGE('',*,*,#6689,.F.);
#5205=ORIENTED_EDGE('',*,*,#7651,.F.);
#5206=ORIENTED_EDGE('',*,*,#6648,.F.);
#5207=ORIENTED_EDGE('',*,*,#6652,.T.);
#5208=ORIENTED_EDGE('',*,*,#6655,.F.);
#5209=ORIENTED_EDGE('',*,*,#6658,.T.);
#5210=ORIENTED_EDGE('',*,*,#6661,.F.);
#5211=ORIENTED_EDGE('',*,*,#6664,.F.);
#5212=ORIENTED_EDGE('',*,*,#6667,.F.);
#5213=ORIENTED_EDGE('',*,*,#7649,.F.);
#5214=ORIENTED_EDGE('',*,*,#6626,.F.);
#5215=ORIENTED_EDGE('',*,*,#6630,.T.);
#5216=ORIENTED_EDGE('',*,*,#6633,.F.);
#5217=ORIENTED_EDGE('',*,*,#6636,.T.);
#5218=ORIENTED_EDGE('',*,*,#6639,.F.);
#5219=ORIENTED_EDGE('',*,*,#6642,.F.);
#5220=ORIENTED_EDGE('',*,*,#6645,.F.);
#5221=ORIENTED_EDGE('',*,*,#7647,.F.);
#5222=ORIENTED_EDGE('',*,*,#6604,.F.);
#5223=ORIENTED_EDGE('',*,*,#6608,.T.);
#5224=ORIENTED_EDGE('',*,*,#6611,.F.);
#5225=ORIENTED_EDGE('',*,*,#6614,.T.);
#5226=ORIENTED_EDGE('',*,*,#6617,.F.);
#5227=ORIENTED_EDGE('',*,*,#6620,.F.);
#5228=ORIENTED_EDGE('',*,*,#6623,.F.);
#5229=ORIENTED_EDGE('',*,*,#7645,.F.);
#5230=ORIENTED_EDGE('',*,*,#6582,.F.);
#5231=ORIENTED_EDGE('',*,*,#6586,.T.);
#5232=ORIENTED_EDGE('',*,*,#6589,.F.);
#5233=ORIENTED_EDGE('',*,*,#6592,.T.);
#5234=ORIENTED_EDGE('',*,*,#6595,.F.);
#5235=ORIENTED_EDGE('',*,*,#6598,.F.);
#5236=ORIENTED_EDGE('',*,*,#6601,.F.);
#5237=ORIENTED_EDGE('',*,*,#7643,.F.);
#5238=ORIENTED_EDGE('',*,*,#6560,.F.);
#5239=ORIENTED_EDGE('',*,*,#6564,.T.);
#5240=ORIENTED_EDGE('',*,*,#6567,.F.);
#5241=ORIENTED_EDGE('',*,*,#6570,.T.);
#5242=ORIENTED_EDGE('',*,*,#6573,.F.);
#5243=ORIENTED_EDGE('',*,*,#6576,.F.);
#5244=ORIENTED_EDGE('',*,*,#6579,.F.);
#5245=ORIENTED_EDGE('',*,*,#7641,.F.);
#5246=ORIENTED_EDGE('',*,*,#6538,.F.);
#5247=ORIENTED_EDGE('',*,*,#6542,.T.);
#5248=ORIENTED_EDGE('',*,*,#6545,.F.);
#5249=ORIENTED_EDGE('',*,*,#6548,.T.);
#5250=ORIENTED_EDGE('',*,*,#6551,.F.);
#5251=ORIENTED_EDGE('',*,*,#6554,.F.);
#5252=ORIENTED_EDGE('',*,*,#6557,.F.);
#5253=ORIENTED_EDGE('',*,*,#7639,.F.);
#5254=ORIENTED_EDGE('',*,*,#6516,.F.);
#5255=ORIENTED_EDGE('',*,*,#6520,.T.);
#5256=ORIENTED_EDGE('',*,*,#6523,.F.);
#5257=ORIENTED_EDGE('',*,*,#6526,.T.);
#5258=ORIENTED_EDGE('',*,*,#6529,.F.);
#5259=ORIENTED_EDGE('',*,*,#6532,.F.);
#5260=ORIENTED_EDGE('',*,*,#6535,.F.);
#5261=ORIENTED_EDGE('',*,*,#7637,.F.);
#5262=ORIENTED_EDGE('',*,*,#6494,.F.);
#5263=ORIENTED_EDGE('',*,*,#6498,.T.);
#5264=ORIENTED_EDGE('',*,*,#6501,.F.);
#5265=ORIENTED_EDGE('',*,*,#6504,.T.);
#5266=ORIENTED_EDGE('',*,*,#6507,.F.);
#5267=ORIENTED_EDGE('',*,*,#6510,.F.);
#5268=ORIENTED_EDGE('',*,*,#6513,.F.);
#5269=ORIENTED_EDGE('',*,*,#7635,.F.);
#5270=ORIENTED_EDGE('',*,*,#6472,.F.);
#5271=ORIENTED_EDGE('',*,*,#6476,.T.);
#5272=ORIENTED_EDGE('',*,*,#6479,.F.);
#5273=ORIENTED_EDGE('',*,*,#6482,.T.);
#5274=ORIENTED_EDGE('',*,*,#6485,.F.);
#5275=ORIENTED_EDGE('',*,*,#6488,.F.);
#5276=ORIENTED_EDGE('',*,*,#6491,.F.);
#5277=ORIENTED_EDGE('',*,*,#7633,.F.);
#5278=ORIENTED_EDGE('',*,*,#6450,.F.);
#5279=ORIENTED_EDGE('',*,*,#6454,.T.);
#5280=ORIENTED_EDGE('',*,*,#6457,.F.);
#5281=ORIENTED_EDGE('',*,*,#6460,.T.);
#5282=ORIENTED_EDGE('',*,*,#6463,.F.);
#5283=ORIENTED_EDGE('',*,*,#6466,.F.);
#5284=ORIENTED_EDGE('',*,*,#6469,.F.);
#5285=ORIENTED_EDGE('',*,*,#7631,.F.);
#5286=ORIENTED_EDGE('',*,*,#6428,.F.);
#5287=ORIENTED_EDGE('',*,*,#6432,.T.);
#5288=ORIENTED_EDGE('',*,*,#6435,.F.);
#5289=ORIENTED_EDGE('',*,*,#6438,.T.);
#5290=ORIENTED_EDGE('',*,*,#6441,.F.);
#5291=ORIENTED_EDGE('',*,*,#6444,.F.);
#5292=ORIENTED_EDGE('',*,*,#6447,.F.);
#5293=ORIENTED_EDGE('',*,*,#7629,.F.);
#5294=ORIENTED_EDGE('',*,*,#6406,.F.);
#5295=ORIENTED_EDGE('',*,*,#6410,.T.);
#5296=ORIENTED_EDGE('',*,*,#6413,.F.);
#5297=ORIENTED_EDGE('',*,*,#6416,.T.);
#5298=ORIENTED_EDGE('',*,*,#6419,.F.);
#5299=ORIENTED_EDGE('',*,*,#6422,.F.);
#5300=ORIENTED_EDGE('',*,*,#6425,.F.);
#5301=ORIENTED_EDGE('',*,*,#7627,.F.);
#5302=ORIENTED_EDGE('',*,*,#6384,.F.);
#5303=ORIENTED_EDGE('',*,*,#6388,.T.);
#5304=ORIENTED_EDGE('',*,*,#6391,.F.);
#5305=ORIENTED_EDGE('',*,*,#6394,.T.);
#5306=ORIENTED_EDGE('',*,*,#6397,.F.);
#5307=ORIENTED_EDGE('',*,*,#6400,.F.);
#5308=ORIENTED_EDGE('',*,*,#6403,.F.);
#5309=ORIENTED_EDGE('',*,*,#7625,.F.);
#5310=ORIENTED_EDGE('',*,*,#6362,.F.);
#5311=ORIENTED_EDGE('',*,*,#6366,.T.);
#5312=ORIENTED_EDGE('',*,*,#6369,.F.);
#5313=ORIENTED_EDGE('',*,*,#6372,.T.);
#5314=ORIENTED_EDGE('',*,*,#6375,.F.);
#5315=ORIENTED_EDGE('',*,*,#6378,.F.);
#5316=ORIENTED_EDGE('',*,*,#6381,.F.);
#5317=ORIENTED_EDGE('',*,*,#7623,.F.);
#5318=ORIENTED_EDGE('',*,*,#6340,.F.);
#5319=ORIENTED_EDGE('',*,*,#6344,.T.);
#5320=ORIENTED_EDGE('',*,*,#6347,.F.);
#5321=ORIENTED_EDGE('',*,*,#6350,.T.);
#5322=ORIENTED_EDGE('',*,*,#6353,.F.);
#5323=ORIENTED_EDGE('',*,*,#6356,.F.);
#5324=ORIENTED_EDGE('',*,*,#6359,.F.);
#5325=ORIENTED_EDGE('',*,*,#7621,.F.);
#5326=ORIENTED_EDGE('',*,*,#6318,.F.);
#5327=ORIENTED_EDGE('',*,*,#6322,.T.);
#5328=ORIENTED_EDGE('',*,*,#6325,.F.);
#5329=ORIENTED_EDGE('',*,*,#6328,.T.);
#5330=ORIENTED_EDGE('',*,*,#6331,.F.);
#5331=ORIENTED_EDGE('',*,*,#6334,.F.);
#5332=ORIENTED_EDGE('',*,*,#6337,.F.);
#5333=ORIENTED_EDGE('',*,*,#7619,.F.);
#5334=ORIENTED_EDGE('',*,*,#6296,.F.);
#5335=ORIENTED_EDGE('',*,*,#6300,.T.);
#5336=ORIENTED_EDGE('',*,*,#6303,.F.);
#5337=ORIENTED_EDGE('',*,*,#6306,.T.);
#5338=ORIENTED_EDGE('',*,*,#6309,.F.);
#5339=ORIENTED_EDGE('',*,*,#6312,.F.);
#5340=ORIENTED_EDGE('',*,*,#6315,.F.);
#5341=ORIENTED_EDGE('',*,*,#7617,.F.);
#5342=ORIENTED_EDGE('',*,*,#6274,.F.);
#5343=ORIENTED_EDGE('',*,*,#6278,.T.);
#5344=ORIENTED_EDGE('',*,*,#6281,.F.);
#5345=ORIENTED_EDGE('',*,*,#6284,.T.);
#5346=ORIENTED_EDGE('',*,*,#6287,.F.);
#5347=ORIENTED_EDGE('',*,*,#6290,.F.);
#5348=ORIENTED_EDGE('',*,*,#6293,.F.);
#5349=ORIENTED_EDGE('',*,*,#7615,.F.);
#5350=ORIENTED_EDGE('',*,*,#6252,.F.);
#5351=ORIENTED_EDGE('',*,*,#6256,.T.);
#5352=ORIENTED_EDGE('',*,*,#6259,.F.);
#5353=ORIENTED_EDGE('',*,*,#6262,.T.);
#5354=ORIENTED_EDGE('',*,*,#6265,.F.);
#5355=ORIENTED_EDGE('',*,*,#6268,.F.);
#5356=ORIENTED_EDGE('',*,*,#6271,.F.);
#5357=ORIENTED_EDGE('',*,*,#7613,.F.);
#5358=ORIENTED_EDGE('',*,*,#6230,.F.);
#5359=ORIENTED_EDGE('',*,*,#6234,.T.);
#5360=ORIENTED_EDGE('',*,*,#6237,.F.);
#5361=ORIENTED_EDGE('',*,*,#6240,.T.);
#5362=ORIENTED_EDGE('',*,*,#6243,.F.);
#5363=ORIENTED_EDGE('',*,*,#6246,.F.);
#5364=ORIENTED_EDGE('',*,*,#6249,.F.);
#5365=ORIENTED_EDGE('',*,*,#7611,.F.);
#5366=ORIENTED_EDGE('',*,*,#6208,.F.);
#5367=ORIENTED_EDGE('',*,*,#6212,.T.);
#5368=ORIENTED_EDGE('',*,*,#6215,.F.);
#5369=ORIENTED_EDGE('',*,*,#6218,.T.);
#5370=ORIENTED_EDGE('',*,*,#6221,.F.);
#5371=ORIENTED_EDGE('',*,*,#6224,.F.);
#5372=ORIENTED_EDGE('',*,*,#6227,.F.);
#5373=ORIENTED_EDGE('',*,*,#7609,.F.);
#5374=ORIENTED_EDGE('',*,*,#6186,.F.);
#5375=ORIENTED_EDGE('',*,*,#6190,.T.);
#5376=ORIENTED_EDGE('',*,*,#6193,.F.);
#5377=ORIENTED_EDGE('',*,*,#6196,.T.);
#5378=ORIENTED_EDGE('',*,*,#6199,.F.);
#5379=ORIENTED_EDGE('',*,*,#6202,.F.);
#5380=ORIENTED_EDGE('',*,*,#6205,.F.);
#5381=ORIENTED_EDGE('',*,*,#7607,.F.);
#5382=ORIENTED_EDGE('',*,*,#6164,.F.);
#5383=ORIENTED_EDGE('',*,*,#6168,.T.);
#5384=ORIENTED_EDGE('',*,*,#6171,.F.);
#5385=ORIENTED_EDGE('',*,*,#6174,.T.);
#5386=ORIENTED_EDGE('',*,*,#6177,.F.);
#5387=ORIENTED_EDGE('',*,*,#6180,.F.);
#5388=ORIENTED_EDGE('',*,*,#6183,.F.);
#5389=ORIENTED_EDGE('',*,*,#7605,.F.);
#5390=ORIENTED_EDGE('',*,*,#6142,.F.);
#5391=ORIENTED_EDGE('',*,*,#6146,.T.);
#5392=ORIENTED_EDGE('',*,*,#6149,.F.);
#5393=ORIENTED_EDGE('',*,*,#6152,.T.);
#5394=ORIENTED_EDGE('',*,*,#6155,.F.);
#5395=ORIENTED_EDGE('',*,*,#6158,.F.);
#5396=ORIENTED_EDGE('',*,*,#6161,.F.);
#5397=ORIENTED_EDGE('',*,*,#7603,.F.);
#5398=ORIENTED_EDGE('',*,*,#6120,.F.);
#5399=ORIENTED_EDGE('',*,*,#6124,.T.);
#5400=ORIENTED_EDGE('',*,*,#6127,.F.);
#5401=ORIENTED_EDGE('',*,*,#6130,.T.);
#5402=ORIENTED_EDGE('',*,*,#6133,.F.);
#5403=ORIENTED_EDGE('',*,*,#6136,.F.);
#5404=ORIENTED_EDGE('',*,*,#6139,.F.);
#5405=ORIENTED_EDGE('',*,*,#7601,.F.);
#5406=ORIENTED_EDGE('',*,*,#6098,.F.);
#5407=ORIENTED_EDGE('',*,*,#6102,.T.);
#5408=ORIENTED_EDGE('',*,*,#6105,.F.);
#5409=ORIENTED_EDGE('',*,*,#6108,.T.);
#5410=ORIENTED_EDGE('',*,*,#6111,.F.);
#5411=ORIENTED_EDGE('',*,*,#6114,.F.);
#5412=ORIENTED_EDGE('',*,*,#6117,.F.);
#5413=ORIENTED_EDGE('',*,*,#7599,.F.);
#5414=ORIENTED_EDGE('',*,*,#6076,.F.);
#5415=ORIENTED_EDGE('',*,*,#6080,.T.);
#5416=ORIENTED_EDGE('',*,*,#6083,.F.);
#5417=ORIENTED_EDGE('',*,*,#6086,.T.);
#5418=ORIENTED_EDGE('',*,*,#6089,.F.);
#5419=ORIENTED_EDGE('',*,*,#6092,.F.);
#5420=ORIENTED_EDGE('',*,*,#6095,.F.);
#5421=ORIENTED_EDGE('',*,*,#7597,.F.);
#5422=ORIENTED_EDGE('',*,*,#6054,.F.);
#5423=ORIENTED_EDGE('',*,*,#6058,.T.);
#5424=ORIENTED_EDGE('',*,*,#6061,.F.);
#5425=ORIENTED_EDGE('',*,*,#6064,.T.);
#5426=ORIENTED_EDGE('',*,*,#6067,.F.);
#5427=ORIENTED_EDGE('',*,*,#6070,.F.);
#5428=ORIENTED_EDGE('',*,*,#6073,.F.);
#5429=ORIENTED_EDGE('',*,*,#7595,.F.);
#5430=ORIENTED_EDGE('',*,*,#6032,.F.);
#5431=ORIENTED_EDGE('',*,*,#6036,.T.);
#5432=ORIENTED_EDGE('',*,*,#6039,.F.);
#5433=ORIENTED_EDGE('',*,*,#6042,.T.);
#5434=ORIENTED_EDGE('',*,*,#6045,.F.);
#5435=ORIENTED_EDGE('',*,*,#6048,.F.);
#5436=ORIENTED_EDGE('',*,*,#6051,.F.);
#5437=ORIENTED_EDGE('',*,*,#7593,.F.);
#5438=ORIENTED_EDGE('',*,*,#7734,.F.);
#5439=ORIENTED_EDGE('',*,*,#7735,.F.);
#5440=ORIENTED_EDGE('',*,*,#7736,.T.);
#5441=ORIENTED_EDGE('',*,*,#7737,.T.);
#5442=ORIENTED_EDGE('',*,*,#7570,.T.);
#5443=ORIENTED_EDGE('',*,*,#7732,.T.);
#5444=ORIENTED_EDGE('',*,*,#7589,.T.);
#5445=ORIENTED_EDGE('',*,*,#7586,.T.);
#5446=ORIENTED_EDGE('',*,*,#7583,.T.);
#5447=ORIENTED_EDGE('',*,*,#7580,.F.);
#5448=ORIENTED_EDGE('',*,*,#7577,.T.);
#5449=ORIENTED_EDGE('',*,*,#7574,.F.);
#5450=ORIENTED_EDGE('',*,*,#7548,.T.);
#5451=ORIENTED_EDGE('',*,*,#7730,.T.);
#5452=ORIENTED_EDGE('',*,*,#7567,.T.);
#5453=ORIENTED_EDGE('',*,*,#7564,.T.);
#5454=ORIENTED_EDGE('',*,*,#7561,.T.);
#5455=ORIENTED_EDGE('',*,*,#7558,.F.);
#5456=ORIENTED_EDGE('',*,*,#7555,.T.);
#5457=ORIENTED_EDGE('',*,*,#7552,.F.);
#5458=ORIENTED_EDGE('',*,*,#7526,.T.);
#5459=ORIENTED_EDGE('',*,*,#7728,.T.);
#5460=ORIENTED_EDGE('',*,*,#7545,.T.);
#5461=ORIENTED_EDGE('',*,*,#7542,.T.);
#5462=ORIENTED_EDGE('',*,*,#7539,.T.);
#5463=ORIENTED_EDGE('',*,*,#7536,.F.);
#5464=ORIENTED_EDGE('',*,*,#7533,.T.);
#5465=ORIENTED_EDGE('',*,*,#7530,.F.);
#5466=ORIENTED_EDGE('',*,*,#7504,.T.);
#5467=ORIENTED_EDGE('',*,*,#7726,.T.);
#5468=ORIENTED_EDGE('',*,*,#7523,.T.);
#5469=ORIENTED_EDGE('',*,*,#7520,.T.);
#5470=ORIENTED_EDGE('',*,*,#7517,.T.);
#5471=ORIENTED_EDGE('',*,*,#7514,.F.);
#5472=ORIENTED_EDGE('',*,*,#7511,.T.);
#5473=ORIENTED_EDGE('',*,*,#7508,.F.);
#5474=ORIENTED_EDGE('',*,*,#7482,.T.);
#5475=ORIENTED_EDGE('',*,*,#7724,.T.);
#5476=ORIENTED_EDGE('',*,*,#7501,.T.);
#5477=ORIENTED_EDGE('',*,*,#7498,.T.);
#5478=ORIENTED_EDGE('',*,*,#7495,.T.);
#5479=ORIENTED_EDGE('',*,*,#7492,.F.);
#5480=ORIENTED_EDGE('',*,*,#7489,.T.);
#5481=ORIENTED_EDGE('',*,*,#7486,.F.);
#5482=ORIENTED_EDGE('',*,*,#7460,.T.);
#5483=ORIENTED_EDGE('',*,*,#7722,.T.);
#5484=ORIENTED_EDGE('',*,*,#7479,.T.);
#5485=ORIENTED_EDGE('',*,*,#7476,.T.);
#5486=ORIENTED_EDGE('',*,*,#7473,.T.);
#5487=ORIENTED_EDGE('',*,*,#7470,.F.);
#5488=ORIENTED_EDGE('',*,*,#7467,.T.);
#5489=ORIENTED_EDGE('',*,*,#7464,.F.);
#5490=ORIENTED_EDGE('',*,*,#7438,.T.);
#5491=ORIENTED_EDGE('',*,*,#7720,.T.);
#5492=ORIENTED_EDGE('',*,*,#7457,.T.);
#5493=ORIENTED_EDGE('',*,*,#7454,.T.);
#5494=ORIENTED_EDGE('',*,*,#7451,.T.);
#5495=ORIENTED_EDGE('',*,*,#7448,.F.);
#5496=ORIENTED_EDGE('',*,*,#7445,.T.);
#5497=ORIENTED_EDGE('',*,*,#7442,.F.);
#5498=ORIENTED_EDGE('',*,*,#7416,.T.);
#5499=ORIENTED_EDGE('',*,*,#7718,.T.);
#5500=ORIENTED_EDGE('',*,*,#7435,.T.);
#5501=ORIENTED_EDGE('',*,*,#7432,.T.);
#5502=ORIENTED_EDGE('',*,*,#7429,.T.);
#5503=ORIENTED_EDGE('',*,*,#7426,.F.);
#5504=ORIENTED_EDGE('',*,*,#7423,.T.);
#5505=ORIENTED_EDGE('',*,*,#7420,.F.);
#5506=ORIENTED_EDGE('',*,*,#7394,.T.);
#5507=ORIENTED_EDGE('',*,*,#7716,.T.);
#5508=ORIENTED_EDGE('',*,*,#7413,.T.);
#5509=ORIENTED_EDGE('',*,*,#7410,.T.);
#5510=ORIENTED_EDGE('',*,*,#7407,.T.);
#5511=ORIENTED_EDGE('',*,*,#7404,.F.);
#5512=ORIENTED_EDGE('',*,*,#7401,.T.);
#5513=ORIENTED_EDGE('',*,*,#7398,.F.);
#5514=ORIENTED_EDGE('',*,*,#7372,.T.);
#5515=ORIENTED_EDGE('',*,*,#7714,.T.);
#5516=ORIENTED_EDGE('',*,*,#7391,.T.);
#5517=ORIENTED_EDGE('',*,*,#7388,.T.);
#5518=ORIENTED_EDGE('',*,*,#7385,.T.);
#5519=ORIENTED_EDGE('',*,*,#7382,.F.);
#5520=ORIENTED_EDGE('',*,*,#7379,.T.);
#5521=ORIENTED_EDGE('',*,*,#7376,.F.);
#5522=ORIENTED_EDGE('',*,*,#7350,.T.);
#5523=ORIENTED_EDGE('',*,*,#7712,.T.);
#5524=ORIENTED_EDGE('',*,*,#7369,.T.);
#5525=ORIENTED_EDGE('',*,*,#7366,.T.);
#5526=ORIENTED_EDGE('',*,*,#7363,.T.);
#5527=ORIENTED_EDGE('',*,*,#7360,.F.);
#5528=ORIENTED_EDGE('',*,*,#7357,.T.);
#5529=ORIENTED_EDGE('',*,*,#7354,.F.);
#5530=ORIENTED_EDGE('',*,*,#7328,.T.);
#5531=ORIENTED_EDGE('',*,*,#7710,.T.);
#5532=ORIENTED_EDGE('',*,*,#7347,.T.);
#5533=ORIENTED_EDGE('',*,*,#7344,.T.);
#5534=ORIENTED_EDGE('',*,*,#7341,.T.);
#5535=ORIENTED_EDGE('',*,*,#7338,.F.);
#5536=ORIENTED_EDGE('',*,*,#7335,.T.);
#5537=ORIENTED_EDGE('',*,*,#7332,.F.);
#5538=ORIENTED_EDGE('',*,*,#7306,.T.);
#5539=ORIENTED_EDGE('',*,*,#7708,.T.);
#5540=ORIENTED_EDGE('',*,*,#7325,.T.);
#5541=ORIENTED_EDGE('',*,*,#7322,.T.);
#5542=ORIENTED_EDGE('',*,*,#7319,.T.);
#5543=ORIENTED_EDGE('',*,*,#7316,.F.);
#5544=ORIENTED_EDGE('',*,*,#7313,.T.);
#5545=ORIENTED_EDGE('',*,*,#7310,.F.);
#5546=ORIENTED_EDGE('',*,*,#7284,.T.);
#5547=ORIENTED_EDGE('',*,*,#7706,.T.);
#5548=ORIENTED_EDGE('',*,*,#7303,.T.);
#5549=ORIENTED_EDGE('',*,*,#7300,.T.);
#5550=ORIENTED_EDGE('',*,*,#7297,.T.);
#5551=ORIENTED_EDGE('',*,*,#7294,.F.);
#5552=ORIENTED_EDGE('',*,*,#7291,.T.);
#5553=ORIENTED_EDGE('',*,*,#7288,.F.);
#5554=ORIENTED_EDGE('',*,*,#7262,.T.);
#5555=ORIENTED_EDGE('',*,*,#7704,.T.);
#5556=ORIENTED_EDGE('',*,*,#7281,.T.);
#5557=ORIENTED_EDGE('',*,*,#7278,.T.);
#5558=ORIENTED_EDGE('',*,*,#7275,.T.);
#5559=ORIENTED_EDGE('',*,*,#7272,.F.);
#5560=ORIENTED_EDGE('',*,*,#7269,.T.);
#5561=ORIENTED_EDGE('',*,*,#7266,.F.);
#5562=ORIENTED_EDGE('',*,*,#7240,.T.);
#5563=ORIENTED_EDGE('',*,*,#7702,.T.);
#5564=ORIENTED_EDGE('',*,*,#7259,.T.);
#5565=ORIENTED_EDGE('',*,*,#7256,.T.);
#5566=ORIENTED_EDGE('',*,*,#7253,.T.);
#5567=ORIENTED_EDGE('',*,*,#7250,.F.);
#5568=ORIENTED_EDGE('',*,*,#7247,.T.);
#5569=ORIENTED_EDGE('',*,*,#7244,.F.);
#5570=ORIENTED_EDGE('',*,*,#7218,.T.);
#5571=ORIENTED_EDGE('',*,*,#7700,.T.);
#5572=ORIENTED_EDGE('',*,*,#7237,.T.);
#5573=ORIENTED_EDGE('',*,*,#7234,.T.);
#5574=ORIENTED_EDGE('',*,*,#7231,.T.);
#5575=ORIENTED_EDGE('',*,*,#7228,.F.);
#5576=ORIENTED_EDGE('',*,*,#7225,.T.);
#5577=ORIENTED_EDGE('',*,*,#7222,.F.);
#5578=ORIENTED_EDGE('',*,*,#7196,.T.);
#5579=ORIENTED_EDGE('',*,*,#7698,.T.);
#5580=ORIENTED_EDGE('',*,*,#7215,.T.);
#5581=ORIENTED_EDGE('',*,*,#7212,.T.);
#5582=ORIENTED_EDGE('',*,*,#7209,.T.);
#5583=ORIENTED_EDGE('',*,*,#7206,.F.);
#5584=ORIENTED_EDGE('',*,*,#7203,.T.);
#5585=ORIENTED_EDGE('',*,*,#7200,.F.);
#5586=ORIENTED_EDGE('',*,*,#7174,.T.);
#5587=ORIENTED_EDGE('',*,*,#7696,.T.);
#5588=ORIENTED_EDGE('',*,*,#7193,.T.);
#5589=ORIENTED_EDGE('',*,*,#7190,.T.);
#5590=ORIENTED_EDGE('',*,*,#7187,.T.);
#5591=ORIENTED_EDGE('',*,*,#7184,.F.);
#5592=ORIENTED_EDGE('',*,*,#7181,.T.);
#5593=ORIENTED_EDGE('',*,*,#7178,.F.);
#5594=ORIENTED_EDGE('',*,*,#7152,.T.);
#5595=ORIENTED_EDGE('',*,*,#7694,.T.);
#5596=ORIENTED_EDGE('',*,*,#7171,.T.);
#5597=ORIENTED_EDGE('',*,*,#7168,.T.);
#5598=ORIENTED_EDGE('',*,*,#7165,.T.);
#5599=ORIENTED_EDGE('',*,*,#7162,.F.);
#5600=ORIENTED_EDGE('',*,*,#7159,.T.);
#5601=ORIENTED_EDGE('',*,*,#7156,.F.);
#5602=ORIENTED_EDGE('',*,*,#7130,.T.);
#5603=ORIENTED_EDGE('',*,*,#7692,.T.);
#5604=ORIENTED_EDGE('',*,*,#7149,.T.);
#5605=ORIENTED_EDGE('',*,*,#7146,.T.);
#5606=ORIENTED_EDGE('',*,*,#7143,.T.);
#5607=ORIENTED_EDGE('',*,*,#7140,.F.);
#5608=ORIENTED_EDGE('',*,*,#7137,.T.);
#5609=ORIENTED_EDGE('',*,*,#7134,.F.);
#5610=ORIENTED_EDGE('',*,*,#7108,.T.);
#5611=ORIENTED_EDGE('',*,*,#7690,.T.);
#5612=ORIENTED_EDGE('',*,*,#7127,.T.);
#5613=ORIENTED_EDGE('',*,*,#7124,.T.);
#5614=ORIENTED_EDGE('',*,*,#7121,.T.);
#5615=ORIENTED_EDGE('',*,*,#7118,.F.);
#5616=ORIENTED_EDGE('',*,*,#7115,.T.);
#5617=ORIENTED_EDGE('',*,*,#7112,.F.);
#5618=ORIENTED_EDGE('',*,*,#7086,.T.);
#5619=ORIENTED_EDGE('',*,*,#7688,.T.);
#5620=ORIENTED_EDGE('',*,*,#7105,.T.);
#5621=ORIENTED_EDGE('',*,*,#7102,.T.);
#5622=ORIENTED_EDGE('',*,*,#7099,.T.);
#5623=ORIENTED_EDGE('',*,*,#7096,.F.);
#5624=ORIENTED_EDGE('',*,*,#7093,.T.);
#5625=ORIENTED_EDGE('',*,*,#7090,.F.);
#5626=ORIENTED_EDGE('',*,*,#7064,.T.);
#5627=ORIENTED_EDGE('',*,*,#7686,.T.);
#5628=ORIENTED_EDGE('',*,*,#7083,.T.);
#5629=ORIENTED_EDGE('',*,*,#7080,.T.);
#5630=ORIENTED_EDGE('',*,*,#7077,.T.);
#5631=ORIENTED_EDGE('',*,*,#7074,.F.);
#5632=ORIENTED_EDGE('',*,*,#7071,.T.);
#5633=ORIENTED_EDGE('',*,*,#7068,.F.);
#5634=ORIENTED_EDGE('',*,*,#7042,.T.);
#5635=ORIENTED_EDGE('',*,*,#7684,.T.);
#5636=ORIENTED_EDGE('',*,*,#7061,.T.);
#5637=ORIENTED_EDGE('',*,*,#7058,.T.);
#5638=ORIENTED_EDGE('',*,*,#7055,.T.);
#5639=ORIENTED_EDGE('',*,*,#7052,.F.);
#5640=ORIENTED_EDGE('',*,*,#7049,.T.);
#5641=ORIENTED_EDGE('',*,*,#7046,.F.);
#5642=ORIENTED_EDGE('',*,*,#7020,.T.);
#5643=ORIENTED_EDGE('',*,*,#7682,.T.);
#5644=ORIENTED_EDGE('',*,*,#7039,.T.);
#5645=ORIENTED_EDGE('',*,*,#7036,.T.);
#5646=ORIENTED_EDGE('',*,*,#7033,.T.);
#5647=ORIENTED_EDGE('',*,*,#7030,.F.);
#5648=ORIENTED_EDGE('',*,*,#7027,.T.);
#5649=ORIENTED_EDGE('',*,*,#7024,.F.);
#5650=ORIENTED_EDGE('',*,*,#6998,.T.);
#5651=ORIENTED_EDGE('',*,*,#7680,.T.);
#5652=ORIENTED_EDGE('',*,*,#7017,.T.);
#5653=ORIENTED_EDGE('',*,*,#7014,.T.);
#5654=ORIENTED_EDGE('',*,*,#7011,.T.);
#5655=ORIENTED_EDGE('',*,*,#7008,.F.);
#5656=ORIENTED_EDGE('',*,*,#7005,.T.);
#5657=ORIENTED_EDGE('',*,*,#7002,.F.);
#5658=ORIENTED_EDGE('',*,*,#6976,.T.);
#5659=ORIENTED_EDGE('',*,*,#7678,.T.);
#5660=ORIENTED_EDGE('',*,*,#6995,.T.);
#5661=ORIENTED_EDGE('',*,*,#6992,.T.);
#5662=ORIENTED_EDGE('',*,*,#6989,.T.);
#5663=ORIENTED_EDGE('',*,*,#6986,.F.);
#5664=ORIENTED_EDGE('',*,*,#6983,.T.);
#5665=ORIENTED_EDGE('',*,*,#6980,.F.);
#5666=ORIENTED_EDGE('',*,*,#6954,.T.);
#5667=ORIENTED_EDGE('',*,*,#7676,.T.);
#5668=ORIENTED_EDGE('',*,*,#6973,.T.);
#5669=ORIENTED_EDGE('',*,*,#6970,.T.);
#5670=ORIENTED_EDGE('',*,*,#6967,.T.);
#5671=ORIENTED_EDGE('',*,*,#6964,.F.);
#5672=ORIENTED_EDGE('',*,*,#6961,.T.);
#5673=ORIENTED_EDGE('',*,*,#6958,.F.);
#5674=ORIENTED_EDGE('',*,*,#6932,.T.);
#5675=ORIENTED_EDGE('',*,*,#7674,.T.);
#5676=ORIENTED_EDGE('',*,*,#6951,.T.);
#5677=ORIENTED_EDGE('',*,*,#6948,.T.);
#5678=ORIENTED_EDGE('',*,*,#6945,.T.);
#5679=ORIENTED_EDGE('',*,*,#6942,.F.);
#5680=ORIENTED_EDGE('',*,*,#6939,.T.);
#5681=ORIENTED_EDGE('',*,*,#6936,.F.);
#5682=ORIENTED_EDGE('',*,*,#6910,.T.);
#5683=ORIENTED_EDGE('',*,*,#7672,.T.);
#5684=ORIENTED_EDGE('',*,*,#6929,.T.);
#5685=ORIENTED_EDGE('',*,*,#6926,.T.);
#5686=ORIENTED_EDGE('',*,*,#6923,.T.);
#5687=ORIENTED_EDGE('',*,*,#6920,.F.);
#5688=ORIENTED_EDGE('',*,*,#6917,.T.);
#5689=ORIENTED_EDGE('',*,*,#6914,.F.);
#5690=ORIENTED_EDGE('',*,*,#6888,.T.);
#5691=ORIENTED_EDGE('',*,*,#7670,.T.);
#5692=ORIENTED_EDGE('',*,*,#6907,.T.);
#5693=ORIENTED_EDGE('',*,*,#6904,.T.);
#5694=ORIENTED_EDGE('',*,*,#6901,.T.);
#5695=ORIENTED_EDGE('',*,*,#6898,.F.);
#5696=ORIENTED_EDGE('',*,*,#6895,.T.);
#5697=ORIENTED_EDGE('',*,*,#6892,.F.);
#5698=ORIENTED_EDGE('',*,*,#6866,.T.);
#5699=ORIENTED_EDGE('',*,*,#7668,.T.);
#5700=ORIENTED_EDGE('',*,*,#6885,.T.);
#5701=ORIENTED_EDGE('',*,*,#6882,.T.);
#5702=ORIENTED_EDGE('',*,*,#6879,.T.);
#5703=ORIENTED_EDGE('',*,*,#6876,.F.);
#5704=ORIENTED_EDGE('',*,*,#6873,.T.);
#5705=ORIENTED_EDGE('',*,*,#6870,.F.);
#5706=ORIENTED_EDGE('',*,*,#6844,.T.);
#5707=ORIENTED_EDGE('',*,*,#7666,.T.);
#5708=ORIENTED_EDGE('',*,*,#6863,.T.);
#5709=ORIENTED_EDGE('',*,*,#6860,.T.);
#5710=ORIENTED_EDGE('',*,*,#6857,.T.);
#5711=ORIENTED_EDGE('',*,*,#6854,.F.);
#5712=ORIENTED_EDGE('',*,*,#6851,.T.);
#5713=ORIENTED_EDGE('',*,*,#6848,.F.);
#5714=ORIENTED_EDGE('',*,*,#6822,.T.);
#5715=ORIENTED_EDGE('',*,*,#7664,.T.);
#5716=ORIENTED_EDGE('',*,*,#6841,.T.);
#5717=ORIENTED_EDGE('',*,*,#6838,.T.);
#5718=ORIENTED_EDGE('',*,*,#6835,.T.);
#5719=ORIENTED_EDGE('',*,*,#6832,.F.);
#5720=ORIENTED_EDGE('',*,*,#6829,.T.);
#5721=ORIENTED_EDGE('',*,*,#6826,.F.);
#5722=ORIENTED_EDGE('',*,*,#6800,.T.);
#5723=ORIENTED_EDGE('',*,*,#7662,.T.);
#5724=ORIENTED_EDGE('',*,*,#6819,.T.);
#5725=ORIENTED_EDGE('',*,*,#6816,.T.);
#5726=ORIENTED_EDGE('',*,*,#6813,.T.);
#5727=ORIENTED_EDGE('',*,*,#6810,.F.);
#5728=ORIENTED_EDGE('',*,*,#6807,.T.);
#5729=ORIENTED_EDGE('',*,*,#6804,.F.);
#5730=ORIENTED_EDGE('',*,*,#6778,.T.);
#5731=ORIENTED_EDGE('',*,*,#7660,.T.);
#5732=ORIENTED_EDGE('',*,*,#6797,.T.);
#5733=ORIENTED_EDGE('',*,*,#6794,.T.);
#5734=ORIENTED_EDGE('',*,*,#6791,.T.);
#5735=ORIENTED_EDGE('',*,*,#6788,.F.);
#5736=ORIENTED_EDGE('',*,*,#6785,.T.);
#5737=ORIENTED_EDGE('',*,*,#6782,.F.);
#5738=ORIENTED_EDGE('',*,*,#6756,.T.);
#5739=ORIENTED_EDGE('',*,*,#7658,.T.);
#5740=ORIENTED_EDGE('',*,*,#6775,.T.);
#5741=ORIENTED_EDGE('',*,*,#6772,.T.);
#5742=ORIENTED_EDGE('',*,*,#6769,.T.);
#5743=ORIENTED_EDGE('',*,*,#6766,.F.);
#5744=ORIENTED_EDGE('',*,*,#6763,.T.);
#5745=ORIENTED_EDGE('',*,*,#6760,.F.);
#5746=ORIENTED_EDGE('',*,*,#6734,.T.);
#5747=ORIENTED_EDGE('',*,*,#7656,.T.);
#5748=ORIENTED_EDGE('',*,*,#6753,.T.);
#5749=ORIENTED_EDGE('',*,*,#6750,.T.);
#5750=ORIENTED_EDGE('',*,*,#6747,.T.);
#5751=ORIENTED_EDGE('',*,*,#6744,.F.);
#5752=ORIENTED_EDGE('',*,*,#6741,.T.);
#5753=ORIENTED_EDGE('',*,*,#6738,.F.);
#5754=ORIENTED_EDGE('',*,*,#6712,.T.);
#5755=ORIENTED_EDGE('',*,*,#7654,.T.);
#5756=ORIENTED_EDGE('',*,*,#6731,.T.);
#5757=ORIENTED_EDGE('',*,*,#6728,.T.);
#5758=ORIENTED_EDGE('',*,*,#6725,.T.);
#5759=ORIENTED_EDGE('',*,*,#6722,.F.);
#5760=ORIENTED_EDGE('',*,*,#6719,.T.);
#5761=ORIENTED_EDGE('',*,*,#6716,.F.);
#5762=ORIENTED_EDGE('',*,*,#6690,.T.);
#5763=ORIENTED_EDGE('',*,*,#7652,.T.);
#5764=ORIENTED_EDGE('',*,*,#6709,.T.);
#5765=ORIENTED_EDGE('',*,*,#6706,.T.);
#5766=ORIENTED_EDGE('',*,*,#6703,.T.);
#5767=ORIENTED_EDGE('',*,*,#6700,.F.);
#5768=ORIENTED_EDGE('',*,*,#6697,.T.);
#5769=ORIENTED_EDGE('',*,*,#6694,.F.);
#5770=ORIENTED_EDGE('',*,*,#6668,.T.);
#5771=ORIENTED_EDGE('',*,*,#7650,.T.);
#5772=ORIENTED_EDGE('',*,*,#6687,.T.);
#5773=ORIENTED_EDGE('',*,*,#6684,.T.);
#5774=ORIENTED_EDGE('',*,*,#6681,.T.);
#5775=ORIENTED_EDGE('',*,*,#6678,.F.);
#5776=ORIENTED_EDGE('',*,*,#6675,.T.);
#5777=ORIENTED_EDGE('',*,*,#6672,.F.);
#5778=ORIENTED_EDGE('',*,*,#6646,.T.);
#5779=ORIENTED_EDGE('',*,*,#7648,.T.);
#5780=ORIENTED_EDGE('',*,*,#6665,.T.);
#5781=ORIENTED_EDGE('',*,*,#6662,.T.);
#5782=ORIENTED_EDGE('',*,*,#6659,.T.);
#5783=ORIENTED_EDGE('',*,*,#6656,.F.);
#5784=ORIENTED_EDGE('',*,*,#6653,.T.);
#5785=ORIENTED_EDGE('',*,*,#6650,.F.);
#5786=ORIENTED_EDGE('',*,*,#6624,.T.);
#5787=ORIENTED_EDGE('',*,*,#7646,.T.);
#5788=ORIENTED_EDGE('',*,*,#6643,.T.);
#5789=ORIENTED_EDGE('',*,*,#6640,.T.);
#5790=ORIENTED_EDGE('',*,*,#6637,.T.);
#5791=ORIENTED_EDGE('',*,*,#6634,.F.);
#5792=ORIENTED_EDGE('',*,*,#6631,.T.);
#5793=ORIENTED_EDGE('',*,*,#6628,.F.);
#5794=ORIENTED_EDGE('',*,*,#6602,.T.);
#5795=ORIENTED_EDGE('',*,*,#7644,.T.);
#5796=ORIENTED_EDGE('',*,*,#6621,.T.);
#5797=ORIENTED_EDGE('',*,*,#6618,.T.);
#5798=ORIENTED_EDGE('',*,*,#6615,.T.);
#5799=ORIENTED_EDGE('',*,*,#6612,.F.);
#5800=ORIENTED_EDGE('',*,*,#6609,.T.);
#5801=ORIENTED_EDGE('',*,*,#6606,.F.);
#5802=ORIENTED_EDGE('',*,*,#6580,.T.);
#5803=ORIENTED_EDGE('',*,*,#7642,.T.);
#5804=ORIENTED_EDGE('',*,*,#6599,.T.);
#5805=ORIENTED_EDGE('',*,*,#6596,.T.);
#5806=ORIENTED_EDGE('',*,*,#6593,.T.);
#5807=ORIENTED_EDGE('',*,*,#6590,.F.);
#5808=ORIENTED_EDGE('',*,*,#6587,.T.);
#5809=ORIENTED_EDGE('',*,*,#6584,.F.);
#5810=ORIENTED_EDGE('',*,*,#6558,.T.);
#5811=ORIENTED_EDGE('',*,*,#7640,.T.);
#5812=ORIENTED_EDGE('',*,*,#6577,.T.);
#5813=ORIENTED_EDGE('',*,*,#6574,.T.);
#5814=ORIENTED_EDGE('',*,*,#6571,.T.);
#5815=ORIENTED_EDGE('',*,*,#6568,.F.);
#5816=ORIENTED_EDGE('',*,*,#6565,.T.);
#5817=ORIENTED_EDGE('',*,*,#6562,.F.);
#5818=ORIENTED_EDGE('',*,*,#6536,.T.);
#5819=ORIENTED_EDGE('',*,*,#7638,.T.);
#5820=ORIENTED_EDGE('',*,*,#6555,.T.);
#5821=ORIENTED_EDGE('',*,*,#6552,.T.);
#5822=ORIENTED_EDGE('',*,*,#6549,.T.);
#5823=ORIENTED_EDGE('',*,*,#6546,.F.);
#5824=ORIENTED_EDGE('',*,*,#6543,.T.);
#5825=ORIENTED_EDGE('',*,*,#6540,.F.);
#5826=ORIENTED_EDGE('',*,*,#6514,.T.);
#5827=ORIENTED_EDGE('',*,*,#7636,.T.);
#5828=ORIENTED_EDGE('',*,*,#6533,.T.);
#5829=ORIENTED_EDGE('',*,*,#6530,.T.);
#5830=ORIENTED_EDGE('',*,*,#6527,.T.);
#5831=ORIENTED_EDGE('',*,*,#6524,.F.);
#5832=ORIENTED_EDGE('',*,*,#6521,.T.);
#5833=ORIENTED_EDGE('',*,*,#6518,.F.);
#5834=ORIENTED_EDGE('',*,*,#6492,.T.);
#5835=ORIENTED_EDGE('',*,*,#7634,.T.);
#5836=ORIENTED_EDGE('',*,*,#6511,.T.);
#5837=ORIENTED_EDGE('',*,*,#6508,.T.);
#5838=ORIENTED_EDGE('',*,*,#6505,.T.);
#5839=ORIENTED_EDGE('',*,*,#6502,.F.);
#5840=ORIENTED_EDGE('',*,*,#6499,.T.);
#5841=ORIENTED_EDGE('',*,*,#6496,.F.);
#5842=ORIENTED_EDGE('',*,*,#6470,.T.);
#5843=ORIENTED_EDGE('',*,*,#7632,.T.);
#5844=ORIENTED_EDGE('',*,*,#6489,.T.);
#5845=ORIENTED_EDGE('',*,*,#6486,.T.);
#5846=ORIENTED_EDGE('',*,*,#6483,.T.);
#5847=ORIENTED_EDGE('',*,*,#6480,.F.);
#5848=ORIENTED_EDGE('',*,*,#6477,.T.);
#5849=ORIENTED_EDGE('',*,*,#6474,.F.);
#5850=ORIENTED_EDGE('',*,*,#6448,.T.);
#5851=ORIENTED_EDGE('',*,*,#7630,.T.);
#5852=ORIENTED_EDGE('',*,*,#6467,.T.);
#5853=ORIENTED_EDGE('',*,*,#6464,.T.);
#5854=ORIENTED_EDGE('',*,*,#6461,.T.);
#5855=ORIENTED_EDGE('',*,*,#6458,.F.);
#5856=ORIENTED_EDGE('',*,*,#6455,.T.);
#5857=ORIENTED_EDGE('',*,*,#6452,.F.);
#5858=ORIENTED_EDGE('',*,*,#6426,.T.);
#5859=ORIENTED_EDGE('',*,*,#7628,.T.);
#5860=ORIENTED_EDGE('',*,*,#6445,.T.);
#5861=ORIENTED_EDGE('',*,*,#6442,.T.);
#5862=ORIENTED_EDGE('',*,*,#6439,.T.);
#5863=ORIENTED_EDGE('',*,*,#6436,.F.);
#5864=ORIENTED_EDGE('',*,*,#6433,.T.);
#5865=ORIENTED_EDGE('',*,*,#6430,.F.);
#5866=ORIENTED_EDGE('',*,*,#6404,.T.);
#5867=ORIENTED_EDGE('',*,*,#7626,.T.);
#5868=ORIENTED_EDGE('',*,*,#6423,.T.);
#5869=ORIENTED_EDGE('',*,*,#6420,.T.);
#5870=ORIENTED_EDGE('',*,*,#6417,.T.);
#5871=ORIENTED_EDGE('',*,*,#6414,.F.);
#5872=ORIENTED_EDGE('',*,*,#6411,.T.);
#5873=ORIENTED_EDGE('',*,*,#6408,.F.);
#5874=ORIENTED_EDGE('',*,*,#6382,.T.);
#5875=ORIENTED_EDGE('',*,*,#7624,.T.);
#5876=ORIENTED_EDGE('',*,*,#6401,.T.);
#5877=ORIENTED_EDGE('',*,*,#6398,.T.);
#5878=ORIENTED_EDGE('',*,*,#6395,.T.);
#5879=ORIENTED_EDGE('',*,*,#6392,.F.);
#5880=ORIENTED_EDGE('',*,*,#6389,.T.);
#5881=ORIENTED_EDGE('',*,*,#6386,.F.);
#5882=ORIENTED_EDGE('',*,*,#6360,.T.);
#5883=ORIENTED_EDGE('',*,*,#7622,.T.);
#5884=ORIENTED_EDGE('',*,*,#6379,.T.);
#5885=ORIENTED_EDGE('',*,*,#6376,.T.);
#5886=ORIENTED_EDGE('',*,*,#6373,.T.);
#5887=ORIENTED_EDGE('',*,*,#6370,.F.);
#5888=ORIENTED_EDGE('',*,*,#6367,.T.);
#5889=ORIENTED_EDGE('',*,*,#6364,.F.);
#5890=ORIENTED_EDGE('',*,*,#6338,.T.);
#5891=ORIENTED_EDGE('',*,*,#7620,.T.);
#5892=ORIENTED_EDGE('',*,*,#6357,.T.);
#5893=ORIENTED_EDGE('',*,*,#6354,.T.);
#5894=ORIENTED_EDGE('',*,*,#6351,.T.);
#5895=ORIENTED_EDGE('',*,*,#6348,.F.);
#5896=ORIENTED_EDGE('',*,*,#6345,.T.);
#5897=ORIENTED_EDGE('',*,*,#6342,.F.);
#5898=ORIENTED_EDGE('',*,*,#6316,.T.);
#5899=ORIENTED_EDGE('',*,*,#7618,.T.);
#5900=ORIENTED_EDGE('',*,*,#6335,.T.);
#5901=ORIENTED_EDGE('',*,*,#6332,.T.);
#5902=ORIENTED_EDGE('',*,*,#6329,.T.);
#5903=ORIENTED_EDGE('',*,*,#6326,.F.);
#5904=ORIENTED_EDGE('',*,*,#6323,.T.);
#5905=ORIENTED_EDGE('',*,*,#6320,.F.);
#5906=ORIENTED_EDGE('',*,*,#6294,.T.);
#5907=ORIENTED_EDGE('',*,*,#7616,.T.);
#5908=ORIENTED_EDGE('',*,*,#6313,.T.);
#5909=ORIENTED_EDGE('',*,*,#6310,.T.);
#5910=ORIENTED_EDGE('',*,*,#6307,.T.);
#5911=ORIENTED_EDGE('',*,*,#6304,.F.);
#5912=ORIENTED_EDGE('',*,*,#6301,.T.);
#5913=ORIENTED_EDGE('',*,*,#6298,.F.);
#5914=ORIENTED_EDGE('',*,*,#6272,.T.);
#5915=ORIENTED_EDGE('',*,*,#7614,.T.);
#5916=ORIENTED_EDGE('',*,*,#6291,.T.);
#5917=ORIENTED_EDGE('',*,*,#6288,.T.);
#5918=ORIENTED_EDGE('',*,*,#6285,.T.);
#5919=ORIENTED_EDGE('',*,*,#6282,.F.);
#5920=ORIENTED_EDGE('',*,*,#6279,.T.);
#5921=ORIENTED_EDGE('',*,*,#6276,.F.);
#5922=ORIENTED_EDGE('',*,*,#6250,.T.);
#5923=ORIENTED_EDGE('',*,*,#7612,.T.);
#5924=ORIENTED_EDGE('',*,*,#6269,.T.);
#5925=ORIENTED_EDGE('',*,*,#6266,.T.);
#5926=ORIENTED_EDGE('',*,*,#6263,.T.);
#5927=ORIENTED_EDGE('',*,*,#6260,.F.);
#5928=ORIENTED_EDGE('',*,*,#6257,.T.);
#5929=ORIENTED_EDGE('',*,*,#6254,.F.);
#5930=ORIENTED_EDGE('',*,*,#6228,.T.);
#5931=ORIENTED_EDGE('',*,*,#7610,.T.);
#5932=ORIENTED_EDGE('',*,*,#6247,.T.);
#5933=ORIENTED_EDGE('',*,*,#6244,.T.);
#5934=ORIENTED_EDGE('',*,*,#6241,.T.);
#5935=ORIENTED_EDGE('',*,*,#6238,.F.);
#5936=ORIENTED_EDGE('',*,*,#6235,.T.);
#5937=ORIENTED_EDGE('',*,*,#6232,.F.);
#5938=ORIENTED_EDGE('',*,*,#6206,.T.);
#5939=ORIENTED_EDGE('',*,*,#7608,.T.);
#5940=ORIENTED_EDGE('',*,*,#6225,.T.);
#5941=ORIENTED_EDGE('',*,*,#6222,.T.);
#5942=ORIENTED_EDGE('',*,*,#6219,.T.);
#5943=ORIENTED_EDGE('',*,*,#6216,.F.);
#5944=ORIENTED_EDGE('',*,*,#6213,.T.);
#5945=ORIENTED_EDGE('',*,*,#6210,.F.);
#5946=ORIENTED_EDGE('',*,*,#6184,.T.);
#5947=ORIENTED_EDGE('',*,*,#7606,.T.);
#5948=ORIENTED_EDGE('',*,*,#6203,.T.);
#5949=ORIENTED_EDGE('',*,*,#6200,.T.);
#5950=ORIENTED_EDGE('',*,*,#6197,.T.);
#5951=ORIENTED_EDGE('',*,*,#6194,.F.);
#5952=ORIENTED_EDGE('',*,*,#6191,.T.);
#5953=ORIENTED_EDGE('',*,*,#6188,.F.);
#5954=ORIENTED_EDGE('',*,*,#6162,.T.);
#5955=ORIENTED_EDGE('',*,*,#7604,.T.);
#5956=ORIENTED_EDGE('',*,*,#6181,.T.);
#5957=ORIENTED_EDGE('',*,*,#6178,.T.);
#5958=ORIENTED_EDGE('',*,*,#6175,.T.);
#5959=ORIENTED_EDGE('',*,*,#6172,.F.);
#5960=ORIENTED_EDGE('',*,*,#6169,.T.);
#5961=ORIENTED_EDGE('',*,*,#6166,.F.);
#5962=ORIENTED_EDGE('',*,*,#6140,.T.);
#5963=ORIENTED_EDGE('',*,*,#7602,.T.);
#5964=ORIENTED_EDGE('',*,*,#6159,.T.);
#5965=ORIENTED_EDGE('',*,*,#6156,.T.);
#5966=ORIENTED_EDGE('',*,*,#6153,.T.);
#5967=ORIENTED_EDGE('',*,*,#6150,.F.);
#5968=ORIENTED_EDGE('',*,*,#6147,.T.);
#5969=ORIENTED_EDGE('',*,*,#6144,.F.);
#5970=ORIENTED_EDGE('',*,*,#6118,.T.);
#5971=ORIENTED_EDGE('',*,*,#7600,.T.);
#5972=ORIENTED_EDGE('',*,*,#6137,.T.);
#5973=ORIENTED_EDGE('',*,*,#6134,.T.);
#5974=ORIENTED_EDGE('',*,*,#6131,.T.);
#5975=ORIENTED_EDGE('',*,*,#6128,.F.);
#5976=ORIENTED_EDGE('',*,*,#6125,.T.);
#5977=ORIENTED_EDGE('',*,*,#6122,.F.);
#5978=ORIENTED_EDGE('',*,*,#6096,.T.);
#5979=ORIENTED_EDGE('',*,*,#7598,.T.);
#5980=ORIENTED_EDGE('',*,*,#6115,.T.);
#5981=ORIENTED_EDGE('',*,*,#6112,.T.);
#5982=ORIENTED_EDGE('',*,*,#6109,.T.);
#5983=ORIENTED_EDGE('',*,*,#6106,.F.);
#5984=ORIENTED_EDGE('',*,*,#6103,.T.);
#5985=ORIENTED_EDGE('',*,*,#6100,.F.);
#5986=ORIENTED_EDGE('',*,*,#6074,.T.);
#5987=ORIENTED_EDGE('',*,*,#7596,.T.);
#5988=ORIENTED_EDGE('',*,*,#6093,.T.);
#5989=ORIENTED_EDGE('',*,*,#6090,.T.);
#5990=ORIENTED_EDGE('',*,*,#6087,.T.);
#5991=ORIENTED_EDGE('',*,*,#6084,.F.);
#5992=ORIENTED_EDGE('',*,*,#6081,.T.);
#5993=ORIENTED_EDGE('',*,*,#6078,.F.);
#5994=ORIENTED_EDGE('',*,*,#6052,.T.);
#5995=ORIENTED_EDGE('',*,*,#7594,.T.);
#5996=ORIENTED_EDGE('',*,*,#6071,.T.);
#5997=ORIENTED_EDGE('',*,*,#6068,.T.);
#5998=ORIENTED_EDGE('',*,*,#6065,.T.);
#5999=ORIENTED_EDGE('',*,*,#6062,.F.);
#6000=ORIENTED_EDGE('',*,*,#6059,.T.);
#6001=ORIENTED_EDGE('',*,*,#6056,.F.);
#6002=ORIENTED_EDGE('',*,*,#6030,.T.);
#6003=ORIENTED_EDGE('',*,*,#7592,.T.);
#6004=ORIENTED_EDGE('',*,*,#6049,.T.);
#6005=ORIENTED_EDGE('',*,*,#6046,.T.);
#6006=ORIENTED_EDGE('',*,*,#6043,.T.);
#6007=ORIENTED_EDGE('',*,*,#6040,.F.);
#6008=ORIENTED_EDGE('',*,*,#6037,.T.);
#6009=ORIENTED_EDGE('',*,*,#6034,.F.);
#6010=ORIENTED_EDGE('',*,*,#7738,.F.);
#6011=ORIENTED_EDGE('',*,*,#7739,.F.);
#6012=ORIENTED_EDGE('',*,*,#7740,.T.);
#6013=ORIENTED_EDGE('',*,*,#7741,.T.);
#6014=ORIENTED_EDGE('',*,*,#7741,.F.);
#6015=ORIENTED_EDGE('',*,*,#7742,.F.);
#6016=ORIENTED_EDGE('',*,*,#7734,.T.);
#6017=ORIENTED_EDGE('',*,*,#7743,.T.);
#6018=ORIENTED_EDGE('',*,*,#7740,.F.);
#6019=ORIENTED_EDGE('',*,*,#7744,.F.);
#6020=ORIENTED_EDGE('',*,*,#7735,.T.);
#6021=ORIENTED_EDGE('',*,*,#7742,.T.);
#6022=ORIENTED_EDGE('',*,*,#7738,.T.);
#6023=ORIENTED_EDGE('',*,*,#7743,.F.);
#6024=ORIENTED_EDGE('',*,*,#7737,.F.);
#6025=ORIENTED_EDGE('',*,*,#7745,.T.);
#6026=ORIENTED_EDGE('',*,*,#7739,.T.);
#6027=ORIENTED_EDGE('',*,*,#7745,.F.);
#6028=ORIENTED_EDGE('',*,*,#7736,.F.);
#6029=ORIENTED_EDGE('',*,*,#7744,.T.);
#6030=EDGE_CURVE('',#7746,#7747,#8890,.T.);
#6031=EDGE_CURVE('',#7748,#7746,#302,.T.);
#6032=EDGE_CURVE('',#7748,#7749,#8891,.T.);
#6033=EDGE_CURVE('',#7749,#7747,#303,.T.);
#6034=EDGE_CURVE('',#7746,#7750,#304,.T.);
#6035=EDGE_CURVE('',#7751,#7750,#305,.T.);
#6036=EDGE_CURVE('',#7748,#7751,#306,.T.);
#6037=EDGE_CURVE('',#7752,#7750,#8892,.T.);
#6038=EDGE_CURVE('',#7753,#7752,#307,.T.);
#6039=EDGE_CURVE('',#7753,#7751,#8893,.T.);
#6040=EDGE_CURVE('',#7752,#7754,#308,.T.);
#6041=EDGE_CURVE('',#7755,#7754,#309,.T.);
#6042=EDGE_CURVE('',#7753,#7755,#310,.T.);
#6043=EDGE_CURVE('',#7756,#7754,#8894,.T.);
#6044=EDGE_CURVE('',#7757,#7756,#311,.T.);
#6045=EDGE_CURVE('',#7757,#7755,#8895,.T.);
#6046=EDGE_CURVE('',#7758,#7756,#312,.T.);
#6047=EDGE_CURVE('',#7759,#7758,#313,.T.);
#6048=EDGE_CURVE('',#7759,#7757,#314,.T.);
#6049=EDGE_CURVE('',#7760,#7758,#8896,.T.);
#6050=EDGE_CURVE('',#7761,#7760,#315,.T.);
#6051=EDGE_CURVE('',#7761,#7759,#8897,.T.);
#6052=EDGE_CURVE('',#7762,#7763,#8898,.T.);
#6053=EDGE_CURVE('',#7764,#7762,#316,.T.);
#6054=EDGE_CURVE('',#7764,#7765,#8899,.T.);
#6055=EDGE_CURVE('',#7765,#7763,#317,.T.);
#6056=EDGE_CURVE('',#7762,#7766,#318,.T.);
#6057=EDGE_CURVE('',#7767,#7766,#319,.T.);
#6058=EDGE_CURVE('',#7764,#7767,#320,.T.);
#6059=EDGE_CURVE('',#7768,#7766,#8900,.T.);
#6060=EDGE_CURVE('',#7769,#7768,#321,.T.);
#6061=EDGE_CURVE('',#7769,#7767,#8901,.T.);
#6062=EDGE_CURVE('',#7768,#7770,#322,.T.);
#6063=EDGE_CURVE('',#7771,#7770,#323,.T.);
#6064=EDGE_CURVE('',#7769,#7771,#324,.T.);
#6065=EDGE_CURVE('',#7772,#7770,#8902,.T.);
#6066=EDGE_CURVE('',#7773,#7772,#325,.T.);
#6067=EDGE_CURVE('',#7773,#7771,#8903,.T.);
#6068=EDGE_CURVE('',#7774,#7772,#326,.T.);
#6069=EDGE_CURVE('',#7775,#7774,#327,.T.);
#6070=EDGE_CURVE('',#7775,#7773,#328,.T.);
#6071=EDGE_CURVE('',#7776,#7774,#8904,.T.);
#6072=EDGE_CURVE('',#7777,#7776,#329,.T.);
#6073=EDGE_CURVE('',#7777,#7775,#8905,.T.);
#6074=EDGE_CURVE('',#7778,#7779,#8906,.T.);
#6075=EDGE_CURVE('',#7780,#7778,#330,.T.);
#6076=EDGE_CURVE('',#7780,#7781,#8907,.T.);
#6077=EDGE_CURVE('',#7781,#7779,#331,.T.);
#6078=EDGE_CURVE('',#7778,#7782,#332,.T.);
#6079=EDGE_CURVE('',#7783,#7782,#333,.T.);
#6080=EDGE_CURVE('',#7780,#7783,#334,.T.);
#6081=EDGE_CURVE('',#7784,#7782,#8908,.T.);
#6082=EDGE_CURVE('',#7785,#7784,#335,.T.);
#6083=EDGE_CURVE('',#7785,#7783,#8909,.T.);
#6084=EDGE_CURVE('',#7784,#7786,#336,.T.);
#6085=EDGE_CURVE('',#7787,#7786,#337,.T.);
#6086=EDGE_CURVE('',#7785,#7787,#338,.T.);
#6087=EDGE_CURVE('',#7788,#7786,#8910,.T.);
#6088=EDGE_CURVE('',#7789,#7788,#339,.T.);
#6089=EDGE_CURVE('',#7789,#7787,#8911,.T.);
#6090=EDGE_CURVE('',#7790,#7788,#340,.T.);
#6091=EDGE_CURVE('',#7791,#7790,#341,.T.);
#6092=EDGE_CURVE('',#7791,#7789,#342,.T.);
#6093=EDGE_CURVE('',#7792,#7790,#8912,.T.);
#6094=EDGE_CURVE('',#7793,#7792,#343,.T.);
#6095=EDGE_CURVE('',#7793,#7791,#8913,.T.);
#6096=EDGE_CURVE('',#7794,#7795,#8914,.T.);
#6097=EDGE_CURVE('',#7796,#7794,#344,.T.);
#6098=EDGE_CURVE('',#7796,#7797,#8915,.T.);
#6099=EDGE_CURVE('',#7797,#7795,#345,.T.);
#6100=EDGE_CURVE('',#7794,#7798,#346,.T.);
#6101=EDGE_CURVE('',#7799,#7798,#347,.T.);
#6102=EDGE_CURVE('',#7796,#7799,#348,.T.);
#6103=EDGE_CURVE('',#7800,#7798,#8916,.T.);
#6104=EDGE_CURVE('',#7801,#7800,#349,.T.);
#6105=EDGE_CURVE('',#7801,#7799,#8917,.T.);
#6106=EDGE_CURVE('',#7800,#7802,#350,.T.);
#6107=EDGE_CURVE('',#7803,#7802,#351,.T.);
#6108=EDGE_CURVE('',#7801,#7803,#352,.T.);
#6109=EDGE_CURVE('',#7804,#7802,#8918,.T.);
#6110=EDGE_CURVE('',#7805,#7804,#353,.T.);
#6111=EDGE_CURVE('',#7805,#7803,#8919,.T.);
#6112=EDGE_CURVE('',#7806,#7804,#354,.T.);
#6113=EDGE_CURVE('',#7807,#7806,#355,.T.);
#6114=EDGE_CURVE('',#7807,#7805,#356,.T.);
#6115=EDGE_CURVE('',#7808,#7806,#8920,.T.);
#6116=EDGE_CURVE('',#7809,#7808,#357,.T.);
#6117=EDGE_CURVE('',#7809,#7807,#8921,.T.);
#6118=EDGE_CURVE('',#7810,#7811,#8922,.T.);
#6119=EDGE_CURVE('',#7812,#7810,#358,.T.);
#6120=EDGE_CURVE('',#7812,#7813,#8923,.T.);
#6121=EDGE_CURVE('',#7813,#7811,#359,.T.);
#6122=EDGE_CURVE('',#7810,#7814,#360,.T.);
#6123=EDGE_CURVE('',#7815,#7814,#361,.T.);
#6124=EDGE_CURVE('',#7812,#7815,#362,.T.);
#6125=EDGE_CURVE('',#7816,#7814,#8924,.T.);
#6126=EDGE_CURVE('',#7817,#7816,#363,.T.);
#6127=EDGE_CURVE('',#7817,#7815,#8925,.T.);
#6128=EDGE_CURVE('',#7816,#7818,#364,.T.);
#6129=EDGE_CURVE('',#7819,#7818,#365,.T.);
#6130=EDGE_CURVE('',#7817,#7819,#366,.T.);
#6131=EDGE_CURVE('',#7820,#7818,#8926,.T.);
#6132=EDGE_CURVE('',#7821,#7820,#367,.T.);
#6133=EDGE_CURVE('',#7821,#7819,#8927,.T.);
#6134=EDGE_CURVE('',#7822,#7820,#368,.T.);
#6135=EDGE_CURVE('',#7823,#7822,#369,.T.);
#6136=EDGE_CURVE('',#7823,#7821,#370,.T.);
#6137=EDGE_CURVE('',#7824,#7822,#8928,.T.);
#6138=EDGE_CURVE('',#7825,#7824,#371,.T.);
#6139=EDGE_CURVE('',#7825,#7823,#8929,.T.);
#6140=EDGE_CURVE('',#7826,#7827,#8930,.T.);
#6141=EDGE_CURVE('',#7828,#7826,#372,.T.);
#6142=EDGE_CURVE('',#7828,#7829,#8931,.T.);
#6143=EDGE_CURVE('',#7829,#7827,#373,.T.);
#6144=EDGE_CURVE('',#7826,#7830,#374,.T.);
#6145=EDGE_CURVE('',#7831,#7830,#375,.T.);
#6146=EDGE_CURVE('',#7828,#7831,#376,.T.);
#6147=EDGE_CURVE('',#7832,#7830,#8932,.T.);
#6148=EDGE_CURVE('',#7833,#7832,#377,.T.);
#6149=EDGE_CURVE('',#7833,#7831,#8933,.T.);
#6150=EDGE_CURVE('',#7832,#7834,#378,.T.);
#6151=EDGE_CURVE('',#7835,#7834,#379,.T.);
#6152=EDGE_CURVE('',#7833,#7835,#380,.T.);
#6153=EDGE_CURVE('',#7836,#7834,#8934,.T.);
#6154=EDGE_CURVE('',#7837,#7836,#381,.T.);
#6155=EDGE_CURVE('',#7837,#7835,#8935,.T.);
#6156=EDGE_CURVE('',#7838,#7836,#382,.T.);
#6157=EDGE_CURVE('',#7839,#7838,#383,.T.);
#6158=EDGE_CURVE('',#7839,#7837,#384,.T.);
#6159=EDGE_CURVE('',#7840,#7838,#8936,.T.);
#6160=EDGE_CURVE('',#7841,#7840,#385,.T.);
#6161=EDGE_CURVE('',#7841,#7839,#8937,.T.);
#6162=EDGE_CURVE('',#7842,#7843,#8938,.T.);
#6163=EDGE_CURVE('',#7844,#7842,#386,.T.);
#6164=EDGE_CURVE('',#7844,#7845,#8939,.T.);
#6165=EDGE_CURVE('',#7845,#7843,#387,.T.);
#6166=EDGE_CURVE('',#7842,#7846,#388,.T.);
#6167=EDGE_CURVE('',#7847,#7846,#389,.T.);
#6168=EDGE_CURVE('',#7844,#7847,#390,.T.);
#6169=EDGE_CURVE('',#7848,#7846,#8940,.T.);
#6170=EDGE_CURVE('',#7849,#7848,#391,.T.);
#6171=EDGE_CURVE('',#7849,#7847,#8941,.T.);
#6172=EDGE_CURVE('',#7848,#7850,#392,.T.);
#6173=EDGE_CURVE('',#7851,#7850,#393,.T.);
#6174=EDGE_CURVE('',#7849,#7851,#394,.T.);
#6175=EDGE_CURVE('',#7852,#7850,#8942,.T.);
#6176=EDGE_CURVE('',#7853,#7852,#395,.T.);
#6177=EDGE_CURVE('',#7853,#7851,#8943,.T.);
#6178=EDGE_CURVE('',#7854,#7852,#396,.T.);
#6179=EDGE_CURVE('',#7855,#7854,#397,.T.);
#6180=EDGE_CURVE('',#7855,#7853,#398,.T.);
#6181=EDGE_CURVE('',#7856,#7854,#8944,.T.);
#6182=EDGE_CURVE('',#7857,#7856,#399,.T.);
#6183=EDGE_CURVE('',#7857,#7855,#8945,.T.);
#6184=EDGE_CURVE('',#7858,#7859,#8946,.T.);
#6185=EDGE_CURVE('',#7860,#7858,#400,.T.);
#6186=EDGE_CURVE('',#7860,#7861,#8947,.T.);
#6187=EDGE_CURVE('',#7861,#7859,#401,.T.);
#6188=EDGE_CURVE('',#7858,#7862,#402,.T.);
#6189=EDGE_CURVE('',#7863,#7862,#403,.T.);
#6190=EDGE_CURVE('',#7860,#7863,#404,.T.);
#6191=EDGE_CURVE('',#7864,#7862,#8948,.T.);
#6192=EDGE_CURVE('',#7865,#7864,#405,.T.);
#6193=EDGE_CURVE('',#7865,#7863,#8949,.T.);
#6194=EDGE_CURVE('',#7864,#7866,#406,.T.);
#6195=EDGE_CURVE('',#7867,#7866,#407,.T.);
#6196=EDGE_CURVE('',#7865,#7867,#408,.T.);
#6197=EDGE_CURVE('',#7868,#7866,#8950,.T.);
#6198=EDGE_CURVE('',#7869,#7868,#409,.T.);
#6199=EDGE_CURVE('',#7869,#7867,#8951,.T.);
#6200=EDGE_CURVE('',#7870,#7868,#410,.T.);
#6201=EDGE_CURVE('',#7871,#7870,#411,.T.);
#6202=EDGE_CURVE('',#7871,#7869,#412,.T.);
#6203=EDGE_CURVE('',#7872,#7870,#8952,.T.);
#6204=EDGE_CURVE('',#7873,#7872,#413,.T.);
#6205=EDGE_CURVE('',#7873,#7871,#8953,.T.);
#6206=EDGE_CURVE('',#7874,#7875,#8954,.T.);
#6207=EDGE_CURVE('',#7876,#7874,#414,.T.);
#6208=EDGE_CURVE('',#7876,#7877,#8955,.T.);
#6209=EDGE_CURVE('',#7877,#7875,#415,.T.);
#6210=EDGE_CURVE('',#7874,#7878,#416,.T.);
#6211=EDGE_CURVE('',#7879,#7878,#417,.T.);
#6212=EDGE_CURVE('',#7876,#7879,#418,.T.);
#6213=EDGE_CURVE('',#7880,#7878,#8956,.T.);
#6214=EDGE_CURVE('',#7881,#7880,#419,.T.);
#6215=EDGE_CURVE('',#7881,#7879,#8957,.T.);
#6216=EDGE_CURVE('',#7880,#7882,#420,.T.);
#6217=EDGE_CURVE('',#7883,#7882,#421,.T.);
#6218=EDGE_CURVE('',#7881,#7883,#422,.T.);
#6219=EDGE_CURVE('',#7884,#7882,#8958,.T.);
#6220=EDGE_CURVE('',#7885,#7884,#423,.T.);
#6221=EDGE_CURVE('',#7885,#7883,#8959,.T.);
#6222=EDGE_CURVE('',#7886,#7884,#424,.T.);
#6223=EDGE_CURVE('',#7887,#7886,#425,.T.);
#6224=EDGE_CURVE('',#7887,#7885,#426,.T.);
#6225=EDGE_CURVE('',#7888,#7886,#8960,.T.);
#6226=EDGE_CURVE('',#7889,#7888,#427,.T.);
#6227=EDGE_CURVE('',#7889,#7887,#8961,.T.);
#6228=EDGE_CURVE('',#7890,#7891,#8962,.T.);
#6229=EDGE_CURVE('',#7892,#7890,#428,.T.);
#6230=EDGE_CURVE('',#7892,#7893,#8963,.T.);
#6231=EDGE_CURVE('',#7893,#7891,#429,.T.);
#6232=EDGE_CURVE('',#7890,#7894,#430,.T.);
#6233=EDGE_CURVE('',#7895,#7894,#431,.T.);
#6234=EDGE_CURVE('',#7892,#7895,#432,.T.);
#6235=EDGE_CURVE('',#7896,#7894,#8964,.T.);
#6236=EDGE_CURVE('',#7897,#7896,#433,.T.);
#6237=EDGE_CURVE('',#7897,#7895,#8965,.T.);
#6238=EDGE_CURVE('',#7896,#7898,#434,.T.);
#6239=EDGE_CURVE('',#7899,#7898,#435,.T.);
#6240=EDGE_CURVE('',#7897,#7899,#436,.T.);
#6241=EDGE_CURVE('',#7900,#7898,#8966,.T.);
#6242=EDGE_CURVE('',#7901,#7900,#437,.T.);
#6243=EDGE_CURVE('',#7901,#7899,#8967,.T.);
#6244=EDGE_CURVE('',#7902,#7900,#438,.T.);
#6245=EDGE_CURVE('',#7903,#7902,#439,.T.);
#6246=EDGE_CURVE('',#7903,#7901,#440,.T.);
#6247=EDGE_CURVE('',#7904,#7902,#8968,.T.);
#6248=EDGE_CURVE('',#7905,#7904,#441,.T.);
#6249=EDGE_CURVE('',#7905,#7903,#8969,.T.);
#6250=EDGE_CURVE('',#7906,#7907,#8970,.T.);
#6251=EDGE_CURVE('',#7908,#7906,#442,.T.);
#6252=EDGE_CURVE('',#7908,#7909,#8971,.T.);
#6253=EDGE_CURVE('',#7909,#7907,#443,.T.);
#6254=EDGE_CURVE('',#7906,#7910,#444,.T.);
#6255=EDGE_CURVE('',#7911,#7910,#445,.T.);
#6256=EDGE_CURVE('',#7908,#7911,#446,.T.);
#6257=EDGE_CURVE('',#7912,#7910,#8972,.T.);
#6258=EDGE_CURVE('',#7913,#7912,#447,.T.);
#6259=EDGE_CURVE('',#7913,#7911,#8973,.T.);
#6260=EDGE_CURVE('',#7912,#7914,#448,.T.);
#6261=EDGE_CURVE('',#7915,#7914,#449,.T.);
#6262=EDGE_CURVE('',#7913,#7915,#450,.T.);
#6263=EDGE_CURVE('',#7916,#7914,#8974,.T.);
#6264=EDGE_CURVE('',#7917,#7916,#451,.T.);
#6265=EDGE_CURVE('',#7917,#7915,#8975,.T.);
#6266=EDGE_CURVE('',#7918,#7916,#452,.T.);
#6267=EDGE_CURVE('',#7919,#7918,#453,.T.);
#6268=EDGE_CURVE('',#7919,#7917,#454,.T.);
#6269=EDGE_CURVE('',#7920,#7918,#8976,.T.);
#6270=EDGE_CURVE('',#7921,#7920,#455,.T.);
#6271=EDGE_CURVE('',#7921,#7919,#8977,.T.);
#6272=EDGE_CURVE('',#7922,#7923,#8978,.T.);
#6273=EDGE_CURVE('',#7924,#7922,#456,.T.);
#6274=EDGE_CURVE('',#7924,#7925,#8979,.T.);
#6275=EDGE_CURVE('',#7925,#7923,#457,.T.);
#6276=EDGE_CURVE('',#7922,#7926,#458,.T.);
#6277=EDGE_CURVE('',#7927,#7926,#459,.T.);
#6278=EDGE_CURVE('',#7924,#7927,#460,.T.);
#6279=EDGE_CURVE('',#7928,#7926,#8980,.T.);
#6280=EDGE_CURVE('',#7929,#7928,#461,.T.);
#6281=EDGE_CURVE('',#7929,#7927,#8981,.T.);
#6282=EDGE_CURVE('',#7928,#7930,#462,.T.);
#6283=EDGE_CURVE('',#7931,#7930,#463,.T.);
#6284=EDGE_CURVE('',#7929,#7931,#464,.T.);
#6285=EDGE_CURVE('',#7932,#7930,#8982,.T.);
#6286=EDGE_CURVE('',#7933,#7932,#465,.T.);
#6287=EDGE_CURVE('',#7933,#7931,#8983,.T.);
#6288=EDGE_CURVE('',#7934,#7932,#466,.T.);
#6289=EDGE_CURVE('',#7935,#7934,#467,.T.);
#6290=EDGE_CURVE('',#7935,#7933,#468,.T.);
#6291=EDGE_CURVE('',#7936,#7934,#8984,.T.);
#6292=EDGE_CURVE('',#7937,#7936,#469,.T.);
#6293=EDGE_CURVE('',#7937,#7935,#8985,.T.);
#6294=EDGE_CURVE('',#7938,#7939,#8986,.T.);
#6295=EDGE_CURVE('',#7940,#7938,#470,.T.);
#6296=EDGE_CURVE('',#7940,#7941,#8987,.T.);
#6297=EDGE_CURVE('',#7941,#7939,#471,.T.);
#6298=EDGE_CURVE('',#7938,#7942,#472,.T.);
#6299=EDGE_CURVE('',#7943,#7942,#473,.T.);
#6300=EDGE_CURVE('',#7940,#7943,#474,.T.);
#6301=EDGE_CURVE('',#7944,#7942,#8988,.T.);
#6302=EDGE_CURVE('',#7945,#7944,#475,.T.);
#6303=EDGE_CURVE('',#7945,#7943,#8989,.T.);
#6304=EDGE_CURVE('',#7944,#7946,#476,.T.);
#6305=EDGE_CURVE('',#7947,#7946,#477,.T.);
#6306=EDGE_CURVE('',#7945,#7947,#478,.T.);
#6307=EDGE_CURVE('',#7948,#7946,#8990,.T.);
#6308=EDGE_CURVE('',#7949,#7948,#479,.T.);
#6309=EDGE_CURVE('',#7949,#7947,#8991,.T.);
#6310=EDGE_CURVE('',#7950,#7948,#480,.T.);
#6311=EDGE_CURVE('',#7951,#7950,#481,.T.);
#6312=EDGE_CURVE('',#7951,#7949,#482,.T.);
#6313=EDGE_CURVE('',#7952,#7950,#8992,.T.);
#6314=EDGE_CURVE('',#7953,#7952,#483,.T.);
#6315=EDGE_CURVE('',#7953,#7951,#8993,.T.);
#6316=EDGE_CURVE('',#7954,#7955,#8994,.T.);
#6317=EDGE_CURVE('',#7956,#7954,#484,.T.);
#6318=EDGE_CURVE('',#7956,#7957,#8995,.T.);
#6319=EDGE_CURVE('',#7957,#7955,#485,.T.);
#6320=EDGE_CURVE('',#7954,#7958,#486,.T.);
#6321=EDGE_CURVE('',#7959,#7958,#487,.T.);
#6322=EDGE_CURVE('',#7956,#7959,#488,.T.);
#6323=EDGE_CURVE('',#7960,#7958,#8996,.T.);
#6324=EDGE_CURVE('',#7961,#7960,#489,.T.);
#6325=EDGE_CURVE('',#7961,#7959,#8997,.T.);
#6326=EDGE_CURVE('',#7960,#7962,#490,.T.);
#6327=EDGE_CURVE('',#7963,#7962,#491,.T.);
#6328=EDGE_CURVE('',#7961,#7963,#492,.T.);
#6329=EDGE_CURVE('',#7964,#7962,#8998,.T.);
#6330=EDGE_CURVE('',#7965,#7964,#493,.T.);
#6331=EDGE_CURVE('',#7965,#7963,#8999,.T.);
#6332=EDGE_CURVE('',#7966,#7964,#494,.T.);
#6333=EDGE_CURVE('',#7967,#7966,#495,.T.);
#6334=EDGE_CURVE('',#7967,#7965,#496,.T.);
#6335=EDGE_CURVE('',#7968,#7966,#9000,.T.);
#6336=EDGE_CURVE('',#7969,#7968,#497,.T.);
#6337=EDGE_CURVE('',#7969,#7967,#9001,.T.);
#6338=EDGE_CURVE('',#7970,#7971,#9002,.T.);
#6339=EDGE_CURVE('',#7972,#7970,#498,.T.);
#6340=EDGE_CURVE('',#7972,#7973,#9003,.T.);
#6341=EDGE_CURVE('',#7973,#7971,#499,.T.);
#6342=EDGE_CURVE('',#7970,#7974,#500,.T.);
#6343=EDGE_CURVE('',#7975,#7974,#501,.T.);
#6344=EDGE_CURVE('',#7972,#7975,#502,.T.);
#6345=EDGE_CURVE('',#7976,#7974,#9004,.T.);
#6346=EDGE_CURVE('',#7977,#7976,#503,.T.);
#6347=EDGE_CURVE('',#7977,#7975,#9005,.T.);
#6348=EDGE_CURVE('',#7976,#7978,#504,.T.);
#6349=EDGE_CURVE('',#7979,#7978,#505,.T.);
#6350=EDGE_CURVE('',#7977,#7979,#506,.T.);
#6351=EDGE_CURVE('',#7980,#7978,#9006,.T.);
#6352=EDGE_CURVE('',#7981,#7980,#507,.T.);
#6353=EDGE_CURVE('',#7981,#7979,#9007,.T.);
#6354=EDGE_CURVE('',#7982,#7980,#508,.T.);
#6355=EDGE_CURVE('',#7983,#7982,#509,.T.);
#6356=EDGE_CURVE('',#7983,#7981,#510,.T.);
#6357=EDGE_CURVE('',#7984,#7982,#9008,.T.);
#6358=EDGE_CURVE('',#7985,#7984,#511,.T.);
#6359=EDGE_CURVE('',#7985,#7983,#9009,.T.);
#6360=EDGE_CURVE('',#7986,#7987,#9010,.T.);
#6361=EDGE_CURVE('',#7988,#7986,#512,.T.);
#6362=EDGE_CURVE('',#7988,#7989,#9011,.T.);
#6363=EDGE_CURVE('',#7989,#7987,#513,.T.);
#6364=EDGE_CURVE('',#7986,#7990,#514,.T.);
#6365=EDGE_CURVE('',#7991,#7990,#515,.T.);
#6366=EDGE_CURVE('',#7988,#7991,#516,.T.);
#6367=EDGE_CURVE('',#7992,#7990,#9012,.T.);
#6368=EDGE_CURVE('',#7993,#7992,#517,.T.);
#6369=EDGE_CURVE('',#7993,#7991,#9013,.T.);
#6370=EDGE_CURVE('',#7992,#7994,#518,.T.);
#6371=EDGE_CURVE('',#7995,#7994,#519,.T.);
#6372=EDGE_CURVE('',#7993,#7995,#520,.T.);
#6373=EDGE_CURVE('',#7996,#7994,#9014,.T.);
#6374=EDGE_CURVE('',#7997,#7996,#521,.T.);
#6375=EDGE_CURVE('',#7997,#7995,#9015,.T.);
#6376=EDGE_CURVE('',#7998,#7996,#522,.T.);
#6377=EDGE_CURVE('',#7999,#7998,#523,.T.);
#6378=EDGE_CURVE('',#7999,#7997,#524,.T.);
#6379=EDGE_CURVE('',#8000,#7998,#9016,.T.);
#6380=EDGE_CURVE('',#8001,#8000,#525,.T.);
#6381=EDGE_CURVE('',#8001,#7999,#9017,.T.);
#6382=EDGE_CURVE('',#8002,#8003,#9018,.T.);
#6383=EDGE_CURVE('',#8004,#8002,#526,.T.);
#6384=EDGE_CURVE('',#8004,#8005,#9019,.T.);
#6385=EDGE_CURVE('',#8005,#8003,#527,.T.);
#6386=EDGE_CURVE('',#8002,#8006,#528,.T.);
#6387=EDGE_CURVE('',#8007,#8006,#529,.T.);
#6388=EDGE_CURVE('',#8004,#8007,#530,.T.);
#6389=EDGE_CURVE('',#8008,#8006,#9020,.T.);
#6390=EDGE_CURVE('',#8009,#8008,#531,.T.);
#6391=EDGE_CURVE('',#8009,#8007,#9021,.T.);
#6392=EDGE_CURVE('',#8008,#8010,#532,.T.);
#6393=EDGE_CURVE('',#8011,#8010,#533,.T.);
#6394=EDGE_CURVE('',#8009,#8011,#534,.T.);
#6395=EDGE_CURVE('',#8012,#8010,#9022,.T.);
#6396=EDGE_CURVE('',#8013,#8012,#535,.T.);
#6397=EDGE_CURVE('',#8013,#8011,#9023,.T.);
#6398=EDGE_CURVE('',#8014,#8012,#536,.T.);
#6399=EDGE_CURVE('',#8015,#8014,#537,.T.);
#6400=EDGE_CURVE('',#8015,#8013,#538,.T.);
#6401=EDGE_CURVE('',#8016,#8014,#9024,.T.);
#6402=EDGE_CURVE('',#8017,#8016,#539,.T.);
#6403=EDGE_CURVE('',#8017,#8015,#9025,.T.);
#6404=EDGE_CURVE('',#8018,#8019,#9026,.T.);
#6405=EDGE_CURVE('',#8020,#8018,#540,.T.);
#6406=EDGE_CURVE('',#8020,#8021,#9027,.T.);
#6407=EDGE_CURVE('',#8021,#8019,#541,.T.);
#6408=EDGE_CURVE('',#8018,#8022,#542,.T.);
#6409=EDGE_CURVE('',#8023,#8022,#543,.T.);
#6410=EDGE_CURVE('',#8020,#8023,#544,.T.);
#6411=EDGE_CURVE('',#8024,#8022,#9028,.T.);
#6412=EDGE_CURVE('',#8025,#8024,#545,.T.);
#6413=EDGE_CURVE('',#8025,#8023,#9029,.T.);
#6414=EDGE_CURVE('',#8024,#8026,#546,.T.);
#6415=EDGE_CURVE('',#8027,#8026,#547,.T.);
#6416=EDGE_CURVE('',#8025,#8027,#548,.T.);
#6417=EDGE_CURVE('',#8028,#8026,#9030,.T.);
#6418=EDGE_CURVE('',#8029,#8028,#549,.T.);
#6419=EDGE_CURVE('',#8029,#8027,#9031,.T.);
#6420=EDGE_CURVE('',#8030,#8028,#550,.T.);
#6421=EDGE_CURVE('',#8031,#8030,#551,.T.);
#6422=EDGE_CURVE('',#8031,#8029,#552,.T.);
#6423=EDGE_CURVE('',#8032,#8030,#9032,.T.);
#6424=EDGE_CURVE('',#8033,#8032,#553,.T.);
#6425=EDGE_CURVE('',#8033,#8031,#9033,.T.);
#6426=EDGE_CURVE('',#8034,#8035,#9034,.T.);
#6427=EDGE_CURVE('',#8036,#8034,#554,.T.);
#6428=EDGE_CURVE('',#8036,#8037,#9035,.T.);
#6429=EDGE_CURVE('',#8037,#8035,#555,.T.);
#6430=EDGE_CURVE('',#8034,#8038,#556,.T.);
#6431=EDGE_CURVE('',#8039,#8038,#557,.T.);
#6432=EDGE_CURVE('',#8036,#8039,#558,.T.);
#6433=EDGE_CURVE('',#8040,#8038,#9036,.T.);
#6434=EDGE_CURVE('',#8041,#8040,#559,.T.);
#6435=EDGE_CURVE('',#8041,#8039,#9037,.T.);
#6436=EDGE_CURVE('',#8040,#8042,#560,.T.);
#6437=EDGE_CURVE('',#8043,#8042,#561,.T.);
#6438=EDGE_CURVE('',#8041,#8043,#562,.T.);
#6439=EDGE_CURVE('',#8044,#8042,#9038,.T.);
#6440=EDGE_CURVE('',#8045,#8044,#563,.T.);
#6441=EDGE_CURVE('',#8045,#8043,#9039,.T.);
#6442=EDGE_CURVE('',#8046,#8044,#564,.T.);
#6443=EDGE_CURVE('',#8047,#8046,#565,.T.);
#6444=EDGE_CURVE('',#8047,#8045,#566,.T.);
#6445=EDGE_CURVE('',#8048,#8046,#9040,.T.);
#6446=EDGE_CURVE('',#8049,#8048,#567,.T.);
#6447=EDGE_CURVE('',#8049,#8047,#9041,.T.);
#6448=EDGE_CURVE('',#8050,#8051,#9042,.T.);
#6449=EDGE_CURVE('',#8052,#8050,#568,.T.);
#6450=EDGE_CURVE('',#8052,#8053,#9043,.T.);
#6451=EDGE_CURVE('',#8053,#8051,#569,.T.);
#6452=EDGE_CURVE('',#8050,#8054,#570,.T.);
#6453=EDGE_CURVE('',#8055,#8054,#571,.T.);
#6454=EDGE_CURVE('',#8052,#8055,#572,.T.);
#6455=EDGE_CURVE('',#8056,#8054,#9044,.T.);
#6456=EDGE_CURVE('',#8057,#8056,#573,.T.);
#6457=EDGE_CURVE('',#8057,#8055,#9045,.T.);
#6458=EDGE_CURVE('',#8056,#8058,#574,.T.);
#6459=EDGE_CURVE('',#8059,#8058,#575,.T.);
#6460=EDGE_CURVE('',#8057,#8059,#576,.T.);
#6461=EDGE_CURVE('',#8060,#8058,#9046,.T.);
#6462=EDGE_CURVE('',#8061,#8060,#577,.T.);
#6463=EDGE_CURVE('',#8061,#8059,#9047,.T.);
#6464=EDGE_CURVE('',#8062,#8060,#578,.T.);
#6465=EDGE_CURVE('',#8063,#8062,#579,.T.);
#6466=EDGE_CURVE('',#8063,#8061,#580,.T.);
#6467=EDGE_CURVE('',#8064,#8062,#9048,.T.);
#6468=EDGE_CURVE('',#8065,#8064,#581,.T.);
#6469=EDGE_CURVE('',#8065,#8063,#9049,.T.);
#6470=EDGE_CURVE('',#8066,#8067,#9050,.T.);
#6471=EDGE_CURVE('',#8068,#8066,#582,.T.);
#6472=EDGE_CURVE('',#8068,#8069,#9051,.T.);
#6473=EDGE_CURVE('',#8069,#8067,#583,.T.);
#6474=EDGE_CURVE('',#8066,#8070,#584,.T.);
#6475=EDGE_CURVE('',#8071,#8070,#585,.T.);
#6476=EDGE_CURVE('',#8068,#8071,#586,.T.);
#6477=EDGE_CURVE('',#8072,#8070,#9052,.T.);
#6478=EDGE_CURVE('',#8073,#8072,#587,.T.);
#6479=EDGE_CURVE('',#8073,#8071,#9053,.T.);
#6480=EDGE_CURVE('',#8072,#8074,#588,.T.);
#6481=EDGE_CURVE('',#8075,#8074,#589,.T.);
#6482=EDGE_CURVE('',#8073,#8075,#590,.T.);
#6483=EDGE_CURVE('',#8076,#8074,#9054,.T.);
#6484=EDGE_CURVE('',#8077,#8076,#591,.T.);
#6485=EDGE_CURVE('',#8077,#8075,#9055,.T.);
#6486=EDGE_CURVE('',#8078,#8076,#592,.T.);
#6487=EDGE_CURVE('',#8079,#8078,#593,.T.);
#6488=EDGE_CURVE('',#8079,#8077,#594,.T.);
#6489=EDGE_CURVE('',#8080,#8078,#9056,.T.);
#6490=EDGE_CURVE('',#8081,#8080,#595,.T.);
#6491=EDGE_CURVE('',#8081,#8079,#9057,.T.);
#6492=EDGE_CURVE('',#8082,#8083,#9058,.T.);
#6493=EDGE_CURVE('',#8084,#8082,#596,.T.);
#6494=EDGE_CURVE('',#8084,#8085,#9059,.T.);
#6495=EDGE_CURVE('',#8085,#8083,#597,.T.);
#6496=EDGE_CURVE('',#8082,#8086,#598,.T.);
#6497=EDGE_CURVE('',#8087,#8086,#599,.T.);
#6498=EDGE_CURVE('',#8084,#8087,#600,.T.);
#6499=EDGE_CURVE('',#8088,#8086,#9060,.T.);
#6500=EDGE_CURVE('',#8089,#8088,#601,.T.);
#6501=EDGE_CURVE('',#8089,#8087,#9061,.T.);
#6502=EDGE_CURVE('',#8088,#8090,#602,.T.);
#6503=EDGE_CURVE('',#8091,#8090,#603,.T.);
#6504=EDGE_CURVE('',#8089,#8091,#604,.T.);
#6505=EDGE_CURVE('',#8092,#8090,#9062,.T.);
#6506=EDGE_CURVE('',#8093,#8092,#605,.T.);
#6507=EDGE_CURVE('',#8093,#8091,#9063,.T.);
#6508=EDGE_CURVE('',#8094,#8092,#606,.T.);
#6509=EDGE_CURVE('',#8095,#8094,#607,.T.);
#6510=EDGE_CURVE('',#8095,#8093,#608,.T.);
#6511=EDGE_CURVE('',#8096,#8094,#9064,.T.);
#6512=EDGE_CURVE('',#8097,#8096,#609,.T.);
#6513=EDGE_CURVE('',#8097,#8095,#9065,.T.);
#6514=EDGE_CURVE('',#8098,#8099,#9066,.T.);
#6515=EDGE_CURVE('',#8100,#8098,#610,.T.);
#6516=EDGE_CURVE('',#8100,#8101,#9067,.T.);
#6517=EDGE_CURVE('',#8101,#8099,#611,.T.);
#6518=EDGE_CURVE('',#8098,#8102,#612,.T.);
#6519=EDGE_CURVE('',#8103,#8102,#613,.T.);
#6520=EDGE_CURVE('',#8100,#8103,#614,.T.);
#6521=EDGE_CURVE('',#8104,#8102,#9068,.T.);
#6522=EDGE_CURVE('',#8105,#8104,#615,.T.);
#6523=EDGE_CURVE('',#8105,#8103,#9069,.T.);
#6524=EDGE_CURVE('',#8104,#8106,#616,.T.);
#6525=EDGE_CURVE('',#8107,#8106,#617,.T.);
#6526=EDGE_CURVE('',#8105,#8107,#618,.T.);
#6527=EDGE_CURVE('',#8108,#8106,#9070,.T.);
#6528=EDGE_CURVE('',#8109,#8108,#619,.T.);
#6529=EDGE_CURVE('',#8109,#8107,#9071,.T.);
#6530=EDGE_CURVE('',#8110,#8108,#620,.T.);
#6531=EDGE_CURVE('',#8111,#8110,#621,.T.);
#6532=EDGE_CURVE('',#8111,#8109,#622,.T.);
#6533=EDGE_CURVE('',#8112,#8110,#9072,.T.);
#6534=EDGE_CURVE('',#8113,#8112,#623,.T.);
#6535=EDGE_CURVE('',#8113,#8111,#9073,.T.);
#6536=EDGE_CURVE('',#8114,#8115,#9074,.T.);
#6537=EDGE_CURVE('',#8116,#8114,#624,.T.);
#6538=EDGE_CURVE('',#8116,#8117,#9075,.T.);
#6539=EDGE_CURVE('',#8117,#8115,#625,.T.);
#6540=EDGE_CURVE('',#8114,#8118,#626,.T.);
#6541=EDGE_CURVE('',#8119,#8118,#627,.T.);
#6542=EDGE_CURVE('',#8116,#8119,#628,.T.);
#6543=EDGE_CURVE('',#8120,#8118,#9076,.T.);
#6544=EDGE_CURVE('',#8121,#8120,#629,.T.);
#6545=EDGE_CURVE('',#8121,#8119,#9077,.T.);
#6546=EDGE_CURVE('',#8120,#8122,#630,.T.);
#6547=EDGE_CURVE('',#8123,#8122,#631,.T.);
#6548=EDGE_CURVE('',#8121,#8123,#632,.T.);
#6549=EDGE_CURVE('',#8124,#8122,#9078,.T.);
#6550=EDGE_CURVE('',#8125,#8124,#633,.T.);
#6551=EDGE_CURVE('',#8125,#8123,#9079,.T.);
#6552=EDGE_CURVE('',#8126,#8124,#634,.T.);
#6553=EDGE_CURVE('',#8127,#8126,#635,.T.);
#6554=EDGE_CURVE('',#8127,#8125,#636,.T.);
#6555=EDGE_CURVE('',#8128,#8126,#9080,.T.);
#6556=EDGE_CURVE('',#8129,#8128,#637,.T.);
#6557=EDGE_CURVE('',#8129,#8127,#9081,.T.);
#6558=EDGE_CURVE('',#8130,#8131,#9082,.T.);
#6559=EDGE_CURVE('',#8132,#8130,#638,.T.);
#6560=EDGE_CURVE('',#8132,#8133,#9083,.T.);
#6561=EDGE_CURVE('',#8133,#8131,#639,.T.);
#6562=EDGE_CURVE('',#8130,#8134,#640,.T.);
#6563=EDGE_CURVE('',#8135,#8134,#641,.T.);
#6564=EDGE_CURVE('',#8132,#8135,#642,.T.);
#6565=EDGE_CURVE('',#8136,#8134,#9084,.T.);
#6566=EDGE_CURVE('',#8137,#8136,#643,.T.);
#6567=EDGE_CURVE('',#8137,#8135,#9085,.T.);
#6568=EDGE_CURVE('',#8136,#8138,#644,.T.);
#6569=EDGE_CURVE('',#8139,#8138,#645,.T.);
#6570=EDGE_CURVE('',#8137,#8139,#646,.T.);
#6571=EDGE_CURVE('',#8140,#8138,#9086,.T.);
#6572=EDGE_CURVE('',#8141,#8140,#647,.T.);
#6573=EDGE_CURVE('',#8141,#8139,#9087,.T.);
#6574=EDGE_CURVE('',#8142,#8140,#648,.T.);
#6575=EDGE_CURVE('',#8143,#8142,#649,.T.);
#6576=EDGE_CURVE('',#8143,#8141,#650,.T.);
#6577=EDGE_CURVE('',#8144,#8142,#9088,.T.);
#6578=EDGE_CURVE('',#8145,#8144,#651,.T.);
#6579=EDGE_CURVE('',#8145,#8143,#9089,.T.);
#6580=EDGE_CURVE('',#8146,#8147,#9090,.T.);
#6581=EDGE_CURVE('',#8148,#8146,#652,.T.);
#6582=EDGE_CURVE('',#8148,#8149,#9091,.T.);
#6583=EDGE_CURVE('',#8149,#8147,#653,.T.);
#6584=EDGE_CURVE('',#8146,#8150,#654,.T.);
#6585=EDGE_CURVE('',#8151,#8150,#655,.T.);
#6586=EDGE_CURVE('',#8148,#8151,#656,.T.);
#6587=EDGE_CURVE('',#8152,#8150,#9092,.T.);
#6588=EDGE_CURVE('',#8153,#8152,#657,.T.);
#6589=EDGE_CURVE('',#8153,#8151,#9093,.T.);
#6590=EDGE_CURVE('',#8152,#8154,#658,.T.);
#6591=EDGE_CURVE('',#8155,#8154,#659,.T.);
#6592=EDGE_CURVE('',#8153,#8155,#660,.T.);
#6593=EDGE_CURVE('',#8156,#8154,#9094,.T.);
#6594=EDGE_CURVE('',#8157,#8156,#661,.T.);
#6595=EDGE_CURVE('',#8157,#8155,#9095,.T.);
#6596=EDGE_CURVE('',#8158,#8156,#662,.T.);
#6597=EDGE_CURVE('',#8159,#8158,#663,.T.);
#6598=EDGE_CURVE('',#8159,#8157,#664,.T.);
#6599=EDGE_CURVE('',#8160,#8158,#9096,.T.);
#6600=EDGE_CURVE('',#8161,#8160,#665,.T.);
#6601=EDGE_CURVE('',#8161,#8159,#9097,.T.);
#6602=EDGE_CURVE('',#8162,#8163,#9098,.T.);
#6603=EDGE_CURVE('',#8164,#8162,#666,.T.);
#6604=EDGE_CURVE('',#8164,#8165,#9099,.T.);
#6605=EDGE_CURVE('',#8165,#8163,#667,.T.);
#6606=EDGE_CURVE('',#8162,#8166,#668,.T.);
#6607=EDGE_CURVE('',#8167,#8166,#669,.T.);
#6608=EDGE_CURVE('',#8164,#8167,#670,.T.);
#6609=EDGE_CURVE('',#8168,#8166,#9100,.T.);
#6610=EDGE_CURVE('',#8169,#8168,#671,.T.);
#6611=EDGE_CURVE('',#8169,#8167,#9101,.T.);
#6612=EDGE_CURVE('',#8168,#8170,#672,.T.);
#6613=EDGE_CURVE('',#8171,#8170,#673,.T.);
#6614=EDGE_CURVE('',#8169,#8171,#674,.T.);
#6615=EDGE_CURVE('',#8172,#8170,#9102,.T.);
#6616=EDGE_CURVE('',#8173,#8172,#675,.T.);
#6617=EDGE_CURVE('',#8173,#8171,#9103,.T.);
#6618=EDGE_CURVE('',#8174,#8172,#676,.T.);
#6619=EDGE_CURVE('',#8175,#8174,#677,.T.);
#6620=EDGE_CURVE('',#8175,#8173,#678,.T.);
#6621=EDGE_CURVE('',#8176,#8174,#9104,.T.);
#6622=EDGE_CURVE('',#8177,#8176,#679,.T.);
#6623=EDGE_CURVE('',#8177,#8175,#9105,.T.);
#6624=EDGE_CURVE('',#8178,#8179,#9106,.T.);
#6625=EDGE_CURVE('',#8180,#8178,#680,.T.);
#6626=EDGE_CURVE('',#8180,#8181,#9107,.T.);
#6627=EDGE_CURVE('',#8181,#8179,#681,.T.);
#6628=EDGE_CURVE('',#8178,#8182,#682,.T.);
#6629=EDGE_CURVE('',#8183,#8182,#683,.T.);
#6630=EDGE_CURVE('',#8180,#8183,#684,.T.);
#6631=EDGE_CURVE('',#8184,#8182,#9108,.T.);
#6632=EDGE_CURVE('',#8185,#8184,#685,.T.);
#6633=EDGE_CURVE('',#8185,#8183,#9109,.T.);
#6634=EDGE_CURVE('',#8184,#8186,#686,.T.);
#6635=EDGE_CURVE('',#8187,#8186,#687,.T.);
#6636=EDGE_CURVE('',#8185,#8187,#688,.T.);
#6637=EDGE_CURVE('',#8188,#8186,#9110,.T.);
#6638=EDGE_CURVE('',#8189,#8188,#689,.T.);
#6639=EDGE_CURVE('',#8189,#8187,#9111,.T.);
#6640=EDGE_CURVE('',#8190,#8188,#690,.T.);
#6641=EDGE_CURVE('',#8191,#8190,#691,.T.);
#6642=EDGE_CURVE('',#8191,#8189,#692,.T.);
#6643=EDGE_CURVE('',#8192,#8190,#9112,.T.);
#6644=EDGE_CURVE('',#8193,#8192,#693,.T.);
#6645=EDGE_CURVE('',#8193,#8191,#9113,.T.);
#6646=EDGE_CURVE('',#8194,#8195,#9114,.T.);
#6647=EDGE_CURVE('',#8196,#8194,#694,.T.);
#6648=EDGE_CURVE('',#8196,#8197,#9115,.T.);
#6649=EDGE_CURVE('',#8197,#8195,#695,.T.);
#6650=EDGE_CURVE('',#8194,#8198,#696,.T.);
#6651=EDGE_CURVE('',#8199,#8198,#697,.T.);
#6652=EDGE_CURVE('',#8196,#8199,#698,.T.);
#6653=EDGE_CURVE('',#8200,#8198,#9116,.T.);
#6654=EDGE_CURVE('',#8201,#8200,#699,.T.);
#6655=EDGE_CURVE('',#8201,#8199,#9117,.T.);
#6656=EDGE_CURVE('',#8200,#8202,#700,.T.);
#6657=EDGE_CURVE('',#8203,#8202,#701,.T.);
#6658=EDGE_CURVE('',#8201,#8203,#702,.T.);
#6659=EDGE_CURVE('',#8204,#8202,#9118,.T.);
#6660=EDGE_CURVE('',#8205,#8204,#703,.T.);
#6661=EDGE_CURVE('',#8205,#8203,#9119,.T.);
#6662=EDGE_CURVE('',#8206,#8204,#704,.T.);
#6663=EDGE_CURVE('',#8207,#8206,#705,.T.);
#6664=EDGE_CURVE('',#8207,#8205,#706,.T.);
#6665=EDGE_CURVE('',#8208,#8206,#9120,.T.);
#6666=EDGE_CURVE('',#8209,#8208,#707,.T.);
#6667=EDGE_CURVE('',#8209,#8207,#9121,.T.);
#6668=EDGE_CURVE('',#8210,#8211,#9122,.T.);
#6669=EDGE_CURVE('',#8212,#8210,#708,.T.);
#6670=EDGE_CURVE('',#8212,#8213,#9123,.T.);
#6671=EDGE_CURVE('',#8213,#8211,#709,.T.);
#6672=EDGE_CURVE('',#8210,#8214,#710,.T.);
#6673=EDGE_CURVE('',#8215,#8214,#711,.T.);
#6674=EDGE_CURVE('',#8212,#8215,#712,.T.);
#6675=EDGE_CURVE('',#8216,#8214,#9124,.T.);
#6676=EDGE_CURVE('',#8217,#8216,#713,.T.);
#6677=EDGE_CURVE('',#8217,#8215,#9125,.T.);
#6678=EDGE_CURVE('',#8216,#8218,#714,.T.);
#6679=EDGE_CURVE('',#8219,#8218,#715,.T.);
#6680=EDGE_CURVE('',#8217,#8219,#716,.T.);
#6681=EDGE_CURVE('',#8220,#8218,#9126,.T.);
#6682=EDGE_CURVE('',#8221,#8220,#717,.T.);
#6683=EDGE_CURVE('',#8221,#8219,#9127,.T.);
#6684=EDGE_CURVE('',#8222,#8220,#718,.T.);
#6685=EDGE_CURVE('',#8223,#8222,#719,.T.);
#6686=EDGE_CURVE('',#8223,#8221,#720,.T.);
#6687=EDGE_CURVE('',#8224,#8222,#9128,.T.);
#6688=EDGE_CURVE('',#8225,#8224,#721,.T.);
#6689=EDGE_CURVE('',#8225,#8223,#9129,.T.);
#6690=EDGE_CURVE('',#8226,#8227,#9130,.T.);
#6691=EDGE_CURVE('',#8228,#8226,#722,.T.);
#6692=EDGE_CURVE('',#8228,#8229,#9131,.T.);
#6693=EDGE_CURVE('',#8229,#8227,#723,.T.);
#6694=EDGE_CURVE('',#8226,#8230,#724,.T.);
#6695=EDGE_CURVE('',#8231,#8230,#725,.T.);
#6696=EDGE_CURVE('',#8228,#8231,#726,.T.);
#6697=EDGE_CURVE('',#8232,#8230,#9132,.T.);
#6698=EDGE_CURVE('',#8233,#8232,#727,.T.);
#6699=EDGE_CURVE('',#8233,#8231,#9133,.T.);
#6700=EDGE_CURVE('',#8232,#8234,#728,.T.);
#6701=EDGE_CURVE('',#8235,#8234,#729,.T.);
#6702=EDGE_CURVE('',#8233,#8235,#730,.T.);
#6703=EDGE_CURVE('',#8236,#8234,#9134,.T.);
#6704=EDGE_CURVE('',#8237,#8236,#731,.T.);
#6705=EDGE_CURVE('',#8237,#8235,#9135,.T.);
#6706=EDGE_CURVE('',#8238,#8236,#732,.T.);
#6707=EDGE_CURVE('',#8239,#8238,#733,.T.);
#6708=EDGE_CURVE('',#8239,#8237,#734,.T.);
#6709=EDGE_CURVE('',#8240,#8238,#9136,.T.);
#6710=EDGE_CURVE('',#8241,#8240,#735,.T.);
#6711=EDGE_CURVE('',#8241,#8239,#9137,.T.);
#6712=EDGE_CURVE('',#8242,#8243,#9138,.T.);
#6713=EDGE_CURVE('',#8244,#8242,#736,.T.);
#6714=EDGE_CURVE('',#8244,#8245,#9139,.T.);
#6715=EDGE_CURVE('',#8245,#8243,#737,.T.);
#6716=EDGE_CURVE('',#8242,#8246,#738,.T.);
#6717=EDGE_CURVE('',#8247,#8246,#739,.T.);
#6718=EDGE_CURVE('',#8244,#8247,#740,.T.);
#6719=EDGE_CURVE('',#8248,#8246,#9140,.T.);
#6720=EDGE_CURVE('',#8249,#8248,#741,.T.);
#6721=EDGE_CURVE('',#8249,#8247,#9141,.T.);
#6722=EDGE_CURVE('',#8248,#8250,#742,.T.);
#6723=EDGE_CURVE('',#8251,#8250,#743,.T.);
#6724=EDGE_CURVE('',#8249,#8251,#744,.T.);
#6725=EDGE_CURVE('',#8252,#8250,#9142,.T.);
#6726=EDGE_CURVE('',#8253,#8252,#745,.T.);
#6727=EDGE_CURVE('',#8253,#8251,#9143,.T.);
#6728=EDGE_CURVE('',#8254,#8252,#746,.T.);
#6729=EDGE_CURVE('',#8255,#8254,#747,.T.);
#6730=EDGE_CURVE('',#8255,#8253,#748,.T.);
#6731=EDGE_CURVE('',#8256,#8254,#9144,.T.);
#6732=EDGE_CURVE('',#8257,#8256,#749,.T.);
#6733=EDGE_CURVE('',#8257,#8255,#9145,.T.);
#6734=EDGE_CURVE('',#8258,#8259,#9146,.T.);
#6735=EDGE_CURVE('',#8260,#8258,#750,.T.);
#6736=EDGE_CURVE('',#8260,#8261,#9147,.T.);
#6737=EDGE_CURVE('',#8261,#8259,#751,.T.);
#6738=EDGE_CURVE('',#8258,#8262,#752,.T.);
#6739=EDGE_CURVE('',#8263,#8262,#753,.T.);
#6740=EDGE_CURVE('',#8260,#8263,#754,.T.);
#6741=EDGE_CURVE('',#8264,#8262,#9148,.T.);
#6742=EDGE_CURVE('',#8265,#8264,#755,.T.);
#6743=EDGE_CURVE('',#8265,#8263,#9149,.T.);
#6744=EDGE_CURVE('',#8264,#8266,#756,.T.);
#6745=EDGE_CURVE('',#8267,#8266,#757,.T.);
#6746=EDGE_CURVE('',#8265,#8267,#758,.T.);
#6747=EDGE_CURVE('',#8268,#8266,#9150,.T.);
#6748=EDGE_CURVE('',#8269,#8268,#759,.T.);
#6749=EDGE_CURVE('',#8269,#8267,#9151,.T.);
#6750=EDGE_CURVE('',#8270,#8268,#760,.T.);
#6751=EDGE_CURVE('',#8271,#8270,#761,.T.);
#6752=EDGE_CURVE('',#8271,#8269,#762,.T.);
#6753=EDGE_CURVE('',#8272,#8270,#9152,.T.);
#6754=EDGE_CURVE('',#8273,#8272,#763,.T.);
#6755=EDGE_CURVE('',#8273,#8271,#9153,.T.);
#6756=EDGE_CURVE('',#8274,#8275,#9154,.T.);
#6757=EDGE_CURVE('',#8276,#8274,#764,.T.);
#6758=EDGE_CURVE('',#8276,#8277,#9155,.T.);
#6759=EDGE_CURVE('',#8277,#8275,#765,.T.);
#6760=EDGE_CURVE('',#8274,#8278,#766,.T.);
#6761=EDGE_CURVE('',#8279,#8278,#767,.T.);
#6762=EDGE_CURVE('',#8276,#8279,#768,.T.);
#6763=EDGE_CURVE('',#8280,#8278,#9156,.T.);
#6764=EDGE_CURVE('',#8281,#8280,#769,.T.);
#6765=EDGE_CURVE('',#8281,#8279,#9157,.T.);
#6766=EDGE_CURVE('',#8280,#8282,#770,.T.);
#6767=EDGE_CURVE('',#8283,#8282,#771,.T.);
#6768=EDGE_CURVE('',#8281,#8283,#772,.T.);
#6769=EDGE_CURVE('',#8284,#8282,#9158,.T.);
#6770=EDGE_CURVE('',#8285,#8284,#773,.T.);
#6771=EDGE_CURVE('',#8285,#8283,#9159,.T.);
#6772=EDGE_CURVE('',#8286,#8284,#774,.T.);
#6773=EDGE_CURVE('',#8287,#8286,#775,.T.);
#6774=EDGE_CURVE('',#8287,#8285,#776,.T.);
#6775=EDGE_CURVE('',#8288,#8286,#9160,.T.);
#6776=EDGE_CURVE('',#8289,#8288,#777,.T.);
#6777=EDGE_CURVE('',#8289,#8287,#9161,.T.);
#6778=EDGE_CURVE('',#8290,#8291,#9162,.T.);
#6779=EDGE_CURVE('',#8292,#8290,#778,.T.);
#6780=EDGE_CURVE('',#8292,#8293,#9163,.T.);
#6781=EDGE_CURVE('',#8293,#8291,#779,.T.);
#6782=EDGE_CURVE('',#8290,#8294,#780,.T.);
#6783=EDGE_CURVE('',#8295,#8294,#781,.T.);
#6784=EDGE_CURVE('',#8292,#8295,#782,.T.);
#6785=EDGE_CURVE('',#8296,#8294,#9164,.T.);
#6786=EDGE_CURVE('',#8297,#8296,#783,.T.);
#6787=EDGE_CURVE('',#8297,#8295,#9165,.T.);
#6788=EDGE_CURVE('',#8296,#8298,#784,.T.);
#6789=EDGE_CURVE('',#8299,#8298,#785,.T.);
#6790=EDGE_CURVE('',#8297,#8299,#786,.T.);
#6791=EDGE_CURVE('',#8300,#8298,#9166,.T.);
#6792=EDGE_CURVE('',#8301,#8300,#787,.T.);
#6793=EDGE_CURVE('',#8301,#8299,#9167,.T.);
#6794=EDGE_CURVE('',#8302,#8300,#788,.T.);
#6795=EDGE_CURVE('',#8303,#8302,#789,.T.);
#6796=EDGE_CURVE('',#8303,#8301,#790,.T.);
#6797=EDGE_CURVE('',#8304,#8302,#9168,.T.);
#6798=EDGE_CURVE('',#8305,#8304,#791,.T.);
#6799=EDGE_CURVE('',#8305,#8303,#9169,.T.);
#6800=EDGE_CURVE('',#8306,#8307,#9170,.T.);
#6801=EDGE_CURVE('',#8308,#8306,#792,.T.);
#6802=EDGE_CURVE('',#8308,#8309,#9171,.T.);
#6803=EDGE_CURVE('',#8309,#8307,#793,.T.);
#6804=EDGE_CURVE('',#8306,#8310,#794,.T.);
#6805=EDGE_CURVE('',#8311,#8310,#795,.T.);
#6806=EDGE_CURVE('',#8308,#8311,#796,.T.);
#6807=EDGE_CURVE('',#8312,#8310,#9172,.T.);
#6808=EDGE_CURVE('',#8313,#8312,#797,.T.);
#6809=EDGE_CURVE('',#8313,#8311,#9173,.T.);
#6810=EDGE_CURVE('',#8312,#8314,#798,.T.);
#6811=EDGE_CURVE('',#8315,#8314,#799,.T.);
#6812=EDGE_CURVE('',#8313,#8315,#800,.T.);
#6813=EDGE_CURVE('',#8316,#8314,#9174,.T.);
#6814=EDGE_CURVE('',#8317,#8316,#801,.T.);
#6815=EDGE_CURVE('',#8317,#8315,#9175,.T.);
#6816=EDGE_CURVE('',#8318,#8316,#802,.T.);
#6817=EDGE_CURVE('',#8319,#8318,#803,.T.);
#6818=EDGE_CURVE('',#8319,#8317,#804,.T.);
#6819=EDGE_CURVE('',#8320,#8318,#9176,.T.);
#6820=EDGE_CURVE('',#8321,#8320,#805,.T.);
#6821=EDGE_CURVE('',#8321,#8319,#9177,.T.);
#6822=EDGE_CURVE('',#8322,#8323,#9178,.T.);
#6823=EDGE_CURVE('',#8324,#8322,#806,.T.);
#6824=EDGE_CURVE('',#8324,#8325,#9179,.T.);
#6825=EDGE_CURVE('',#8325,#8323,#807,.T.);
#6826=EDGE_CURVE('',#8322,#8326,#808,.T.);
#6827=EDGE_CURVE('',#8327,#8326,#809,.T.);
#6828=EDGE_CURVE('',#8324,#8327,#810,.T.);
#6829=EDGE_CURVE('',#8328,#8326,#9180,.T.);
#6830=EDGE_CURVE('',#8329,#8328,#811,.T.);
#6831=EDGE_CURVE('',#8329,#8327,#9181,.T.);
#6832=EDGE_CURVE('',#8328,#8330,#812,.T.);
#6833=EDGE_CURVE('',#8331,#8330,#813,.T.);
#6834=EDGE_CURVE('',#8329,#8331,#814,.T.);
#6835=EDGE_CURVE('',#8332,#8330,#9182,.T.);
#6836=EDGE_CURVE('',#8333,#8332,#815,.T.);
#6837=EDGE_CURVE('',#8333,#8331,#9183,.T.);
#6838=EDGE_CURVE('',#8334,#8332,#816,.T.);
#6839=EDGE_CURVE('',#8335,#8334,#817,.T.);
#6840=EDGE_CURVE('',#8335,#8333,#818,.T.);
#6841=EDGE_CURVE('',#8336,#8334,#9184,.T.);
#6842=EDGE_CURVE('',#8337,#8336,#819,.T.);
#6843=EDGE_CURVE('',#8337,#8335,#9185,.T.);
#6844=EDGE_CURVE('',#8338,#8339,#9186,.T.);
#6845=EDGE_CURVE('',#8340,#8338,#820,.T.);
#6846=EDGE_CURVE('',#8340,#8341,#9187,.T.);
#6847=EDGE_CURVE('',#8341,#8339,#821,.T.);
#6848=EDGE_CURVE('',#8338,#8342,#822,.T.);
#6849=EDGE_CURVE('',#8343,#8342,#823,.T.);
#6850=EDGE_CURVE('',#8340,#8343,#824,.T.);
#6851=EDGE_CURVE('',#8344,#8342,#9188,.T.);
#6852=EDGE_CURVE('',#8345,#8344,#825,.T.);
#6853=EDGE_CURVE('',#8345,#8343,#9189,.T.);
#6854=EDGE_CURVE('',#8344,#8346,#826,.T.);
#6855=EDGE_CURVE('',#8347,#8346,#827,.T.);
#6856=EDGE_CURVE('',#8345,#8347,#828,.T.);
#6857=EDGE_CURVE('',#8348,#8346,#9190,.T.);
#6858=EDGE_CURVE('',#8349,#8348,#829,.T.);
#6859=EDGE_CURVE('',#8349,#8347,#9191,.T.);
#6860=EDGE_CURVE('',#8350,#8348,#830,.T.);
#6861=EDGE_CURVE('',#8351,#8350,#831,.T.);
#6862=EDGE_CURVE('',#8351,#8349,#832,.T.);
#6863=EDGE_CURVE('',#8352,#8350,#9192,.T.);
#6864=EDGE_CURVE('',#8353,#8352,#833,.T.);
#6865=EDGE_CURVE('',#8353,#8351,#9193,.T.);
#6866=EDGE_CURVE('',#8354,#8355,#9194,.T.);
#6867=EDGE_CURVE('',#8356,#8354,#834,.T.);
#6868=EDGE_CURVE('',#8356,#8357,#9195,.T.);
#6869=EDGE_CURVE('',#8357,#8355,#835,.T.);
#6870=EDGE_CURVE('',#8354,#8358,#836,.T.);
#6871=EDGE_CURVE('',#8359,#8358,#837,.T.);
#6872=EDGE_CURVE('',#8356,#8359,#838,.T.);
#6873=EDGE_CURVE('',#8360,#8358,#9196,.T.);
#6874=EDGE_CURVE('',#8361,#8360,#839,.T.);
#6875=EDGE_CURVE('',#8361,#8359,#9197,.T.);
#6876=EDGE_CURVE('',#8360,#8362,#840,.T.);
#6877=EDGE_CURVE('',#8363,#8362,#841,.T.);
#6878=EDGE_CURVE('',#8361,#8363,#842,.T.);
#6879=EDGE_CURVE('',#8364,#8362,#9198,.T.);
#6880=EDGE_CURVE('',#8365,#8364,#843,.T.);
#6881=EDGE_CURVE('',#8365,#8363,#9199,.T.);
#6882=EDGE_CURVE('',#8366,#8364,#844,.T.);
#6883=EDGE_CURVE('',#8367,#8366,#845,.T.);
#6884=EDGE_CURVE('',#8367,#8365,#846,.T.);
#6885=EDGE_CURVE('',#8368,#8366,#9200,.T.);
#6886=EDGE_CURVE('',#8369,#8368,#847,.T.);
#6887=EDGE_CURVE('',#8369,#8367,#9201,.T.);
#6888=EDGE_CURVE('',#8370,#8371,#9202,.T.);
#6889=EDGE_CURVE('',#8372,#8370,#848,.T.);
#6890=EDGE_CURVE('',#8372,#8373,#9203,.T.);
#6891=EDGE_CURVE('',#8373,#8371,#849,.T.);
#6892=EDGE_CURVE('',#8370,#8374,#850,.T.);
#6893=EDGE_CURVE('',#8375,#8374,#851,.T.);
#6894=EDGE_CURVE('',#8372,#8375,#852,.T.);
#6895=EDGE_CURVE('',#8376,#8374,#9204,.T.);
#6896=EDGE_CURVE('',#8377,#8376,#853,.T.);
#6897=EDGE_CURVE('',#8377,#8375,#9205,.T.);
#6898=EDGE_CURVE('',#8376,#8378,#854,.T.);
#6899=EDGE_CURVE('',#8379,#8378,#855,.T.);
#6900=EDGE_CURVE('',#8377,#8379,#856,.T.);
#6901=EDGE_CURVE('',#8380,#8378,#9206,.T.);
#6902=EDGE_CURVE('',#8381,#8380,#857,.T.);
#6903=EDGE_CURVE('',#8381,#8379,#9207,.T.);
#6904=EDGE_CURVE('',#8382,#8380,#858,.T.);
#6905=EDGE_CURVE('',#8383,#8382,#859,.T.);
#6906=EDGE_CURVE('',#8383,#8381,#860,.T.);
#6907=EDGE_CURVE('',#8384,#8382,#9208,.T.);
#6908=EDGE_CURVE('',#8385,#8384,#861,.T.);
#6909=EDGE_CURVE('',#8385,#8383,#9209,.T.);
#6910=EDGE_CURVE('',#8386,#8387,#9210,.T.);
#6911=EDGE_CURVE('',#8388,#8386,#862,.T.);
#6912=EDGE_CURVE('',#8388,#8389,#9211,.T.);
#6913=EDGE_CURVE('',#8389,#8387,#863,.T.);
#6914=EDGE_CURVE('',#8386,#8390,#864,.T.);
#6915=EDGE_CURVE('',#8391,#8390,#865,.T.);
#6916=EDGE_CURVE('',#8388,#8391,#866,.T.);
#6917=EDGE_CURVE('',#8392,#8390,#9212,.T.);
#6918=EDGE_CURVE('',#8393,#8392,#867,.T.);
#6919=EDGE_CURVE('',#8393,#8391,#9213,.T.);
#6920=EDGE_CURVE('',#8392,#8394,#868,.T.);
#6921=EDGE_CURVE('',#8395,#8394,#869,.T.);
#6922=EDGE_CURVE('',#8393,#8395,#870,.T.);
#6923=EDGE_CURVE('',#8396,#8394,#9214,.T.);
#6924=EDGE_CURVE('',#8397,#8396,#871,.T.);
#6925=EDGE_CURVE('',#8397,#8395,#9215,.T.);
#6926=EDGE_CURVE('',#8398,#8396,#872,.T.);
#6927=EDGE_CURVE('',#8399,#8398,#873,.T.);
#6928=EDGE_CURVE('',#8399,#8397,#874,.T.);
#6929=EDGE_CURVE('',#8400,#8398,#9216,.T.);
#6930=EDGE_CURVE('',#8401,#8400,#875,.T.);
#6931=EDGE_CURVE('',#8401,#8399,#9217,.T.);
#6932=EDGE_CURVE('',#8402,#8403,#9218,.T.);
#6933=EDGE_CURVE('',#8404,#8402,#876,.T.);
#6934=EDGE_CURVE('',#8404,#8405,#9219,.T.);
#6935=EDGE_CURVE('',#8405,#8403,#877,.T.);
#6936=EDGE_CURVE('',#8402,#8406,#878,.T.);
#6937=EDGE_CURVE('',#8407,#8406,#879,.T.);
#6938=EDGE_CURVE('',#8404,#8407,#880,.T.);
#6939=EDGE_CURVE('',#8408,#8406,#9220,.T.);
#6940=EDGE_CURVE('',#8409,#8408,#881,.T.);
#6941=EDGE_CURVE('',#8409,#8407,#9221,.T.);
#6942=EDGE_CURVE('',#8408,#8410,#882,.T.);
#6943=EDGE_CURVE('',#8411,#8410,#883,.T.);
#6944=EDGE_CURVE('',#8409,#8411,#884,.T.);
#6945=EDGE_CURVE('',#8412,#8410,#9222,.T.);
#6946=EDGE_CURVE('',#8413,#8412,#885,.T.);
#6947=EDGE_CURVE('',#8413,#8411,#9223,.T.);
#6948=EDGE_CURVE('',#8414,#8412,#886,.T.);
#6949=EDGE_CURVE('',#8415,#8414,#887,.T.);
#6950=EDGE_CURVE('',#8415,#8413,#888,.T.);
#6951=EDGE_CURVE('',#8416,#8414,#9224,.T.);
#6952=EDGE_CURVE('',#8417,#8416,#889,.T.);
#6953=EDGE_CURVE('',#8417,#8415,#9225,.T.);
#6954=EDGE_CURVE('',#8418,#8419,#9226,.T.);
#6955=EDGE_CURVE('',#8420,#8418,#890,.T.);
#6956=EDGE_CURVE('',#8420,#8421,#9227,.T.);
#6957=EDGE_CURVE('',#8421,#8419,#891,.T.);
#6958=EDGE_CURVE('',#8418,#8422,#892,.T.);
#6959=EDGE_CURVE('',#8423,#8422,#893,.T.);
#6960=EDGE_CURVE('',#8420,#8423,#894,.T.);
#6961=EDGE_CURVE('',#8424,#8422,#9228,.T.);
#6962=EDGE_CURVE('',#8425,#8424,#895,.T.);
#6963=EDGE_CURVE('',#8425,#8423,#9229,.T.);
#6964=EDGE_CURVE('',#8424,#8426,#896,.T.);
#6965=EDGE_CURVE('',#8427,#8426,#897,.T.);
#6966=EDGE_CURVE('',#8425,#8427,#898,.T.);
#6967=EDGE_CURVE('',#8428,#8426,#9230,.T.);
#6968=EDGE_CURVE('',#8429,#8428,#899,.T.);
#6969=EDGE_CURVE('',#8429,#8427,#9231,.T.);
#6970=EDGE_CURVE('',#8430,#8428,#900,.T.);
#6971=EDGE_CURVE('',#8431,#8430,#901,.T.);
#6972=EDGE_CURVE('',#8431,#8429,#902,.T.);
#6973=EDGE_CURVE('',#8432,#8430,#9232,.T.);
#6974=EDGE_CURVE('',#8433,#8432,#903,.T.);
#6975=EDGE_CURVE('',#8433,#8431,#9233,.T.);
#6976=EDGE_CURVE('',#8434,#8435,#9234,.T.);
#6977=EDGE_CURVE('',#8436,#8434,#904,.T.);
#6978=EDGE_CURVE('',#8436,#8437,#9235,.T.);
#6979=EDGE_CURVE('',#8437,#8435,#905,.T.);
#6980=EDGE_CURVE('',#8434,#8438,#906,.T.);
#6981=EDGE_CURVE('',#8439,#8438,#907,.T.);
#6982=EDGE_CURVE('',#8436,#8439,#908,.T.);
#6983=EDGE_CURVE('',#8440,#8438,#9236,.T.);
#6984=EDGE_CURVE('',#8441,#8440,#909,.T.);
#6985=EDGE_CURVE('',#8441,#8439,#9237,.T.);
#6986=EDGE_CURVE('',#8440,#8442,#910,.T.);
#6987=EDGE_CURVE('',#8443,#8442,#911,.T.);
#6988=EDGE_CURVE('',#8441,#8443,#912,.T.);
#6989=EDGE_CURVE('',#8444,#8442,#9238,.T.);
#6990=EDGE_CURVE('',#8445,#8444,#913,.T.);
#6991=EDGE_CURVE('',#8445,#8443,#9239,.T.);
#6992=EDGE_CURVE('',#8446,#8444,#914,.T.);
#6993=EDGE_CURVE('',#8447,#8446,#915,.T.);
#6994=EDGE_CURVE('',#8447,#8445,#916,.T.);
#6995=EDGE_CURVE('',#8448,#8446,#9240,.T.);
#6996=EDGE_CURVE('',#8449,#8448,#917,.T.);
#6997=EDGE_CURVE('',#8449,#8447,#9241,.T.);
#6998=EDGE_CURVE('',#8450,#8451,#9242,.T.);
#6999=EDGE_CURVE('',#8452,#8450,#918,.T.);
#7000=EDGE_CURVE('',#8452,#8453,#9243,.T.);
#7001=EDGE_CURVE('',#8453,#8451,#919,.T.);
#7002=EDGE_CURVE('',#8450,#8454,#920,.T.);
#7003=EDGE_CURVE('',#8455,#8454,#921,.T.);
#7004=EDGE_CURVE('',#8452,#8455,#922,.T.);
#7005=EDGE_CURVE('',#8456,#8454,#9244,.T.);
#7006=EDGE_CURVE('',#8457,#8456,#923,.T.);
#7007=EDGE_CURVE('',#8457,#8455,#9245,.T.);
#7008=EDGE_CURVE('',#8456,#8458,#924,.T.);
#7009=EDGE_CURVE('',#8459,#8458,#925,.T.);
#7010=EDGE_CURVE('',#8457,#8459,#926,.T.);
#7011=EDGE_CURVE('',#8460,#8458,#9246,.T.);
#7012=EDGE_CURVE('',#8461,#8460,#927,.T.);
#7013=EDGE_CURVE('',#8461,#8459,#9247,.T.);
#7014=EDGE_CURVE('',#8462,#8460,#928,.T.);
#7015=EDGE_CURVE('',#8463,#8462,#929,.T.);
#7016=EDGE_CURVE('',#8463,#8461,#930,.T.);
#7017=EDGE_CURVE('',#8464,#8462,#9248,.T.);
#7018=EDGE_CURVE('',#8465,#8464,#931,.T.);
#7019=EDGE_CURVE('',#8465,#8463,#9249,.T.);
#7020=EDGE_CURVE('',#8466,#8467,#9250,.T.);
#7021=EDGE_CURVE('',#8468,#8466,#932,.T.);
#7022=EDGE_CURVE('',#8468,#8469,#9251,.T.);
#7023=EDGE_CURVE('',#8469,#8467,#933,.T.);
#7024=EDGE_CURVE('',#8466,#8470,#934,.T.);
#7025=EDGE_CURVE('',#8471,#8470,#935,.T.);
#7026=EDGE_CURVE('',#8468,#8471,#936,.T.);
#7027=EDGE_CURVE('',#8472,#8470,#9252,.T.);
#7028=EDGE_CURVE('',#8473,#8472,#937,.T.);
#7029=EDGE_CURVE('',#8473,#8471,#9253,.T.);
#7030=EDGE_CURVE('',#8472,#8474,#938,.T.);
#7031=EDGE_CURVE('',#8475,#8474,#939,.T.);
#7032=EDGE_CURVE('',#8473,#8475,#940,.T.);
#7033=EDGE_CURVE('',#8476,#8474,#9254,.T.);
#7034=EDGE_CURVE('',#8477,#8476,#941,.T.);
#7035=EDGE_CURVE('',#8477,#8475,#9255,.T.);
#7036=EDGE_CURVE('',#8478,#8476,#942,.T.);
#7037=EDGE_CURVE('',#8479,#8478,#943,.T.);
#7038=EDGE_CURVE('',#8479,#8477,#944,.T.);
#7039=EDGE_CURVE('',#8480,#8478,#9256,.T.);
#7040=EDGE_CURVE('',#8481,#8480,#945,.T.);
#7041=EDGE_CURVE('',#8481,#8479,#9257,.T.);
#7042=EDGE_CURVE('',#8482,#8483,#9258,.T.);
#7043=EDGE_CURVE('',#8484,#8482,#946,.T.);
#7044=EDGE_CURVE('',#8484,#8485,#9259,.T.);
#7045=EDGE_CURVE('',#8485,#8483,#947,.T.);
#7046=EDGE_CURVE('',#8482,#8486,#948,.T.);
#7047=EDGE_CURVE('',#8487,#8486,#949,.T.);
#7048=EDGE_CURVE('',#8484,#8487,#950,.T.);
#7049=EDGE_CURVE('',#8488,#8486,#9260,.T.);
#7050=EDGE_CURVE('',#8489,#8488,#951,.T.);
#7051=EDGE_CURVE('',#8489,#8487,#9261,.T.);
#7052=EDGE_CURVE('',#8488,#8490,#952,.T.);
#7053=EDGE_CURVE('',#8491,#8490,#953,.T.);
#7054=EDGE_CURVE('',#8489,#8491,#954,.T.);
#7055=EDGE_CURVE('',#8492,#8490,#9262,.T.);
#7056=EDGE_CURVE('',#8493,#8492,#955,.T.);
#7057=EDGE_CURVE('',#8493,#8491,#9263,.T.);
#7058=EDGE_CURVE('',#8494,#8492,#956,.T.);
#7059=EDGE_CURVE('',#8495,#8494,#957,.T.);
#7060=EDGE_CURVE('',#8495,#8493,#958,.T.);
#7061=EDGE_CURVE('',#8496,#8494,#9264,.T.);
#7062=EDGE_CURVE('',#8497,#8496,#959,.T.);
#7063=EDGE_CURVE('',#8497,#8495,#9265,.T.);
#7064=EDGE_CURVE('',#8498,#8499,#9266,.T.);
#7065=EDGE_CURVE('',#8500,#8498,#960,.T.);
#7066=EDGE_CURVE('',#8500,#8501,#9267,.T.);
#7067=EDGE_CURVE('',#8501,#8499,#961,.T.);
#7068=EDGE_CURVE('',#8498,#8502,#962,.T.);
#7069=EDGE_CURVE('',#8503,#8502,#963,.T.);
#7070=EDGE_CURVE('',#8500,#8503,#964,.T.);
#7071=EDGE_CURVE('',#8504,#8502,#9268,.T.);
#7072=EDGE_CURVE('',#8505,#8504,#965,.T.);
#7073=EDGE_CURVE('',#8505,#8503,#9269,.T.);
#7074=EDGE_CURVE('',#8504,#8506,#966,.T.);
#7075=EDGE_CURVE('',#8507,#8506,#967,.T.);
#7076=EDGE_CURVE('',#8505,#8507,#968,.T.);
#7077=EDGE_CURVE('',#8508,#8506,#9270,.T.);
#7078=EDGE_CURVE('',#8509,#8508,#969,.T.);
#7079=EDGE_CURVE('',#8509,#8507,#9271,.T.);
#7080=EDGE_CURVE('',#8510,#8508,#970,.T.);
#7081=EDGE_CURVE('',#8511,#8510,#971,.T.);
#7082=EDGE_CURVE('',#8511,#8509,#972,.T.);
#7083=EDGE_CURVE('',#8512,#8510,#9272,.T.);
#7084=EDGE_CURVE('',#8513,#8512,#973,.T.);
#7085=EDGE_CURVE('',#8513,#8511,#9273,.T.);
#7086=EDGE_CURVE('',#8514,#8515,#9274,.T.);
#7087=EDGE_CURVE('',#8516,#8514,#974,.T.);
#7088=EDGE_CURVE('',#8516,#8517,#9275,.T.);
#7089=EDGE_CURVE('',#8517,#8515,#975,.T.);
#7090=EDGE_CURVE('',#8514,#8518,#976,.T.);
#7091=EDGE_CURVE('',#8519,#8518,#977,.T.);
#7092=EDGE_CURVE('',#8516,#8519,#978,.T.);
#7093=EDGE_CURVE('',#8520,#8518,#9276,.T.);
#7094=EDGE_CURVE('',#8521,#8520,#979,.T.);
#7095=EDGE_CURVE('',#8521,#8519,#9277,.T.);
#7096=EDGE_CURVE('',#8520,#8522,#980,.T.);
#7097=EDGE_CURVE('',#8523,#8522,#981,.T.);
#7098=EDGE_CURVE('',#8521,#8523,#982,.T.);
#7099=EDGE_CURVE('',#8524,#8522,#9278,.T.);
#7100=EDGE_CURVE('',#8525,#8524,#983,.T.);
#7101=EDGE_CURVE('',#8525,#8523,#9279,.T.);
#7102=EDGE_CURVE('',#8526,#8524,#984,.T.);
#7103=EDGE_CURVE('',#8527,#8526,#985,.T.);
#7104=EDGE_CURVE('',#8527,#8525,#986,.T.);
#7105=EDGE_CURVE('',#8528,#8526,#9280,.T.);
#7106=EDGE_CURVE('',#8529,#8528,#987,.T.);
#7107=EDGE_CURVE('',#8529,#8527,#9281,.T.);
#7108=EDGE_CURVE('',#8530,#8531,#9282,.T.);
#7109=EDGE_CURVE('',#8532,#8530,#988,.T.);
#7110=EDGE_CURVE('',#8532,#8533,#9283,.T.);
#7111=EDGE_CURVE('',#8533,#8531,#989,.T.);
#7112=EDGE_CURVE('',#8530,#8534,#990,.T.);
#7113=EDGE_CURVE('',#8535,#8534,#991,.T.);
#7114=EDGE_CURVE('',#8532,#8535,#992,.T.);
#7115=EDGE_CURVE('',#8536,#8534,#9284,.T.);
#7116=EDGE_CURVE('',#8537,#8536,#993,.T.);
#7117=EDGE_CURVE('',#8537,#8535,#9285,.T.);
#7118=EDGE_CURVE('',#8536,#8538,#994,.T.);
#7119=EDGE_CURVE('',#8539,#8538,#995,.T.);
#7120=EDGE_CURVE('',#8537,#8539,#996,.T.);
#7121=EDGE_CURVE('',#8540,#8538,#9286,.T.);
#7122=EDGE_CURVE('',#8541,#8540,#997,.T.);
#7123=EDGE_CURVE('',#8541,#8539,#9287,.T.);
#7124=EDGE_CURVE('',#8542,#8540,#998,.T.);
#7125=EDGE_CURVE('',#8543,#8542,#999,.T.);
#7126=EDGE_CURVE('',#8543,#8541,#1000,.T.);
#7127=EDGE_CURVE('',#8544,#8542,#9288,.T.);
#7128=EDGE_CURVE('',#8545,#8544,#1001,.T.);
#7129=EDGE_CURVE('',#8545,#8543,#9289,.T.);
#7130=EDGE_CURVE('',#8546,#8547,#9290,.T.);
#7131=EDGE_CURVE('',#8548,#8546,#1002,.T.);
#7132=EDGE_CURVE('',#8548,#8549,#9291,.T.);
#7133=EDGE_CURVE('',#8549,#8547,#1003,.T.);
#7134=EDGE_CURVE('',#8546,#8550,#1004,.T.);
#7135=EDGE_CURVE('',#8551,#8550,#1005,.T.);
#7136=EDGE_CURVE('',#8548,#8551,#1006,.T.);
#7137=EDGE_CURVE('',#8552,#8550,#9292,.T.);
#7138=EDGE_CURVE('',#8553,#8552,#1007,.T.);
#7139=EDGE_CURVE('',#8553,#8551,#9293,.T.);
#7140=EDGE_CURVE('',#8552,#8554,#1008,.T.);
#7141=EDGE_CURVE('',#8555,#8554,#1009,.T.);
#7142=EDGE_CURVE('',#8553,#8555,#1010,.T.);
#7143=EDGE_CURVE('',#8556,#8554,#9294,.T.);
#7144=EDGE_CURVE('',#8557,#8556,#1011,.T.);
#7145=EDGE_CURVE('',#8557,#8555,#9295,.T.);
#7146=EDGE_CURVE('',#8558,#8556,#1012,.T.);
#7147=EDGE_CURVE('',#8559,#8558,#1013,.T.);
#7148=EDGE_CURVE('',#8559,#8557,#1014,.T.);
#7149=EDGE_CURVE('',#8560,#8558,#9296,.T.);
#7150=EDGE_CURVE('',#8561,#8560,#1015,.T.);
#7151=EDGE_CURVE('',#8561,#8559,#9297,.T.);
#7152=EDGE_CURVE('',#8562,#8563,#9298,.T.);
#7153=EDGE_CURVE('',#8564,#8562,#1016,.T.);
#7154=EDGE_CURVE('',#8564,#8565,#9299,.T.);
#7155=EDGE_CURVE('',#8565,#8563,#1017,.T.);
#7156=EDGE_CURVE('',#8562,#8566,#1018,.T.);
#7157=EDGE_CURVE('',#8567,#8566,#1019,.T.);
#7158=EDGE_CURVE('',#8564,#8567,#1020,.T.);
#7159=EDGE_CURVE('',#8568,#8566,#9300,.T.);
#7160=EDGE_CURVE('',#8569,#8568,#1021,.T.);
#7161=EDGE_CURVE('',#8569,#8567,#9301,.T.);
#7162=EDGE_CURVE('',#8568,#8570,#1022,.T.);
#7163=EDGE_CURVE('',#8571,#8570,#1023,.T.);
#7164=EDGE_CURVE('',#8569,#8571,#1024,.T.);
#7165=EDGE_CURVE('',#8572,#8570,#9302,.T.);
#7166=EDGE_CURVE('',#8573,#8572,#1025,.T.);
#7167=EDGE_CURVE('',#8573,#8571,#9303,.T.);
#7168=EDGE_CURVE('',#8574,#8572,#1026,.T.);
#7169=EDGE_CURVE('',#8575,#8574,#1027,.T.);
#7170=EDGE_CURVE('',#8575,#8573,#1028,.T.);
#7171=EDGE_CURVE('',#8576,#8574,#9304,.T.);
#7172=EDGE_CURVE('',#8577,#8576,#1029,.T.);
#7173=EDGE_CURVE('',#8577,#8575,#9305,.T.);
#7174=EDGE_CURVE('',#8578,#8579,#9306,.T.);
#7175=EDGE_CURVE('',#8580,#8578,#1030,.T.);
#7176=EDGE_CURVE('',#8580,#8581,#9307,.T.);
#7177=EDGE_CURVE('',#8581,#8579,#1031,.T.);
#7178=EDGE_CURVE('',#8578,#8582,#1032,.T.);
#7179=EDGE_CURVE('',#8583,#8582,#1033,.T.);
#7180=EDGE_CURVE('',#8580,#8583,#1034,.T.);
#7181=EDGE_CURVE('',#8584,#8582,#9308,.T.);
#7182=EDGE_CURVE('',#8585,#8584,#1035,.T.);
#7183=EDGE_CURVE('',#8585,#8583,#9309,.T.);
#7184=EDGE_CURVE('',#8584,#8586,#1036,.T.);
#7185=EDGE_CURVE('',#8587,#8586,#1037,.T.);
#7186=EDGE_CURVE('',#8585,#8587,#1038,.T.);
#7187=EDGE_CURVE('',#8588,#8586,#9310,.T.);
#7188=EDGE_CURVE('',#8589,#8588,#1039,.T.);
#7189=EDGE_CURVE('',#8589,#8587,#9311,.T.);
#7190=EDGE_CURVE('',#8590,#8588,#1040,.T.);
#7191=EDGE_CURVE('',#8591,#8590,#1041,.T.);
#7192=EDGE_CURVE('',#8591,#8589,#1042,.T.);
#7193=EDGE_CURVE('',#8592,#8590,#9312,.T.);
#7194=EDGE_CURVE('',#8593,#8592,#1043,.T.);
#7195=EDGE_CURVE('',#8593,#8591,#9313,.T.);
#7196=EDGE_CURVE('',#8594,#8595,#9314,.T.);
#7197=EDGE_CURVE('',#8596,#8594,#1044,.T.);
#7198=EDGE_CURVE('',#8596,#8597,#9315,.T.);
#7199=EDGE_CURVE('',#8597,#8595,#1045,.T.);
#7200=EDGE_CURVE('',#8594,#8598,#1046,.T.);
#7201=EDGE_CURVE('',#8599,#8598,#1047,.T.);
#7202=EDGE_CURVE('',#8596,#8599,#1048,.T.);
#7203=EDGE_CURVE('',#8600,#8598,#9316,.T.);
#7204=EDGE_CURVE('',#8601,#8600,#1049,.T.);
#7205=EDGE_CURVE('',#8601,#8599,#9317,.T.);
#7206=EDGE_CURVE('',#8600,#8602,#1050,.T.);
#7207=EDGE_CURVE('',#8603,#8602,#1051,.T.);
#7208=EDGE_CURVE('',#8601,#8603,#1052,.T.);
#7209=EDGE_CURVE('',#8604,#8602,#9318,.T.);
#7210=EDGE_CURVE('',#8605,#8604,#1053,.T.);
#7211=EDGE_CURVE('',#8605,#8603,#9319,.T.);
#7212=EDGE_CURVE('',#8606,#8604,#1054,.T.);
#7213=EDGE_CURVE('',#8607,#8606,#1055,.T.);
#7214=EDGE_CURVE('',#8607,#8605,#1056,.T.);
#7215=EDGE_CURVE('',#8608,#8606,#9320,.T.);
#7216=EDGE_CURVE('',#8609,#8608,#1057,.T.);
#7217=EDGE_CURVE('',#8609,#8607,#9321,.T.);
#7218=EDGE_CURVE('',#8610,#8611,#9322,.T.);
#7219=EDGE_CURVE('',#8612,#8610,#1058,.T.);
#7220=EDGE_CURVE('',#8612,#8613,#9323,.T.);
#7221=EDGE_CURVE('',#8613,#8611,#1059,.T.);
#7222=EDGE_CURVE('',#8610,#8614,#1060,.T.);
#7223=EDGE_CURVE('',#8615,#8614,#1061,.T.);
#7224=EDGE_CURVE('',#8612,#8615,#1062,.T.);
#7225=EDGE_CURVE('',#8616,#8614,#9324,.T.);
#7226=EDGE_CURVE('',#8617,#8616,#1063,.T.);
#7227=EDGE_CURVE('',#8617,#8615,#9325,.T.);
#7228=EDGE_CURVE('',#8616,#8618,#1064,.T.);
#7229=EDGE_CURVE('',#8619,#8618,#1065,.T.);
#7230=EDGE_CURVE('',#8617,#8619,#1066,.T.);
#7231=EDGE_CURVE('',#8620,#8618,#9326,.T.);
#7232=EDGE_CURVE('',#8621,#8620,#1067,.T.);
#7233=EDGE_CURVE('',#8621,#8619,#9327,.T.);
#7234=EDGE_CURVE('',#8622,#8620,#1068,.T.);
#7235=EDGE_CURVE('',#8623,#8622,#1069,.T.);
#7236=EDGE_CURVE('',#8623,#8621,#1070,.T.);
#7237=EDGE_CURVE('',#8624,#8622,#9328,.T.);
#7238=EDGE_CURVE('',#8625,#8624,#1071,.T.);
#7239=EDGE_CURVE('',#8625,#8623,#9329,.T.);
#7240=EDGE_CURVE('',#8626,#8627,#9330,.T.);
#7241=EDGE_CURVE('',#8628,#8626,#1072,.T.);
#7242=EDGE_CURVE('',#8628,#8629,#9331,.T.);
#7243=EDGE_CURVE('',#8629,#8627,#1073,.T.);
#7244=EDGE_CURVE('',#8626,#8630,#1074,.T.);
#7245=EDGE_CURVE('',#8631,#8630,#1075,.T.);
#7246=EDGE_CURVE('',#8628,#8631,#1076,.T.);
#7247=EDGE_CURVE('',#8632,#8630,#9332,.T.);
#7248=EDGE_CURVE('',#8633,#8632,#1077,.T.);
#7249=EDGE_CURVE('',#8633,#8631,#9333,.T.);
#7250=EDGE_CURVE('',#8632,#8634,#1078,.T.);
#7251=EDGE_CURVE('',#8635,#8634,#1079,.T.);
#7252=EDGE_CURVE('',#8633,#8635,#1080,.T.);
#7253=EDGE_CURVE('',#8636,#8634,#9334,.T.);
#7254=EDGE_CURVE('',#8637,#8636,#1081,.T.);
#7255=EDGE_CURVE('',#8637,#8635,#9335,.T.);
#7256=EDGE_CURVE('',#8638,#8636,#1082,.T.);
#7257=EDGE_CURVE('',#8639,#8638,#1083,.T.);
#7258=EDGE_CURVE('',#8639,#8637,#1084,.T.);
#7259=EDGE_CURVE('',#8640,#8638,#9336,.T.);
#7260=EDGE_CURVE('',#8641,#8640,#1085,.T.);
#7261=EDGE_CURVE('',#8641,#8639,#9337,.T.);
#7262=EDGE_CURVE('',#8642,#8643,#9338,.T.);
#7263=EDGE_CURVE('',#8644,#8642,#1086,.T.);
#7264=EDGE_CURVE('',#8644,#8645,#9339,.T.);
#7265=EDGE_CURVE('',#8645,#8643,#1087,.T.);
#7266=EDGE_CURVE('',#8642,#8646,#1088,.T.);
#7267=EDGE_CURVE('',#8647,#8646,#1089,.T.);
#7268=EDGE_CURVE('',#8644,#8647,#1090,.T.);
#7269=EDGE_CURVE('',#8648,#8646,#9340,.T.);
#7270=EDGE_CURVE('',#8649,#8648,#1091,.T.);
#7271=EDGE_CURVE('',#8649,#8647,#9341,.T.);
#7272=EDGE_CURVE('',#8648,#8650,#1092,.T.);
#7273=EDGE_CURVE('',#8651,#8650,#1093,.T.);
#7274=EDGE_CURVE('',#8649,#8651,#1094,.T.);
#7275=EDGE_CURVE('',#8652,#8650,#9342,.T.);
#7276=EDGE_CURVE('',#8653,#8652,#1095,.T.);
#7277=EDGE_CURVE('',#8653,#8651,#9343,.T.);
#7278=EDGE_CURVE('',#8654,#8652,#1096,.T.);
#7279=EDGE_CURVE('',#8655,#8654,#1097,.T.);
#7280=EDGE_CURVE('',#8655,#8653,#1098,.T.);
#7281=EDGE_CURVE('',#8656,#8654,#9344,.T.);
#7282=EDGE_CURVE('',#8657,#8656,#1099,.T.);
#7283=EDGE_CURVE('',#8657,#8655,#9345,.T.);
#7284=EDGE_CURVE('',#8658,#8659,#9346,.T.);
#7285=EDGE_CURVE('',#8660,#8658,#1100,.T.);
#7286=EDGE_CURVE('',#8660,#8661,#9347,.T.);
#7287=EDGE_CURVE('',#8661,#8659,#1101,.T.);
#7288=EDGE_CURVE('',#8658,#8662,#1102,.T.);
#7289=EDGE_CURVE('',#8663,#8662,#1103,.T.);
#7290=EDGE_CURVE('',#8660,#8663,#1104,.T.);
#7291=EDGE_CURVE('',#8664,#8662,#9348,.T.);
#7292=EDGE_CURVE('',#8665,#8664,#1105,.T.);
#7293=EDGE_CURVE('',#8665,#8663,#9349,.T.);
#7294=EDGE_CURVE('',#8664,#8666,#1106,.T.);
#7295=EDGE_CURVE('',#8667,#8666,#1107,.T.);
#7296=EDGE_CURVE('',#8665,#8667,#1108,.T.);
#7297=EDGE_CURVE('',#8668,#8666,#9350,.T.);
#7298=EDGE_CURVE('',#8669,#8668,#1109,.T.);
#7299=EDGE_CURVE('',#8669,#8667,#9351,.T.);
#7300=EDGE_CURVE('',#8670,#8668,#1110,.T.);
#7301=EDGE_CURVE('',#8671,#8670,#1111,.T.);
#7302=EDGE_CURVE('',#8671,#8669,#1112,.T.);
#7303=EDGE_CURVE('',#8672,#8670,#9352,.T.);
#7304=EDGE_CURVE('',#8673,#8672,#1113,.T.);
#7305=EDGE_CURVE('',#8673,#8671,#9353,.T.);
#7306=EDGE_CURVE('',#8674,#8675,#9354,.T.);
#7307=EDGE_CURVE('',#8676,#8674,#1114,.T.);
#7308=EDGE_CURVE('',#8676,#8677,#9355,.T.);
#7309=EDGE_CURVE('',#8677,#8675,#1115,.T.);
#7310=EDGE_CURVE('',#8674,#8678,#1116,.T.);
#7311=EDGE_CURVE('',#8679,#8678,#1117,.T.);
#7312=EDGE_CURVE('',#8676,#8679,#1118,.T.);
#7313=EDGE_CURVE('',#8680,#8678,#9356,.T.);
#7314=EDGE_CURVE('',#8681,#8680,#1119,.T.);
#7315=EDGE_CURVE('',#8681,#8679,#9357,.T.);
#7316=EDGE_CURVE('',#8680,#8682,#1120,.T.);
#7317=EDGE_CURVE('',#8683,#8682,#1121,.T.);
#7318=EDGE_CURVE('',#8681,#8683,#1122,.T.);
#7319=EDGE_CURVE('',#8684,#8682,#9358,.T.);
#7320=EDGE_CURVE('',#8685,#8684,#1123,.T.);
#7321=EDGE_CURVE('',#8685,#8683,#9359,.T.);
#7322=EDGE_CURVE('',#8686,#8684,#1124,.T.);
#7323=EDGE_CURVE('',#8687,#8686,#1125,.T.);
#7324=EDGE_CURVE('',#8687,#8685,#1126,.T.);
#7325=EDGE_CURVE('',#8688,#8686,#9360,.T.);
#7326=EDGE_CURVE('',#8689,#8688,#1127,.T.);
#7327=EDGE_CURVE('',#8689,#8687,#9361,.T.);
#7328=EDGE_CURVE('',#8690,#8691,#9362,.T.);
#7329=EDGE_CURVE('',#8692,#8690,#1128,.T.);
#7330=EDGE_CURVE('',#8692,#8693,#9363,.T.);
#7331=EDGE_CURVE('',#8693,#8691,#1129,.T.);
#7332=EDGE_CURVE('',#8690,#8694,#1130,.T.);
#7333=EDGE_CURVE('',#8695,#8694,#1131,.T.);
#7334=EDGE_CURVE('',#8692,#8695,#1132,.T.);
#7335=EDGE_CURVE('',#8696,#8694,#9364,.T.);
#7336=EDGE_CURVE('',#8697,#8696,#1133,.T.);
#7337=EDGE_CURVE('',#8697,#8695,#9365,.T.);
#7338=EDGE_CURVE('',#8696,#8698,#1134,.T.);
#7339=EDGE_CURVE('',#8699,#8698,#1135,.T.);
#7340=EDGE_CURVE('',#8697,#8699,#1136,.T.);
#7341=EDGE_CURVE('',#8700,#8698,#9366,.T.);
#7342=EDGE_CURVE('',#8701,#8700,#1137,.T.);
#7343=EDGE_CURVE('',#8701,#8699,#9367,.T.);
#7344=EDGE_CURVE('',#8702,#8700,#1138,.T.);
#7345=EDGE_CURVE('',#8703,#8702,#1139,.T.);
#7346=EDGE_CURVE('',#8703,#8701,#1140,.T.);
#7347=EDGE_CURVE('',#8704,#8702,#9368,.T.);
#7348=EDGE_CURVE('',#8705,#8704,#1141,.T.);
#7349=EDGE_CURVE('',#8705,#8703,#9369,.T.);
#7350=EDGE_CURVE('',#8706,#8707,#9370,.T.);
#7351=EDGE_CURVE('',#8708,#8706,#1142,.T.);
#7352=EDGE_CURVE('',#8708,#8709,#9371,.T.);
#7353=EDGE_CURVE('',#8709,#8707,#1143,.T.);
#7354=EDGE_CURVE('',#8706,#8710,#1144,.T.);
#7355=EDGE_CURVE('',#8711,#8710,#1145,.T.);
#7356=EDGE_CURVE('',#8708,#8711,#1146,.T.);
#7357=EDGE_CURVE('',#8712,#8710,#9372,.T.);
#7358=EDGE_CURVE('',#8713,#8712,#1147,.T.);
#7359=EDGE_CURVE('',#8713,#8711,#9373,.T.);
#7360=EDGE_CURVE('',#8712,#8714,#1148,.T.);
#7361=EDGE_CURVE('',#8715,#8714,#1149,.T.);
#7362=EDGE_CURVE('',#8713,#8715,#1150,.T.);
#7363=EDGE_CURVE('',#8716,#8714,#9374,.T.);
#7364=EDGE_CURVE('',#8717,#8716,#1151,.T.);
#7365=EDGE_CURVE('',#8717,#8715,#9375,.T.);
#7366=EDGE_CURVE('',#8718,#8716,#1152,.T.);
#7367=EDGE_CURVE('',#8719,#8718,#1153,.T.);
#7368=EDGE_CURVE('',#8719,#8717,#1154,.T.);
#7369=EDGE_CURVE('',#8720,#8718,#9376,.T.);
#7370=EDGE_CURVE('',#8721,#8720,#1155,.T.);
#7371=EDGE_CURVE('',#8721,#8719,#9377,.T.);
#7372=EDGE_CURVE('',#8722,#8723,#9378,.T.);
#7373=EDGE_CURVE('',#8724,#8722,#1156,.T.);
#7374=EDGE_CURVE('',#8724,#8725,#9379,.T.);
#7375=EDGE_CURVE('',#8725,#8723,#1157,.T.);
#7376=EDGE_CURVE('',#8722,#8726,#1158,.T.);
#7377=EDGE_CURVE('',#8727,#8726,#1159,.T.);
#7378=EDGE_CURVE('',#8724,#8727,#1160,.T.);
#7379=EDGE_CURVE('',#8728,#8726,#9380,.T.);
#7380=EDGE_CURVE('',#8729,#8728,#1161,.T.);
#7381=EDGE_CURVE('',#8729,#8727,#9381,.T.);
#7382=EDGE_CURVE('',#8728,#8730,#1162,.T.);
#7383=EDGE_CURVE('',#8731,#8730,#1163,.T.);
#7384=EDGE_CURVE('',#8729,#8731,#1164,.T.);
#7385=EDGE_CURVE('',#8732,#8730,#9382,.T.);
#7386=EDGE_CURVE('',#8733,#8732,#1165,.T.);
#7387=EDGE_CURVE('',#8733,#8731,#9383,.T.);
#7388=EDGE_CURVE('',#8734,#8732,#1166,.T.);
#7389=EDGE_CURVE('',#8735,#8734,#1167,.T.);
#7390=EDGE_CURVE('',#8735,#8733,#1168,.T.);
#7391=EDGE_CURVE('',#8736,#8734,#9384,.T.);
#7392=EDGE_CURVE('',#8737,#8736,#1169,.T.);
#7393=EDGE_CURVE('',#8737,#8735,#9385,.T.);
#7394=EDGE_CURVE('',#8738,#8739,#9386,.T.);
#7395=EDGE_CURVE('',#8740,#8738,#1170,.T.);
#7396=EDGE_CURVE('',#8740,#8741,#9387,.T.);
#7397=EDGE_CURVE('',#8741,#8739,#1171,.T.);
#7398=EDGE_CURVE('',#8738,#8742,#1172,.T.);
#7399=EDGE_CURVE('',#8743,#8742,#1173,.T.);
#7400=EDGE_CURVE('',#8740,#8743,#1174,.T.);
#7401=EDGE_CURVE('',#8744,#8742,#9388,.T.);
#7402=EDGE_CURVE('',#8745,#8744,#1175,.T.);
#7403=EDGE_CURVE('',#8745,#8743,#9389,.T.);
#7404=EDGE_CURVE('',#8744,#8746,#1176,.T.);
#7405=EDGE_CURVE('',#8747,#8746,#1177,.T.);
#7406=EDGE_CURVE('',#8745,#8747,#1178,.T.);
#7407=EDGE_CURVE('',#8748,#8746,#9390,.T.);
#7408=EDGE_CURVE('',#8749,#8748,#1179,.T.);
#7409=EDGE_CURVE('',#8749,#8747,#9391,.T.);
#7410=EDGE_CURVE('',#8750,#8748,#1180,.T.);
#7411=EDGE_CURVE('',#8751,#8750,#1181,.T.);
#7412=EDGE_CURVE('',#8751,#8749,#1182,.T.);
#7413=EDGE_CURVE('',#8752,#8750,#9392,.T.);
#7414=EDGE_CURVE('',#8753,#8752,#1183,.T.);
#7415=EDGE_CURVE('',#8753,#8751,#9393,.T.);
#7416=EDGE_CURVE('',#8754,#8755,#9394,.T.);
#7417=EDGE_CURVE('',#8756,#8754,#1184,.T.);
#7418=EDGE_CURVE('',#8756,#8757,#9395,.T.);
#7419=EDGE_CURVE('',#8757,#8755,#1185,.T.);
#7420=EDGE_CURVE('',#8754,#8758,#1186,.T.);
#7421=EDGE_CURVE('',#8759,#8758,#1187,.T.);
#7422=EDGE_CURVE('',#8756,#8759,#1188,.T.);
#7423=EDGE_CURVE('',#8760,#8758,#9396,.T.);
#7424=EDGE_CURVE('',#8761,#8760,#1189,.T.);
#7425=EDGE_CURVE('',#8761,#8759,#9397,.T.);
#7426=EDGE_CURVE('',#8760,#8762,#1190,.T.);
#7427=EDGE_CURVE('',#8763,#8762,#1191,.T.);
#7428=EDGE_CURVE('',#8761,#8763,#1192,.T.);
#7429=EDGE_CURVE('',#8764,#8762,#9398,.T.);
#7430=EDGE_CURVE('',#8765,#8764,#1193,.T.);
#7431=EDGE_CURVE('',#8765,#8763,#9399,.T.);
#7432=EDGE_CURVE('',#8766,#8764,#1194,.T.);
#7433=EDGE_CURVE('',#8767,#8766,#1195,.T.);
#7434=EDGE_CURVE('',#8767,#8765,#1196,.T.);
#7435=EDGE_CURVE('',#8768,#8766,#9400,.T.);
#7436=EDGE_CURVE('',#8769,#8768,#1197,.T.);
#7437=EDGE_CURVE('',#8769,#8767,#9401,.T.);
#7438=EDGE_CURVE('',#8770,#8771,#9402,.T.);
#7439=EDGE_CURVE('',#8772,#8770,#1198,.T.);
#7440=EDGE_CURVE('',#8772,#8773,#9403,.T.);
#7441=EDGE_CURVE('',#8773,#8771,#1199,.T.);
#7442=EDGE_CURVE('',#8770,#8774,#1200,.T.);
#7443=EDGE_CURVE('',#8775,#8774,#1201,.T.);
#7444=EDGE_CURVE('',#8772,#8775,#1202,.T.);
#7445=EDGE_CURVE('',#8776,#8774,#9404,.T.);
#7446=EDGE_CURVE('',#8777,#8776,#1203,.T.);
#7447=EDGE_CURVE('',#8777,#8775,#9405,.T.);
#7448=EDGE_CURVE('',#8776,#8778,#1204,.T.);
#7449=EDGE_CURVE('',#8779,#8778,#1205,.T.);
#7450=EDGE_CURVE('',#8777,#8779,#1206,.T.);
#7451=EDGE_CURVE('',#8780,#8778,#9406,.T.);
#7452=EDGE_CURVE('',#8781,#8780,#1207,.T.);
#7453=EDGE_CURVE('',#8781,#8779,#9407,.T.);
#7454=EDGE_CURVE('',#8782,#8780,#1208,.T.);
#7455=EDGE_CURVE('',#8783,#8782,#1209,.T.);
#7456=EDGE_CURVE('',#8783,#8781,#1210,.T.);
#7457=EDGE_CURVE('',#8784,#8782,#9408,.T.);
#7458=EDGE_CURVE('',#8785,#8784,#1211,.T.);
#7459=EDGE_CURVE('',#8785,#8783,#9409,.T.);
#7460=EDGE_CURVE('',#8786,#8787,#9410,.T.);
#7461=EDGE_CURVE('',#8788,#8786,#1212,.T.);
#7462=EDGE_CURVE('',#8788,#8789,#9411,.T.);
#7463=EDGE_CURVE('',#8789,#8787,#1213,.T.);
#7464=EDGE_CURVE('',#8786,#8790,#1214,.T.);
#7465=EDGE_CURVE('',#8791,#8790,#1215,.T.);
#7466=EDGE_CURVE('',#8788,#8791,#1216,.T.);
#7467=EDGE_CURVE('',#8792,#8790,#9412,.T.);
#7468=EDGE_CURVE('',#8793,#8792,#1217,.T.);
#7469=EDGE_CURVE('',#8793,#8791,#9413,.T.);
#7470=EDGE_CURVE('',#8792,#8794,#1218,.T.);
#7471=EDGE_CURVE('',#8795,#8794,#1219,.T.);
#7472=EDGE_CURVE('',#8793,#8795,#1220,.T.);
#7473=EDGE_CURVE('',#8796,#8794,#9414,.T.);
#7474=EDGE_CURVE('',#8797,#8796,#1221,.T.);
#7475=EDGE_CURVE('',#8797,#8795,#9415,.T.);
#7476=EDGE_CURVE('',#8798,#8796,#1222,.T.);
#7477=EDGE_CURVE('',#8799,#8798,#1223,.T.);
#7478=EDGE_CURVE('',#8799,#8797,#1224,.T.);
#7479=EDGE_CURVE('',#8800,#8798,#9416,.T.);
#7480=EDGE_CURVE('',#8801,#8800,#1225,.T.);
#7481=EDGE_CURVE('',#8801,#8799,#9417,.T.);
#7482=EDGE_CURVE('',#8802,#8803,#9418,.T.);
#7483=EDGE_CURVE('',#8804,#8802,#1226,.T.);
#7484=EDGE_CURVE('',#8804,#8805,#9419,.T.);
#7485=EDGE_CURVE('',#8805,#8803,#1227,.T.);
#7486=EDGE_CURVE('',#8802,#8806,#1228,.T.);
#7487=EDGE_CURVE('',#8807,#8806,#1229,.T.);
#7488=EDGE_CURVE('',#8804,#8807,#1230,.T.);
#7489=EDGE_CURVE('',#8808,#8806,#9420,.T.);
#7490=EDGE_CURVE('',#8809,#8808,#1231,.T.);
#7491=EDGE_CURVE('',#8809,#8807,#9421,.T.);
#7492=EDGE_CURVE('',#8808,#8810,#1232,.T.);
#7493=EDGE_CURVE('',#8811,#8810,#1233,.T.);
#7494=EDGE_CURVE('',#8809,#8811,#1234,.T.);
#7495=EDGE_CURVE('',#8812,#8810,#9422,.T.);
#7496=EDGE_CURVE('',#8813,#8812,#1235,.T.);
#7497=EDGE_CURVE('',#8813,#8811,#9423,.T.);
#7498=EDGE_CURVE('',#8814,#8812,#1236,.T.);
#7499=EDGE_CURVE('',#8815,#8814,#1237,.T.);
#7500=EDGE_CURVE('',#8815,#8813,#1238,.T.);
#7501=EDGE_CURVE('',#8816,#8814,#9424,.T.);
#7502=EDGE_CURVE('',#8817,#8816,#1239,.T.);
#7503=EDGE_CURVE('',#8817,#8815,#9425,.T.);
#7504=EDGE_CURVE('',#8818,#8819,#9426,.T.);
#7505=EDGE_CURVE('',#8820,#8818,#1240,.T.);
#7506=EDGE_CURVE('',#8820,#8821,#9427,.T.);
#7507=EDGE_CURVE('',#8821,#8819,#1241,.T.);
#7508=EDGE_CURVE('',#8818,#8822,#1242,.T.);
#7509=EDGE_CURVE('',#8823,#8822,#1243,.T.);
#7510=EDGE_CURVE('',#8820,#8823,#1244,.T.);
#7511=EDGE_CURVE('',#8824,#8822,#9428,.T.);
#7512=EDGE_CURVE('',#8825,#8824,#1245,.T.);
#7513=EDGE_CURVE('',#8825,#8823,#9429,.T.);
#7514=EDGE_CURVE('',#8824,#8826,#1246,.T.);
#7515=EDGE_CURVE('',#8827,#8826,#1247,.T.);
#7516=EDGE_CURVE('',#8825,#8827,#1248,.T.);
#7517=EDGE_CURVE('',#8828,#8826,#9430,.T.);
#7518=EDGE_CURVE('',#8829,#8828,#1249,.T.);
#7519=EDGE_CURVE('',#8829,#8827,#9431,.T.);
#7520=EDGE_CURVE('',#8830,#8828,#1250,.T.);
#7521=EDGE_CURVE('',#8831,#8830,#1251,.T.);
#7522=EDGE_CURVE('',#8831,#8829,#1252,.T.);
#7523=EDGE_CURVE('',#8832,#8830,#9432,.T.);
#7524=EDGE_CURVE('',#8833,#8832,#1253,.T.);
#7525=EDGE_CURVE('',#8833,#8831,#9433,.T.);
#7526=EDGE_CURVE('',#8834,#8835,#9434,.T.);
#7527=EDGE_CURVE('',#8836,#8834,#1254,.T.);
#7528=EDGE_CURVE('',#8836,#8837,#9435,.T.);
#7529=EDGE_CURVE('',#8837,#8835,#1255,.T.);
#7530=EDGE_CURVE('',#8834,#8838,#1256,.T.);
#7531=EDGE_CURVE('',#8839,#8838,#1257,.T.);
#7532=EDGE_CURVE('',#8836,#8839,#1258,.T.);
#7533=EDGE_CURVE('',#8840,#8838,#9436,.T.);
#7534=EDGE_CURVE('',#8841,#8840,#1259,.T.);
#7535=EDGE_CURVE('',#8841,#8839,#9437,.T.);
#7536=EDGE_CURVE('',#8840,#8842,#1260,.T.);
#7537=EDGE_CURVE('',#8843,#8842,#1261,.T.);
#7538=EDGE_CURVE('',#8841,#8843,#1262,.T.);
#7539=EDGE_CURVE('',#8844,#8842,#9438,.T.);
#7540=EDGE_CURVE('',#8845,#8844,#1263,.T.);
#7541=EDGE_CURVE('',#8845,#8843,#9439,.T.);
#7542=EDGE_CURVE('',#8846,#8844,#1264,.T.);
#7543=EDGE_CURVE('',#8847,#8846,#1265,.T.);
#7544=EDGE_CURVE('',#8847,#8845,#1266,.T.);
#7545=EDGE_CURVE('',#8848,#8846,#9440,.T.);
#7546=EDGE_CURVE('',#8849,#8848,#1267,.T.);
#7547=EDGE_CURVE('',#8849,#8847,#9441,.T.);
#7548=EDGE_CURVE('',#8850,#8851,#9442,.T.);
#7549=EDGE_CURVE('',#8852,#8850,#1268,.T.);
#7550=EDGE_CURVE('',#8852,#8853,#9443,.T.);
#7551=EDGE_CURVE('',#8853,#8851,#1269,.T.);
#7552=EDGE_CURVE('',#8850,#8854,#1270,.T.);
#7553=EDGE_CURVE('',#8855,#8854,#1271,.T.);
#7554=EDGE_CURVE('',#8852,#8855,#1272,.T.);
#7555=EDGE_CURVE('',#8856,#8854,#9444,.T.);
#7556=EDGE_CURVE('',#8857,#8856,#1273,.T.);
#7557=EDGE_CURVE('',#8857,#8855,#9445,.T.);
#7558=EDGE_CURVE('',#8856,#8858,#1274,.T.);
#7559=EDGE_CURVE('',#8859,#8858,#1275,.T.);
#7560=EDGE_CURVE('',#8857,#8859,#1276,.T.);
#7561=EDGE_CURVE('',#8860,#8858,#9446,.T.);
#7562=EDGE_CURVE('',#8861,#8860,#1277,.T.);
#7563=EDGE_CURVE('',#8861,#8859,#9447,.T.);
#7564=EDGE_CURVE('',#8862,#8860,#1278,.T.);
#7565=EDGE_CURVE('',#8863,#8862,#1279,.T.);
#7566=EDGE_CURVE('',#8863,#8861,#1280,.T.);
#7567=EDGE_CURVE('',#8864,#8862,#9448,.T.);
#7568=EDGE_CURVE('',#8865,#8864,#1281,.T.);
#7569=EDGE_CURVE('',#8865,#8863,#9449,.T.);
#7570=EDGE_CURVE('',#8866,#8867,#9450,.T.);
#7571=EDGE_CURVE('',#8868,#8866,#1282,.T.);
#7572=EDGE_CURVE('',#8868,#8869,#9451,.T.);
#7573=EDGE_CURVE('',#8869,#8867,#1283,.T.);
#7574=EDGE_CURVE('',#8866,#8870,#1284,.T.);
#7575=EDGE_CURVE('',#8871,#8870,#1285,.T.);
#7576=EDGE_CURVE('',#8868,#8871,#1286,.T.);
#7577=EDGE_CURVE('',#8872,#8870,#9452,.T.);
#7578=EDGE_CURVE('',#8873,#8872,#1287,.T.);
#7579=EDGE_CURVE('',#8873,#8871,#9453,.T.);
#7580=EDGE_CURVE('',#8872,#8874,#1288,.T.);
#7581=EDGE_CURVE('',#8875,#8874,#1289,.T.);
#7582=EDGE_CURVE('',#8873,#8875,#1290,.T.);
#7583=EDGE_CURVE('',#8876,#8874,#9454,.T.);
#7584=EDGE_CURVE('',#8877,#8876,#1291,.T.);
#7585=EDGE_CURVE('',#8877,#8875,#9455,.T.);
#7586=EDGE_CURVE('',#8878,#8876,#1292,.T.);
#7587=EDGE_CURVE('',#8879,#8878,#1293,.T.);
#7588=EDGE_CURVE('',#8879,#8877,#1294,.T.);
#7589=EDGE_CURVE('',#8880,#8878,#9456,.T.);
#7590=EDGE_CURVE('',#8881,#8880,#1295,.T.);
#7591=EDGE_CURVE('',#8881,#8879,#9457,.T.);
#7592=EDGE_CURVE('',#7747,#7760,#1296,.T.);
#7593=EDGE_CURVE('',#7749,#7761,#1297,.T.);
#7594=EDGE_CURVE('',#7763,#7776,#1298,.T.);
#7595=EDGE_CURVE('',#7765,#7777,#1299,.T.);
#7596=EDGE_CURVE('',#7779,#7792,#1300,.T.);
#7597=EDGE_CURVE('',#7781,#7793,#1301,.T.);
#7598=EDGE_CURVE('',#7795,#7808,#1302,.T.);
#7599=EDGE_CURVE('',#7797,#7809,#1303,.T.);
#7600=EDGE_CURVE('',#7811,#7824,#1304,.T.);
#7601=EDGE_CURVE('',#7813,#7825,#1305,.T.);
#7602=EDGE_CURVE('',#7827,#7840,#1306,.T.);
#7603=EDGE_CURVE('',#7829,#7841,#1307,.T.);
#7604=EDGE_CURVE('',#7843,#7856,#1308,.T.);
#7605=EDGE_CURVE('',#7845,#7857,#1309,.T.);
#7606=EDGE_CURVE('',#7859,#7872,#1310,.T.);
#7607=EDGE_CURVE('',#7861,#7873,#1311,.T.);
#7608=EDGE_CURVE('',#7875,#7888,#1312,.T.);
#7609=EDGE_CURVE('',#7877,#7889,#1313,.T.);
#7610=EDGE_CURVE('',#7891,#7904,#1314,.T.);
#7611=EDGE_CURVE('',#7893,#7905,#1315,.T.);
#7612=EDGE_CURVE('',#7907,#7920,#1316,.T.);
#7613=EDGE_CURVE('',#7909,#7921,#1317,.T.);
#7614=EDGE_CURVE('',#7923,#7936,#1318,.T.);
#7615=EDGE_CURVE('',#7925,#7937,#1319,.T.);
#7616=EDGE_CURVE('',#7939,#7952,#1320,.T.);
#7617=EDGE_CURVE('',#7941,#7953,#1321,.T.);
#7618=EDGE_CURVE('',#7955,#7968,#1322,.T.);
#7619=EDGE_CURVE('',#7957,#7969,#1323,.T.);
#7620=EDGE_CURVE('',#7971,#7984,#1324,.T.);
#7621=EDGE_CURVE('',#7973,#7985,#1325,.T.);
#7622=EDGE_CURVE('',#7987,#8000,#1326,.T.);
#7623=EDGE_CURVE('',#7989,#8001,#1327,.T.);
#7624=EDGE_CURVE('',#8003,#8016,#1328,.T.);
#7625=EDGE_CURVE('',#8005,#8017,#1329,.T.);
#7626=EDGE_CURVE('',#8019,#8032,#1330,.T.);
#7627=EDGE_CURVE('',#8021,#8033,#1331,.T.);
#7628=EDGE_CURVE('',#8035,#8048,#1332,.T.);
#7629=EDGE_CURVE('',#8037,#8049,#1333,.T.);
#7630=EDGE_CURVE('',#8051,#8064,#1334,.T.);
#7631=EDGE_CURVE('',#8053,#8065,#1335,.T.);
#7632=EDGE_CURVE('',#8067,#8080,#1336,.T.);
#7633=EDGE_CURVE('',#8069,#8081,#1337,.T.);
#7634=EDGE_CURVE('',#8083,#8096,#1338,.T.);
#7635=EDGE_CURVE('',#8085,#8097,#1339,.T.);
#7636=EDGE_CURVE('',#8099,#8112,#1340,.T.);
#7637=EDGE_CURVE('',#8101,#8113,#1341,.T.);
#7638=EDGE_CURVE('',#8115,#8128,#1342,.T.);
#7639=EDGE_CURVE('',#8117,#8129,#1343,.T.);
#7640=EDGE_CURVE('',#8131,#8144,#1344,.T.);
#7641=EDGE_CURVE('',#8133,#8145,#1345,.T.);
#7642=EDGE_CURVE('',#8147,#8160,#1346,.T.);
#7643=EDGE_CURVE('',#8149,#8161,#1347,.T.);
#7644=EDGE_CURVE('',#8163,#8176,#1348,.T.);
#7645=EDGE_CURVE('',#8165,#8177,#1349,.T.);
#7646=EDGE_CURVE('',#8179,#8192,#1350,.T.);
#7647=EDGE_CURVE('',#8181,#8193,#1351,.T.);
#7648=EDGE_CURVE('',#8195,#8208,#1352,.T.);
#7649=EDGE_CURVE('',#8197,#8209,#1353,.T.);
#7650=EDGE_CURVE('',#8211,#8224,#1354,.T.);
#7651=EDGE_CURVE('',#8213,#8225,#1355,.T.);
#7652=EDGE_CURVE('',#8227,#8240,#1356,.T.);
#7653=EDGE_CURVE('',#8229,#8241,#1357,.T.);
#7654=EDGE_CURVE('',#8243,#8256,#1358,.T.);
#7655=EDGE_CURVE('',#8245,#8257,#1359,.T.);
#7656=EDGE_CURVE('',#8259,#8272,#1360,.T.);
#7657=EDGE_CURVE('',#8261,#8273,#1361,.T.);
#7658=EDGE_CURVE('',#8275,#8288,#1362,.T.);
#7659=EDGE_CURVE('',#8277,#8289,#1363,.T.);
#7660=EDGE_CURVE('',#8291,#8304,#1364,.T.);
#7661=EDGE_CURVE('',#8293,#8305,#1365,.T.);
#7662=EDGE_CURVE('',#8307,#8320,#1366,.T.);
#7663=EDGE_CURVE('',#8309,#8321,#1367,.T.);
#7664=EDGE_CURVE('',#8323,#8336,#1368,.T.);
#7665=EDGE_CURVE('',#8325,#8337,#1369,.T.);
#7666=EDGE_CURVE('',#8339,#8352,#1370,.T.);
#7667=EDGE_CURVE('',#8341,#8353,#1371,.T.);
#7668=EDGE_CURVE('',#8355,#8368,#1372,.T.);
#7669=EDGE_CURVE('',#8357,#8369,#1373,.T.);
#7670=EDGE_CURVE('',#8371,#8384,#1374,.T.);
#7671=EDGE_CURVE('',#8373,#8385,#1375,.T.);
#7672=EDGE_CURVE('',#8387,#8400,#1376,.T.);
#7673=EDGE_CURVE('',#8389,#8401,#1377,.T.);
#7674=EDGE_CURVE('',#8403,#8416,#1378,.T.);
#7675=EDGE_CURVE('',#8405,#8417,#1379,.T.);
#7676=EDGE_CURVE('',#8419,#8432,#1380,.T.);
#7677=EDGE_CURVE('',#8421,#8433,#1381,.T.);
#7678=EDGE_CURVE('',#8435,#8448,#1382,.T.);
#7679=EDGE_CURVE('',#8437,#8449,#1383,.T.);
#7680=EDGE_CURVE('',#8451,#8464,#1384,.T.);
#7681=EDGE_CURVE('',#8453,#8465,#1385,.T.);
#7682=EDGE_CURVE('',#8467,#8480,#1386,.T.);
#7683=EDGE_CURVE('',#8469,#8481,#1387,.T.);
#7684=EDGE_CURVE('',#8483,#8496,#1388,.T.);
#7685=EDGE_CURVE('',#8485,#8497,#1389,.T.);
#7686=EDGE_CURVE('',#8499,#8512,#1390,.T.);
#7687=EDGE_CURVE('',#8501,#8513,#1391,.T.);
#7688=EDGE_CURVE('',#8515,#8528,#1392,.T.);
#7689=EDGE_CURVE('',#8517,#8529,#1393,.T.);
#7690=EDGE_CURVE('',#8531,#8544,#1394,.T.);
#7691=EDGE_CURVE('',#8533,#8545,#1395,.T.);
#7692=EDGE_CURVE('',#8547,#8560,#1396,.T.);
#7693=EDGE_CURVE('',#8549,#8561,#1397,.T.);
#7694=EDGE_CURVE('',#8563,#8576,#1398,.T.);
#7695=EDGE_CURVE('',#8565,#8577,#1399,.T.);
#7696=EDGE_CURVE('',#8579,#8592,#1400,.T.);
#7697=EDGE_CURVE('',#8581,#8593,#1401,.T.);
#7698=EDGE_CURVE('',#8595,#8608,#1402,.T.);
#7699=EDGE_CURVE('',#8597,#8609,#1403,.T.);
#7700=EDGE_CURVE('',#8611,#8624,#1404,.T.);
#7701=EDGE_CURVE('',#8613,#8625,#1405,.T.);
#7702=EDGE_CURVE('',#8627,#8640,#1406,.T.);
#7703=EDGE_CURVE('',#8629,#8641,#1407,.T.);
#7704=EDGE_CURVE('',#8643,#8656,#1408,.T.);
#7705=EDGE_CURVE('',#8645,#8657,#1409,.T.);
#7706=EDGE_CURVE('',#8659,#8672,#1410,.T.);
#7707=EDGE_CURVE('',#8661,#8673,#1411,.T.);
#7708=EDGE_CURVE('',#8675,#8688,#1412,.T.);
#7709=EDGE_CURVE('',#8677,#8689,#1413,.T.);
#7710=EDGE_CURVE('',#8691,#8704,#1414,.T.);
#7711=EDGE_CURVE('',#8693,#8705,#1415,.T.);
#7712=EDGE_CURVE('',#8707,#8720,#1416,.T.);
#7713=EDGE_CURVE('',#8709,#8721,#1417,.T.);
#7714=EDGE_CURVE('',#8723,#8736,#1418,.T.);
#7715=EDGE_CURVE('',#8725,#8737,#1419,.T.);
#7716=EDGE_CURVE('',#8739,#8752,#1420,.T.);
#7717=EDGE_CURVE('',#8741,#8753,#1421,.T.);
#7718=EDGE_CURVE('',#8755,#8768,#1422,.T.);
#7719=EDGE_CURVE('',#8757,#8769,#1423,.T.);
#7720=EDGE_CURVE('',#8771,#8784,#1424,.T.);
#7721=EDGE_CURVE('',#8773,#8785,#1425,.T.);
#7722=EDGE_CURVE('',#8787,#8800,#1426,.T.);
#7723=EDGE_CURVE('',#8789,#8801,#1427,.T.);
#7724=EDGE_CURVE('',#8803,#8816,#1428,.T.);
#7725=EDGE_CURVE('',#8805,#8817,#1429,.T.);
#7726=EDGE_CURVE('',#8819,#8832,#1430,.T.);
#7727=EDGE_CURVE('',#8821,#8833,#1431,.T.);
#7728=EDGE_CURVE('',#8835,#8848,#1432,.T.);
#7729=EDGE_CURVE('',#8837,#8849,#1433,.T.);
#7730=EDGE_CURVE('',#8851,#8864,#1434,.T.);
#7731=EDGE_CURVE('',#8853,#8865,#1435,.T.);
#7732=EDGE_CURVE('',#8867,#8880,#1436,.T.);
#7733=EDGE_CURVE('',#8869,#8881,#1437,.T.);
#7734=EDGE_CURVE('',#8882,#8883,#1438,.T.);
#7735=EDGE_CURVE('',#8884,#8882,#1439,.T.);
#7736=EDGE_CURVE('',#8884,#8885,#1440,.T.);
#7737=EDGE_CURVE('',#8885,#8883,#1441,.T.);
#7738=EDGE_CURVE('',#8886,#8887,#1442,.T.);
#7739=EDGE_CURVE('',#8888,#8886,#1443,.T.);
#7740=EDGE_CURVE('',#8888,#8889,#1444,.T.);
#7741=EDGE_CURVE('',#8889,#8887,#1445,.T.);
#7742=EDGE_CURVE('',#8882,#8889,#1446,.T.);
#7743=EDGE_CURVE('',#8883,#8887,#1447,.T.);
#7744=EDGE_CURVE('',#8884,#8888,#1448,.T.);
#7745=EDGE_CURVE('',#8885,#8886,#1449,.T.);
#7746=VERTEX_POINT('',#16340);
#7747=VERTEX_POINT('',#16341);
#7748=VERTEX_POINT('',#16343);
#7749=VERTEX_POINT('',#16345);
#7750=VERTEX_POINT('',#16349);
#7751=VERTEX_POINT('',#16351);
#7752=VERTEX_POINT('',#16355);
#7753=VERTEX_POINT('',#16357);
#7754=VERTEX_POINT('',#16361);
#7755=VERTEX_POINT('',#16363);
#7756=VERTEX_POINT('',#16367);
#7757=VERTEX_POINT('',#16369);
#7758=VERTEX_POINT('',#16373);
#7759=VERTEX_POINT('',#16375);
#7760=VERTEX_POINT('',#16379);
#7761=VERTEX_POINT('',#16381);
#7762=VERTEX_POINT('',#16385);
#7763=VERTEX_POINT('',#16386);
#7764=VERTEX_POINT('',#16388);
#7765=VERTEX_POINT('',#16390);
#7766=VERTEX_POINT('',#16394);
#7767=VERTEX_POINT('',#16396);
#7768=VERTEX_POINT('',#16400);
#7769=VERTEX_POINT('',#16402);
#7770=VERTEX_POINT('',#16406);
#7771=VERTEX_POINT('',#16408);
#7772=VERTEX_POINT('',#16412);
#7773=VERTEX_POINT('',#16414);
#7774=VERTEX_POINT('',#16418);
#7775=VERTEX_POINT('',#16420);
#7776=VERTEX_POINT('',#16424);
#7777=VERTEX_POINT('',#16426);
#7778=VERTEX_POINT('',#16430);
#7779=VERTEX_POINT('',#16431);
#7780=VERTEX_POINT('',#16433);
#7781=VERTEX_POINT('',#16435);
#7782=VERTEX_POINT('',#16439);
#7783=VERTEX_POINT('',#16441);
#7784=VERTEX_POINT('',#16445);
#7785=VERTEX_POINT('',#16447);
#7786=VERTEX_POINT('',#16451);
#7787=VERTEX_POINT('',#16453);
#7788=VERTEX_POINT('',#16457);
#7789=VERTEX_POINT('',#16459);
#7790=VERTEX_POINT('',#16463);
#7791=VERTEX_POINT('',#16465);
#7792=VERTEX_POINT('',#16469);
#7793=VERTEX_POINT('',#16471);
#7794=VERTEX_POINT('',#16475);
#7795=VERTEX_POINT('',#16476);
#7796=VERTEX_POINT('',#16478);
#7797=VERTEX_POINT('',#16480);
#7798=VERTEX_POINT('',#16484);
#7799=VERTEX_POINT('',#16486);
#7800=VERTEX_POINT('',#16490);
#7801=VERTEX_POINT('',#16492);
#7802=VERTEX_POINT('',#16496);
#7803=VERTEX_POINT('',#16498);
#7804=VERTEX_POINT('',#16502);
#7805=VERTEX_POINT('',#16504);
#7806=VERTEX_POINT('',#16508);
#7807=VERTEX_POINT('',#16510);
#7808=VERTEX_POINT('',#16514);
#7809=VERTEX_POINT('',#16516);
#7810=VERTEX_POINT('',#16520);
#7811=VERTEX_POINT('',#16521);
#7812=VERTEX_POINT('',#16523);
#7813=VERTEX_POINT('',#16525);
#7814=VERTEX_POINT('',#16529);
#7815=VERTEX_POINT('',#16531);
#7816=VERTEX_POINT('',#16535);
#7817=VERTEX_POINT('',#16537);
#7818=VERTEX_POINT('',#16541);
#7819=VERTEX_POINT('',#16543);
#7820=VERTEX_POINT('',#16547);
#7821=VERTEX_POINT('',#16549);
#7822=VERTEX_POINT('',#16553);
#7823=VERTEX_POINT('',#16555);
#7824=VERTEX_POINT('',#16559);
#7825=VERTEX_POINT('',#16561);
#7826=VERTEX_POINT('',#16565);
#7827=VERTEX_POINT('',#16566);
#7828=VERTEX_POINT('',#16568);
#7829=VERTEX_POINT('',#16570);
#7830=VERTEX_POINT('',#16574);
#7831=VERTEX_POINT('',#16576);
#7832=VERTEX_POINT('',#16580);
#7833=VERTEX_POINT('',#16582);
#7834=VERTEX_POINT('',#16586);
#7835=VERTEX_POINT('',#16588);
#7836=VERTEX_POINT('',#16592);
#7837=VERTEX_POINT('',#16594);
#7838=VERTEX_POINT('',#16598);
#7839=VERTEX_POINT('',#16600);
#7840=VERTEX_POINT('',#16604);
#7841=VERTEX_POINT('',#16606);
#7842=VERTEX_POINT('',#16610);
#7843=VERTEX_POINT('',#16611);
#7844=VERTEX_POINT('',#16613);
#7845=VERTEX_POINT('',#16615);
#7846=VERTEX_POINT('',#16619);
#7847=VERTEX_POINT('',#16621);
#7848=VERTEX_POINT('',#16625);
#7849=VERTEX_POINT('',#16627);
#7850=VERTEX_POINT('',#16631);
#7851=VERTEX_POINT('',#16633);
#7852=VERTEX_POINT('',#16637);
#7853=VERTEX_POINT('',#16639);
#7854=VERTEX_POINT('',#16643);
#7855=VERTEX_POINT('',#16645);
#7856=VERTEX_POINT('',#16649);
#7857=VERTEX_POINT('',#16651);
#7858=VERTEX_POINT('',#16655);
#7859=VERTEX_POINT('',#16656);
#7860=VERTEX_POINT('',#16658);
#7861=VERTEX_POINT('',#16660);
#7862=VERTEX_POINT('',#16664);
#7863=VERTEX_POINT('',#16666);
#7864=VERTEX_POINT('',#16670);
#7865=VERTEX_POINT('',#16672);
#7866=VERTEX_POINT('',#16676);
#7867=VERTEX_POINT('',#16678);
#7868=VERTEX_POINT('',#16682);
#7869=VERTEX_POINT('',#16684);
#7870=VERTEX_POINT('',#16688);
#7871=VERTEX_POINT('',#16690);
#7872=VERTEX_POINT('',#16694);
#7873=VERTEX_POINT('',#16696);
#7874=VERTEX_POINT('',#16700);
#7875=VERTEX_POINT('',#16701);
#7876=VERTEX_POINT('',#16703);
#7877=VERTEX_POINT('',#16705);
#7878=VERTEX_POINT('',#16709);
#7879=VERTEX_POINT('',#16711);
#7880=VERTEX_POINT('',#16715);
#7881=VERTEX_POINT('',#16717);
#7882=VERTEX_POINT('',#16721);
#7883=VERTEX_POINT('',#16723);
#7884=VERTEX_POINT('',#16727);
#7885=VERTEX_POINT('',#16729);
#7886=VERTEX_POINT('',#16733);
#7887=VERTEX_POINT('',#16735);
#7888=VERTEX_POINT('',#16739);
#7889=VERTEX_POINT('',#16741);
#7890=VERTEX_POINT('',#16745);
#7891=VERTEX_POINT('',#16746);
#7892=VERTEX_POINT('',#16748);
#7893=VERTEX_POINT('',#16750);
#7894=VERTEX_POINT('',#16754);
#7895=VERTEX_POINT('',#16756);
#7896=VERTEX_POINT('',#16760);
#7897=VERTEX_POINT('',#16762);
#7898=VERTEX_POINT('',#16766);
#7899=VERTEX_POINT('',#16768);
#7900=VERTEX_POINT('',#16772);
#7901=VERTEX_POINT('',#16774);
#7902=VERTEX_POINT('',#16778);
#7903=VERTEX_POINT('',#16780);
#7904=VERTEX_POINT('',#16784);
#7905=VERTEX_POINT('',#16786);
#7906=VERTEX_POINT('',#16790);
#7907=VERTEX_POINT('',#16791);
#7908=VERTEX_POINT('',#16793);
#7909=VERTEX_POINT('',#16795);
#7910=VERTEX_POINT('',#16799);
#7911=VERTEX_POINT('',#16801);
#7912=VERTEX_POINT('',#16805);
#7913=VERTEX_POINT('',#16807);
#7914=VERTEX_POINT('',#16811);
#7915=VERTEX_POINT('',#16813);
#7916=VERTEX_POINT('',#16817);
#7917=VERTEX_POINT('',#16819);
#7918=VERTEX_POINT('',#16823);
#7919=VERTEX_POINT('',#16825);
#7920=VERTEX_POINT('',#16829);
#7921=VERTEX_POINT('',#16831);
#7922=VERTEX_POINT('',#16835);
#7923=VERTEX_POINT('',#16836);
#7924=VERTEX_POINT('',#16838);
#7925=VERTEX_POINT('',#16840);
#7926=VERTEX_POINT('',#16844);
#7927=VERTEX_POINT('',#16846);
#7928=VERTEX_POINT('',#16850);
#7929=VERTEX_POINT('',#16852);
#7930=VERTEX_POINT('',#16856);
#7931=VERTEX_POINT('',#16858);
#7932=VERTEX_POINT('',#16862);
#7933=VERTEX_POINT('',#16864);
#7934=VERTEX_POINT('',#16868);
#7935=VERTEX_POINT('',#16870);
#7936=VERTEX_POINT('',#16874);
#7937=VERTEX_POINT('',#16876);
#7938=VERTEX_POINT('',#16880);
#7939=VERTEX_POINT('',#16881);
#7940=VERTEX_POINT('',#16883);
#7941=VERTEX_POINT('',#16885);
#7942=VERTEX_POINT('',#16889);
#7943=VERTEX_POINT('',#16891);
#7944=VERTEX_POINT('',#16895);
#7945=VERTEX_POINT('',#16897);
#7946=VERTEX_POINT('',#16901);
#7947=VERTEX_POINT('',#16903);
#7948=VERTEX_POINT('',#16907);
#7949=VERTEX_POINT('',#16909);
#7950=VERTEX_POINT('',#16913);
#7951=VERTEX_POINT('',#16915);
#7952=VERTEX_POINT('',#16919);
#7953=VERTEX_POINT('',#16921);
#7954=VERTEX_POINT('',#16925);
#7955=VERTEX_POINT('',#16926);
#7956=VERTEX_POINT('',#16928);
#7957=VERTEX_POINT('',#16930);
#7958=VERTEX_POINT('',#16934);
#7959=VERTEX_POINT('',#16936);
#7960=VERTEX_POINT('',#16940);
#7961=VERTEX_POINT('',#16942);
#7962=VERTEX_POINT('',#16946);
#7963=VERTEX_POINT('',#16948);
#7964=VERTEX_POINT('',#16952);
#7965=VERTEX_POINT('',#16954);
#7966=VERTEX_POINT('',#16958);
#7967=VERTEX_POINT('',#16960);
#7968=VERTEX_POINT('',#16964);
#7969=VERTEX_POINT('',#16966);
#7970=VERTEX_POINT('',#16970);
#7971=VERTEX_POINT('',#16971);
#7972=VERTEX_POINT('',#16973);
#7973=VERTEX_POINT('',#16975);
#7974=VERTEX_POINT('',#16979);
#7975=VERTEX_POINT('',#16981);
#7976=VERTEX_POINT('',#16985);
#7977=VERTEX_POINT('',#16987);
#7978=VERTEX_POINT('',#16991);
#7979=VERTEX_POINT('',#16993);
#7980=VERTEX_POINT('',#16997);
#7981=VERTEX_POINT('',#16999);
#7982=VERTEX_POINT('',#17003);
#7983=VERTEX_POINT('',#17005);
#7984=VERTEX_POINT('',#17009);
#7985=VERTEX_POINT('',#17011);
#7986=VERTEX_POINT('',#17015);
#7987=VERTEX_POINT('',#17016);
#7988=VERTEX_POINT('',#17018);
#7989=VERTEX_POINT('',#17020);
#7990=VERTEX_POINT('',#17024);
#7991=VERTEX_POINT('',#17026);
#7992=VERTEX_POINT('',#17030);
#7993=VERTEX_POINT('',#17032);
#7994=VERTEX_POINT('',#17036);
#7995=VERTEX_POINT('',#17038);
#7996=VERTEX_POINT('',#17042);
#7997=VERTEX_POINT('',#17044);
#7998=VERTEX_POINT('',#17048);
#7999=VERTEX_POINT('',#17050);
#8000=VERTEX_POINT('',#17054);
#8001=VERTEX_POINT('',#17056);
#8002=VERTEX_POINT('',#17060);
#8003=VERTEX_POINT('',#17061);
#8004=VERTEX_POINT('',#17063);
#8005=VERTEX_POINT('',#17065);
#8006=VERTEX_POINT('',#17069);
#8007=VERTEX_POINT('',#17071);
#8008=VERTEX_POINT('',#17075);
#8009=VERTEX_POINT('',#17077);
#8010=VERTEX_POINT('',#17081);
#8011=VERTEX_POINT('',#17083);
#8012=VERTEX_POINT('',#17087);
#8013=VERTEX_POINT('',#17089);
#8014=VERTEX_POINT('',#17093);
#8015=VERTEX_POINT('',#17095);
#8016=VERTEX_POINT('',#17099);
#8017=VERTEX_POINT('',#17101);
#8018=VERTEX_POINT('',#17105);
#8019=VERTEX_POINT('',#17106);
#8020=VERTEX_POINT('',#17108);
#8021=VERTEX_POINT('',#17110);
#8022=VERTEX_POINT('',#17114);
#8023=VERTEX_POINT('',#17116);
#8024=VERTEX_POINT('',#17120);
#8025=VERTEX_POINT('',#17122);
#8026=VERTEX_POINT('',#17126);
#8027=VERTEX_POINT('',#17128);
#8028=VERTEX_POINT('',#17132);
#8029=VERTEX_POINT('',#17134);
#8030=VERTEX_POINT('',#17138);
#8031=VERTEX_POINT('',#17140);
#8032=VERTEX_POINT('',#17144);
#8033=VERTEX_POINT('',#17146);
#8034=VERTEX_POINT('',#17150);
#8035=VERTEX_POINT('',#17151);
#8036=VERTEX_POINT('',#17153);
#8037=VERTEX_POINT('',#17155);
#8038=VERTEX_POINT('',#17159);
#8039=VERTEX_POINT('',#17161);
#8040=VERTEX_POINT('',#17165);
#8041=VERTEX_POINT('',#17167);
#8042=VERTEX_POINT('',#17171);
#8043=VERTEX_POINT('',#17173);
#8044=VERTEX_POINT('',#17177);
#8045=VERTEX_POINT('',#17179);
#8046=VERTEX_POINT('',#17183);
#8047=VERTEX_POINT('',#17185);
#8048=VERTEX_POINT('',#17189);
#8049=VERTEX_POINT('',#17191);
#8050=VERTEX_POINT('',#17195);
#8051=VERTEX_POINT('',#17196);
#8052=VERTEX_POINT('',#17198);
#8053=VERTEX_POINT('',#17200);
#8054=VERTEX_POINT('',#17204);
#8055=VERTEX_POINT('',#17206);
#8056=VERTEX_POINT('',#17210);
#8057=VERTEX_POINT('',#17212);
#8058=VERTEX_POINT('',#17216);
#8059=VERTEX_POINT('',#17218);
#8060=VERTEX_POINT('',#17222);
#8061=VERTEX_POINT('',#17224);
#8062=VERTEX_POINT('',#17228);
#8063=VERTEX_POINT('',#17230);
#8064=VERTEX_POINT('',#17234);
#8065=VERTEX_POINT('',#17236);
#8066=VERTEX_POINT('',#17240);
#8067=VERTEX_POINT('',#17241);
#8068=VERTEX_POINT('',#17243);
#8069=VERTEX_POINT('',#17245);
#8070=VERTEX_POINT('',#17249);
#8071=VERTEX_POINT('',#17251);
#8072=VERTEX_POINT('',#17255);
#8073=VERTEX_POINT('',#17257);
#8074=VERTEX_POINT('',#17261);
#8075=VERTEX_POINT('',#17263);
#8076=VERTEX_POINT('',#17267);
#8077=VERTEX_POINT('',#17269);
#8078=VERTEX_POINT('',#17273);
#8079=VERTEX_POINT('',#17275);
#8080=VERTEX_POINT('',#17279);
#8081=VERTEX_POINT('',#17281);
#8082=VERTEX_POINT('',#17285);
#8083=VERTEX_POINT('',#17286);
#8084=VERTEX_POINT('',#17288);
#8085=VERTEX_POINT('',#17290);
#8086=VERTEX_POINT('',#17294);
#8087=VERTEX_POINT('',#17296);
#8088=VERTEX_POINT('',#17300);
#8089=VERTEX_POINT('',#17302);
#8090=VERTEX_POINT('',#17306);
#8091=VERTEX_POINT('',#17308);
#8092=VERTEX_POINT('',#17312);
#8093=VERTEX_POINT('',#17314);
#8094=VERTEX_POINT('',#17318);
#8095=VERTEX_POINT('',#17320);
#8096=VERTEX_POINT('',#17324);
#8097=VERTEX_POINT('',#17326);
#8098=VERTEX_POINT('',#17330);
#8099=VERTEX_POINT('',#17331);
#8100=VERTEX_POINT('',#17333);
#8101=VERTEX_POINT('',#17335);
#8102=VERTEX_POINT('',#17339);
#8103=VERTEX_POINT('',#17341);
#8104=VERTEX_POINT('',#17345);
#8105=VERTEX_POINT('',#17347);
#8106=VERTEX_POINT('',#17351);
#8107=VERTEX_POINT('',#17353);
#8108=VERTEX_POINT('',#17357);
#8109=VERTEX_POINT('',#17359);
#8110=VERTEX_POINT('',#17363);
#8111=VERTEX_POINT('',#17365);
#8112=VERTEX_POINT('',#17369);
#8113=VERTEX_POINT('',#17371);
#8114=VERTEX_POINT('',#17375);
#8115=VERTEX_POINT('',#17376);
#8116=VERTEX_POINT('',#17378);
#8117=VERTEX_POINT('',#17380);
#8118=VERTEX_POINT('',#17384);
#8119=VERTEX_POINT('',#17386);
#8120=VERTEX_POINT('',#17390);
#8121=VERTEX_POINT('',#17392);
#8122=VERTEX_POINT('',#17396);
#8123=VERTEX_POINT('',#17398);
#8124=VERTEX_POINT('',#17402);
#8125=VERTEX_POINT('',#17404);
#8126=VERTEX_POINT('',#17408);
#8127=VERTEX_POINT('',#17410);
#8128=VERTEX_POINT('',#17414);
#8129=VERTEX_POINT('',#17416);
#8130=VERTEX_POINT('',#17420);
#8131=VERTEX_POINT('',#17421);
#8132=VERTEX_POINT('',#17423);
#8133=VERTEX_POINT('',#17425);
#8134=VERTEX_POINT('',#17429);
#8135=VERTEX_POINT('',#17431);
#8136=VERTEX_POINT('',#17435);
#8137=VERTEX_POINT('',#17437);
#8138=VERTEX_POINT('',#17441);
#8139=VERTEX_POINT('',#17443);
#8140=VERTEX_POINT('',#17447);
#8141=VERTEX_POINT('',#17449);
#8142=VERTEX_POINT('',#17453);
#8143=VERTEX_POINT('',#17455);
#8144=VERTEX_POINT('',#17459);
#8145=VERTEX_POINT('',#17461);
#8146=VERTEX_POINT('',#17465);
#8147=VERTEX_POINT('',#17466);
#8148=VERTEX_POINT('',#17468);
#8149=VERTEX_POINT('',#17470);
#8150=VERTEX_POINT('',#17474);
#8151=VERTEX_POINT('',#17476);
#8152=VERTEX_POINT('',#17480);
#8153=VERTEX_POINT('',#17482);
#8154=VERTEX_POINT('',#17486);
#8155=VERTEX_POINT('',#17488);
#8156=VERTEX_POINT('',#17492);
#8157=VERTEX_POINT('',#17494);
#8158=VERTEX_POINT('',#17498);
#8159=VERTEX_POINT('',#17500);
#8160=VERTEX_POINT('',#17504);
#8161=VERTEX_POINT('',#17506);
#8162=VERTEX_POINT('',#17510);
#8163=VERTEX_POINT('',#17511);
#8164=VERTEX_POINT('',#17513);
#8165=VERTEX_POINT('',#17515);
#8166=VERTEX_POINT('',#17519);
#8167=VERTEX_POINT('',#17521);
#8168=VERTEX_POINT('',#17525);
#8169=VERTEX_POINT('',#17527);
#8170=VERTEX_POINT('',#17531);
#8171=VERTEX_POINT('',#17533);
#8172=VERTEX_POINT('',#17537);
#8173=VERTEX_POINT('',#17539);
#8174=VERTEX_POINT('',#17543);
#8175=VERTEX_POINT('',#17545);
#8176=VERTEX_POINT('',#17549);
#8177=VERTEX_POINT('',#17551);
#8178=VERTEX_POINT('',#17555);
#8179=VERTEX_POINT('',#17556);
#8180=VERTEX_POINT('',#17558);
#8181=VERTEX_POINT('',#17560);
#8182=VERTEX_POINT('',#17564);
#8183=VERTEX_POINT('',#17566);
#8184=VERTEX_POINT('',#17570);
#8185=VERTEX_POINT('',#17572);
#8186=VERTEX_POINT('',#17576);
#8187=VERTEX_POINT('',#17578);
#8188=VERTEX_POINT('',#17582);
#8189=VERTEX_POINT('',#17584);
#8190=VERTEX_POINT('',#17588);
#8191=VERTEX_POINT('',#17590);
#8192=VERTEX_POINT('',#17594);
#8193=VERTEX_POINT('',#17596);
#8194=VERTEX_POINT('',#17600);
#8195=VERTEX_POINT('',#17601);
#8196=VERTEX_POINT('',#17603);
#8197=VERTEX_POINT('',#17605);
#8198=VERTEX_POINT('',#17609);
#8199=VERTEX_POINT('',#17611);
#8200=VERTEX_POINT('',#17615);
#8201=VERTEX_POINT('',#17617);
#8202=VERTEX_POINT('',#17621);
#8203=VERTEX_POINT('',#17623);
#8204=VERTEX_POINT('',#17627);
#8205=VERTEX_POINT('',#17629);
#8206=VERTEX_POINT('',#17633);
#8207=VERTEX_POINT('',#17635);
#8208=VERTEX_POINT('',#17639);
#8209=VERTEX_POINT('',#17641);
#8210=VERTEX_POINT('',#17645);
#8211=VERTEX_POINT('',#17646);
#8212=VERTEX_POINT('',#17648);
#8213=VERTEX_POINT('',#17650);
#8214=VERTEX_POINT('',#17654);
#8215=VERTEX_POINT('',#17656);
#8216=VERTEX_POINT('',#17660);
#8217=VERTEX_POINT('',#17662);
#8218=VERTEX_POINT('',#17666);
#8219=VERTEX_POINT('',#17668);
#8220=VERTEX_POINT('',#17672);
#8221=VERTEX_POINT('',#17674);
#8222=VERTEX_POINT('',#17678);
#8223=VERTEX_POINT('',#17680);
#8224=VERTEX_POINT('',#17684);
#8225=VERTEX_POINT('',#17686);
#8226=VERTEX_POINT('',#17690);
#8227=VERTEX_POINT('',#17691);
#8228=VERTEX_POINT('',#17693);
#8229=VERTEX_POINT('',#17695);
#8230=VERTEX_POINT('',#17699);
#8231=VERTEX_POINT('',#17701);
#8232=VERTEX_POINT('',#17705);
#8233=VERTEX_POINT('',#17707);
#8234=VERTEX_POINT('',#17711);
#8235=VERTEX_POINT('',#17713);
#8236=VERTEX_POINT('',#17717);
#8237=VERTEX_POINT('',#17719);
#8238=VERTEX_POINT('',#17723);
#8239=VERTEX_POINT('',#17725);
#8240=VERTEX_POINT('',#17729);
#8241=VERTEX_POINT('',#17731);
#8242=VERTEX_POINT('',#17735);
#8243=VERTEX_POINT('',#17736);
#8244=VERTEX_POINT('',#17738);
#8245=VERTEX_POINT('',#17740);
#8246=VERTEX_POINT('',#17744);
#8247=VERTEX_POINT('',#17746);
#8248=VERTEX_POINT('',#17750);
#8249=VERTEX_POINT('',#17752);
#8250=VERTEX_POINT('',#17756);
#8251=VERTEX_POINT('',#17758);
#8252=VERTEX_POINT('',#17762);
#8253=VERTEX_POINT('',#17764);
#8254=VERTEX_POINT('',#17768);
#8255=VERTEX_POINT('',#17770);
#8256=VERTEX_POINT('',#17774);
#8257=VERTEX_POINT('',#17776);
#8258=VERTEX_POINT('',#17780);
#8259=VERTEX_POINT('',#17781);
#8260=VERTEX_POINT('',#17783);
#8261=VERTEX_POINT('',#17785);
#8262=VERTEX_POINT('',#17789);
#8263=VERTEX_POINT('',#17791);
#8264=VERTEX_POINT('',#17795);
#8265=VERTEX_POINT('',#17797);
#8266=VERTEX_POINT('',#17801);
#8267=VERTEX_POINT('',#17803);
#8268=VERTEX_POINT('',#17807);
#8269=VERTEX_POINT('',#17809);
#8270=VERTEX_POINT('',#17813);
#8271=VERTEX_POINT('',#17815);
#8272=VERTEX_POINT('',#17819);
#8273=VERTEX_POINT('',#17821);
#8274=VERTEX_POINT('',#17825);
#8275=VERTEX_POINT('',#17826);
#8276=VERTEX_POINT('',#17828);
#8277=VERTEX_POINT('',#17830);
#8278=VERTEX_POINT('',#17834);
#8279=VERTEX_POINT('',#17836);
#8280=VERTEX_POINT('',#17840);
#8281=VERTEX_POINT('',#17842);
#8282=VERTEX_POINT('',#17846);
#8283=VERTEX_POINT('',#17848);
#8284=VERTEX_POINT('',#17852);
#8285=VERTEX_POINT('',#17854);
#8286=VERTEX_POINT('',#17858);
#8287=VERTEX_POINT('',#17860);
#8288=VERTEX_POINT('',#17864);
#8289=VERTEX_POINT('',#17866);
#8290=VERTEX_POINT('',#17870);
#8291=VERTEX_POINT('',#17871);
#8292=VERTEX_POINT('',#17873);
#8293=VERTEX_POINT('',#17875);
#8294=VERTEX_POINT('',#17879);
#8295=VERTEX_POINT('',#17881);
#8296=VERTEX_POINT('',#17885);
#8297=VERTEX_POINT('',#17887);
#8298=VERTEX_POINT('',#17891);
#8299=VERTEX_POINT('',#17893);
#8300=VERTEX_POINT('',#17897);
#8301=VERTEX_POINT('',#17899);
#8302=VERTEX_POINT('',#17903);
#8303=VERTEX_POINT('',#17905);
#8304=VERTEX_POINT('',#17909);
#8305=VERTEX_POINT('',#17911);
#8306=VERTEX_POINT('',#17915);
#8307=VERTEX_POINT('',#17916);
#8308=VERTEX_POINT('',#17918);
#8309=VERTEX_POINT('',#17920);
#8310=VERTEX_POINT('',#17924);
#8311=VERTEX_POINT('',#17926);
#8312=VERTEX_POINT('',#17930);
#8313=VERTEX_POINT('',#17932);
#8314=VERTEX_POINT('',#17936);
#8315=VERTEX_POINT('',#17938);
#8316=VERTEX_POINT('',#17942);
#8317=VERTEX_POINT('',#17944);
#8318=VERTEX_POINT('',#17948);
#8319=VERTEX_POINT('',#17950);
#8320=VERTEX_POINT('',#17954);
#8321=VERTEX_POINT('',#17956);
#8322=VERTEX_POINT('',#17960);
#8323=VERTEX_POINT('',#17961);
#8324=VERTEX_POINT('',#17963);
#8325=VERTEX_POINT('',#17965);
#8326=VERTEX_POINT('',#17969);
#8327=VERTEX_POINT('',#17971);
#8328=VERTEX_POINT('',#17975);
#8329=VERTEX_POINT('',#17977);
#8330=VERTEX_POINT('',#17981);
#8331=VERTEX_POINT('',#17983);
#8332=VERTEX_POINT('',#17987);
#8333=VERTEX_POINT('',#17989);
#8334=VERTEX_POINT('',#17993);
#8335=VERTEX_POINT('',#17995);
#8336=VERTEX_POINT('',#17999);
#8337=VERTEX_POINT('',#18001);
#8338=VERTEX_POINT('',#18005);
#8339=VERTEX_POINT('',#18006);
#8340=VERTEX_POINT('',#18008);
#8341=VERTEX_POINT('',#18010);
#8342=VERTEX_POINT('',#18014);
#8343=VERTEX_POINT('',#18016);
#8344=VERTEX_POINT('',#18020);
#8345=VERTEX_POINT('',#18022);
#8346=VERTEX_POINT('',#18026);
#8347=VERTEX_POINT('',#18028);
#8348=VERTEX_POINT('',#18032);
#8349=VERTEX_POINT('',#18034);
#8350=VERTEX_POINT('',#18038);
#8351=VERTEX_POINT('',#18040);
#8352=VERTEX_POINT('',#18044);
#8353=VERTEX_POINT('',#18046);
#8354=VERTEX_POINT('',#18050);
#8355=VERTEX_POINT('',#18051);
#8356=VERTEX_POINT('',#18053);
#8357=VERTEX_POINT('',#18055);
#8358=VERTEX_POINT('',#18059);
#8359=VERTEX_POINT('',#18061);
#8360=VERTEX_POINT('',#18065);
#8361=VERTEX_POINT('',#18067);
#8362=VERTEX_POINT('',#18071);
#8363=VERTEX_POINT('',#18073);
#8364=VERTEX_POINT('',#18077);
#8365=VERTEX_POINT('',#18079);
#8366=VERTEX_POINT('',#18083);
#8367=VERTEX_POINT('',#18085);
#8368=VERTEX_POINT('',#18089);
#8369=VERTEX_POINT('',#18091);
#8370=VERTEX_POINT('',#18095);
#8371=VERTEX_POINT('',#18096);
#8372=VERTEX_POINT('',#18098);
#8373=VERTEX_POINT('',#18100);
#8374=VERTEX_POINT('',#18104);
#8375=VERTEX_POINT('',#18106);
#8376=VERTEX_POINT('',#18110);
#8377=VERTEX_POINT('',#18112);
#8378=VERTEX_POINT('',#18116);
#8379=VERTEX_POINT('',#18118);
#8380=VERTEX_POINT('',#18122);
#8381=VERTEX_POINT('',#18124);
#8382=VERTEX_POINT('',#18128);
#8383=VERTEX_POINT('',#18130);
#8384=VERTEX_POINT('',#18134);
#8385=VERTEX_POINT('',#18136);
#8386=VERTEX_POINT('',#18140);
#8387=VERTEX_POINT('',#18141);
#8388=VERTEX_POINT('',#18143);
#8389=VERTEX_POINT('',#18145);
#8390=VERTEX_POINT('',#18149);
#8391=VERTEX_POINT('',#18151);
#8392=VERTEX_POINT('',#18155);
#8393=VERTEX_POINT('',#18157);
#8394=VERTEX_POINT('',#18161);
#8395=VERTEX_POINT('',#18163);
#8396=VERTEX_POINT('',#18167);
#8397=VERTEX_POINT('',#18169);
#8398=VERTEX_POINT('',#18173);
#8399=VERTEX_POINT('',#18175);
#8400=VERTEX_POINT('',#18179);
#8401=VERTEX_POINT('',#18181);
#8402=VERTEX_POINT('',#18185);
#8403=VERTEX_POINT('',#18186);
#8404=VERTEX_POINT('',#18188);
#8405=VERTEX_POINT('',#18190);
#8406=VERTEX_POINT('',#18194);
#8407=VERTEX_POINT('',#18196);
#8408=VERTEX_POINT('',#18200);
#8409=VERTEX_POINT('',#18202);
#8410=VERTEX_POINT('',#18206);
#8411=VERTEX_POINT('',#18208);
#8412=VERTEX_POINT('',#18212);
#8413=VERTEX_POINT('',#18214);
#8414=VERTEX_POINT('',#18218);
#8415=VERTEX_POINT('',#18220);
#8416=VERTEX_POINT('',#18224);
#8417=VERTEX_POINT('',#18226);
#8418=VERTEX_POINT('',#18230);
#8419=VERTEX_POINT('',#18231);
#8420=VERTEX_POINT('',#18233);
#8421=VERTEX_POINT('',#18235);
#8422=VERTEX_POINT('',#18239);
#8423=VERTEX_POINT('',#18241);
#8424=VERTEX_POINT('',#18245);
#8425=VERTEX_POINT('',#18247);
#8426=VERTEX_POINT('',#18251);
#8427=VERTEX_POINT('',#18253);
#8428=VERTEX_POINT('',#18257);
#8429=VERTEX_POINT('',#18259);
#8430=VERTEX_POINT('',#18263);
#8431=VERTEX_POINT('',#18265);
#8432=VERTEX_POINT('',#18269);
#8433=VERTEX_POINT('',#18271);
#8434=VERTEX_POINT('',#18275);
#8435=VERTEX_POINT('',#18276);
#8436=VERTEX_POINT('',#18278);
#8437=VERTEX_POINT('',#18280);
#8438=VERTEX_POINT('',#18284);
#8439=VERTEX_POINT('',#18286);
#8440=VERTEX_POINT('',#18290);
#8441=VERTEX_POINT('',#18292);
#8442=VERTEX_POINT('',#18296);
#8443=VERTEX_POINT('',#18298);
#8444=VERTEX_POINT('',#18302);
#8445=VERTEX_POINT('',#18304);
#8446=VERTEX_POINT('',#18308);
#8447=VERTEX_POINT('',#18310);
#8448=VERTEX_POINT('',#18314);
#8449=VERTEX_POINT('',#18316);
#8450=VERTEX_POINT('',#18320);
#8451=VERTEX_POINT('',#18321);
#8452=VERTEX_POINT('',#18323);
#8453=VERTEX_POINT('',#18325);
#8454=VERTEX_POINT('',#18329);
#8455=VERTEX_POINT('',#18331);
#8456=VERTEX_POINT('',#18335);
#8457=VERTEX_POINT('',#18337);
#8458=VERTEX_POINT('',#18341);
#8459=VERTEX_POINT('',#18343);
#8460=VERTEX_POINT('',#18347);
#8461=VERTEX_POINT('',#18349);
#8462=VERTEX_POINT('',#18353);
#8463=VERTEX_POINT('',#18355);
#8464=VERTEX_POINT('',#18359);
#8465=VERTEX_POINT('',#18361);
#8466=VERTEX_POINT('',#18365);
#8467=VERTEX_POINT('',#18366);
#8468=VERTEX_POINT('',#18368);
#8469=VERTEX_POINT('',#18370);
#8470=VERTEX_POINT('',#18374);
#8471=VERTEX_POINT('',#18376);
#8472=VERTEX_POINT('',#18380);
#8473=VERTEX_POINT('',#18382);
#8474=VERTEX_POINT('',#18386);
#8475=VERTEX_POINT('',#18388);
#8476=VERTEX_POINT('',#18392);
#8477=VERTEX_POINT('',#18394);
#8478=VERTEX_POINT('',#18398);
#8479=VERTEX_POINT('',#18400);
#8480=VERTEX_POINT('',#18404);
#8481=VERTEX_POINT('',#18406);
#8482=VERTEX_POINT('',#18410);
#8483=VERTEX_POINT('',#18411);
#8484=VERTEX_POINT('',#18413);
#8485=VERTEX_POINT('',#18415);
#8486=VERTEX_POINT('',#18419);
#8487=VERTEX_POINT('',#18421);
#8488=VERTEX_POINT('',#18425);
#8489=VERTEX_POINT('',#18427);
#8490=VERTEX_POINT('',#18431);
#8491=VERTEX_POINT('',#18433);
#8492=VERTEX_POINT('',#18437);
#8493=VERTEX_POINT('',#18439);
#8494=VERTEX_POINT('',#18443);
#8495=VERTEX_POINT('',#18445);
#8496=VERTEX_POINT('',#18449);
#8497=VERTEX_POINT('',#18451);
#8498=VERTEX_POINT('',#18455);
#8499=VERTEX_POINT('',#18456);
#8500=VERTEX_POINT('',#18458);
#8501=VERTEX_POINT('',#18460);
#8502=VERTEX_POINT('',#18464);
#8503=VERTEX_POINT('',#18466);
#8504=VERTEX_POINT('',#18470);
#8505=VERTEX_POINT('',#18472);
#8506=VERTEX_POINT('',#18476);
#8507=VERTEX_POINT('',#18478);
#8508=VERTEX_POINT('',#18482);
#8509=VERTEX_POINT('',#18484);
#8510=VERTEX_POINT('',#18488);
#8511=VERTEX_POINT('',#18490);
#8512=VERTEX_POINT('',#18494);
#8513=VERTEX_POINT('',#18496);
#8514=VERTEX_POINT('',#18500);
#8515=VERTEX_POINT('',#18501);
#8516=VERTEX_POINT('',#18503);
#8517=VERTEX_POINT('',#18505);
#8518=VERTEX_POINT('',#18509);
#8519=VERTEX_POINT('',#18511);
#8520=VERTEX_POINT('',#18515);
#8521=VERTEX_POINT('',#18517);
#8522=VERTEX_POINT('',#18521);
#8523=VERTEX_POINT('',#18523);
#8524=VERTEX_POINT('',#18527);
#8525=VERTEX_POINT('',#18529);
#8526=VERTEX_POINT('',#18533);
#8527=VERTEX_POINT('',#18535);
#8528=VERTEX_POINT('',#18539);
#8529=VERTEX_POINT('',#18541);
#8530=VERTEX_POINT('',#18545);
#8531=VERTEX_POINT('',#18546);
#8532=VERTEX_POINT('',#18548);
#8533=VERTEX_POINT('',#18550);
#8534=VERTEX_POINT('',#18554);
#8535=VERTEX_POINT('',#18556);
#8536=VERTEX_POINT('',#18560);
#8537=VERTEX_POINT('',#18562);
#8538=VERTEX_POINT('',#18566);
#8539=VERTEX_POINT('',#18568);
#8540=VERTEX_POINT('',#18572);
#8541=VERTEX_POINT('',#18574);
#8542=VERTEX_POINT('',#18578);
#8543=VERTEX_POINT('',#18580);
#8544=VERTEX_POINT('',#18584);
#8545=VERTEX_POINT('',#18586);
#8546=VERTEX_POINT('',#18590);
#8547=VERTEX_POINT('',#18591);
#8548=VERTEX_POINT('',#18593);
#8549=VERTEX_POINT('',#18595);
#8550=VERTEX_POINT('',#18599);
#8551=VERTEX_POINT('',#18601);
#8552=VERTEX_POINT('',#18605);
#8553=VERTEX_POINT('',#18607);
#8554=VERTEX_POINT('',#18611);
#8555=VERTEX_POINT('',#18613);
#8556=VERTEX_POINT('',#18617);
#8557=VERTEX_POINT('',#18619);
#8558=VERTEX_POINT('',#18623);
#8559=VERTEX_POINT('',#18625);
#8560=VERTEX_POINT('',#18629);
#8561=VERTEX_POINT('',#18631);
#8562=VERTEX_POINT('',#18635);
#8563=VERTEX_POINT('',#18636);
#8564=VERTEX_POINT('',#18638);
#8565=VERTEX_POINT('',#18640);
#8566=VERTEX_POINT('',#18644);
#8567=VERTEX_POINT('',#18646);
#8568=VERTEX_POINT('',#18650);
#8569=VERTEX_POINT('',#18652);
#8570=VERTEX_POINT('',#18656);
#8571=VERTEX_POINT('',#18658);
#8572=VERTEX_POINT('',#18662);
#8573=VERTEX_POINT('',#18664);
#8574=VERTEX_POINT('',#18668);
#8575=VERTEX_POINT('',#18670);
#8576=VERTEX_POINT('',#18674);
#8577=VERTEX_POINT('',#18676);
#8578=VERTEX_POINT('',#18680);
#8579=VERTEX_POINT('',#18681);
#8580=VERTEX_POINT('',#18683);
#8581=VERTEX_POINT('',#18685);
#8582=VERTEX_POINT('',#18689);
#8583=VERTEX_POINT('',#18691);
#8584=VERTEX_POINT('',#18695);
#8585=VERTEX_POINT('',#18697);
#8586=VERTEX_POINT('',#18701);
#8587=VERTEX_POINT('',#18703);
#8588=VERTEX_POINT('',#18707);
#8589=VERTEX_POINT('',#18709);
#8590=VERTEX_POINT('',#18713);
#8591=VERTEX_POINT('',#18715);
#8592=VERTEX_POINT('',#18719);
#8593=VERTEX_POINT('',#18721);
#8594=VERTEX_POINT('',#18725);
#8595=VERTEX_POINT('',#18726);
#8596=VERTEX_POINT('',#18728);
#8597=VERTEX_POINT('',#18730);
#8598=VERTEX_POINT('',#18734);
#8599=VERTEX_POINT('',#18736);
#8600=VERTEX_POINT('',#18740);
#8601=VERTEX_POINT('',#18742);
#8602=VERTEX_POINT('',#18746);
#8603=VERTEX_POINT('',#18748);
#8604=VERTEX_POINT('',#18752);
#8605=VERTEX_POINT('',#18754);
#8606=VERTEX_POINT('',#18758);
#8607=VERTEX_POINT('',#18760);
#8608=VERTEX_POINT('',#18764);
#8609=VERTEX_POINT('',#18766);
#8610=VERTEX_POINT('',#18770);
#8611=VERTEX_POINT('',#18771);
#8612=VERTEX_POINT('',#18773);
#8613=VERTEX_POINT('',#18775);
#8614=VERTEX_POINT('',#18779);
#8615=VERTEX_POINT('',#18781);
#8616=VERTEX_POINT('',#18785);
#8617=VERTEX_POINT('',#18787);
#8618=VERTEX_POINT('',#18791);
#8619=VERTEX_POINT('',#18793);
#8620=VERTEX_POINT('',#18797);
#8621=VERTEX_POINT('',#18799);
#8622=VERTEX_POINT('',#18803);
#8623=VERTEX_POINT('',#18805);
#8624=VERTEX_POINT('',#18809);
#8625=VERTEX_POINT('',#18811);
#8626=VERTEX_POINT('',#18815);
#8627=VERTEX_POINT('',#18816);
#8628=VERTEX_POINT('',#18818);
#8629=VERTEX_POINT('',#18820);
#8630=VERTEX_POINT('',#18824);
#8631=VERTEX_POINT('',#18826);
#8632=VERTEX_POINT('',#18830);
#8633=VERTEX_POINT('',#18832);
#8634=VERTEX_POINT('',#18836);
#8635=VERTEX_POINT('',#18838);
#8636=VERTEX_POINT('',#18842);
#8637=VERTEX_POINT('',#18844);
#8638=VERTEX_POINT('',#18848);
#8639=VERTEX_POINT('',#18850);
#8640=VERTEX_POINT('',#18854);
#8641=VERTEX_POINT('',#18856);
#8642=VERTEX_POINT('',#18860);
#8643=VERTEX_POINT('',#18861);
#8644=VERTEX_POINT('',#18863);
#8645=VERTEX_POINT('',#18865);
#8646=VERTEX_POINT('',#18869);
#8647=VERTEX_POINT('',#18871);
#8648=VERTEX_POINT('',#18875);
#8649=VERTEX_POINT('',#18877);
#8650=VERTEX_POINT('',#18881);
#8651=VERTEX_POINT('',#18883);
#8652=VERTEX_POINT('',#18887);
#8653=VERTEX_POINT('',#18889);
#8654=VERTEX_POINT('',#18893);
#8655=VERTEX_POINT('',#18895);
#8656=VERTEX_POINT('',#18899);
#8657=VERTEX_POINT('',#18901);
#8658=VERTEX_POINT('',#18905);
#8659=VERTEX_POINT('',#18906);
#8660=VERTEX_POINT('',#18908);
#8661=VERTEX_POINT('',#18910);
#8662=VERTEX_POINT('',#18914);
#8663=VERTEX_POINT('',#18916);
#8664=VERTEX_POINT('',#18920);
#8665=VERTEX_POINT('',#18922);
#8666=VERTEX_POINT('',#18926);
#8667=VERTEX_POINT('',#18928);
#8668=VERTEX_POINT('',#18932);
#8669=VERTEX_POINT('',#18934);
#8670=VERTEX_POINT('',#18938);
#8671=VERTEX_POINT('',#18940);
#8672=VERTEX_POINT('',#18944);
#8673=VERTEX_POINT('',#18946);
#8674=VERTEX_POINT('',#18950);
#8675=VERTEX_POINT('',#18951);
#8676=VERTEX_POINT('',#18953);
#8677=VERTEX_POINT('',#18955);
#8678=VERTEX_POINT('',#18959);
#8679=VERTEX_POINT('',#18961);
#8680=VERTEX_POINT('',#18965);
#8681=VERTEX_POINT('',#18967);
#8682=VERTEX_POINT('',#18971);
#8683=VERTEX_POINT('',#18973);
#8684=VERTEX_POINT('',#18977);
#8685=VERTEX_POINT('',#18979);
#8686=VERTEX_POINT('',#18983);
#8687=VERTEX_POINT('',#18985);
#8688=VERTEX_POINT('',#18989);
#8689=VERTEX_POINT('',#18991);
#8690=VERTEX_POINT('',#18995);
#8691=VERTEX_POINT('',#18996);
#8692=VERTEX_POINT('',#18998);
#8693=VERTEX_POINT('',#19000);
#8694=VERTEX_POINT('',#19004);
#8695=VERTEX_POINT('',#19006);
#8696=VERTEX_POINT('',#19010);
#8697=VERTEX_POINT('',#19012);
#8698=VERTEX_POINT('',#19016);
#8699=VERTEX_POINT('',#19018);
#8700=VERTEX_POINT('',#19022);
#8701=VERTEX_POINT('',#19024);
#8702=VERTEX_POINT('',#19028);
#8703=VERTEX_POINT('',#19030);
#8704=VERTEX_POINT('',#19034);
#8705=VERTEX_POINT('',#19036);
#8706=VERTEX_POINT('',#19040);
#8707=VERTEX_POINT('',#19041);
#8708=VERTEX_POINT('',#19043);
#8709=VERTEX_POINT('',#19045);
#8710=VERTEX_POINT('',#19049);
#8711=VERTEX_POINT('',#19051);
#8712=VERTEX_POINT('',#19055);
#8713=VERTEX_POINT('',#19057);
#8714=VERTEX_POINT('',#19061);
#8715=VERTEX_POINT('',#19063);
#8716=VERTEX_POINT('',#19067);
#8717=VERTEX_POINT('',#19069);
#8718=VERTEX_POINT('',#19073);
#8719=VERTEX_POINT('',#19075);
#8720=VERTEX_POINT('',#19079);
#8721=VERTEX_POINT('',#19081);
#8722=VERTEX_POINT('',#19085);
#8723=VERTEX_POINT('',#19086);
#8724=VERTEX_POINT('',#19088);
#8725=VERTEX_POINT('',#19090);
#8726=VERTEX_POINT('',#19094);
#8727=VERTEX_POINT('',#19096);
#8728=VERTEX_POINT('',#19100);
#8729=VERTEX_POINT('',#19102);
#8730=VERTEX_POINT('',#19106);
#8731=VERTEX_POINT('',#19108);
#8732=VERTEX_POINT('',#19112);
#8733=VERTEX_POINT('',#19114);
#8734=VERTEX_POINT('',#19118);
#8735=VERTEX_POINT('',#19120);
#8736=VERTEX_POINT('',#19124);
#8737=VERTEX_POINT('',#19126);
#8738=VERTEX_POINT('',#19130);
#8739=VERTEX_POINT('',#19131);
#8740=VERTEX_POINT('',#19133);
#8741=VERTEX_POINT('',#19135);
#8742=VERTEX_POINT('',#19139);
#8743=VERTEX_POINT('',#19141);
#8744=VERTEX_POINT('',#19145);
#8745=VERTEX_POINT('',#19147);
#8746=VERTEX_POINT('',#19151);
#8747=VERTEX_POINT('',#19153);
#8748=VERTEX_POINT('',#19157);
#8749=VERTEX_POINT('',#19159);
#8750=VERTEX_POINT('',#19163);
#8751=VERTEX_POINT('',#19165);
#8752=VERTEX_POINT('',#19169);
#8753=VERTEX_POINT('',#19171);
#8754=VERTEX_POINT('',#19175);
#8755=VERTEX_POINT('',#19176);
#8756=VERTEX_POINT('',#19178);
#8757=VERTEX_POINT('',#19180);
#8758=VERTEX_POINT('',#19184);
#8759=VERTEX_POINT('',#19186);
#8760=VERTEX_POINT('',#19190);
#8761=VERTEX_POINT('',#19192);
#8762=VERTEX_POINT('',#19196);
#8763=VERTEX_POINT('',#19198);
#8764=VERTEX_POINT('',#19202);
#8765=VERTEX_POINT('',#19204);
#8766=VERTEX_POINT('',#19208);
#8767=VERTEX_POINT('',#19210);
#8768=VERTEX_POINT('',#19214);
#8769=VERTEX_POINT('',#19216);
#8770=VERTEX_POINT('',#19220);
#8771=VERTEX_POINT('',#19221);
#8772=VERTEX_POINT('',#19223);
#8773=VERTEX_POINT('',#19225);
#8774=VERTEX_POINT('',#19229);
#8775=VERTEX_POINT('',#19231);
#8776=VERTEX_POINT('',#19235);
#8777=VERTEX_POINT('',#19237);
#8778=VERTEX_POINT('',#19241);
#8779=VERTEX_POINT('',#19243);
#8780=VERTEX_POINT('',#19247);
#8781=VERTEX_POINT('',#19249);
#8782=VERTEX_POINT('',#19253);
#8783=VERTEX_POINT('',#19255);
#8784=VERTEX_POINT('',#19259);
#8785=VERTEX_POINT('',#19261);
#8786=VERTEX_POINT('',#19265);
#8787=VERTEX_POINT('',#19266);
#8788=VERTEX_POINT('',#19268);
#8789=VERTEX_POINT('',#19270);
#8790=VERTEX_POINT('',#19274);
#8791=VERTEX_POINT('',#19276);
#8792=VERTEX_POINT('',#19280);
#8793=VERTEX_POINT('',#19282);
#8794=VERTEX_POINT('',#19286);
#8795=VERTEX_POINT('',#19288);
#8796=VERTEX_POINT('',#19292);
#8797=VERTEX_POINT('',#19294);
#8798=VERTEX_POINT('',#19298);
#8799=VERTEX_POINT('',#19300);
#8800=VERTEX_POINT('',#19304);
#8801=VERTEX_POINT('',#19306);
#8802=VERTEX_POINT('',#19310);
#8803=VERTEX_POINT('',#19311);
#8804=VERTEX_POINT('',#19313);
#8805=VERTEX_POINT('',#19315);
#8806=VERTEX_POINT('',#19319);
#8807=VERTEX_POINT('',#19321);
#8808=VERTEX_POINT('',#19325);
#8809=VERTEX_POINT('',#19327);
#8810=VERTEX_POINT('',#19331);
#8811=VERTEX_POINT('',#19333);
#8812=VERTEX_POINT('',#19337);
#8813=VERTEX_POINT('',#19339);
#8814=VERTEX_POINT('',#19343);
#8815=VERTEX_POINT('',#19345);
#8816=VERTEX_POINT('',#19349);
#8817=VERTEX_POINT('',#19351);
#8818=VERTEX_POINT('',#19355);
#8819=VERTEX_POINT('',#19356);
#8820=VERTEX_POINT('',#19358);
#8821=VERTEX_POINT('',#19360);
#8822=VERTEX_POINT('',#19364);
#8823=VERTEX_POINT('',#19366);
#8824=VERTEX_POINT('',#19370);
#8825=VERTEX_POINT('',#19372);
#8826=VERTEX_POINT('',#19376);
#8827=VERTEX_POINT('',#19378);
#8828=VERTEX_POINT('',#19382);
#8829=VERTEX_POINT('',#19384);
#8830=VERTEX_POINT('',#19388);
#8831=VERTEX_POINT('',#19390);
#8832=VERTEX_POINT('',#19394);
#8833=VERTEX_POINT('',#19396);
#8834=VERTEX_POINT('',#19400);
#8835=VERTEX_POINT('',#19401);
#8836=VERTEX_POINT('',#19403);
#8837=VERTEX_POINT('',#19405);
#8838=VERTEX_POINT('',#19409);
#8839=VERTEX_POINT('',#19411);
#8840=VERTEX_POINT('',#19415);
#8841=VERTEX_POINT('',#19417);
#8842=VERTEX_POINT('',#19421);
#8843=VERTEX_POINT('',#19423);
#8844=VERTEX_POINT('',#19427);
#8845=VERTEX_POINT('',#19429);
#8846=VERTEX_POINT('',#19433);
#8847=VERTEX_POINT('',#19435);
#8848=VERTEX_POINT('',#19439);
#8849=VERTEX_POINT('',#19441);
#8850=VERTEX_POINT('',#19445);
#8851=VERTEX_POINT('',#19446);
#8852=VERTEX_POINT('',#19448);
#8853=VERTEX_POINT('',#19450);
#8854=VERTEX_POINT('',#19454);
#8855=VERTEX_POINT('',#19456);
#8856=VERTEX_POINT('',#19460);
#8857=VERTEX_POINT('',#19462);
#8858=VERTEX_POINT('',#19466);
#8859=VERTEX_POINT('',#19468);
#8860=VERTEX_POINT('',#19472);
#8861=VERTEX_POINT('',#19474);
#8862=VERTEX_POINT('',#19478);
#8863=VERTEX_POINT('',#19480);
#8864=VERTEX_POINT('',#19484);
#8865=VERTEX_POINT('',#19486);
#8866=VERTEX_POINT('',#19490);
#8867=VERTEX_POINT('',#19491);
#8868=VERTEX_POINT('',#19493);
#8869=VERTEX_POINT('',#19495);
#8870=VERTEX_POINT('',#19499);
#8871=VERTEX_POINT('',#19501);
#8872=VERTEX_POINT('',#19505);
#8873=VERTEX_POINT('',#19507);
#8874=VERTEX_POINT('',#19511);
#8875=VERTEX_POINT('',#19513);
#8876=VERTEX_POINT('',#19517);
#8877=VERTEX_POINT('',#19519);
#8878=VERTEX_POINT('',#19523);
#8879=VERTEX_POINT('',#19525);
#8880=VERTEX_POINT('',#19529);
#8881=VERTEX_POINT('',#19531);
#8882=VERTEX_POINT('',#19748);
#8883=VERTEX_POINT('',#19749);
#8884=VERTEX_POINT('',#19751);
#8885=VERTEX_POINT('',#19753);
#8886=VERTEX_POINT('',#19757);
#8887=VERTEX_POINT('',#19758);
#8888=VERTEX_POINT('',#19760);
#8889=VERTEX_POINT('',#19762);
#8890=CIRCLE('',#11762,0.0005);
#8891=CIRCLE('',#11763,0.0005);
#8892=CIRCLE('',#11766,0.0005);
#8893=CIRCLE('',#11767,0.0005);
#8894=CIRCLE('',#11770,0.0005);
#8895=CIRCLE('',#11771,0.0005);
#8896=CIRCLE('',#11774,0.0005);
#8897=CIRCLE('',#11775,0.0005);
#8898=CIRCLE('',#11777,0.0005);
#8899=CIRCLE('',#11778,0.0005);
#8900=CIRCLE('',#11781,0.000500000000000011);
#8901=CIRCLE('',#11782,0.000500000000000011);
#8902=CIRCLE('',#11785,0.000500000000000011);
#8903=CIRCLE('',#11786,0.000500000000000011);
#8904=CIRCLE('',#11789,0.0005);
#8905=CIRCLE('',#11790,0.0005);
#8906=CIRCLE('',#11792,0.0005);
#8907=CIRCLE('',#11793,0.0005);
#8908=CIRCLE('',#11796,0.000500000000000011);
#8909=CIRCLE('',#11797,0.000500000000000011);
#8910=CIRCLE('',#11800,0.000500000000000011);
#8911=CIRCLE('',#11801,0.000500000000000011);
#8912=CIRCLE('',#11804,0.0005);
#8913=CIRCLE('',#11805,0.0005);
#8914=CIRCLE('',#11807,0.000499999999999994);
#8915=CIRCLE('',#11808,0.000499999999999994);
#8916=CIRCLE('',#11811,0.0005);
#8917=CIRCLE('',#11812,0.0005);
#8918=CIRCLE('',#11815,0.0005);
#8919=CIRCLE('',#11816,0.0005);
#8920=CIRCLE('',#11819,0.000499999999999994);
#8921=CIRCLE('',#11820,0.000499999999999994);
#8922=CIRCLE('',#11822,0.0005);
#8923=CIRCLE('',#11823,0.0005);
#8924=CIRCLE('',#11826,0.000500000000000007);
#8925=CIRCLE('',#11827,0.000500000000000007);
#8926=CIRCLE('',#11830,0.000500000000000014);
#8927=CIRCLE('',#11831,0.000500000000000014);
#8928=CIRCLE('',#11834,0.000500000000000007);
#8929=CIRCLE('',#11835,0.000500000000000007);
#8930=CIRCLE('',#11837,0.0005);
#8931=CIRCLE('',#11838,0.0005);
#8932=CIRCLE('',#11841,0.0005);
#8933=CIRCLE('',#11842,0.0005);
#8934=CIRCLE('',#11845,0.000500000000000007);
#8935=CIRCLE('',#11846,0.000500000000000007);
#8936=CIRCLE('',#11849,0.000500000000000007);
#8937=CIRCLE('',#11850,0.000500000000000007);
#8938=CIRCLE('',#11852,0.0005);
#8939=CIRCLE('',#11853,0.0005);
#8940=CIRCLE('',#11856,0.0005);
#8941=CIRCLE('',#11857,0.0005);
#8942=CIRCLE('',#11860,0.0005);
#8943=CIRCLE('',#11861,0.0005);
#8944=CIRCLE('',#11864,0.0005);
#8945=CIRCLE('',#11865,0.0005);
#8946=CIRCLE('',#11867,0.000500000000000011);
#8947=CIRCLE('',#11868,0.000500000000000011);
#8948=CIRCLE('',#11871,0.0005);
#8949=CIRCLE('',#11872,0.0005);
#8950=CIRCLE('',#11875,0.0005);
#8951=CIRCLE('',#11876,0.0005);
#8952=CIRCLE('',#11879,0.000500000000000011);
#8953=CIRCLE('',#11880,0.000500000000000011);
#8954=CIRCLE('',#11882,0.000500000000000011);
#8955=CIRCLE('',#11883,0.000500000000000011);
#8956=CIRCLE('',#11886,0.0005);
#8957=CIRCLE('',#11887,0.0005);
#8958=CIRCLE('',#11890,0.0005);
#8959=CIRCLE('',#11891,0.0005);
#8960=CIRCLE('',#11894,0.000500000000000011);
#8961=CIRCLE('',#11895,0.000500000000000011);
#8962=CIRCLE('',#11897,0.0005);
#8963=CIRCLE('',#11898,0.0005);
#8964=CIRCLE('',#11901,0.0005);
#8965=CIRCLE('',#11902,0.0005);
#8966=CIRCLE('',#11905,0.0005);
#8967=CIRCLE('',#11906,0.0005);
#8968=CIRCLE('',#11909,0.0005);
#8969=CIRCLE('',#11910,0.0005);
#8970=CIRCLE('',#11912,0.0005);
#8971=CIRCLE('',#11913,0.0005);
#8972=CIRCLE('',#11916,0.0005);
#8973=CIRCLE('',#11917,0.0005);
#8974=CIRCLE('',#11920,0.0005);
#8975=CIRCLE('',#11921,0.0005);
#8976=CIRCLE('',#11924,0.0005);
#8977=CIRCLE('',#11925,0.0005);
#8978=CIRCLE('',#11927,0.0005);
#8979=CIRCLE('',#11928,0.0005);
#8980=CIRCLE('',#11931,0.0005);
#8981=CIRCLE('',#11932,0.0005);
#8982=CIRCLE('',#11935,0.0005);
#8983=CIRCLE('',#11936,0.0005);
#8984=CIRCLE('',#11939,0.0005);
#8985=CIRCLE('',#11940,0.0005);
#8986=CIRCLE('',#11942,0.000499999999999988);
#8987=CIRCLE('',#11943,0.000499999999999988);
#8988=CIRCLE('',#11946,0.000500000000000013);
#8989=CIRCLE('',#11947,0.000500000000000013);
#8990=CIRCLE('',#11950,0.000500000000000013);
#8991=CIRCLE('',#11951,0.000500000000000013);
#8992=CIRCLE('',#11954,0.000499999999999988);
#8993=CIRCLE('',#11955,0.000499999999999988);
#8994=CIRCLE('',#11957,0.0005);
#8995=CIRCLE('',#11958,0.0005);
#8996=CIRCLE('',#11961,0.000500000000000013);
#8997=CIRCLE('',#11962,0.000500000000000013);
#8998=CIRCLE('',#11965,0.000500000000000013);
#8999=CIRCLE('',#11966,0.000500000000000013);
#9000=CIRCLE('',#11969,0.0005);
#9001=CIRCLE('',#11970,0.0005);
#9002=CIRCLE('',#11972,0.0005);
#9003=CIRCLE('',#11973,0.0005);
#9004=CIRCLE('',#11976,0.0005);
#9005=CIRCLE('',#11977,0.0005);
#9006=CIRCLE('',#11980,0.0005);
#9007=CIRCLE('',#11981,0.0005);
#9008=CIRCLE('',#11984,0.0005);
#9009=CIRCLE('',#11985,0.0005);
#9010=CIRCLE('',#11987,0.0005);
#9011=CIRCLE('',#11988,0.0005);
#9012=CIRCLE('',#11991,0.000500000000000007);
#9013=CIRCLE('',#11992,0.000500000000000007);
#9014=CIRCLE('',#11995,0.000500000000000006);
#9015=CIRCLE('',#11996,0.000500000000000006);
#9016=CIRCLE('',#11999,0.0005);
#9017=CIRCLE('',#12000,0.0005);
#9018=CIRCLE('',#12002,0.0005);
#9019=CIRCLE('',#12003,0.0005);
#9020=CIRCLE('',#12006,0.0005);
#9021=CIRCLE('',#12007,0.0005);
#9022=CIRCLE('',#12010,0.0005);
#9023=CIRCLE('',#12011,0.0005);
#9024=CIRCLE('',#12014,0.0005);
#9025=CIRCLE('',#12015,0.0005);
#9026=CIRCLE('',#12017,0.0005);
#9027=CIRCLE('',#12018,0.0005);
#9028=CIRCLE('',#12021,0.0005);
#9029=CIRCLE('',#12022,0.0005);
#9030=CIRCLE('',#12025,0.0005);
#9031=CIRCLE('',#12026,0.0005);
#9032=CIRCLE('',#12029,0.0005);
#9033=CIRCLE('',#12030,0.0005);
#9034=CIRCLE('',#12032,0.0005);
#9035=CIRCLE('',#12033,0.0005);
#9036=CIRCLE('',#12036,0.0005);
#9037=CIRCLE('',#12037,0.0005);
#9038=CIRCLE('',#12040,0.0005);
#9039=CIRCLE('',#12041,0.0005);
#9040=CIRCLE('',#12044,0.0005);
#9041=CIRCLE('',#12045,0.0005);
#9042=CIRCLE('',#12047,0.0005);
#9043=CIRCLE('',#12048,0.0005);
#9044=CIRCLE('',#12051,0.0005);
#9045=CIRCLE('',#12052,0.0005);
#9046=CIRCLE('',#12055,0.0005);
#9047=CIRCLE('',#12056,0.0005);
#9048=CIRCLE('',#12059,0.0005);
#9049=CIRCLE('',#12060,0.0005);
#9050=CIRCLE('',#12062,0.000500000000000007);
#9051=CIRCLE('',#12063,0.000500000000000007);
#9052=CIRCLE('',#12066,0.0005);
#9053=CIRCLE('',#12067,0.0005);
#9054=CIRCLE('',#12070,0.0005);
#9055=CIRCLE('',#12071,0.0005);
#9056=CIRCLE('',#12074,0.000500000000000006);
#9057=CIRCLE('',#12075,0.000500000000000006);
#9058=CIRCLE('',#12077,0.0005);
#9059=CIRCLE('',#12078,0.0005);
#9060=CIRCLE('',#12081,0.0005);
#9061=CIRCLE('',#12082,0.0005);
#9062=CIRCLE('',#12085,0.0005);
#9063=CIRCLE('',#12086,0.0005);
#9064=CIRCLE('',#12089,0.0005);
#9065=CIRCLE('',#12090,0.0005);
#9066=CIRCLE('',#12092,0.000500000000000013);
#9067=CIRCLE('',#12093,0.000500000000000013);
#9068=CIRCLE('',#12096,0.0005);
#9069=CIRCLE('',#12097,0.0005);
#9070=CIRCLE('',#12100,0.0005);
#9071=CIRCLE('',#12101,0.0005);
#9072=CIRCLE('',#12104,0.000500000000000013);
#9073=CIRCLE('',#12105,0.000500000000000013);
#9074=CIRCLE('',#12107,0.0005);
#9075=CIRCLE('',#12108,0.0005);
#9076=CIRCLE('',#12111,0.0005);
#9077=CIRCLE('',#12112,0.0005);
#9078=CIRCLE('',#12115,0.0005);
#9079=CIRCLE('',#12116,0.0005);
#9080=CIRCLE('',#12119,0.0005);
#9081=CIRCLE('',#12120,0.0005);
#9082=CIRCLE('',#12122,0.0005);
#9083=CIRCLE('',#12123,0.0005);
#9084=CIRCLE('',#12126,0.0005);
#9085=CIRCLE('',#12127,0.0005);
#9086=CIRCLE('',#12130,0.0005);
#9087=CIRCLE('',#12131,0.0005);
#9088=CIRCLE('',#12134,0.0005);
#9089=CIRCLE('',#12135,0.0005);
#9090=CIRCLE('',#12137,0.0005);
#9091=CIRCLE('',#12138,0.0005);
#9092=CIRCLE('',#12141,0.0005);
#9093=CIRCLE('',#12142,0.0005);
#9094=CIRCLE('',#12145,0.0005);
#9095=CIRCLE('',#12146,0.0005);
#9096=CIRCLE('',#12149,0.0005);
#9097=CIRCLE('',#12150,0.0005);
#9098=CIRCLE('',#12152,0.0005);
#9099=CIRCLE('',#12153,0.0005);
#9100=CIRCLE('',#12156,0.0005);
#9101=CIRCLE('',#12157,0.0005);
#9102=CIRCLE('',#12160,0.0005);
#9103=CIRCLE('',#12161,0.0005);
#9104=CIRCLE('',#12164,0.0005);
#9105=CIRCLE('',#12165,0.0005);
#9106=CIRCLE('',#12167,0.0005);
#9107=CIRCLE('',#12168,0.0005);
#9108=CIRCLE('',#12171,0.0005);
#9109=CIRCLE('',#12172,0.0005);
#9110=CIRCLE('',#12175,0.0005);
#9111=CIRCLE('',#12176,0.0005);
#9112=CIRCLE('',#12179,0.0005);
#9113=CIRCLE('',#12180,0.0005);
#9114=CIRCLE('',#12182,0.0005);
#9115=CIRCLE('',#12183,0.0005);
#9116=CIRCLE('',#12186,0.0005);
#9117=CIRCLE('',#12187,0.0005);
#9118=CIRCLE('',#12190,0.0005);
#9119=CIRCLE('',#12191,0.0005);
#9120=CIRCLE('',#12194,0.0005);
#9121=CIRCLE('',#12195,0.0005);
#9122=CIRCLE('',#12197,0.0005);
#9123=CIRCLE('',#12198,0.0005);
#9124=CIRCLE('',#12201,0.0005);
#9125=CIRCLE('',#12202,0.0005);
#9126=CIRCLE('',#12205,0.0005);
#9127=CIRCLE('',#12206,0.0005);
#9128=CIRCLE('',#12209,0.0005);
#9129=CIRCLE('',#12210,0.0005);
#9130=CIRCLE('',#12212,0.0005);
#9131=CIRCLE('',#12213,0.0005);
#9132=CIRCLE('',#12216,0.0005);
#9133=CIRCLE('',#12217,0.0005);
#9134=CIRCLE('',#12220,0.0005);
#9135=CIRCLE('',#12221,0.0005);
#9136=CIRCLE('',#12224,0.0005);
#9137=CIRCLE('',#12225,0.0005);
#9138=CIRCLE('',#12227,0.0005);
#9139=CIRCLE('',#12228,0.0005);
#9140=CIRCLE('',#12231,0.0005);
#9141=CIRCLE('',#12232,0.0005);
#9142=CIRCLE('',#12235,0.0005);
#9143=CIRCLE('',#12236,0.0005);
#9144=CIRCLE('',#12239,0.0005);
#9145=CIRCLE('',#12240,0.0005);
#9146=CIRCLE('',#12242,0.0005);
#9147=CIRCLE('',#12243,0.0005);
#9148=CIRCLE('',#12246,0.0005);
#9149=CIRCLE('',#12247,0.0005);
#9150=CIRCLE('',#12250,0.0005);
#9151=CIRCLE('',#12251,0.0005);
#9152=CIRCLE('',#12254,0.0005);
#9153=CIRCLE('',#12255,0.0005);
#9154=CIRCLE('',#12257,0.0005);
#9155=CIRCLE('',#12258,0.0005);
#9156=CIRCLE('',#12261,0.0005);
#9157=CIRCLE('',#12262,0.0005);
#9158=CIRCLE('',#12265,0.0005);
#9159=CIRCLE('',#12266,0.0005);
#9160=CIRCLE('',#12269,0.0005);
#9161=CIRCLE('',#12270,0.0005);
#9162=CIRCLE('',#12272,0.0005);
#9163=CIRCLE('',#12273,0.0005);
#9164=CIRCLE('',#12276,0.0005);
#9165=CIRCLE('',#12277,0.0005);
#9166=CIRCLE('',#12280,0.0005);
#9167=CIRCLE('',#12281,0.0005);
#9168=CIRCLE('',#12284,0.0005);
#9169=CIRCLE('',#12285,0.0005);
#9170=CIRCLE('',#12287,0.0005);
#9171=CIRCLE('',#12288,0.0005);
#9172=CIRCLE('',#12291,0.0005);
#9173=CIRCLE('',#12292,0.0005);
#9174=CIRCLE('',#12295,0.0005);
#9175=CIRCLE('',#12296,0.0005);
#9176=CIRCLE('',#12299,0.0005);
#9177=CIRCLE('',#12300,0.0005);
#9178=CIRCLE('',#12302,0.0005);
#9179=CIRCLE('',#12303,0.0005);
#9180=CIRCLE('',#12306,0.0005);
#9181=CIRCLE('',#12307,0.0005);
#9182=CIRCLE('',#12310,0.0005);
#9183=CIRCLE('',#12311,0.0005);
#9184=CIRCLE('',#12314,0.0005);
#9185=CIRCLE('',#12315,0.0005);
#9186=CIRCLE('',#12317,0.0005);
#9187=CIRCLE('',#12318,0.0005);
#9188=CIRCLE('',#12321,0.0005);
#9189=CIRCLE('',#12322,0.0005);
#9190=CIRCLE('',#12325,0.0005);
#9191=CIRCLE('',#12326,0.0005);
#9192=CIRCLE('',#12329,0.0005);
#9193=CIRCLE('',#12330,0.0005);
#9194=CIRCLE('',#12332,0.000500000000000012);
#9195=CIRCLE('',#12333,0.000500000000000012);
#9196=CIRCLE('',#12336,0.0005);
#9197=CIRCLE('',#12337,0.0005);
#9198=CIRCLE('',#12340,0.0005);
#9199=CIRCLE('',#12341,0.0005);
#9200=CIRCLE('',#12344,0.000500000000000012);
#9201=CIRCLE('',#12345,0.000500000000000012);
#9202=CIRCLE('',#12347,0.0005);
#9203=CIRCLE('',#12348,0.0005);
#9204=CIRCLE('',#12351,0.0005);
#9205=CIRCLE('',#12352,0.0005);
#9206=CIRCLE('',#12355,0.0005);
#9207=CIRCLE('',#12356,0.0005);
#9208=CIRCLE('',#12359,0.0005);
#9209=CIRCLE('',#12360,0.0005);
#9210=CIRCLE('',#12362,0.000500000000000024);
#9211=CIRCLE('',#12363,0.000500000000000024);
#9212=CIRCLE('',#12366,0.000499999999999989);
#9213=CIRCLE('',#12367,0.000499999999999989);
#9214=CIRCLE('',#12370,0.000499999999999989);
#9215=CIRCLE('',#12371,0.000499999999999989);
#9216=CIRCLE('',#12374,0.000500000000000024);
#9217=CIRCLE('',#12375,0.000500000000000024);
#9218=CIRCLE('',#12377,0.000499999999999988);
#9219=CIRCLE('',#12378,0.000499999999999988);
#9220=CIRCLE('',#12381,0.0005);
#9221=CIRCLE('',#12382,0.0005);
#9222=CIRCLE('',#12385,0.0005);
#9223=CIRCLE('',#12386,0.0005);
#9224=CIRCLE('',#12389,0.000499999999999988);
#9225=CIRCLE('',#12390,0.000499999999999988);
#9226=CIRCLE('',#12392,0.0005);
#9227=CIRCLE('',#12393,0.0005);
#9228=CIRCLE('',#12396,0.000500000000000013);
#9229=CIRCLE('',#12397,0.000500000000000013);
#9230=CIRCLE('',#12400,0.000500000000000013);
#9231=CIRCLE('',#12401,0.000500000000000013);
#9232=CIRCLE('',#12404,0.0005);
#9233=CIRCLE('',#12405,0.0005);
#9234=CIRCLE('',#12407,0.0005);
#9235=CIRCLE('',#12408,0.0005);
#9236=CIRCLE('',#12411,0.0005);
#9237=CIRCLE('',#12412,0.0005);
#9238=CIRCLE('',#12415,0.0005);
#9239=CIRCLE('',#12416,0.0005);
#9240=CIRCLE('',#12419,0.0005);
#9241=CIRCLE('',#12420,0.0005);
#9242=CIRCLE('',#12422,0.0005);
#9243=CIRCLE('',#12423,0.0005);
#9244=CIRCLE('',#12426,0.0005);
#9245=CIRCLE('',#12427,0.0005);
#9246=CIRCLE('',#12430,0.0005);
#9247=CIRCLE('',#12431,0.0005);
#9248=CIRCLE('',#12434,0.000499999999999994);
#9249=CIRCLE('',#12435,0.000499999999999994);
#9250=CIRCLE('',#12437,0.0005);
#9251=CIRCLE('',#12438,0.0005);
#9252=CIRCLE('',#12441,0.0005);
#9253=CIRCLE('',#12442,0.0005);
#9254=CIRCLE('',#12445,0.0005);
#9255=CIRCLE('',#12446,0.0005);
#9256=CIRCLE('',#12449,0.000499999999999994);
#9257=CIRCLE('',#12450,0.000499999999999994);
#9258=CIRCLE('',#12452,0.0005);
#9259=CIRCLE('',#12453,0.0005);
#9260=CIRCLE('',#12456,0.0005);
#9261=CIRCLE('',#12457,0.0005);
#9262=CIRCLE('',#12460,0.0005);
#9263=CIRCLE('',#12461,0.0005);
#9264=CIRCLE('',#12464,0.0005);
#9265=CIRCLE('',#12465,0.0005);
#9266=CIRCLE('',#12467,0.0005);
#9267=CIRCLE('',#12468,0.0005);
#9268=CIRCLE('',#12471,0.0005);
#9269=CIRCLE('',#12472,0.0005);
#9270=CIRCLE('',#12475,0.0005);
#9271=CIRCLE('',#12476,0.0005);
#9272=CIRCLE('',#12479,0.0005);
#9273=CIRCLE('',#12480,0.0005);
#9274=CIRCLE('',#12482,0.0005);
#9275=CIRCLE('',#12483,0.0005);
#9276=CIRCLE('',#12486,0.0005);
#9277=CIRCLE('',#12487,0.0005);
#9278=CIRCLE('',#12490,0.0005);
#9279=CIRCLE('',#12491,0.0005);
#9280=CIRCLE('',#12494,0.0005);
#9281=CIRCLE('',#12495,0.0005);
#9282=CIRCLE('',#12497,0.0005);
#9283=CIRCLE('',#12498,0.0005);
#9284=CIRCLE('',#12501,0.0005);
#9285=CIRCLE('',#12502,0.0005);
#9286=CIRCLE('',#12505,0.0005);
#9287=CIRCLE('',#12506,0.0005);
#9288=CIRCLE('',#12509,0.0005);
#9289=CIRCLE('',#12510,0.0005);
#9290=CIRCLE('',#12512,0.0005);
#9291=CIRCLE('',#12513,0.0005);
#9292=CIRCLE('',#12516,0.0005);
#9293=CIRCLE('',#12517,0.0005);
#9294=CIRCLE('',#12520,0.000499999999999994);
#9295=CIRCLE('',#12521,0.000499999999999994);
#9296=CIRCLE('',#12524,0.0005);
#9297=CIRCLE('',#12525,0.0005);
#9298=CIRCLE('',#12527,0.0005);
#9299=CIRCLE('',#12528,0.0005);
#9300=CIRCLE('',#12531,0.0005);
#9301=CIRCLE('',#12532,0.0005);
#9302=CIRCLE('',#12535,0.0005);
#9303=CIRCLE('',#12536,0.0005);
#9304=CIRCLE('',#12539,0.0005);
#9305=CIRCLE('',#12540,0.0005);
#9306=CIRCLE('',#12542,0.0005);
#9307=CIRCLE('',#12543,0.0005);
#9308=CIRCLE('',#12546,0.0005);
#9309=CIRCLE('',#12547,0.0005);
#9310=CIRCLE('',#12550,0.0005);
#9311=CIRCLE('',#12551,0.0005);
#9312=CIRCLE('',#12554,0.0005);
#9313=CIRCLE('',#12555,0.0005);
#9314=CIRCLE('',#12557,0.000500000000000013);
#9315=CIRCLE('',#12558,0.000500000000000013);
#9316=CIRCLE('',#12561,0.0005);
#9317=CIRCLE('',#12562,0.0005);
#9318=CIRCLE('',#12565,0.0005);
#9319=CIRCLE('',#12566,0.0005);
#9320=CIRCLE('',#12569,0.000500000000000013);
#9321=CIRCLE('',#12570,0.000500000000000013);
#9322=CIRCLE('',#12572,0.0005);
#9323=CIRCLE('',#12573,0.0005);
#9324=CIRCLE('',#12576,0.0005);
#9325=CIRCLE('',#12577,0.0005);
#9326=CIRCLE('',#12580,0.0005);
#9327=CIRCLE('',#12581,0.0005);
#9328=CIRCLE('',#12584,0.0005);
#9329=CIRCLE('',#12585,0.0005);
#9330=CIRCLE('',#12587,0.0005);
#9331=CIRCLE('',#12588,0.0005);
#9332=CIRCLE('',#12591,0.0005);
#9333=CIRCLE('',#12592,0.0005);
#9334=CIRCLE('',#12595,0.0005);
#9335=CIRCLE('',#12596,0.0005);
#9336=CIRCLE('',#12599,0.0005);
#9337=CIRCLE('',#12600,0.0005);
#9338=CIRCLE('',#12602,0.000500000000000007);
#9339=CIRCLE('',#12603,0.000500000000000007);
#9340=CIRCLE('',#12606,0.000500000000000018);
#9341=CIRCLE('',#12607,0.000500000000000018);
#9342=CIRCLE('',#12610,0.000500000000000013);
#9343=CIRCLE('',#12611,0.000500000000000013);
#9344=CIRCLE('',#12614,0.0005);
#9345=CIRCLE('',#12615,0.0005);
#9346=CIRCLE('',#12617,0.0005);
#9347=CIRCLE('',#12618,0.0005);
#9348=CIRCLE('',#12621,0.0005);
#9349=CIRCLE('',#12622,0.0005);
#9350=CIRCLE('',#12625,0.0005);
#9351=CIRCLE('',#12626,0.0005);
#9352=CIRCLE('',#12629,0.0005);
#9353=CIRCLE('',#12630,0.0005);
#9354=CIRCLE('',#12632,0.00049999999999999);
#9355=CIRCLE('',#12633,0.00049999999999999);
#9356=CIRCLE('',#12636,0.0005);
#9357=CIRCLE('',#12637,0.0005);
#9358=CIRCLE('',#12640,0.0005);
#9359=CIRCLE('',#12641,0.0005);
#9360=CIRCLE('',#12644,0.00049999999999999);
#9361=CIRCLE('',#12645,0.00049999999999999);
#9362=CIRCLE('',#12647,0.0005);
#9363=CIRCLE('',#12648,0.0005);
#9364=CIRCLE('',#12651,0.000500000000000011);
#9365=CIRCLE('',#12652,0.000500000000000011);
#9366=CIRCLE('',#12655,0.000500000000000011);
#9367=CIRCLE('',#12656,0.000500000000000011);
#9368=CIRCLE('',#12659,0.0005);
#9369=CIRCLE('',#12660,0.0005);
#9370=CIRCLE('',#12662,0.0005);
#9371=CIRCLE('',#12663,0.0005);
#9372=CIRCLE('',#12666,0.0005);
#9373=CIRCLE('',#12667,0.0005);
#9374=CIRCLE('',#12670,0.0005);
#9375=CIRCLE('',#12671,0.0005);
#9376=CIRCLE('',#12674,0.0005);
#9377=CIRCLE('',#12675,0.0005);
#9378=CIRCLE('',#12677,0.0005);
#9379=CIRCLE('',#12678,0.0005);
#9380=CIRCLE('',#12681,0.0005);
#9381=CIRCLE('',#12682,0.0005);
#9382=CIRCLE('',#12685,0.0005);
#9383=CIRCLE('',#12686,0.0005);
#9384=CIRCLE('',#12689,0.0005);
#9385=CIRCLE('',#12690,0.0005);
#9386=CIRCLE('',#12692,0.0005);
#9387=CIRCLE('',#12693,0.0005);
#9388=CIRCLE('',#12696,0.0005);
#9389=CIRCLE('',#12697,0.0005);
#9390=CIRCLE('',#12700,0.0005);
#9391=CIRCLE('',#12701,0.0005);
#9392=CIRCLE('',#12704,0.0005);
#9393=CIRCLE('',#12705,0.0005);
#9394=CIRCLE('',#12707,0.0005);
#9395=CIRCLE('',#12708,0.0005);
#9396=CIRCLE('',#12711,0.0005);
#9397=CIRCLE('',#12712,0.0005);
#9398=CIRCLE('',#12715,0.0005);
#9399=CIRCLE('',#12716,0.0005);
#9400=CIRCLE('',#12719,0.0005);
#9401=CIRCLE('',#12720,0.0005);
#9402=CIRCLE('',#12722,0.0005);
#9403=CIRCLE('',#12723,0.0005);
#9404=CIRCLE('',#12726,0.0005);
#9405=CIRCLE('',#12727,0.0005);
#9406=CIRCLE('',#12730,0.0005);
#9407=CIRCLE('',#12731,0.0005);
#9408=CIRCLE('',#12734,0.0005);
#9409=CIRCLE('',#12735,0.0005);
#9410=CIRCLE('',#12737,0.0005);
#9411=CIRCLE('',#12738,0.0005);
#9412=CIRCLE('',#12741,0.0005);
#9413=CIRCLE('',#12742,0.0005);
#9414=CIRCLE('',#12745,0.0005);
#9415=CIRCLE('',#12746,0.0005);
#9416=CIRCLE('',#12749,0.0005);
#9417=CIRCLE('',#12750,0.0005);
#9418=CIRCLE('',#12752,0.0005);
#9419=CIRCLE('',#12753,0.0005);
#9420=CIRCLE('',#12756,0.0005);
#9421=CIRCLE('',#12757,0.0005);
#9422=CIRCLE('',#12760,0.0005);
#9423=CIRCLE('',#12761,0.0005);
#9424=CIRCLE('',#12764,0.0005);
#9425=CIRCLE('',#12765,0.0005);
#9426=CIRCLE('',#12767,0.0005);
#9427=CIRCLE('',#12768,0.0005);
#9428=CIRCLE('',#12771,0.0005);
#9429=CIRCLE('',#12772,0.0005);
#9430=CIRCLE('',#12775,0.0005);
#9431=CIRCLE('',#12776,0.0005);
#9432=CIRCLE('',#12779,0.0005);
#9433=CIRCLE('',#12780,0.0005);
#9434=CIRCLE('',#12782,0.0005);
#9435=CIRCLE('',#12783,0.0005);
#9436=CIRCLE('',#12786,0.00049999999999999);
#9437=CIRCLE('',#12787,0.00049999999999999);
#9438=CIRCLE('',#12790,0.00049999999999999);
#9439=CIRCLE('',#12791,0.00049999999999999);
#9440=CIRCLE('',#12794,0.0005);
#9441=CIRCLE('',#12795,0.0005);
#9442=CIRCLE('',#12797,0.000500000000000011);
#9443=CIRCLE('',#12798,0.000500000000000011);
#9444=CIRCLE('',#12801,0.0005);
#9445=CIRCLE('',#12802,0.0005);
#9446=CIRCLE('',#12805,0.0005);
#9447=CIRCLE('',#12806,0.0005);
#9448=CIRCLE('',#12809,0.000500000000000011);
#9449=CIRCLE('',#12810,0.000500000000000011);
#9450=CIRCLE('',#12812,0.0005);
#9451=CIRCLE('',#12813,0.0005);
#9452=CIRCLE('',#12816,0.0005);
#9453=CIRCLE('',#12817,0.0005);
#9454=CIRCLE('',#12820,0.0005);
#9455=CIRCLE('',#12821,0.0005);
#9456=CIRCLE('',#12824,0.0005);
#9457=CIRCLE('',#12825,0.0005);
#9458=EDGE_LOOP('',(#2598,#2599,#2600,#2601));
#9459=EDGE_LOOP('',(#2602,#2603,#2604,#2605));
#9460=EDGE_LOOP('',(#2606,#2607,#2608,#2609));
#9461=EDGE_LOOP('',(#2610,#2611,#2612,#2613));
#9462=EDGE_LOOP('',(#2614,#2615,#2616,#2617));
#9463=EDGE_LOOP('',(#2618,#2619,#2620,#2621));
#9464=EDGE_LOOP('',(#2622,#2623,#2624,#2625));
#9465=EDGE_LOOP('',(#2626,#2627,#2628,#2629));
#9466=EDGE_LOOP('',(#2630,#2631,#2632,#2633));
#9467=EDGE_LOOP('',(#2634,#2635,#2636,#2637));
#9468=EDGE_LOOP('',(#2638,#2639,#2640,#2641));
#9469=EDGE_LOOP('',(#2642,#2643,#2644,#2645));
#9470=EDGE_LOOP('',(#2646,#2647,#2648,#2649));
#9471=EDGE_LOOP('',(#2650,#2651,#2652,#2653));
#9472=EDGE_LOOP('',(#2654,#2655,#2656,#2657));
#9473=EDGE_LOOP('',(#2658,#2659,#2660,#2661));
#9474=EDGE_LOOP('',(#2662,#2663,#2664,#2665));
#9475=EDGE_LOOP('',(#2666,#2667,#2668,#2669));
#9476=EDGE_LOOP('',(#2670,#2671,#2672,#2673));
#9477=EDGE_LOOP('',(#2674,#2675,#2676,#2677));
#9478=EDGE_LOOP('',(#2678,#2679,#2680,#2681));
#9479=EDGE_LOOP('',(#2682,#2683,#2684,#2685));
#9480=EDGE_LOOP('',(#2686,#2687,#2688,#2689));
#9481=EDGE_LOOP('',(#2690,#2691,#2692,#2693));
#9482=EDGE_LOOP('',(#2694,#2695,#2696,#2697));
#9483=EDGE_LOOP('',(#2698,#2699,#2700,#2701));
#9484=EDGE_LOOP('',(#2702,#2703,#2704,#2705));
#9485=EDGE_LOOP('',(#2706,#2707,#2708,#2709));
#9486=EDGE_LOOP('',(#2710,#2711,#2712,#2713));
#9487=EDGE_LOOP('',(#2714,#2715,#2716,#2717));
#9488=EDGE_LOOP('',(#2718,#2719,#2720,#2721));
#9489=EDGE_LOOP('',(#2722,#2723,#2724,#2725));
#9490=EDGE_LOOP('',(#2726,#2727,#2728,#2729));
#9491=EDGE_LOOP('',(#2730,#2731,#2732,#2733));
#9492=EDGE_LOOP('',(#2734,#2735,#2736,#2737));
#9493=EDGE_LOOP('',(#2738,#2739,#2740,#2741));
#9494=EDGE_LOOP('',(#2742,#2743,#2744,#2745));
#9495=EDGE_LOOP('',(#2746,#2747,#2748,#2749));
#9496=EDGE_LOOP('',(#2750,#2751,#2752,#2753));
#9497=EDGE_LOOP('',(#2754,#2755,#2756,#2757));
#9498=EDGE_LOOP('',(#2758,#2759,#2760,#2761));
#9499=EDGE_LOOP('',(#2762,#2763,#2764,#2765));
#9500=EDGE_LOOP('',(#2766,#2767,#2768,#2769));
#9501=EDGE_LOOP('',(#2770,#2771,#2772,#2773));
#9502=EDGE_LOOP('',(#2774,#2775,#2776,#2777));
#9503=EDGE_LOOP('',(#2778,#2779,#2780,#2781));
#9504=EDGE_LOOP('',(#2782,#2783,#2784,#2785));
#9505=EDGE_LOOP('',(#2786,#2787,#2788,#2789));
#9506=EDGE_LOOP('',(#2790,#2791,#2792,#2793));
#9507=EDGE_LOOP('',(#2794,#2795,#2796,#2797));
#9508=EDGE_LOOP('',(#2798,#2799,#2800,#2801));
#9509=EDGE_LOOP('',(#2802,#2803,#2804,#2805));
#9510=EDGE_LOOP('',(#2806,#2807,#2808,#2809));
#9511=EDGE_LOOP('',(#2810,#2811,#2812,#2813));
#9512=EDGE_LOOP('',(#2814,#2815,#2816,#2817));
#9513=EDGE_LOOP('',(#2818,#2819,#2820,#2821));
#9514=EDGE_LOOP('',(#2822,#2823,#2824,#2825));
#9515=EDGE_LOOP('',(#2826,#2827,#2828,#2829));
#9516=EDGE_LOOP('',(#2830,#2831,#2832,#2833));
#9517=EDGE_LOOP('',(#2834,#2835,#2836,#2837));
#9518=EDGE_LOOP('',(#2838,#2839,#2840,#2841));
#9519=EDGE_LOOP('',(#2842,#2843,#2844,#2845));
#9520=EDGE_LOOP('',(#2846,#2847,#2848,#2849));
#9521=EDGE_LOOP('',(#2850,#2851,#2852,#2853));
#9522=EDGE_LOOP('',(#2854,#2855,#2856,#2857));
#9523=EDGE_LOOP('',(#2858,#2859,#2860,#2861));
#9524=EDGE_LOOP('',(#2862,#2863,#2864,#2865));
#9525=EDGE_LOOP('',(#2866,#2867,#2868,#2869));
#9526=EDGE_LOOP('',(#2870,#2871,#2872,#2873));
#9527=EDGE_LOOP('',(#2874,#2875,#2876,#2877));
#9528=EDGE_LOOP('',(#2878,#2879,#2880,#2881));
#9529=EDGE_LOOP('',(#2882,#2883,#2884,#2885));
#9530=EDGE_LOOP('',(#2886,#2887,#2888,#2889));
#9531=EDGE_LOOP('',(#2890,#2891,#2892,#2893));
#9532=EDGE_LOOP('',(#2894,#2895,#2896,#2897));
#9533=EDGE_LOOP('',(#2898,#2899,#2900,#2901));
#9534=EDGE_LOOP('',(#2902,#2903,#2904,#2905));
#9535=EDGE_LOOP('',(#2906,#2907,#2908,#2909));
#9536=EDGE_LOOP('',(#2910,#2911,#2912,#2913));
#9537=EDGE_LOOP('',(#2914,#2915,#2916,#2917));
#9538=EDGE_LOOP('',(#2918,#2919,#2920,#2921));
#9539=EDGE_LOOP('',(#2922,#2923,#2924,#2925));
#9540=EDGE_LOOP('',(#2926,#2927,#2928,#2929));
#9541=EDGE_LOOP('',(#2930,#2931,#2932,#2933));
#9542=EDGE_LOOP('',(#2934,#2935,#2936,#2937));
#9543=EDGE_LOOP('',(#2938,#2939,#2940,#2941));
#9544=EDGE_LOOP('',(#2942,#2943,#2944,#2945));
#9545=EDGE_LOOP('',(#2946,#2947,#2948,#2949));
#9546=EDGE_LOOP('',(#2950,#2951,#2952,#2953));
#9547=EDGE_LOOP('',(#2954,#2955,#2956,#2957));
#9548=EDGE_LOOP('',(#2958,#2959,#2960,#2961));
#9549=EDGE_LOOP('',(#2962,#2963,#2964,#2965));
#9550=EDGE_LOOP('',(#2966,#2967,#2968,#2969));
#9551=EDGE_LOOP('',(#2970,#2971,#2972,#2973));
#9552=EDGE_LOOP('',(#2974,#2975,#2976,#2977));
#9553=EDGE_LOOP('',(#2978,#2979,#2980,#2981));
#9554=EDGE_LOOP('',(#2982,#2983,#2984,#2985));
#9555=EDGE_LOOP('',(#2986,#2987,#2988,#2989));
#9556=EDGE_LOOP('',(#2990,#2991,#2992,#2993));
#9557=EDGE_LOOP('',(#2994,#2995,#2996,#2997));
#9558=EDGE_LOOP('',(#2998,#2999,#3000,#3001));
#9559=EDGE_LOOP('',(#3002,#3003,#3004,#3005));
#9560=EDGE_LOOP('',(#3006,#3007,#3008,#3009));
#9561=EDGE_LOOP('',(#3010,#3011,#3012,#3013));
#9562=EDGE_LOOP('',(#3014,#3015,#3016,#3017));
#9563=EDGE_LOOP('',(#3018,#3019,#3020,#3021));
#9564=EDGE_LOOP('',(#3022,#3023,#3024,#3025));
#9565=EDGE_LOOP('',(#3026,#3027,#3028,#3029));
#9566=EDGE_LOOP('',(#3030,#3031,#3032,#3033));
#9567=EDGE_LOOP('',(#3034,#3035,#3036,#3037));
#9568=EDGE_LOOP('',(#3038,#3039,#3040,#3041));
#9569=EDGE_LOOP('',(#3042,#3043,#3044,#3045));
#9570=EDGE_LOOP('',(#3046,#3047,#3048,#3049));
#9571=EDGE_LOOP('',(#3050,#3051,#3052,#3053));
#9572=EDGE_LOOP('',(#3054,#3055,#3056,#3057));
#9573=EDGE_LOOP('',(#3058,#3059,#3060,#3061));
#9574=EDGE_LOOP('',(#3062,#3063,#3064,#3065));
#9575=EDGE_LOOP('',(#3066,#3067,#3068,#3069));
#9576=EDGE_LOOP('',(#3070,#3071,#3072,#3073));
#9577=EDGE_LOOP('',(#3074,#3075,#3076,#3077));
#9578=EDGE_LOOP('',(#3078,#3079,#3080,#3081));
#9579=EDGE_LOOP('',(#3082,#3083,#3084,#3085));
#9580=EDGE_LOOP('',(#3086,#3087,#3088,#3089));
#9581=EDGE_LOOP('',(#3090,#3091,#3092,#3093));
#9582=EDGE_LOOP('',(#3094,#3095,#3096,#3097));
#9583=EDGE_LOOP('',(#3098,#3099,#3100,#3101));
#9584=EDGE_LOOP('',(#3102,#3103,#3104,#3105));
#9585=EDGE_LOOP('',(#3106,#3107,#3108,#3109));
#9586=EDGE_LOOP('',(#3110,#3111,#3112,#3113));
#9587=EDGE_LOOP('',(#3114,#3115,#3116,#3117));
#9588=EDGE_LOOP('',(#3118,#3119,#3120,#3121));
#9589=EDGE_LOOP('',(#3122,#3123,#3124,#3125));
#9590=EDGE_LOOP('',(#3126,#3127,#3128,#3129));
#9591=EDGE_LOOP('',(#3130,#3131,#3132,#3133));
#9592=EDGE_LOOP('',(#3134,#3135,#3136,#3137));
#9593=EDGE_LOOP('',(#3138,#3139,#3140,#3141));
#9594=EDGE_LOOP('',(#3142,#3143,#3144,#3145));
#9595=EDGE_LOOP('',(#3146,#3147,#3148,#3149));
#9596=EDGE_LOOP('',(#3150,#3151,#3152,#3153));
#9597=EDGE_LOOP('',(#3154,#3155,#3156,#3157));
#9598=EDGE_LOOP('',(#3158,#3159,#3160,#3161));
#9599=EDGE_LOOP('',(#3162,#3163,#3164,#3165));
#9600=EDGE_LOOP('',(#3166,#3167,#3168,#3169));
#9601=EDGE_LOOP('',(#3170,#3171,#3172,#3173));
#9602=EDGE_LOOP('',(#3174,#3175,#3176,#3177));
#9603=EDGE_LOOP('',(#3178,#3179,#3180,#3181));
#9604=EDGE_LOOP('',(#3182,#3183,#3184,#3185));
#9605=EDGE_LOOP('',(#3186,#3187,#3188,#3189));
#9606=EDGE_LOOP('',(#3190,#3191,#3192,#3193));
#9607=EDGE_LOOP('',(#3194,#3195,#3196,#3197));
#9608=EDGE_LOOP('',(#3198,#3199,#3200,#3201));
#9609=EDGE_LOOP('',(#3202,#3203,#3204,#3205));
#9610=EDGE_LOOP('',(#3206,#3207,#3208,#3209));
#9611=EDGE_LOOP('',(#3210,#3211,#3212,#3213));
#9612=EDGE_LOOP('',(#3214,#3215,#3216,#3217));
#9613=EDGE_LOOP('',(#3218,#3219,#3220,#3221));
#9614=EDGE_LOOP('',(#3222,#3223,#3224,#3225));
#9615=EDGE_LOOP('',(#3226,#3227,#3228,#3229));
#9616=EDGE_LOOP('',(#3230,#3231,#3232,#3233));
#9617=EDGE_LOOP('',(#3234,#3235,#3236,#3237));
#9618=EDGE_LOOP('',(#3238,#3239,#3240,#3241));
#9619=EDGE_LOOP('',(#3242,#3243,#3244,#3245));
#9620=EDGE_LOOP('',(#3246,#3247,#3248,#3249));
#9621=EDGE_LOOP('',(#3250,#3251,#3252,#3253));
#9622=EDGE_LOOP('',(#3254,#3255,#3256,#3257));
#9623=EDGE_LOOP('',(#3258,#3259,#3260,#3261));
#9624=EDGE_LOOP('',(#3262,#3263,#3264,#3265));
#9625=EDGE_LOOP('',(#3266,#3267,#3268,#3269));
#9626=EDGE_LOOP('',(#3270,#3271,#3272,#3273));
#9627=EDGE_LOOP('',(#3274,#3275,#3276,#3277));
#9628=EDGE_LOOP('',(#3278,#3279,#3280,#3281));
#9629=EDGE_LOOP('',(#3282,#3283,#3284,#3285));
#9630=EDGE_LOOP('',(#3286,#3287,#3288,#3289));
#9631=EDGE_LOOP('',(#3290,#3291,#3292,#3293));
#9632=EDGE_LOOP('',(#3294,#3295,#3296,#3297));
#9633=EDGE_LOOP('',(#3298,#3299,#3300,#3301));
#9634=EDGE_LOOP('',(#3302,#3303,#3304,#3305));
#9635=EDGE_LOOP('',(#3306,#3307,#3308,#3309));
#9636=EDGE_LOOP('',(#3310,#3311,#3312,#3313));
#9637=EDGE_LOOP('',(#3314,#3315,#3316,#3317));
#9638=EDGE_LOOP('',(#3318,#3319,#3320,#3321));
#9639=EDGE_LOOP('',(#3322,#3323,#3324,#3325));
#9640=EDGE_LOOP('',(#3326,#3327,#3328,#3329));
#9641=EDGE_LOOP('',(#3330,#3331,#3332,#3333));
#9642=EDGE_LOOP('',(#3334,#3335,#3336,#3337));
#9643=EDGE_LOOP('',(#3338,#3339,#3340,#3341));
#9644=EDGE_LOOP('',(#3342,#3343,#3344,#3345));
#9645=EDGE_LOOP('',(#3346,#3347,#3348,#3349));
#9646=EDGE_LOOP('',(#3350,#3351,#3352,#3353));
#9647=EDGE_LOOP('',(#3354,#3355,#3356,#3357));
#9648=EDGE_LOOP('',(#3358,#3359,#3360,#3361));
#9649=EDGE_LOOP('',(#3362,#3363,#3364,#3365));
#9650=EDGE_LOOP('',(#3366,#3367,#3368,#3369));
#9651=EDGE_LOOP('',(#3370,#3371,#3372,#3373));
#9652=EDGE_LOOP('',(#3374,#3375,#3376,#3377));
#9653=EDGE_LOOP('',(#3378,#3379,#3380,#3381));
#9654=EDGE_LOOP('',(#3382,#3383,#3384,#3385));
#9655=EDGE_LOOP('',(#3386,#3387,#3388,#3389));
#9656=EDGE_LOOP('',(#3390,#3391,#3392,#3393));
#9657=EDGE_LOOP('',(#3394,#3395,#3396,#3397));
#9658=EDGE_LOOP('',(#3398,#3399,#3400,#3401));
#9659=EDGE_LOOP('',(#3402,#3403,#3404,#3405));
#9660=EDGE_LOOP('',(#3406,#3407,#3408,#3409));
#9661=EDGE_LOOP('',(#3410,#3411,#3412,#3413));
#9662=EDGE_LOOP('',(#3414,#3415,#3416,#3417));
#9663=EDGE_LOOP('',(#3418,#3419,#3420,#3421));
#9664=EDGE_LOOP('',(#3422,#3423,#3424,#3425));
#9665=EDGE_LOOP('',(#3426,#3427,#3428,#3429));
#9666=EDGE_LOOP('',(#3430,#3431,#3432,#3433));
#9667=EDGE_LOOP('',(#3434,#3435,#3436,#3437));
#9668=EDGE_LOOP('',(#3438,#3439,#3440,#3441));
#9669=EDGE_LOOP('',(#3442,#3443,#3444,#3445));
#9670=EDGE_LOOP('',(#3446,#3447,#3448,#3449));
#9671=EDGE_LOOP('',(#3450,#3451,#3452,#3453));
#9672=EDGE_LOOP('',(#3454,#3455,#3456,#3457));
#9673=EDGE_LOOP('',(#3458,#3459,#3460,#3461));
#9674=EDGE_LOOP('',(#3462,#3463,#3464,#3465));
#9675=EDGE_LOOP('',(#3466,#3467,#3468,#3469));
#9676=EDGE_LOOP('',(#3470,#3471,#3472,#3473));
#9677=EDGE_LOOP('',(#3474,#3475,#3476,#3477));
#9678=EDGE_LOOP('',(#3478,#3479,#3480,#3481));
#9679=EDGE_LOOP('',(#3482,#3483,#3484,#3485));
#9680=EDGE_LOOP('',(#3486,#3487,#3488,#3489));
#9681=EDGE_LOOP('',(#3490,#3491,#3492,#3493));
#9682=EDGE_LOOP('',(#3494,#3495,#3496,#3497));
#9683=EDGE_LOOP('',(#3498,#3499,#3500,#3501));
#9684=EDGE_LOOP('',(#3502,#3503,#3504,#3505));
#9685=EDGE_LOOP('',(#3506,#3507,#3508,#3509));
#9686=EDGE_LOOP('',(#3510,#3511,#3512,#3513));
#9687=EDGE_LOOP('',(#3514,#3515,#3516,#3517));
#9688=EDGE_LOOP('',(#3518,#3519,#3520,#3521));
#9689=EDGE_LOOP('',(#3522,#3523,#3524,#3525));
#9690=EDGE_LOOP('',(#3526,#3527,#3528,#3529));
#9691=EDGE_LOOP('',(#3530,#3531,#3532,#3533));
#9692=EDGE_LOOP('',(#3534,#3535,#3536,#3537));
#9693=EDGE_LOOP('',(#3538,#3539,#3540,#3541));
#9694=EDGE_LOOP('',(#3542,#3543,#3544,#3545));
#9695=EDGE_LOOP('',(#3546,#3547,#3548,#3549));
#9696=EDGE_LOOP('',(#3550,#3551,#3552,#3553));
#9697=EDGE_LOOP('',(#3554,#3555,#3556,#3557));
#9698=EDGE_LOOP('',(#3558,#3559,#3560,#3561));
#9699=EDGE_LOOP('',(#3562,#3563,#3564,#3565));
#9700=EDGE_LOOP('',(#3566,#3567,#3568,#3569));
#9701=EDGE_LOOP('',(#3570,#3571,#3572,#3573));
#9702=EDGE_LOOP('',(#3574,#3575,#3576,#3577));
#9703=EDGE_LOOP('',(#3578,#3579,#3580,#3581));
#9704=EDGE_LOOP('',(#3582,#3583,#3584,#3585));
#9705=EDGE_LOOP('',(#3586,#3587,#3588,#3589));
#9706=EDGE_LOOP('',(#3590,#3591,#3592,#3593));
#9707=EDGE_LOOP('',(#3594,#3595,#3596,#3597));
#9708=EDGE_LOOP('',(#3598,#3599,#3600,#3601));
#9709=EDGE_LOOP('',(#3602,#3603,#3604,#3605));
#9710=EDGE_LOOP('',(#3606,#3607,#3608,#3609));
#9711=EDGE_LOOP('',(#3610,#3611,#3612,#3613));
#9712=EDGE_LOOP('',(#3614,#3615,#3616,#3617));
#9713=EDGE_LOOP('',(#3618,#3619,#3620,#3621));
#9714=EDGE_LOOP('',(#3622,#3623,#3624,#3625));
#9715=EDGE_LOOP('',(#3626,#3627,#3628,#3629));
#9716=EDGE_LOOP('',(#3630,#3631,#3632,#3633));
#9717=EDGE_LOOP('',(#3634,#3635,#3636,#3637));
#9718=EDGE_LOOP('',(#3638,#3639,#3640,#3641));
#9719=EDGE_LOOP('',(#3642,#3643,#3644,#3645));
#9720=EDGE_LOOP('',(#3646,#3647,#3648,#3649));
#9721=EDGE_LOOP('',(#3650,#3651,#3652,#3653));
#9722=EDGE_LOOP('',(#3654,#3655,#3656,#3657));
#9723=EDGE_LOOP('',(#3658,#3659,#3660,#3661));
#9724=EDGE_LOOP('',(#3662,#3663,#3664,#3665));
#9725=EDGE_LOOP('',(#3666,#3667,#3668,#3669));
#9726=EDGE_LOOP('',(#3670,#3671,#3672,#3673));
#9727=EDGE_LOOP('',(#3674,#3675,#3676,#3677));
#9728=EDGE_LOOP('',(#3678,#3679,#3680,#3681));
#9729=EDGE_LOOP('',(#3682,#3683,#3684,#3685));
#9730=EDGE_LOOP('',(#3686,#3687,#3688,#3689));
#9731=EDGE_LOOP('',(#3690,#3691,#3692,#3693));
#9732=EDGE_LOOP('',(#3694,#3695,#3696,#3697));
#9733=EDGE_LOOP('',(#3698,#3699,#3700,#3701));
#9734=EDGE_LOOP('',(#3702,#3703,#3704,#3705));
#9735=EDGE_LOOP('',(#3706,#3707,#3708,#3709));
#9736=EDGE_LOOP('',(#3710,#3711,#3712,#3713));
#9737=EDGE_LOOP('',(#3714,#3715,#3716,#3717));
#9738=EDGE_LOOP('',(#3718,#3719,#3720,#3721));
#9739=EDGE_LOOP('',(#3722,#3723,#3724,#3725));
#9740=EDGE_LOOP('',(#3726,#3727,#3728,#3729));
#9741=EDGE_LOOP('',(#3730,#3731,#3732,#3733));
#9742=EDGE_LOOP('',(#3734,#3735,#3736,#3737));
#9743=EDGE_LOOP('',(#3738,#3739,#3740,#3741));
#9744=EDGE_LOOP('',(#3742,#3743,#3744,#3745));
#9745=EDGE_LOOP('',(#3746,#3747,#3748,#3749));
#9746=EDGE_LOOP('',(#3750,#3751,#3752,#3753));
#9747=EDGE_LOOP('',(#3754,#3755,#3756,#3757));
#9748=EDGE_LOOP('',(#3758,#3759,#3760,#3761));
#9749=EDGE_LOOP('',(#3762,#3763,#3764,#3765));
#9750=EDGE_LOOP('',(#3766,#3767,#3768,#3769));
#9751=EDGE_LOOP('',(#3770,#3771,#3772,#3773));
#9752=EDGE_LOOP('',(#3774,#3775,#3776,#3777));
#9753=EDGE_LOOP('',(#3778,#3779,#3780,#3781));
#9754=EDGE_LOOP('',(#3782,#3783,#3784,#3785));
#9755=EDGE_LOOP('',(#3786,#3787,#3788,#3789));
#9756=EDGE_LOOP('',(#3790,#3791,#3792,#3793));
#9757=EDGE_LOOP('',(#3794,#3795,#3796,#3797));
#9758=EDGE_LOOP('',(#3798,#3799,#3800,#3801));
#9759=EDGE_LOOP('',(#3802,#3803,#3804,#3805));
#9760=EDGE_LOOP('',(#3806,#3807,#3808,#3809));
#9761=EDGE_LOOP('',(#3810,#3811,#3812,#3813));
#9762=EDGE_LOOP('',(#3814,#3815,#3816,#3817));
#9763=EDGE_LOOP('',(#3818,#3819,#3820,#3821));
#9764=EDGE_LOOP('',(#3822,#3823,#3824,#3825));
#9765=EDGE_LOOP('',(#3826,#3827,#3828,#3829));
#9766=EDGE_LOOP('',(#3830,#3831,#3832,#3833));
#9767=EDGE_LOOP('',(#3834,#3835,#3836,#3837));
#9768=EDGE_LOOP('',(#3838,#3839,#3840,#3841));
#9769=EDGE_LOOP('',(#3842,#3843,#3844,#3845));
#9770=EDGE_LOOP('',(#3846,#3847,#3848,#3849));
#9771=EDGE_LOOP('',(#3850,#3851,#3852,#3853));
#9772=EDGE_LOOP('',(#3854,#3855,#3856,#3857));
#9773=EDGE_LOOP('',(#3858,#3859,#3860,#3861));
#9774=EDGE_LOOP('',(#3862,#3863,#3864,#3865));
#9775=EDGE_LOOP('',(#3866,#3867,#3868,#3869));
#9776=EDGE_LOOP('',(#3870,#3871,#3872,#3873));
#9777=EDGE_LOOP('',(#3874,#3875,#3876,#3877));
#9778=EDGE_LOOP('',(#3878,#3879,#3880,#3881));
#9779=EDGE_LOOP('',(#3882,#3883,#3884,#3885));
#9780=EDGE_LOOP('',(#3886,#3887,#3888,#3889));
#9781=EDGE_LOOP('',(#3890,#3891,#3892,#3893));
#9782=EDGE_LOOP('',(#3894,#3895,#3896,#3897));
#9783=EDGE_LOOP('',(#3898,#3899,#3900,#3901));
#9784=EDGE_LOOP('',(#3902,#3903,#3904,#3905));
#9785=EDGE_LOOP('',(#3906,#3907,#3908,#3909));
#9786=EDGE_LOOP('',(#3910,#3911,#3912,#3913));
#9787=EDGE_LOOP('',(#3914,#3915,#3916,#3917));
#9788=EDGE_LOOP('',(#3918,#3919,#3920,#3921));
#9789=EDGE_LOOP('',(#3922,#3923,#3924,#3925));
#9790=EDGE_LOOP('',(#3926,#3927,#3928,#3929));
#9791=EDGE_LOOP('',(#3930,#3931,#3932,#3933));
#9792=EDGE_LOOP('',(#3934,#3935,#3936,#3937));
#9793=EDGE_LOOP('',(#3938,#3939,#3940,#3941));
#9794=EDGE_LOOP('',(#3942,#3943,#3944,#3945));
#9795=EDGE_LOOP('',(#3946,#3947,#3948,#3949));
#9796=EDGE_LOOP('',(#3950,#3951,#3952,#3953));
#9797=EDGE_LOOP('',(#3954,#3955,#3956,#3957));
#9798=EDGE_LOOP('',(#3958,#3959,#3960,#3961));
#9799=EDGE_LOOP('',(#3962,#3963,#3964,#3965));
#9800=EDGE_LOOP('',(#3966,#3967,#3968,#3969));
#9801=EDGE_LOOP('',(#3970,#3971,#3972,#3973));
#9802=EDGE_LOOP('',(#3974,#3975,#3976,#3977));
#9803=EDGE_LOOP('',(#3978,#3979,#3980,#3981));
#9804=EDGE_LOOP('',(#3982,#3983,#3984,#3985));
#9805=EDGE_LOOP('',(#3986,#3987,#3988,#3989));
#9806=EDGE_LOOP('',(#3990,#3991,#3992,#3993));
#9807=EDGE_LOOP('',(#3994,#3995,#3996,#3997));
#9808=EDGE_LOOP('',(#3998,#3999,#4000,#4001));
#9809=EDGE_LOOP('',(#4002,#4003,#4004,#4005));
#9810=EDGE_LOOP('',(#4006,#4007,#4008,#4009));
#9811=EDGE_LOOP('',(#4010,#4011,#4012,#4013));
#9812=EDGE_LOOP('',(#4014,#4015,#4016,#4017));
#9813=EDGE_LOOP('',(#4018,#4019,#4020,#4021));
#9814=EDGE_LOOP('',(#4022,#4023,#4024,#4025));
#9815=EDGE_LOOP('',(#4026,#4027,#4028,#4029));
#9816=EDGE_LOOP('',(#4030,#4031,#4032,#4033));
#9817=EDGE_LOOP('',(#4034,#4035,#4036,#4037));
#9818=EDGE_LOOP('',(#4038,#4039,#4040,#4041));
#9819=EDGE_LOOP('',(#4042,#4043,#4044,#4045));
#9820=EDGE_LOOP('',(#4046,#4047,#4048,#4049));
#9821=EDGE_LOOP('',(#4050,#4051,#4052,#4053));
#9822=EDGE_LOOP('',(#4054,#4055,#4056,#4057));
#9823=EDGE_LOOP('',(#4058,#4059,#4060,#4061));
#9824=EDGE_LOOP('',(#4062,#4063,#4064,#4065));
#9825=EDGE_LOOP('',(#4066,#4067,#4068,#4069));
#9826=EDGE_LOOP('',(#4070,#4071,#4072,#4073));
#9827=EDGE_LOOP('',(#4074,#4075,#4076,#4077));
#9828=EDGE_LOOP('',(#4078,#4079,#4080,#4081));
#9829=EDGE_LOOP('',(#4082,#4083,#4084,#4085));
#9830=EDGE_LOOP('',(#4086,#4087,#4088,#4089));
#9831=EDGE_LOOP('',(#4090,#4091,#4092,#4093));
#9832=EDGE_LOOP('',(#4094,#4095,#4096,#4097));
#9833=EDGE_LOOP('',(#4098,#4099,#4100,#4101));
#9834=EDGE_LOOP('',(#4102,#4103,#4104,#4105));
#9835=EDGE_LOOP('',(#4106,#4107,#4108,#4109));
#9836=EDGE_LOOP('',(#4110,#4111,#4112,#4113));
#9837=EDGE_LOOP('',(#4114,#4115,#4116,#4117));
#9838=EDGE_LOOP('',(#4118,#4119,#4120,#4121));
#9839=EDGE_LOOP('',(#4122,#4123,#4124,#4125));
#9840=EDGE_LOOP('',(#4126,#4127,#4128,#4129));
#9841=EDGE_LOOP('',(#4130,#4131,#4132,#4133));
#9842=EDGE_LOOP('',(#4134,#4135,#4136,#4137));
#9843=EDGE_LOOP('',(#4138,#4139,#4140,#4141));
#9844=EDGE_LOOP('',(#4142,#4143,#4144,#4145));
#9845=EDGE_LOOP('',(#4146,#4147,#4148,#4149));
#9846=EDGE_LOOP('',(#4150,#4151,#4152,#4153));
#9847=EDGE_LOOP('',(#4154,#4155,#4156,#4157));
#9848=EDGE_LOOP('',(#4158,#4159,#4160,#4161));
#9849=EDGE_LOOP('',(#4162,#4163,#4164,#4165));
#9850=EDGE_LOOP('',(#4166,#4167,#4168,#4169));
#9851=EDGE_LOOP('',(#4170,#4171,#4172,#4173));
#9852=EDGE_LOOP('',(#4174,#4175,#4176,#4177));
#9853=EDGE_LOOP('',(#4178,#4179,#4180,#4181));
#9854=EDGE_LOOP('',(#4182,#4183,#4184,#4185));
#9855=EDGE_LOOP('',(#4186,#4187,#4188,#4189));
#9856=EDGE_LOOP('',(#4190,#4191,#4192,#4193));
#9857=EDGE_LOOP('',(#4194,#4195,#4196,#4197));
#9858=EDGE_LOOP('',(#4198,#4199,#4200,#4201));
#9859=EDGE_LOOP('',(#4202,#4203,#4204,#4205));
#9860=EDGE_LOOP('',(#4206,#4207,#4208,#4209));
#9861=EDGE_LOOP('',(#4210,#4211,#4212,#4213));
#9862=EDGE_LOOP('',(#4214,#4215,#4216,#4217));
#9863=EDGE_LOOP('',(#4218,#4219,#4220,#4221));
#9864=EDGE_LOOP('',(#4222,#4223,#4224,#4225));
#9865=EDGE_LOOP('',(#4226,#4227,#4228,#4229));
#9866=EDGE_LOOP('',(#4230,#4231,#4232,#4233));
#9867=EDGE_LOOP('',(#4234,#4235,#4236,#4237));
#9868=EDGE_LOOP('',(#4238,#4239,#4240,#4241));
#9869=EDGE_LOOP('',(#4242,#4243,#4244,#4245));
#9870=EDGE_LOOP('',(#4246,#4247,#4248,#4249));
#9871=EDGE_LOOP('',(#4250,#4251,#4252,#4253));
#9872=EDGE_LOOP('',(#4254,#4255,#4256,#4257));
#9873=EDGE_LOOP('',(#4258,#4259,#4260,#4261));
#9874=EDGE_LOOP('',(#4262,#4263,#4264,#4265));
#9875=EDGE_LOOP('',(#4266,#4267,#4268,#4269));
#9876=EDGE_LOOP('',(#4270,#4271,#4272,#4273));
#9877=EDGE_LOOP('',(#4274,#4275,#4276,#4277));
#9878=EDGE_LOOP('',(#4278,#4279,#4280,#4281));
#9879=EDGE_LOOP('',(#4282,#4283,#4284,#4285));
#9880=EDGE_LOOP('',(#4286,#4287,#4288,#4289));
#9881=EDGE_LOOP('',(#4290,#4291,#4292,#4293));
#9882=EDGE_LOOP('',(#4294,#4295,#4296,#4297));
#9883=EDGE_LOOP('',(#4298,#4299,#4300,#4301));
#9884=EDGE_LOOP('',(#4302,#4303,#4304,#4305));
#9885=EDGE_LOOP('',(#4306,#4307,#4308,#4309));
#9886=EDGE_LOOP('',(#4310,#4311,#4312,#4313));
#9887=EDGE_LOOP('',(#4314,#4315,#4316,#4317));
#9888=EDGE_LOOP('',(#4318,#4319,#4320,#4321));
#9889=EDGE_LOOP('',(#4322,#4323,#4324,#4325));
#9890=EDGE_LOOP('',(#4326,#4327,#4328,#4329));
#9891=EDGE_LOOP('',(#4330,#4331,#4332,#4333));
#9892=EDGE_LOOP('',(#4334,#4335,#4336,#4337));
#9893=EDGE_LOOP('',(#4338,#4339,#4340,#4341));
#9894=EDGE_LOOP('',(#4342,#4343,#4344,#4345));
#9895=EDGE_LOOP('',(#4346,#4347,#4348,#4349));
#9896=EDGE_LOOP('',(#4350,#4351,#4352,#4353));
#9897=EDGE_LOOP('',(#4354,#4355,#4356,#4357));
#9898=EDGE_LOOP('',(#4358,#4359,#4360,#4361));
#9899=EDGE_LOOP('',(#4362,#4363,#4364,#4365));
#9900=EDGE_LOOP('',(#4366,#4367,#4368,#4369));
#9901=EDGE_LOOP('',(#4370,#4371,#4372,#4373));
#9902=EDGE_LOOP('',(#4374,#4375,#4376,#4377));
#9903=EDGE_LOOP('',(#4378,#4379,#4380,#4381));
#9904=EDGE_LOOP('',(#4382,#4383,#4384,#4385));
#9905=EDGE_LOOP('',(#4386,#4387,#4388,#4389));
#9906=EDGE_LOOP('',(#4390,#4391,#4392,#4393));
#9907=EDGE_LOOP('',(#4394,#4395,#4396,#4397));
#9908=EDGE_LOOP('',(#4398,#4399,#4400,#4401));
#9909=EDGE_LOOP('',(#4402,#4403,#4404,#4405));
#9910=EDGE_LOOP('',(#4406,#4407,#4408,#4409));
#9911=EDGE_LOOP('',(#4410,#4411,#4412,#4413));
#9912=EDGE_LOOP('',(#4414,#4415,#4416,#4417));
#9913=EDGE_LOOP('',(#4418,#4419,#4420,#4421));
#9914=EDGE_LOOP('',(#4422,#4423,#4424,#4425));
#9915=EDGE_LOOP('',(#4426,#4427,#4428,#4429));
#9916=EDGE_LOOP('',(#4430,#4431,#4432,#4433));
#9917=EDGE_LOOP('',(#4434,#4435,#4436,#4437));
#9918=EDGE_LOOP('',(#4438,#4439,#4440,#4441));
#9919=EDGE_LOOP('',(#4442,#4443,#4444,#4445));
#9920=EDGE_LOOP('',(#4446,#4447,#4448,#4449));
#9921=EDGE_LOOP('',(#4450,#4451,#4452,#4453));
#9922=EDGE_LOOP('',(#4454,#4455,#4456,#4457));
#9923=EDGE_LOOP('',(#4458,#4459,#4460,#4461));
#9924=EDGE_LOOP('',(#4462,#4463,#4464,#4465));
#9925=EDGE_LOOP('',(#4466,#4467,#4468,#4469));
#9926=EDGE_LOOP('',(#4470,#4471,#4472,#4473));
#9927=EDGE_LOOP('',(#4474,#4475,#4476,#4477));
#9928=EDGE_LOOP('',(#4478,#4479,#4480,#4481));
#9929=EDGE_LOOP('',(#4482,#4483,#4484,#4485));
#9930=EDGE_LOOP('',(#4486,#4487,#4488,#4489));
#9931=EDGE_LOOP('',(#4490,#4491,#4492,#4493));
#9932=EDGE_LOOP('',(#4494,#4495,#4496,#4497));
#9933=EDGE_LOOP('',(#4498,#4499,#4500,#4501));
#9934=EDGE_LOOP('',(#4502,#4503,#4504,#4505));
#9935=EDGE_LOOP('',(#4506,#4507,#4508,#4509));
#9936=EDGE_LOOP('',(#4510,#4511,#4512,#4513));
#9937=EDGE_LOOP('',(#4514,#4515,#4516,#4517));
#9938=EDGE_LOOP('',(#4518,#4519,#4520,#4521));
#9939=EDGE_LOOP('',(#4522,#4523,#4524,#4525));
#9940=EDGE_LOOP('',(#4526,#4527,#4528,#4529));
#9941=EDGE_LOOP('',(#4530,#4531,#4532,#4533));
#9942=EDGE_LOOP('',(#4534,#4535,#4536,#4537));
#9943=EDGE_LOOP('',(#4538,#4539,#4540,#4541));
#9944=EDGE_LOOP('',(#4542,#4543,#4544,#4545));
#9945=EDGE_LOOP('',(#4546,#4547,#4548,#4549));
#9946=EDGE_LOOP('',(#4550,#4551,#4552,#4553));
#9947=EDGE_LOOP('',(#4554,#4555,#4556,#4557));
#9948=EDGE_LOOP('',(#4558,#4559,#4560,#4561));
#9949=EDGE_LOOP('',(#4562,#4563,#4564,#4565));
#9950=EDGE_LOOP('',(#4566,#4567,#4568,#4569));
#9951=EDGE_LOOP('',(#4570,#4571,#4572,#4573));
#9952=EDGE_LOOP('',(#4574,#4575,#4576,#4577));
#9953=EDGE_LOOP('',(#4578,#4579,#4580,#4581));
#9954=EDGE_LOOP('',(#4582,#4583,#4584,#4585));
#9955=EDGE_LOOP('',(#4586,#4587,#4588,#4589));
#9956=EDGE_LOOP('',(#4590,#4591,#4592,#4593));
#9957=EDGE_LOOP('',(#4594,#4595,#4596,#4597));
#9958=EDGE_LOOP('',(#4598,#4599,#4600,#4601));
#9959=EDGE_LOOP('',(#4602,#4603,#4604,#4605));
#9960=EDGE_LOOP('',(#4606,#4607,#4608,#4609));
#9961=EDGE_LOOP('',(#4610,#4611,#4612,#4613));
#9962=EDGE_LOOP('',(#4614,#4615,#4616,#4617));
#9963=EDGE_LOOP('',(#4618,#4619,#4620,#4621));
#9964=EDGE_LOOP('',(#4622,#4623,#4624,#4625));
#9965=EDGE_LOOP('',(#4626,#4627,#4628,#4629));
#9966=EDGE_LOOP('',(#4630,#4631,#4632,#4633));
#9967=EDGE_LOOP('',(#4634,#4635,#4636,#4637));
#9968=EDGE_LOOP('',(#4638,#4639,#4640,#4641));
#9969=EDGE_LOOP('',(#4642,#4643,#4644,#4645));
#9970=EDGE_LOOP('',(#4646,#4647,#4648,#4649));
#9971=EDGE_LOOP('',(#4650,#4651,#4652,#4653));
#9972=EDGE_LOOP('',(#4654,#4655,#4656,#4657));
#9973=EDGE_LOOP('',(#4658,#4659,#4660,#4661));
#9974=EDGE_LOOP('',(#4662,#4663,#4664,#4665));
#9975=EDGE_LOOP('',(#4666,#4667,#4668,#4669));
#9976=EDGE_LOOP('',(#4670,#4671,#4672,#4673));
#9977=EDGE_LOOP('',(#4674,#4675,#4676,#4677));
#9978=EDGE_LOOP('',(#4678,#4679,#4680,#4681));
#9979=EDGE_LOOP('',(#4682,#4683,#4684,#4685));
#9980=EDGE_LOOP('',(#4686,#4687,#4688,#4689));
#9981=EDGE_LOOP('',(#4690,#4691,#4692,#4693));
#9982=EDGE_LOOP('',(#4694,#4695,#4696,#4697));
#9983=EDGE_LOOP('',(#4698,#4699,#4700,#4701));
#9984=EDGE_LOOP('',(#4702,#4703,#4704,#4705));
#9985=EDGE_LOOP('',(#4706,#4707,#4708,#4709));
#9986=EDGE_LOOP('',(#4710,#4711,#4712,#4713));
#9987=EDGE_LOOP('',(#4714,#4715,#4716,#4717));
#9988=EDGE_LOOP('',(#4718,#4719,#4720,#4721));
#9989=EDGE_LOOP('',(#4722,#4723,#4724,#4725));
#9990=EDGE_LOOP('',(#4726,#4727,#4728,#4729));
#9991=EDGE_LOOP('',(#4730,#4731,#4732,#4733));
#9992=EDGE_LOOP('',(#4734,#4735,#4736,#4737));
#9993=EDGE_LOOP('',(#4738,#4739,#4740,#4741));
#9994=EDGE_LOOP('',(#4742,#4743,#4744,#4745));
#9995=EDGE_LOOP('',(#4746,#4747,#4748,#4749));
#9996=EDGE_LOOP('',(#4750,#4751,#4752,#4753));
#9997=EDGE_LOOP('',(#4754,#4755,#4756,#4757));
#9998=EDGE_LOOP('',(#4758,#4759,#4760,#4761));
#9999=EDGE_LOOP('',(#4762,#4763,#4764,#4765));
#10000=EDGE_LOOP('',(#4766,#4767,#4768,#4769));
#10001=EDGE_LOOP('',(#4770,#4771,#4772,#4773));
#10002=EDGE_LOOP('',(#4774,#4775,#4776,#4777));
#10003=EDGE_LOOP('',(#4778,#4779,#4780,#4781));
#10004=EDGE_LOOP('',(#4782,#4783,#4784,#4785));
#10005=EDGE_LOOP('',(#4786,#4787,#4788,#4789));
#10006=EDGE_LOOP('',(#4790,#4791,#4792,#4793));
#10007=EDGE_LOOP('',(#4794,#4795,#4796,#4797));
#10008=EDGE_LOOP('',(#4798,#4799,#4800,#4801));
#10009=EDGE_LOOP('',(#4802,#4803,#4804,#4805));
#10010=EDGE_LOOP('',(#4806,#4807,#4808,#4809));
#10011=EDGE_LOOP('',(#4810,#4811,#4812,#4813));
#10012=EDGE_LOOP('',(#4814,#4815,#4816,#4817));
#10013=EDGE_LOOP('',(#4818,#4819,#4820,#4821));
#10014=EDGE_LOOP('',(#4822,#4823,#4824,#4825));
#10015=EDGE_LOOP('',(#4826,#4827,#4828,#4829));
#10016=EDGE_LOOP('',(#4830,#4831,#4832,#4833));
#10017=EDGE_LOOP('',(#4834,#4835,#4836,#4837));
#10018=EDGE_LOOP('',(#4838,#4839,#4840,#4841));
#10019=EDGE_LOOP('',(#4842,#4843,#4844,#4845));
#10020=EDGE_LOOP('',(#4846,#4847,#4848,#4849));
#10021=EDGE_LOOP('',(#4850,#4851,#4852,#4853));
#10022=EDGE_LOOP('',(#4854,#4855,#4856,#4857));
#10023=EDGE_LOOP('',(#4858,#4859,#4860,#4861));
#10024=EDGE_LOOP('',(#4862,#4863,#4864,#4865));
#10025=EDGE_LOOP('',(#4866,#4867,#4868,#4869));
#10026=EDGE_LOOP('',(#4870,#4871,#4872,#4873,#4874,#4875,#4876,#4877));
#10027=EDGE_LOOP('',(#4878,#4879,#4880,#4881,#4882,#4883,#4884,#4885));
#10028=EDGE_LOOP('',(#4886,#4887,#4888,#4889,#4890,#4891,#4892,#4893));
#10029=EDGE_LOOP('',(#4894,#4895,#4896,#4897,#4898,#4899,#4900,#4901));
#10030=EDGE_LOOP('',(#4902,#4903,#4904,#4905,#4906,#4907,#4908,#4909));
#10031=EDGE_LOOP('',(#4910,#4911,#4912,#4913,#4914,#4915,#4916,#4917));
#10032=EDGE_LOOP('',(#4918,#4919,#4920,#4921,#4922,#4923,#4924,#4925));
#10033=EDGE_LOOP('',(#4926,#4927,#4928,#4929,#4930,#4931,#4932,#4933));
#10034=EDGE_LOOP('',(#4934,#4935,#4936,#4937,#4938,#4939,#4940,#4941));
#10035=EDGE_LOOP('',(#4942,#4943,#4944,#4945,#4946,#4947,#4948,#4949));
#10036=EDGE_LOOP('',(#4950,#4951,#4952,#4953,#4954,#4955,#4956,#4957));
#10037=EDGE_LOOP('',(#4958,#4959,#4960,#4961,#4962,#4963,#4964,#4965));
#10038=EDGE_LOOP('',(#4966,#4967,#4968,#4969,#4970,#4971,#4972,#4973));
#10039=EDGE_LOOP('',(#4974,#4975,#4976,#4977,#4978,#4979,#4980,#4981));
#10040=EDGE_LOOP('',(#4982,#4983,#4984,#4985,#4986,#4987,#4988,#4989));
#10041=EDGE_LOOP('',(#4990,#4991,#4992,#4993,#4994,#4995,#4996,#4997));
#10042=EDGE_LOOP('',(#4998,#4999,#5000,#5001,#5002,#5003,#5004,#5005));
#10043=EDGE_LOOP('',(#5006,#5007,#5008,#5009,#5010,#5011,#5012,#5013));
#10044=EDGE_LOOP('',(#5014,#5015,#5016,#5017,#5018,#5019,#5020,#5021));
#10045=EDGE_LOOP('',(#5022,#5023,#5024,#5025,#5026,#5027,#5028,#5029));
#10046=EDGE_LOOP('',(#5030,#5031,#5032,#5033,#5034,#5035,#5036,#5037));
#10047=EDGE_LOOP('',(#5038,#5039,#5040,#5041,#5042,#5043,#5044,#5045));
#10048=EDGE_LOOP('',(#5046,#5047,#5048,#5049,#5050,#5051,#5052,#5053));
#10049=EDGE_LOOP('',(#5054,#5055,#5056,#5057,#5058,#5059,#5060,#5061));
#10050=EDGE_LOOP('',(#5062,#5063,#5064,#5065,#5066,#5067,#5068,#5069));
#10051=EDGE_LOOP('',(#5070,#5071,#5072,#5073,#5074,#5075,#5076,#5077));
#10052=EDGE_LOOP('',(#5078,#5079,#5080,#5081,#5082,#5083,#5084,#5085));
#10053=EDGE_LOOP('',(#5086,#5087,#5088,#5089,#5090,#5091,#5092,#5093));
#10054=EDGE_LOOP('',(#5094,#5095,#5096,#5097,#5098,#5099,#5100,#5101));
#10055=EDGE_LOOP('',(#5102,#5103,#5104,#5105,#5106,#5107,#5108,#5109));
#10056=EDGE_LOOP('',(#5110,#5111,#5112,#5113,#5114,#5115,#5116,#5117));
#10057=EDGE_LOOP('',(#5118,#5119,#5120,#5121,#5122,#5123,#5124,#5125));
#10058=EDGE_LOOP('',(#5126,#5127,#5128,#5129,#5130,#5131,#5132,#5133));
#10059=EDGE_LOOP('',(#5134,#5135,#5136,#5137,#5138,#5139,#5140,#5141));
#10060=EDGE_LOOP('',(#5142,#5143,#5144,#5145,#5146,#5147,#5148,#5149));
#10061=EDGE_LOOP('',(#5150,#5151,#5152,#5153,#5154,#5155,#5156,#5157));
#10062=EDGE_LOOP('',(#5158,#5159,#5160,#5161,#5162,#5163,#5164,#5165));
#10063=EDGE_LOOP('',(#5166,#5167,#5168,#5169,#5170,#5171,#5172,#5173));
#10064=EDGE_LOOP('',(#5174,#5175,#5176,#5177,#5178,#5179,#5180,#5181));
#10065=EDGE_LOOP('',(#5182,#5183,#5184,#5185,#5186,#5187,#5188,#5189));
#10066=EDGE_LOOP('',(#5190,#5191,#5192,#5193,#5194,#5195,#5196,#5197));
#10067=EDGE_LOOP('',(#5198,#5199,#5200,#5201,#5202,#5203,#5204,#5205));
#10068=EDGE_LOOP('',(#5206,#5207,#5208,#5209,#5210,#5211,#5212,#5213));
#10069=EDGE_LOOP('',(#5214,#5215,#5216,#5217,#5218,#5219,#5220,#5221));
#10070=EDGE_LOOP('',(#5222,#5223,#5224,#5225,#5226,#5227,#5228,#5229));
#10071=EDGE_LOOP('',(#5230,#5231,#5232,#5233,#5234,#5235,#5236,#5237));
#10072=EDGE_LOOP('',(#5238,#5239,#5240,#5241,#5242,#5243,#5244,#5245));
#10073=EDGE_LOOP('',(#5246,#5247,#5248,#5249,#5250,#5251,#5252,#5253));
#10074=EDGE_LOOP('',(#5254,#5255,#5256,#5257,#5258,#5259,#5260,#5261));
#10075=EDGE_LOOP('',(#5262,#5263,#5264,#5265,#5266,#5267,#5268,#5269));
#10076=EDGE_LOOP('',(#5270,#5271,#5272,#5273,#5274,#5275,#5276,#5277));
#10077=EDGE_LOOP('',(#5278,#5279,#5280,#5281,#5282,#5283,#5284,#5285));
#10078=EDGE_LOOP('',(#5286,#5287,#5288,#5289,#5290,#5291,#5292,#5293));
#10079=EDGE_LOOP('',(#5294,#5295,#5296,#5297,#5298,#5299,#5300,#5301));
#10080=EDGE_LOOP('',(#5302,#5303,#5304,#5305,#5306,#5307,#5308,#5309));
#10081=EDGE_LOOP('',(#5310,#5311,#5312,#5313,#5314,#5315,#5316,#5317));
#10082=EDGE_LOOP('',(#5318,#5319,#5320,#5321,#5322,#5323,#5324,#5325));
#10083=EDGE_LOOP('',(#5326,#5327,#5328,#5329,#5330,#5331,#5332,#5333));
#10084=EDGE_LOOP('',(#5334,#5335,#5336,#5337,#5338,#5339,#5340,#5341));
#10085=EDGE_LOOP('',(#5342,#5343,#5344,#5345,#5346,#5347,#5348,#5349));
#10086=EDGE_LOOP('',(#5350,#5351,#5352,#5353,#5354,#5355,#5356,#5357));
#10087=EDGE_LOOP('',(#5358,#5359,#5360,#5361,#5362,#5363,#5364,#5365));
#10088=EDGE_LOOP('',(#5366,#5367,#5368,#5369,#5370,#5371,#5372,#5373));
#10089=EDGE_LOOP('',(#5374,#5375,#5376,#5377,#5378,#5379,#5380,#5381));
#10090=EDGE_LOOP('',(#5382,#5383,#5384,#5385,#5386,#5387,#5388,#5389));
#10091=EDGE_LOOP('',(#5390,#5391,#5392,#5393,#5394,#5395,#5396,#5397));
#10092=EDGE_LOOP('',(#5398,#5399,#5400,#5401,#5402,#5403,#5404,#5405));
#10093=EDGE_LOOP('',(#5406,#5407,#5408,#5409,#5410,#5411,#5412,#5413));
#10094=EDGE_LOOP('',(#5414,#5415,#5416,#5417,#5418,#5419,#5420,#5421));
#10095=EDGE_LOOP('',(#5422,#5423,#5424,#5425,#5426,#5427,#5428,#5429));
#10096=EDGE_LOOP('',(#5430,#5431,#5432,#5433,#5434,#5435,#5436,#5437));
#10097=EDGE_LOOP('',(#5438,#5439,#5440,#5441));
#10098=EDGE_LOOP('',(#5442,#5443,#5444,#5445,#5446,#5447,#5448,#5449));
#10099=EDGE_LOOP('',(#5450,#5451,#5452,#5453,#5454,#5455,#5456,#5457));
#10100=EDGE_LOOP('',(#5458,#5459,#5460,#5461,#5462,#5463,#5464,#5465));
#10101=EDGE_LOOP('',(#5466,#5467,#5468,#5469,#5470,#5471,#5472,#5473));
#10102=EDGE_LOOP('',(#5474,#5475,#5476,#5477,#5478,#5479,#5480,#5481));
#10103=EDGE_LOOP('',(#5482,#5483,#5484,#5485,#5486,#5487,#5488,#5489));
#10104=EDGE_LOOP('',(#5490,#5491,#5492,#5493,#5494,#5495,#5496,#5497));
#10105=EDGE_LOOP('',(#5498,#5499,#5500,#5501,#5502,#5503,#5504,#5505));
#10106=EDGE_LOOP('',(#5506,#5507,#5508,#5509,#5510,#5511,#5512,#5513));
#10107=EDGE_LOOP('',(#5514,#5515,#5516,#5517,#5518,#5519,#5520,#5521));
#10108=EDGE_LOOP('',(#5522,#5523,#5524,#5525,#5526,#5527,#5528,#5529));
#10109=EDGE_LOOP('',(#5530,#5531,#5532,#5533,#5534,#5535,#5536,#5537));
#10110=EDGE_LOOP('',(#5538,#5539,#5540,#5541,#5542,#5543,#5544,#5545));
#10111=EDGE_LOOP('',(#5546,#5547,#5548,#5549,#5550,#5551,#5552,#5553));
#10112=EDGE_LOOP('',(#5554,#5555,#5556,#5557,#5558,#5559,#5560,#5561));
#10113=EDGE_LOOP('',(#5562,#5563,#5564,#5565,#5566,#5567,#5568,#5569));
#10114=EDGE_LOOP('',(#5570,#5571,#5572,#5573,#5574,#5575,#5576,#5577));
#10115=EDGE_LOOP('',(#5578,#5579,#5580,#5581,#5582,#5583,#5584,#5585));
#10116=EDGE_LOOP('',(#5586,#5587,#5588,#5589,#5590,#5591,#5592,#5593));
#10117=EDGE_LOOP('',(#5594,#5595,#5596,#5597,#5598,#5599,#5600,#5601));
#10118=EDGE_LOOP('',(#5602,#5603,#5604,#5605,#5606,#5607,#5608,#5609));
#10119=EDGE_LOOP('',(#5610,#5611,#5612,#5613,#5614,#5615,#5616,#5617));
#10120=EDGE_LOOP('',(#5618,#5619,#5620,#5621,#5622,#5623,#5624,#5625));
#10121=EDGE_LOOP('',(#5626,#5627,#5628,#5629,#5630,#5631,#5632,#5633));
#10122=EDGE_LOOP('',(#5634,#5635,#5636,#5637,#5638,#5639,#5640,#5641));
#10123=EDGE_LOOP('',(#5642,#5643,#5644,#5645,#5646,#5647,#5648,#5649));
#10124=EDGE_LOOP('',(#5650,#5651,#5652,#5653,#5654,#5655,#5656,#5657));
#10125=EDGE_LOOP('',(#5658,#5659,#5660,#5661,#5662,#5663,#5664,#5665));
#10126=EDGE_LOOP('',(#5666,#5667,#5668,#5669,#5670,#5671,#5672,#5673));
#10127=EDGE_LOOP('',(#5674,#5675,#5676,#5677,#5678,#5679,#5680,#5681));
#10128=EDGE_LOOP('',(#5682,#5683,#5684,#5685,#5686,#5687,#5688,#5689));
#10129=EDGE_LOOP('',(#5690,#5691,#5692,#5693,#5694,#5695,#5696,#5697));
#10130=EDGE_LOOP('',(#5698,#5699,#5700,#5701,#5702,#5703,#5704,#5705));
#10131=EDGE_LOOP('',(#5706,#5707,#5708,#5709,#5710,#5711,#5712,#5713));
#10132=EDGE_LOOP('',(#5714,#5715,#5716,#5717,#5718,#5719,#5720,#5721));
#10133=EDGE_LOOP('',(#5722,#5723,#5724,#5725,#5726,#5727,#5728,#5729));
#10134=EDGE_LOOP('',(#5730,#5731,#5732,#5733,#5734,#5735,#5736,#5737));
#10135=EDGE_LOOP('',(#5738,#5739,#5740,#5741,#5742,#5743,#5744,#5745));
#10136=EDGE_LOOP('',(#5746,#5747,#5748,#5749,#5750,#5751,#5752,#5753));
#10137=EDGE_LOOP('',(#5754,#5755,#5756,#5757,#5758,#5759,#5760,#5761));
#10138=EDGE_LOOP('',(#5762,#5763,#5764,#5765,#5766,#5767,#5768,#5769));
#10139=EDGE_LOOP('',(#5770,#5771,#5772,#5773,#5774,#5775,#5776,#5777));
#10140=EDGE_LOOP('',(#5778,#5779,#5780,#5781,#5782,#5783,#5784,#5785));
#10141=EDGE_LOOP('',(#5786,#5787,#5788,#5789,#5790,#5791,#5792,#5793));
#10142=EDGE_LOOP('',(#5794,#5795,#5796,#5797,#5798,#5799,#5800,#5801));
#10143=EDGE_LOOP('',(#5802,#5803,#5804,#5805,#5806,#5807,#5808,#5809));
#10144=EDGE_LOOP('',(#5810,#5811,#5812,#5813,#5814,#5815,#5816,#5817));
#10145=EDGE_LOOP('',(#5818,#5819,#5820,#5821,#5822,#5823,#5824,#5825));
#10146=EDGE_LOOP('',(#5826,#5827,#5828,#5829,#5830,#5831,#5832,#5833));
#10147=EDGE_LOOP('',(#5834,#5835,#5836,#5837,#5838,#5839,#5840,#5841));
#10148=EDGE_LOOP('',(#5842,#5843,#5844,#5845,#5846,#5847,#5848,#5849));
#10149=EDGE_LOOP('',(#5850,#5851,#5852,#5853,#5854,#5855,#5856,#5857));
#10150=EDGE_LOOP('',(#5858,#5859,#5860,#5861,#5862,#5863,#5864,#5865));
#10151=EDGE_LOOP('',(#5866,#5867,#5868,#5869,#5870,#5871,#5872,#5873));
#10152=EDGE_LOOP('',(#5874,#5875,#5876,#5877,#5878,#5879,#5880,#5881));
#10153=EDGE_LOOP('',(#5882,#5883,#5884,#5885,#5886,#5887,#5888,#5889));
#10154=EDGE_LOOP('',(#5890,#5891,#5892,#5893,#5894,#5895,#5896,#5897));
#10155=EDGE_LOOP('',(#5898,#5899,#5900,#5901,#5902,#5903,#5904,#5905));
#10156=EDGE_LOOP('',(#5906,#5907,#5908,#5909,#5910,#5911,#5912,#5913));
#10157=EDGE_LOOP('',(#5914,#5915,#5916,#5917,#5918,#5919,#5920,#5921));
#10158=EDGE_LOOP('',(#5922,#5923,#5924,#5925,#5926,#5927,#5928,#5929));
#10159=EDGE_LOOP('',(#5930,#5931,#5932,#5933,#5934,#5935,#5936,#5937));
#10160=EDGE_LOOP('',(#5938,#5939,#5940,#5941,#5942,#5943,#5944,#5945));
#10161=EDGE_LOOP('',(#5946,#5947,#5948,#5949,#5950,#5951,#5952,#5953));
#10162=EDGE_LOOP('',(#5954,#5955,#5956,#5957,#5958,#5959,#5960,#5961));
#10163=EDGE_LOOP('',(#5962,#5963,#5964,#5965,#5966,#5967,#5968,#5969));
#10164=EDGE_LOOP('',(#5970,#5971,#5972,#5973,#5974,#5975,#5976,#5977));
#10165=EDGE_LOOP('',(#5978,#5979,#5980,#5981,#5982,#5983,#5984,#5985));
#10166=EDGE_LOOP('',(#5986,#5987,#5988,#5989,#5990,#5991,#5992,#5993));
#10167=EDGE_LOOP('',(#5994,#5995,#5996,#5997,#5998,#5999,#6000,#6001));
#10168=EDGE_LOOP('',(#6002,#6003,#6004,#6005,#6006,#6007,#6008,#6009));
#10169=EDGE_LOOP('',(#6010,#6011,#6012,#6013));
#10170=EDGE_LOOP('',(#6014,#6015,#6016,#6017));
#10171=EDGE_LOOP('',(#6018,#6019,#6020,#6021));
#10172=EDGE_LOOP('',(#6022,#6023,#6024,#6025));
#10173=EDGE_LOOP('',(#6026,#6027,#6028,#6029));
#10174=FACE_BOUND('',#9458,.T.);
#10175=FACE_BOUND('',#9459,.T.);
#10176=FACE_BOUND('',#9460,.T.);
#10177=FACE_BOUND('',#9461,.T.);
#10178=FACE_BOUND('',#9462,.T.);
#10179=FACE_BOUND('',#9463,.T.);
#10180=FACE_BOUND('',#9464,.T.);
#10181=FACE_BOUND('',#9465,.T.);
#10182=FACE_BOUND('',#9466,.T.);
#10183=FACE_BOUND('',#9467,.T.);
#10184=FACE_BOUND('',#9468,.T.);
#10185=FACE_BOUND('',#9469,.T.);
#10186=FACE_BOUND('',#9470,.T.);
#10187=FACE_BOUND('',#9471,.T.);
#10188=FACE_BOUND('',#9472,.T.);
#10189=FACE_BOUND('',#9473,.T.);
#10190=FACE_BOUND('',#9474,.T.);
#10191=FACE_BOUND('',#9475,.T.);
#10192=FACE_BOUND('',#9476,.T.);
#10193=FACE_BOUND('',#9477,.T.);
#10194=FACE_BOUND('',#9478,.T.);
#10195=FACE_BOUND('',#9479,.T.);
#10196=FACE_BOUND('',#9480,.T.);
#10197=FACE_BOUND('',#9481,.T.);
#10198=FACE_BOUND('',#9482,.T.);
#10199=FACE_BOUND('',#9483,.T.);
#10200=FACE_BOUND('',#9484,.T.);
#10201=FACE_BOUND('',#9485,.T.);
#10202=FACE_BOUND('',#9486,.T.);
#10203=FACE_BOUND('',#9487,.T.);
#10204=FACE_BOUND('',#9488,.T.);
#10205=FACE_BOUND('',#9489,.T.);
#10206=FACE_BOUND('',#9490,.T.);
#10207=FACE_BOUND('',#9491,.T.);
#10208=FACE_BOUND('',#9492,.T.);
#10209=FACE_BOUND('',#9493,.T.);
#10210=FACE_BOUND('',#9494,.T.);
#10211=FACE_BOUND('',#9495,.T.);
#10212=FACE_BOUND('',#9496,.T.);
#10213=FACE_BOUND('',#9497,.T.);
#10214=FACE_BOUND('',#9498,.T.);
#10215=FACE_BOUND('',#9499,.T.);
#10216=FACE_BOUND('',#9500,.T.);
#10217=FACE_BOUND('',#9501,.T.);
#10218=FACE_BOUND('',#9502,.T.);
#10219=FACE_BOUND('',#9503,.T.);
#10220=FACE_BOUND('',#9504,.T.);
#10221=FACE_BOUND('',#9505,.T.);
#10222=FACE_BOUND('',#9506,.T.);
#10223=FACE_BOUND('',#9507,.T.);
#10224=FACE_BOUND('',#9508,.T.);
#10225=FACE_BOUND('',#9509,.T.);
#10226=FACE_BOUND('',#9510,.T.);
#10227=FACE_BOUND('',#9511,.T.);
#10228=FACE_BOUND('',#9512,.T.);
#10229=FACE_BOUND('',#9513,.T.);
#10230=FACE_BOUND('',#9514,.T.);
#10231=FACE_BOUND('',#9515,.T.);
#10232=FACE_BOUND('',#9516,.T.);
#10233=FACE_BOUND('',#9517,.T.);
#10234=FACE_BOUND('',#9518,.T.);
#10235=FACE_BOUND('',#9519,.T.);
#10236=FACE_BOUND('',#9520,.T.);
#10237=FACE_BOUND('',#9521,.T.);
#10238=FACE_BOUND('',#9522,.T.);
#10239=FACE_BOUND('',#9523,.T.);
#10240=FACE_BOUND('',#9524,.T.);
#10241=FACE_BOUND('',#9525,.T.);
#10242=FACE_BOUND('',#9526,.T.);
#10243=FACE_BOUND('',#9527,.T.);
#10244=FACE_BOUND('',#9528,.T.);
#10245=FACE_BOUND('',#9529,.T.);
#10246=FACE_BOUND('',#9530,.T.);
#10247=FACE_BOUND('',#9531,.T.);
#10248=FACE_BOUND('',#9532,.T.);
#10249=FACE_BOUND('',#9533,.T.);
#10250=FACE_BOUND('',#9534,.T.);
#10251=FACE_BOUND('',#9535,.T.);
#10252=FACE_BOUND('',#9536,.T.);
#10253=FACE_BOUND('',#9537,.T.);
#10254=FACE_BOUND('',#9538,.T.);
#10255=FACE_BOUND('',#9539,.T.);
#10256=FACE_BOUND('',#9540,.T.);
#10257=FACE_BOUND('',#9541,.T.);
#10258=FACE_BOUND('',#9542,.T.);
#10259=FACE_BOUND('',#9543,.T.);
#10260=FACE_BOUND('',#9544,.T.);
#10261=FACE_BOUND('',#9545,.T.);
#10262=FACE_BOUND('',#9546,.T.);
#10263=FACE_BOUND('',#9547,.T.);
#10264=FACE_BOUND('',#9548,.T.);
#10265=FACE_BOUND('',#9549,.T.);
#10266=FACE_BOUND('',#9550,.T.);
#10267=FACE_BOUND('',#9551,.T.);
#10268=FACE_BOUND('',#9552,.T.);
#10269=FACE_BOUND('',#9553,.T.);
#10270=FACE_BOUND('',#9554,.T.);
#10271=FACE_BOUND('',#9555,.T.);
#10272=FACE_BOUND('',#9556,.T.);
#10273=FACE_BOUND('',#9557,.T.);
#10274=FACE_BOUND('',#9558,.T.);
#10275=FACE_BOUND('',#9559,.T.);
#10276=FACE_BOUND('',#9560,.T.);
#10277=FACE_BOUND('',#9561,.T.);
#10278=FACE_BOUND('',#9562,.T.);
#10279=FACE_BOUND('',#9563,.T.);
#10280=FACE_BOUND('',#9564,.T.);
#10281=FACE_BOUND('',#9565,.T.);
#10282=FACE_BOUND('',#9566,.T.);
#10283=FACE_BOUND('',#9567,.T.);
#10284=FACE_BOUND('',#9568,.T.);
#10285=FACE_BOUND('',#9569,.T.);
#10286=FACE_BOUND('',#9570,.T.);
#10287=FACE_BOUND('',#9571,.T.);
#10288=FACE_BOUND('',#9572,.T.);
#10289=FACE_BOUND('',#9573,.T.);
#10290=FACE_BOUND('',#9574,.T.);
#10291=FACE_BOUND('',#9575,.T.);
#10292=FACE_BOUND('',#9576,.T.);
#10293=FACE_BOUND('',#9577,.T.);
#10294=FACE_BOUND('',#9578,.T.);
#10295=FACE_BOUND('',#9579,.T.);
#10296=FACE_BOUND('',#9580,.T.);
#10297=FACE_BOUND('',#9581,.T.);
#10298=FACE_BOUND('',#9582,.T.);
#10299=FACE_BOUND('',#9583,.T.);
#10300=FACE_BOUND('',#9584,.T.);
#10301=FACE_BOUND('',#9585,.T.);
#10302=FACE_BOUND('',#9586,.T.);
#10303=FACE_BOUND('',#9587,.T.);
#10304=FACE_BOUND('',#9588,.T.);
#10305=FACE_BOUND('',#9589,.T.);
#10306=FACE_BOUND('',#9590,.T.);
#10307=FACE_BOUND('',#9591,.T.);
#10308=FACE_BOUND('',#9592,.T.);
#10309=FACE_BOUND('',#9593,.T.);
#10310=FACE_BOUND('',#9594,.T.);
#10311=FACE_BOUND('',#9595,.T.);
#10312=FACE_BOUND('',#9596,.T.);
#10313=FACE_BOUND('',#9597,.T.);
#10314=FACE_BOUND('',#9598,.T.);
#10315=FACE_BOUND('',#9599,.T.);
#10316=FACE_BOUND('',#9600,.T.);
#10317=FACE_BOUND('',#9601,.T.);
#10318=FACE_BOUND('',#9602,.T.);
#10319=FACE_BOUND('',#9603,.T.);
#10320=FACE_BOUND('',#9604,.T.);
#10321=FACE_BOUND('',#9605,.T.);
#10322=FACE_BOUND('',#9606,.T.);
#10323=FACE_BOUND('',#9607,.T.);
#10324=FACE_BOUND('',#9608,.T.);
#10325=FACE_BOUND('',#9609,.T.);
#10326=FACE_BOUND('',#9610,.T.);
#10327=FACE_BOUND('',#9611,.T.);
#10328=FACE_BOUND('',#9612,.T.);
#10329=FACE_BOUND('',#9613,.T.);
#10330=FACE_BOUND('',#9614,.T.);
#10331=FACE_BOUND('',#9615,.T.);
#10332=FACE_BOUND('',#9616,.T.);
#10333=FACE_BOUND('',#9617,.T.);
#10334=FACE_BOUND('',#9618,.T.);
#10335=FACE_BOUND('',#9619,.T.);
#10336=FACE_BOUND('',#9620,.T.);
#10337=FACE_BOUND('',#9621,.T.);
#10338=FACE_BOUND('',#9622,.T.);
#10339=FACE_BOUND('',#9623,.T.);
#10340=FACE_BOUND('',#9624,.T.);
#10341=FACE_BOUND('',#9625,.T.);
#10342=FACE_BOUND('',#9626,.T.);
#10343=FACE_BOUND('',#9627,.T.);
#10344=FACE_BOUND('',#9628,.T.);
#10345=FACE_BOUND('',#9629,.T.);
#10346=FACE_BOUND('',#9630,.T.);
#10347=FACE_BOUND('',#9631,.T.);
#10348=FACE_BOUND('',#9632,.T.);
#10349=FACE_BOUND('',#9633,.T.);
#10350=FACE_BOUND('',#9634,.T.);
#10351=FACE_BOUND('',#9635,.T.);
#10352=FACE_BOUND('',#9636,.T.);
#10353=FACE_BOUND('',#9637,.T.);
#10354=FACE_BOUND('',#9638,.T.);
#10355=FACE_BOUND('',#9639,.T.);
#10356=FACE_BOUND('',#9640,.T.);
#10357=FACE_BOUND('',#9641,.T.);
#10358=FACE_BOUND('',#9642,.T.);
#10359=FACE_BOUND('',#9643,.T.);
#10360=FACE_BOUND('',#9644,.T.);
#10361=FACE_BOUND('',#9645,.T.);
#10362=FACE_BOUND('',#9646,.T.);
#10363=FACE_BOUND('',#9647,.T.);
#10364=FACE_BOUND('',#9648,.T.);
#10365=FACE_BOUND('',#9649,.T.);
#10366=FACE_BOUND('',#9650,.T.);
#10367=FACE_BOUND('',#9651,.T.);
#10368=FACE_BOUND('',#9652,.T.);
#10369=FACE_BOUND('',#9653,.T.);
#10370=FACE_BOUND('',#9654,.T.);
#10371=FACE_BOUND('',#9655,.T.);
#10372=FACE_BOUND('',#9656,.T.);
#10373=FACE_BOUND('',#9657,.T.);
#10374=FACE_BOUND('',#9658,.T.);
#10375=FACE_BOUND('',#9659,.T.);
#10376=FACE_BOUND('',#9660,.T.);
#10377=FACE_BOUND('',#9661,.T.);
#10378=FACE_BOUND('',#9662,.T.);
#10379=FACE_BOUND('',#9663,.T.);
#10380=FACE_BOUND('',#9664,.T.);
#10381=FACE_BOUND('',#9665,.T.);
#10382=FACE_BOUND('',#9666,.T.);
#10383=FACE_BOUND('',#9667,.T.);
#10384=FACE_BOUND('',#9668,.T.);
#10385=FACE_BOUND('',#9669,.T.);
#10386=FACE_BOUND('',#9670,.T.);
#10387=FACE_BOUND('',#9671,.T.);
#10388=FACE_BOUND('',#9672,.T.);
#10389=FACE_BOUND('',#9673,.T.);
#10390=FACE_BOUND('',#9674,.T.);
#10391=FACE_BOUND('',#9675,.T.);
#10392=FACE_BOUND('',#9676,.T.);
#10393=FACE_BOUND('',#9677,.T.);
#10394=FACE_BOUND('',#9678,.T.);
#10395=FACE_BOUND('',#9679,.T.);
#10396=FACE_BOUND('',#9680,.T.);
#10397=FACE_BOUND('',#9681,.T.);
#10398=FACE_BOUND('',#9682,.T.);
#10399=FACE_BOUND('',#9683,.T.);
#10400=FACE_BOUND('',#9684,.T.);
#10401=FACE_BOUND('',#9685,.T.);
#10402=FACE_BOUND('',#9686,.T.);
#10403=FACE_BOUND('',#9687,.T.);
#10404=FACE_BOUND('',#9688,.T.);
#10405=FACE_BOUND('',#9689,.T.);
#10406=FACE_BOUND('',#9690,.T.);
#10407=FACE_BOUND('',#9691,.T.);
#10408=FACE_BOUND('',#9692,.T.);
#10409=FACE_BOUND('',#9693,.T.);
#10410=FACE_BOUND('',#9694,.T.);
#10411=FACE_BOUND('',#9695,.T.);
#10412=FACE_BOUND('',#9696,.T.);
#10413=FACE_BOUND('',#9697,.T.);
#10414=FACE_BOUND('',#9698,.T.);
#10415=FACE_BOUND('',#9699,.T.);
#10416=FACE_BOUND('',#9700,.T.);
#10417=FACE_BOUND('',#9701,.T.);
#10418=FACE_BOUND('',#9702,.T.);
#10419=FACE_BOUND('',#9703,.T.);
#10420=FACE_BOUND('',#9704,.T.);
#10421=FACE_BOUND('',#9705,.T.);
#10422=FACE_BOUND('',#9706,.T.);
#10423=FACE_BOUND('',#9707,.T.);
#10424=FACE_BOUND('',#9708,.T.);
#10425=FACE_BOUND('',#9709,.T.);
#10426=FACE_BOUND('',#9710,.T.);
#10427=FACE_BOUND('',#9711,.T.);
#10428=FACE_BOUND('',#9712,.T.);
#10429=FACE_BOUND('',#9713,.T.);
#10430=FACE_BOUND('',#9714,.T.);
#10431=FACE_BOUND('',#9715,.T.);
#10432=FACE_BOUND('',#9716,.T.);
#10433=FACE_BOUND('',#9717,.T.);
#10434=FACE_BOUND('',#9718,.T.);
#10435=FACE_BOUND('',#9719,.T.);
#10436=FACE_BOUND('',#9720,.T.);
#10437=FACE_BOUND('',#9721,.T.);
#10438=FACE_BOUND('',#9722,.T.);
#10439=FACE_BOUND('',#9723,.T.);
#10440=FACE_BOUND('',#9724,.T.);
#10441=FACE_BOUND('',#9725,.T.);
#10442=FACE_BOUND('',#9726,.T.);
#10443=FACE_BOUND('',#9727,.T.);
#10444=FACE_BOUND('',#9728,.T.);
#10445=FACE_BOUND('',#9729,.T.);
#10446=FACE_BOUND('',#9730,.T.);
#10447=FACE_BOUND('',#9731,.T.);
#10448=FACE_BOUND('',#9732,.T.);
#10449=FACE_BOUND('',#9733,.T.);
#10450=FACE_BOUND('',#9734,.T.);
#10451=FACE_BOUND('',#9735,.T.);
#10452=FACE_BOUND('',#9736,.T.);
#10453=FACE_BOUND('',#9737,.T.);
#10454=FACE_BOUND('',#9738,.T.);
#10455=FACE_BOUND('',#9739,.T.);
#10456=FACE_BOUND('',#9740,.T.);
#10457=FACE_BOUND('',#9741,.T.);
#10458=FACE_BOUND('',#9742,.T.);
#10459=FACE_BOUND('',#9743,.T.);
#10460=FACE_BOUND('',#9744,.T.);
#10461=FACE_BOUND('',#9745,.T.);
#10462=FACE_BOUND('',#9746,.T.);
#10463=FACE_BOUND('',#9747,.T.);
#10464=FACE_BOUND('',#9748,.T.);
#10465=FACE_BOUND('',#9749,.T.);
#10466=FACE_BOUND('',#9750,.T.);
#10467=FACE_BOUND('',#9751,.T.);
#10468=FACE_BOUND('',#9752,.T.);
#10469=FACE_BOUND('',#9753,.T.);
#10470=FACE_BOUND('',#9754,.T.);
#10471=FACE_BOUND('',#9755,.T.);
#10472=FACE_BOUND('',#9756,.T.);
#10473=FACE_BOUND('',#9757,.T.);
#10474=FACE_BOUND('',#9758,.T.);
#10475=FACE_BOUND('',#9759,.T.);
#10476=FACE_BOUND('',#9760,.T.);
#10477=FACE_BOUND('',#9761,.T.);
#10478=FACE_BOUND('',#9762,.T.);
#10479=FACE_BOUND('',#9763,.T.);
#10480=FACE_BOUND('',#9764,.T.);
#10481=FACE_BOUND('',#9765,.T.);
#10482=FACE_BOUND('',#9766,.T.);
#10483=FACE_BOUND('',#9767,.T.);
#10484=FACE_BOUND('',#9768,.T.);
#10485=FACE_BOUND('',#9769,.T.);
#10486=FACE_BOUND('',#9770,.T.);
#10487=FACE_BOUND('',#9771,.T.);
#10488=FACE_BOUND('',#9772,.T.);
#10489=FACE_BOUND('',#9773,.T.);
#10490=FACE_BOUND('',#9774,.T.);
#10491=FACE_BOUND('',#9775,.T.);
#10492=FACE_BOUND('',#9776,.T.);
#10493=FACE_BOUND('',#9777,.T.);
#10494=FACE_BOUND('',#9778,.T.);
#10495=FACE_BOUND('',#9779,.T.);
#10496=FACE_BOUND('',#9780,.T.);
#10497=FACE_BOUND('',#9781,.T.);
#10498=FACE_BOUND('',#9782,.T.);
#10499=FACE_BOUND('',#9783,.T.);
#10500=FACE_BOUND('',#9784,.T.);
#10501=FACE_BOUND('',#9785,.T.);
#10502=FACE_BOUND('',#9786,.T.);
#10503=FACE_BOUND('',#9787,.T.);
#10504=FACE_BOUND('',#9788,.T.);
#10505=FACE_BOUND('',#9789,.T.);
#10506=FACE_BOUND('',#9790,.T.);
#10507=FACE_BOUND('',#9791,.T.);
#10508=FACE_BOUND('',#9792,.T.);
#10509=FACE_BOUND('',#9793,.T.);
#10510=FACE_BOUND('',#9794,.T.);
#10511=FACE_BOUND('',#9795,.T.);
#10512=FACE_BOUND('',#9796,.T.);
#10513=FACE_BOUND('',#9797,.T.);
#10514=FACE_BOUND('',#9798,.T.);
#10515=FACE_BOUND('',#9799,.T.);
#10516=FACE_BOUND('',#9800,.T.);
#10517=FACE_BOUND('',#9801,.T.);
#10518=FACE_BOUND('',#9802,.T.);
#10519=FACE_BOUND('',#9803,.T.);
#10520=FACE_BOUND('',#9804,.T.);
#10521=FACE_BOUND('',#9805,.T.);
#10522=FACE_BOUND('',#9806,.T.);
#10523=FACE_BOUND('',#9807,.T.);
#10524=FACE_BOUND('',#9808,.T.);
#10525=FACE_BOUND('',#9809,.T.);
#10526=FACE_BOUND('',#9810,.T.);
#10527=FACE_BOUND('',#9811,.T.);
#10528=FACE_BOUND('',#9812,.T.);
#10529=FACE_BOUND('',#9813,.T.);
#10530=FACE_BOUND('',#9814,.T.);
#10531=FACE_BOUND('',#9815,.T.);
#10532=FACE_BOUND('',#9816,.T.);
#10533=FACE_BOUND('',#9817,.T.);
#10534=FACE_BOUND('',#9818,.T.);
#10535=FACE_BOUND('',#9819,.T.);
#10536=FACE_BOUND('',#9820,.T.);
#10537=FACE_BOUND('',#9821,.T.);
#10538=FACE_BOUND('',#9822,.T.);
#10539=FACE_BOUND('',#9823,.T.);
#10540=FACE_BOUND('',#9824,.T.);
#10541=FACE_BOUND('',#9825,.T.);
#10542=FACE_BOUND('',#9826,.T.);
#10543=FACE_BOUND('',#9827,.T.);
#10544=FACE_BOUND('',#9828,.T.);
#10545=FACE_BOUND('',#9829,.T.);
#10546=FACE_BOUND('',#9830,.T.);
#10547=FACE_BOUND('',#9831,.T.);
#10548=FACE_BOUND('',#9832,.T.);
#10549=FACE_BOUND('',#9833,.T.);
#10550=FACE_BOUND('',#9834,.T.);
#10551=FACE_BOUND('',#9835,.T.);
#10552=FACE_BOUND('',#9836,.T.);
#10553=FACE_BOUND('',#9837,.T.);
#10554=FACE_BOUND('',#9838,.T.);
#10555=FACE_BOUND('',#9839,.T.);
#10556=FACE_BOUND('',#9840,.T.);
#10557=FACE_BOUND('',#9841,.T.);
#10558=FACE_BOUND('',#9842,.T.);
#10559=FACE_BOUND('',#9843,.T.);
#10560=FACE_BOUND('',#9844,.T.);
#10561=FACE_BOUND('',#9845,.T.);
#10562=FACE_BOUND('',#9846,.T.);
#10563=FACE_BOUND('',#9847,.T.);
#10564=FACE_BOUND('',#9848,.T.);
#10565=FACE_BOUND('',#9849,.T.);
#10566=FACE_BOUND('',#9850,.T.);
#10567=FACE_BOUND('',#9851,.T.);
#10568=FACE_BOUND('',#9852,.T.);
#10569=FACE_BOUND('',#9853,.T.);
#10570=FACE_BOUND('',#9854,.T.);
#10571=FACE_BOUND('',#9855,.T.);
#10572=FACE_BOUND('',#9856,.T.);
#10573=FACE_BOUND('',#9857,.T.);
#10574=FACE_BOUND('',#9858,.T.);
#10575=FACE_BOUND('',#9859,.T.);
#10576=FACE_BOUND('',#9860,.T.);
#10577=FACE_BOUND('',#9861,.T.);
#10578=FACE_BOUND('',#9862,.T.);
#10579=FACE_BOUND('',#9863,.T.);
#10580=FACE_BOUND('',#9864,.T.);
#10581=FACE_BOUND('',#9865,.T.);
#10582=FACE_BOUND('',#9866,.T.);
#10583=FACE_BOUND('',#9867,.T.);
#10584=FACE_BOUND('',#9868,.T.);
#10585=FACE_BOUND('',#9869,.T.);
#10586=FACE_BOUND('',#9870,.T.);
#10587=FACE_BOUND('',#9871,.T.);
#10588=FACE_BOUND('',#9872,.T.);
#10589=FACE_BOUND('',#9873,.T.);
#10590=FACE_BOUND('',#9874,.T.);
#10591=FACE_BOUND('',#9875,.T.);
#10592=FACE_BOUND('',#9876,.T.);
#10593=FACE_BOUND('',#9877,.T.);
#10594=FACE_BOUND('',#9878,.T.);
#10595=FACE_BOUND('',#9879,.T.);
#10596=FACE_BOUND('',#9880,.T.);
#10597=FACE_BOUND('',#9881,.T.);
#10598=FACE_BOUND('',#9882,.T.);
#10599=FACE_BOUND('',#9883,.T.);
#10600=FACE_BOUND('',#9884,.T.);
#10601=FACE_BOUND('',#9885,.T.);
#10602=FACE_BOUND('',#9886,.T.);
#10603=FACE_BOUND('',#9887,.T.);
#10604=FACE_BOUND('',#9888,.T.);
#10605=FACE_BOUND('',#9889,.T.);
#10606=FACE_BOUND('',#9890,.T.);
#10607=FACE_BOUND('',#9891,.T.);
#10608=FACE_BOUND('',#9892,.T.);
#10609=FACE_BOUND('',#9893,.T.);
#10610=FACE_BOUND('',#9894,.T.);
#10611=FACE_BOUND('',#9895,.T.);
#10612=FACE_BOUND('',#9896,.T.);
#10613=FACE_BOUND('',#9897,.T.);
#10614=FACE_BOUND('',#9898,.T.);
#10615=FACE_BOUND('',#9899,.T.);
#10616=FACE_BOUND('',#9900,.T.);
#10617=FACE_BOUND('',#9901,.T.);
#10618=FACE_BOUND('',#9902,.T.);
#10619=FACE_BOUND('',#9903,.T.);
#10620=FACE_BOUND('',#9904,.T.);
#10621=FACE_BOUND('',#9905,.T.);
#10622=FACE_BOUND('',#9906,.T.);
#10623=FACE_BOUND('',#9907,.T.);
#10624=FACE_BOUND('',#9908,.T.);
#10625=FACE_BOUND('',#9909,.T.);
#10626=FACE_BOUND('',#9910,.T.);
#10627=FACE_BOUND('',#9911,.T.);
#10628=FACE_BOUND('',#9912,.T.);
#10629=FACE_BOUND('',#9913,.T.);
#10630=FACE_BOUND('',#9914,.T.);
#10631=FACE_BOUND('',#9915,.T.);
#10632=FACE_BOUND('',#9916,.T.);
#10633=FACE_BOUND('',#9917,.T.);
#10634=FACE_BOUND('',#9918,.T.);
#10635=FACE_BOUND('',#9919,.T.);
#10636=FACE_BOUND('',#9920,.T.);
#10637=FACE_BOUND('',#9921,.T.);
#10638=FACE_BOUND('',#9922,.T.);
#10639=FACE_BOUND('',#9923,.T.);
#10640=FACE_BOUND('',#9924,.T.);
#10641=FACE_BOUND('',#9925,.T.);
#10642=FACE_BOUND('',#9926,.T.);
#10643=FACE_BOUND('',#9927,.T.);
#10644=FACE_BOUND('',#9928,.T.);
#10645=FACE_BOUND('',#9929,.T.);
#10646=FACE_BOUND('',#9930,.T.);
#10647=FACE_BOUND('',#9931,.T.);
#10648=FACE_BOUND('',#9932,.T.);
#10649=FACE_BOUND('',#9933,.T.);
#10650=FACE_BOUND('',#9934,.T.);
#10651=FACE_BOUND('',#9935,.T.);
#10652=FACE_BOUND('',#9936,.T.);
#10653=FACE_BOUND('',#9937,.T.);
#10654=FACE_BOUND('',#9938,.T.);
#10655=FACE_BOUND('',#9939,.T.);
#10656=FACE_BOUND('',#9940,.T.);
#10657=FACE_BOUND('',#9941,.T.);
#10658=FACE_BOUND('',#9942,.T.);
#10659=FACE_BOUND('',#9943,.T.);
#10660=FACE_BOUND('',#9944,.T.);
#10661=FACE_BOUND('',#9945,.T.);
#10662=FACE_BOUND('',#9946,.T.);
#10663=FACE_BOUND('',#9947,.T.);
#10664=FACE_BOUND('',#9948,.T.);
#10665=FACE_BOUND('',#9949,.T.);
#10666=FACE_BOUND('',#9950,.T.);
#10667=FACE_BOUND('',#9951,.T.);
#10668=FACE_BOUND('',#9952,.T.);
#10669=FACE_BOUND('',#9953,.T.);
#10670=FACE_BOUND('',#9954,.T.);
#10671=FACE_BOUND('',#9955,.T.);
#10672=FACE_BOUND('',#9956,.T.);
#10673=FACE_BOUND('',#9957,.T.);
#10674=FACE_BOUND('',#9958,.T.);
#10675=FACE_BOUND('',#9959,.T.);
#10676=FACE_BOUND('',#9960,.T.);
#10677=FACE_BOUND('',#9961,.T.);
#10678=FACE_BOUND('',#9962,.T.);
#10679=FACE_BOUND('',#9963,.T.);
#10680=FACE_BOUND('',#9964,.T.);
#10681=FACE_BOUND('',#9965,.T.);
#10682=FACE_BOUND('',#9966,.T.);
#10683=FACE_BOUND('',#9967,.T.);
#10684=FACE_BOUND('',#9968,.T.);
#10685=FACE_BOUND('',#9969,.T.);
#10686=FACE_BOUND('',#9970,.T.);
#10687=FACE_BOUND('',#9971,.T.);
#10688=FACE_BOUND('',#9972,.T.);
#10689=FACE_BOUND('',#9973,.T.);
#10690=FACE_BOUND('',#9974,.T.);
#10691=FACE_BOUND('',#9975,.T.);
#10692=FACE_BOUND('',#9976,.T.);
#10693=FACE_BOUND('',#9977,.T.);
#10694=FACE_BOUND('',#9978,.T.);
#10695=FACE_BOUND('',#9979,.T.);
#10696=FACE_BOUND('',#9980,.T.);
#10697=FACE_BOUND('',#9981,.T.);
#10698=FACE_BOUND('',#9982,.T.);
#10699=FACE_BOUND('',#9983,.T.);
#10700=FACE_BOUND('',#9984,.T.);
#10701=FACE_BOUND('',#9985,.T.);
#10702=FACE_BOUND('',#9986,.T.);
#10703=FACE_BOUND('',#9987,.T.);
#10704=FACE_BOUND('',#9988,.T.);
#10705=FACE_BOUND('',#9989,.T.);
#10706=FACE_BOUND('',#9990,.T.);
#10707=FACE_BOUND('',#9991,.T.);
#10708=FACE_BOUND('',#9992,.T.);
#10709=FACE_BOUND('',#9993,.T.);
#10710=FACE_BOUND('',#9994,.T.);
#10711=FACE_BOUND('',#9995,.T.);
#10712=FACE_BOUND('',#9996,.T.);
#10713=FACE_BOUND('',#9997,.T.);
#10714=FACE_BOUND('',#9998,.T.);
#10715=FACE_BOUND('',#9999,.T.);
#10716=FACE_BOUND('',#10000,.T.);
#10717=FACE_BOUND('',#10001,.T.);
#10718=FACE_BOUND('',#10002,.T.);
#10719=FACE_BOUND('',#10003,.T.);
#10720=FACE_BOUND('',#10004,.T.);
#10721=FACE_BOUND('',#10005,.T.);
#10722=FACE_BOUND('',#10006,.T.);
#10723=FACE_BOUND('',#10007,.T.);
#10724=FACE_BOUND('',#10008,.T.);
#10725=FACE_BOUND('',#10009,.T.);
#10726=FACE_BOUND('',#10010,.T.);
#10727=FACE_BOUND('',#10011,.T.);
#10728=FACE_BOUND('',#10012,.T.);
#10729=FACE_BOUND('',#10013,.T.);
#10730=FACE_BOUND('',#10014,.T.);
#10731=FACE_BOUND('',#10015,.T.);
#10732=FACE_BOUND('',#10016,.T.);
#10733=FACE_BOUND('',#10017,.T.);
#10734=FACE_BOUND('',#10018,.T.);
#10735=FACE_BOUND('',#10019,.T.);
#10736=FACE_BOUND('',#10020,.T.);
#10737=FACE_BOUND('',#10021,.T.);
#10738=FACE_BOUND('',#10022,.T.);
#10739=FACE_BOUND('',#10023,.T.);
#10740=FACE_BOUND('',#10024,.T.);
#10741=FACE_BOUND('',#10025,.T.);
#10742=FACE_BOUND('',#10026,.T.);
#10743=FACE_BOUND('',#10027,.T.);
#10744=FACE_BOUND('',#10028,.T.);
#10745=FACE_BOUND('',#10029,.T.);
#10746=FACE_BOUND('',#10030,.T.);
#10747=FACE_BOUND('',#10031,.T.);
#10748=FACE_BOUND('',#10032,.T.);
#10749=FACE_BOUND('',#10033,.T.);
#10750=FACE_BOUND('',#10034,.T.);
#10751=FACE_BOUND('',#10035,.T.);
#10752=FACE_BOUND('',#10036,.T.);
#10753=FACE_BOUND('',#10037,.T.);
#10754=FACE_BOUND('',#10038,.T.);
#10755=FACE_BOUND('',#10039,.T.);
#10756=FACE_BOUND('',#10040,.T.);
#10757=FACE_BOUND('',#10041,.T.);
#10758=FACE_BOUND('',#10042,.T.);
#10759=FACE_BOUND('',#10043,.T.);
#10760=FACE_BOUND('',#10044,.T.);
#10761=FACE_BOUND('',#10045,.T.);
#10762=FACE_BOUND('',#10046,.T.);
#10763=FACE_BOUND('',#10047,.T.);
#10764=FACE_BOUND('',#10048,.T.);
#10765=FACE_BOUND('',#10049,.T.);
#10766=FACE_BOUND('',#10050,.T.);
#10767=FACE_BOUND('',#10051,.T.);
#10768=FACE_BOUND('',#10052,.T.);
#10769=FACE_BOUND('',#10053,.T.);
#10770=FACE_BOUND('',#10054,.T.);
#10771=FACE_BOUND('',#10055,.T.);
#10772=FACE_BOUND('',#10056,.T.);
#10773=FACE_BOUND('',#10057,.T.);
#10774=FACE_BOUND('',#10058,.T.);
#10775=FACE_BOUND('',#10059,.T.);
#10776=FACE_BOUND('',#10060,.T.);
#10777=FACE_BOUND('',#10061,.T.);
#10778=FACE_BOUND('',#10062,.T.);
#10779=FACE_BOUND('',#10063,.T.);
#10780=FACE_BOUND('',#10064,.T.);
#10781=FACE_BOUND('',#10065,.T.);
#10782=FACE_BOUND('',#10066,.T.);
#10783=FACE_BOUND('',#10067,.T.);
#10784=FACE_BOUND('',#10068,.T.);
#10785=FACE_BOUND('',#10069,.T.);
#10786=FACE_BOUND('',#10070,.T.);
#10787=FACE_BOUND('',#10071,.T.);
#10788=FACE_BOUND('',#10072,.T.);
#10789=FACE_BOUND('',#10073,.T.);
#10790=FACE_BOUND('',#10074,.T.);
#10791=FACE_BOUND('',#10075,.T.);
#10792=FACE_BOUND('',#10076,.T.);
#10793=FACE_BOUND('',#10077,.T.);
#10794=FACE_BOUND('',#10078,.T.);
#10795=FACE_BOUND('',#10079,.T.);
#10796=FACE_BOUND('',#10080,.T.);
#10797=FACE_BOUND('',#10081,.T.);
#10798=FACE_BOUND('',#10082,.T.);
#10799=FACE_BOUND('',#10083,.T.);
#10800=FACE_BOUND('',#10084,.T.);
#10801=FACE_BOUND('',#10085,.T.);
#10802=FACE_BOUND('',#10086,.T.);
#10803=FACE_BOUND('',#10087,.T.);
#10804=FACE_BOUND('',#10088,.T.);
#10805=FACE_BOUND('',#10089,.T.);
#10806=FACE_BOUND('',#10090,.T.);
#10807=FACE_BOUND('',#10091,.T.);
#10808=FACE_BOUND('',#10092,.T.);
#10809=FACE_BOUND('',#10093,.T.);
#10810=FACE_BOUND('',#10094,.T.);
#10811=FACE_BOUND('',#10095,.T.);
#10812=FACE_BOUND('',#10096,.T.);
#10813=FACE_BOUND('',#10097,.T.);
#10814=FACE_BOUND('',#10098,.T.);
#10815=FACE_BOUND('',#10099,.T.);
#10816=FACE_BOUND('',#10100,.T.);
#10817=FACE_BOUND('',#10101,.T.);
#10818=FACE_BOUND('',#10102,.T.);
#10819=FACE_BOUND('',#10103,.T.);
#10820=FACE_BOUND('',#10104,.T.);
#10821=FACE_BOUND('',#10105,.T.);
#10822=FACE_BOUND('',#10106,.T.);
#10823=FACE_BOUND('',#10107,.T.);
#10824=FACE_BOUND('',#10108,.T.);
#10825=FACE_BOUND('',#10109,.T.);
#10826=FACE_BOUND('',#10110,.T.);
#10827=FACE_BOUND('',#10111,.T.);
#10828=FACE_BOUND('',#10112,.T.);
#10829=FACE_BOUND('',#10113,.T.);
#10830=FACE_BOUND('',#10114,.T.);
#10831=FACE_BOUND('',#10115,.T.);
#10832=FACE_BOUND('',#10116,.T.);
#10833=FACE_BOUND('',#10117,.T.);
#10834=FACE_BOUND('',#10118,.T.);
#10835=FACE_BOUND('',#10119,.T.);
#10836=FACE_BOUND('',#10120,.T.);
#10837=FACE_BOUND('',#10121,.T.);
#10838=FACE_BOUND('',#10122,.T.);
#10839=FACE_BOUND('',#10123,.T.);
#10840=FACE_BOUND('',#10124,.T.);
#10841=FACE_BOUND('',#10125,.T.);
#10842=FACE_BOUND('',#10126,.T.);
#10843=FACE_BOUND('',#10127,.T.);
#10844=FACE_BOUND('',#10128,.T.);
#10845=FACE_BOUND('',#10129,.T.);
#10846=FACE_BOUND('',#10130,.T.);
#10847=FACE_BOUND('',#10131,.T.);
#10848=FACE_BOUND('',#10132,.T.);
#10849=FACE_BOUND('',#10133,.T.);
#10850=FACE_BOUND('',#10134,.T.);
#10851=FACE_BOUND('',#10135,.T.);
#10852=FACE_BOUND('',#10136,.T.);
#10853=FACE_BOUND('',#10137,.T.);
#10854=FACE_BOUND('',#10138,.T.);
#10855=FACE_BOUND('',#10139,.T.);
#10856=FACE_BOUND('',#10140,.T.);
#10857=FACE_BOUND('',#10141,.T.);
#10858=FACE_BOUND('',#10142,.T.);
#10859=FACE_BOUND('',#10143,.T.);
#10860=FACE_BOUND('',#10144,.T.);
#10861=FACE_BOUND('',#10145,.T.);
#10862=FACE_BOUND('',#10146,.T.);
#10863=FACE_BOUND('',#10147,.T.);
#10864=FACE_BOUND('',#10148,.T.);
#10865=FACE_BOUND('',#10149,.T.);
#10866=FACE_BOUND('',#10150,.T.);
#10867=FACE_BOUND('',#10151,.T.);
#10868=FACE_BOUND('',#10152,.T.);
#10869=FACE_BOUND('',#10153,.T.);
#10870=FACE_BOUND('',#10154,.T.);
#10871=FACE_BOUND('',#10155,.T.);
#10872=FACE_BOUND('',#10156,.T.);
#10873=FACE_BOUND('',#10157,.T.);
#10874=FACE_BOUND('',#10158,.T.);
#10875=FACE_BOUND('',#10159,.T.);
#10876=FACE_BOUND('',#10160,.T.);
#10877=FACE_BOUND('',#10161,.T.);
#10878=FACE_BOUND('',#10162,.T.);
#10879=FACE_BOUND('',#10163,.T.);
#10880=FACE_BOUND('',#10164,.T.);
#10881=FACE_BOUND('',#10165,.T.);
#10882=FACE_BOUND('',#10166,.T.);
#10883=FACE_BOUND('',#10167,.T.);
#10884=FACE_BOUND('',#10168,.T.);
#10885=FACE_BOUND('',#10169,.T.);
#10886=FACE_BOUND('',#10170,.T.);
#10887=FACE_BOUND('',#10171,.T.);
#10888=FACE_BOUND('',#10172,.T.);
#10889=FACE_BOUND('',#10173,.T.);
#10890=CYLINDRICAL_SURFACE('',#11761,0.0005);
#10891=CYLINDRICAL_SURFACE('',#11765,0.0005);
#10892=CYLINDRICAL_SURFACE('',#11769,0.0005);
#10893=CYLINDRICAL_SURFACE('',#11773,0.0005);
#10894=CYLINDRICAL_SURFACE('',#11776,0.0005);
#10895=CYLINDRICAL_SURFACE('',#11780,0.000500000000000011);
#10896=CYLINDRICAL_SURFACE('',#11784,0.000500000000000011);
#10897=CYLINDRICAL_SURFACE('',#11788,0.0005);
#10898=CYLINDRICAL_SURFACE('',#11791,0.0005);
#10899=CYLINDRICAL_SURFACE('',#11795,0.000500000000000011);
#10900=CYLINDRICAL_SURFACE('',#11799,0.000500000000000011);
#10901=CYLINDRICAL_SURFACE('',#11803,0.0005);
#10902=CYLINDRICAL_SURFACE('',#11806,0.000499999999999994);
#10903=CYLINDRICAL_SURFACE('',#11810,0.0005);
#10904=CYLINDRICAL_SURFACE('',#11814,0.0005);
#10905=CYLINDRICAL_SURFACE('',#11818,0.000499999999999994);
#10906=CYLINDRICAL_SURFACE('',#11821,0.0005);
#10907=CYLINDRICAL_SURFACE('',#11825,0.000500000000000007);
#10908=CYLINDRICAL_SURFACE('',#11829,0.000500000000000014);
#10909=CYLINDRICAL_SURFACE('',#11833,0.000500000000000007);
#10910=CYLINDRICAL_SURFACE('',#11836,0.0005);
#10911=CYLINDRICAL_SURFACE('',#11840,0.0005);
#10912=CYLINDRICAL_SURFACE('',#11844,0.000500000000000007);
#10913=CYLINDRICAL_SURFACE('',#11848,0.000500000000000007);
#10914=CYLINDRICAL_SURFACE('',#11851,0.0005);
#10915=CYLINDRICAL_SURFACE('',#11855,0.0005);
#10916=CYLINDRICAL_SURFACE('',#11859,0.0005);
#10917=CYLINDRICAL_SURFACE('',#11863,0.0005);
#10918=CYLINDRICAL_SURFACE('',#11866,0.000500000000000011);
#10919=CYLINDRICAL_SURFACE('',#11870,0.0005);
#10920=CYLINDRICAL_SURFACE('',#11874,0.0005);
#10921=CYLINDRICAL_SURFACE('',#11878,0.000500000000000011);
#10922=CYLINDRICAL_SURFACE('',#11881,0.000500000000000011);
#10923=CYLINDRICAL_SURFACE('',#11885,0.0005);
#10924=CYLINDRICAL_SURFACE('',#11889,0.0005);
#10925=CYLINDRICAL_SURFACE('',#11893,0.000500000000000011);
#10926=CYLINDRICAL_SURFACE('',#11896,0.0005);
#10927=CYLINDRICAL_SURFACE('',#11900,0.0005);
#10928=CYLINDRICAL_SURFACE('',#11904,0.0005);
#10929=CYLINDRICAL_SURFACE('',#11908,0.0005);
#10930=CYLINDRICAL_SURFACE('',#11911,0.0005);
#10931=CYLINDRICAL_SURFACE('',#11915,0.0005);
#10932=CYLINDRICAL_SURFACE('',#11919,0.0005);
#10933=CYLINDRICAL_SURFACE('',#11923,0.0005);
#10934=CYLINDRICAL_SURFACE('',#11926,0.0005);
#10935=CYLINDRICAL_SURFACE('',#11930,0.0005);
#10936=CYLINDRICAL_SURFACE('',#11934,0.0005);
#10937=CYLINDRICAL_SURFACE('',#11938,0.0005);
#10938=CYLINDRICAL_SURFACE('',#11941,0.000499999999999988);
#10939=CYLINDRICAL_SURFACE('',#11945,0.000500000000000013);
#10940=CYLINDRICAL_SURFACE('',#11949,0.000500000000000013);
#10941=CYLINDRICAL_SURFACE('',#11953,0.000499999999999988);
#10942=CYLINDRICAL_SURFACE('',#11956,0.0005);
#10943=CYLINDRICAL_SURFACE('',#11960,0.000500000000000013);
#10944=CYLINDRICAL_SURFACE('',#11964,0.000500000000000013);
#10945=CYLINDRICAL_SURFACE('',#11968,0.0005);
#10946=CYLINDRICAL_SURFACE('',#11971,0.0005);
#10947=CYLINDRICAL_SURFACE('',#11975,0.0005);
#10948=CYLINDRICAL_SURFACE('',#11979,0.0005);
#10949=CYLINDRICAL_SURFACE('',#11983,0.0005);
#10950=CYLINDRICAL_SURFACE('',#11986,0.0005);
#10951=CYLINDRICAL_SURFACE('',#11990,0.000500000000000007);
#10952=CYLINDRICAL_SURFACE('',#11994,0.000500000000000006);
#10953=CYLINDRICAL_SURFACE('',#11998,0.0005);
#10954=CYLINDRICAL_SURFACE('',#12001,0.0005);
#10955=CYLINDRICAL_SURFACE('',#12005,0.0005);
#10956=CYLINDRICAL_SURFACE('',#12009,0.0005);
#10957=CYLINDRICAL_SURFACE('',#12013,0.0005);
#10958=CYLINDRICAL_SURFACE('',#12016,0.0005);
#10959=CYLINDRICAL_SURFACE('',#12020,0.0005);
#10960=CYLINDRICAL_SURFACE('',#12024,0.0005);
#10961=CYLINDRICAL_SURFACE('',#12028,0.0005);
#10962=CYLINDRICAL_SURFACE('',#12031,0.0005);
#10963=CYLINDRICAL_SURFACE('',#12035,0.0005);
#10964=CYLINDRICAL_SURFACE('',#12039,0.0005);
#10965=CYLINDRICAL_SURFACE('',#12043,0.0005);
#10966=CYLINDRICAL_SURFACE('',#12046,0.0005);
#10967=CYLINDRICAL_SURFACE('',#12050,0.0005);
#10968=CYLINDRICAL_SURFACE('',#12054,0.0005);
#10969=CYLINDRICAL_SURFACE('',#12058,0.0005);
#10970=CYLINDRICAL_SURFACE('',#12061,0.000500000000000007);
#10971=CYLINDRICAL_SURFACE('',#12065,0.0005);
#10972=CYLINDRICAL_SURFACE('',#12069,0.0005);
#10973=CYLINDRICAL_SURFACE('',#12073,0.000500000000000006);
#10974=CYLINDRICAL_SURFACE('',#12076,0.0005);
#10975=CYLINDRICAL_SURFACE('',#12080,0.0005);
#10976=CYLINDRICAL_SURFACE('',#12084,0.0005);
#10977=CYLINDRICAL_SURFACE('',#12088,0.0005);
#10978=CYLINDRICAL_SURFACE('',#12091,0.000500000000000013);
#10979=CYLINDRICAL_SURFACE('',#12095,0.0005);
#10980=CYLINDRICAL_SURFACE('',#12099,0.0005);
#10981=CYLINDRICAL_SURFACE('',#12103,0.000500000000000013);
#10982=CYLINDRICAL_SURFACE('',#12106,0.0005);
#10983=CYLINDRICAL_SURFACE('',#12110,0.0005);
#10984=CYLINDRICAL_SURFACE('',#12114,0.0005);
#10985=CYLINDRICAL_SURFACE('',#12118,0.0005);
#10986=CYLINDRICAL_SURFACE('',#12121,0.0005);
#10987=CYLINDRICAL_SURFACE('',#12125,0.0005);
#10988=CYLINDRICAL_SURFACE('',#12129,0.0005);
#10989=CYLINDRICAL_SURFACE('',#12133,0.0005);
#10990=CYLINDRICAL_SURFACE('',#12136,0.0005);
#10991=CYLINDRICAL_SURFACE('',#12140,0.0005);
#10992=CYLINDRICAL_SURFACE('',#12144,0.0005);
#10993=CYLINDRICAL_SURFACE('',#12148,0.0005);
#10994=CYLINDRICAL_SURFACE('',#12151,0.0005);
#10995=CYLINDRICAL_SURFACE('',#12155,0.0005);
#10996=CYLINDRICAL_SURFACE('',#12159,0.0005);
#10997=CYLINDRICAL_SURFACE('',#12163,0.0005);
#10998=CYLINDRICAL_SURFACE('',#12166,0.0005);
#10999=CYLINDRICAL_SURFACE('',#12170,0.0005);
#11000=CYLINDRICAL_SURFACE('',#12174,0.0005);
#11001=CYLINDRICAL_SURFACE('',#12178,0.0005);
#11002=CYLINDRICAL_SURFACE('',#12181,0.0005);
#11003=CYLINDRICAL_SURFACE('',#12185,0.0005);
#11004=CYLINDRICAL_SURFACE('',#12189,0.0005);
#11005=CYLINDRICAL_SURFACE('',#12193,0.0005);
#11006=CYLINDRICAL_SURFACE('',#12196,0.0005);
#11007=CYLINDRICAL_SURFACE('',#12200,0.0005);
#11008=CYLINDRICAL_SURFACE('',#12204,0.0005);
#11009=CYLINDRICAL_SURFACE('',#12208,0.0005);
#11010=CYLINDRICAL_SURFACE('',#12211,0.0005);
#11011=CYLINDRICAL_SURFACE('',#12215,0.0005);
#11012=CYLINDRICAL_SURFACE('',#12219,0.0005);
#11013=CYLINDRICAL_SURFACE('',#12223,0.0005);
#11014=CYLINDRICAL_SURFACE('',#12226,0.0005);
#11015=CYLINDRICAL_SURFACE('',#12230,0.0005);
#11016=CYLINDRICAL_SURFACE('',#12234,0.0005);
#11017=CYLINDRICAL_SURFACE('',#12238,0.0005);
#11018=CYLINDRICAL_SURFACE('',#12241,0.0005);
#11019=CYLINDRICAL_SURFACE('',#12245,0.0005);
#11020=CYLINDRICAL_SURFACE('',#12249,0.0005);
#11021=CYLINDRICAL_SURFACE('',#12253,0.0005);
#11022=CYLINDRICAL_SURFACE('',#12256,0.0005);
#11023=CYLINDRICAL_SURFACE('',#12260,0.0005);
#11024=CYLINDRICAL_SURFACE('',#12264,0.0005);
#11025=CYLINDRICAL_SURFACE('',#12268,0.0005);
#11026=CYLINDRICAL_SURFACE('',#12271,0.0005);
#11027=CYLINDRICAL_SURFACE('',#12275,0.0005);
#11028=CYLINDRICAL_SURFACE('',#12279,0.0005);
#11029=CYLINDRICAL_SURFACE('',#12283,0.0005);
#11030=CYLINDRICAL_SURFACE('',#12286,0.0005);
#11031=CYLINDRICAL_SURFACE('',#12290,0.0005);
#11032=CYLINDRICAL_SURFACE('',#12294,0.0005);
#11033=CYLINDRICAL_SURFACE('',#12298,0.0005);
#11034=CYLINDRICAL_SURFACE('',#12301,0.0005);
#11035=CYLINDRICAL_SURFACE('',#12305,0.0005);
#11036=CYLINDRICAL_SURFACE('',#12309,0.0005);
#11037=CYLINDRICAL_SURFACE('',#12313,0.0005);
#11038=CYLINDRICAL_SURFACE('',#12316,0.0005);
#11039=CYLINDRICAL_SURFACE('',#12320,0.0005);
#11040=CYLINDRICAL_SURFACE('',#12324,0.0005);
#11041=CYLINDRICAL_SURFACE('',#12328,0.0005);
#11042=CYLINDRICAL_SURFACE('',#12331,0.000500000000000012);
#11043=CYLINDRICAL_SURFACE('',#12335,0.0005);
#11044=CYLINDRICAL_SURFACE('',#12339,0.0005);
#11045=CYLINDRICAL_SURFACE('',#12343,0.000500000000000012);
#11046=CYLINDRICAL_SURFACE('',#12346,0.0005);
#11047=CYLINDRICAL_SURFACE('',#12350,0.0005);
#11048=CYLINDRICAL_SURFACE('',#12354,0.0005);
#11049=CYLINDRICAL_SURFACE('',#12358,0.0005);
#11050=CYLINDRICAL_SURFACE('',#12361,0.000500000000000024);
#11051=CYLINDRICAL_SURFACE('',#12365,0.000499999999999989);
#11052=CYLINDRICAL_SURFACE('',#12369,0.000499999999999989);
#11053=CYLINDRICAL_SURFACE('',#12373,0.000500000000000024);
#11054=CYLINDRICAL_SURFACE('',#12376,0.000499999999999988);
#11055=CYLINDRICAL_SURFACE('',#12380,0.0005);
#11056=CYLINDRICAL_SURFACE('',#12384,0.0005);
#11057=CYLINDRICAL_SURFACE('',#12388,0.000499999999999988);
#11058=CYLINDRICAL_SURFACE('',#12391,0.0005);
#11059=CYLINDRICAL_SURFACE('',#12395,0.000500000000000013);
#11060=CYLINDRICAL_SURFACE('',#12399,0.000500000000000013);
#11061=CYLINDRICAL_SURFACE('',#12403,0.0005);
#11062=CYLINDRICAL_SURFACE('',#12406,0.0005);
#11063=CYLINDRICAL_SURFACE('',#12410,0.0005);
#11064=CYLINDRICAL_SURFACE('',#12414,0.0005);
#11065=CYLINDRICAL_SURFACE('',#12418,0.0005);
#11066=CYLINDRICAL_SURFACE('',#12421,0.0005);
#11067=CYLINDRICAL_SURFACE('',#12425,0.0005);
#11068=CYLINDRICAL_SURFACE('',#12429,0.0005);
#11069=CYLINDRICAL_SURFACE('',#12433,0.000499999999999994);
#11070=CYLINDRICAL_SURFACE('',#12436,0.0005);
#11071=CYLINDRICAL_SURFACE('',#12440,0.0005);
#11072=CYLINDRICAL_SURFACE('',#12444,0.0005);
#11073=CYLINDRICAL_SURFACE('',#12448,0.000499999999999994);
#11074=CYLINDRICAL_SURFACE('',#12451,0.0005);
#11075=CYLINDRICAL_SURFACE('',#12455,0.0005);
#11076=CYLINDRICAL_SURFACE('',#12459,0.0005);
#11077=CYLINDRICAL_SURFACE('',#12463,0.0005);
#11078=CYLINDRICAL_SURFACE('',#12466,0.0005);
#11079=CYLINDRICAL_SURFACE('',#12470,0.0005);
#11080=CYLINDRICAL_SURFACE('',#12474,0.0005);
#11081=CYLINDRICAL_SURFACE('',#12478,0.0005);
#11082=CYLINDRICAL_SURFACE('',#12481,0.0005);
#11083=CYLINDRICAL_SURFACE('',#12485,0.0005);
#11084=CYLINDRICAL_SURFACE('',#12489,0.0005);
#11085=CYLINDRICAL_SURFACE('',#12493,0.0005);
#11086=CYLINDRICAL_SURFACE('',#12496,0.0005);
#11087=CYLINDRICAL_SURFACE('',#12500,0.0005);
#11088=CYLINDRICAL_SURFACE('',#12504,0.0005);
#11089=CYLINDRICAL_SURFACE('',#12508,0.0005);
#11090=CYLINDRICAL_SURFACE('',#12511,0.0005);
#11091=CYLINDRICAL_SURFACE('',#12515,0.0005);
#11092=CYLINDRICAL_SURFACE('',#12519,0.000499999999999994);
#11093=CYLINDRICAL_SURFACE('',#12523,0.0005);
#11094=CYLINDRICAL_SURFACE('',#12526,0.0005);
#11095=CYLINDRICAL_SURFACE('',#12530,0.0005);
#11096=CYLINDRICAL_SURFACE('',#12534,0.0005);
#11097=CYLINDRICAL_SURFACE('',#12538,0.0005);
#11098=CYLINDRICAL_SURFACE('',#12541,0.0005);
#11099=CYLINDRICAL_SURFACE('',#12545,0.0005);
#11100=CYLINDRICAL_SURFACE('',#12549,0.0005);
#11101=CYLINDRICAL_SURFACE('',#12553,0.0005);
#11102=CYLINDRICAL_SURFACE('',#12556,0.000500000000000013);
#11103=CYLINDRICAL_SURFACE('',#12560,0.0005);
#11104=CYLINDRICAL_SURFACE('',#12564,0.0005);
#11105=CYLINDRICAL_SURFACE('',#12568,0.000500000000000013);
#11106=CYLINDRICAL_SURFACE('',#12571,0.0005);
#11107=CYLINDRICAL_SURFACE('',#12575,0.0005);
#11108=CYLINDRICAL_SURFACE('',#12579,0.0005);
#11109=CYLINDRICAL_SURFACE('',#12583,0.0005);
#11110=CYLINDRICAL_SURFACE('',#12586,0.0005);
#11111=CYLINDRICAL_SURFACE('',#12590,0.0005);
#11112=CYLINDRICAL_SURFACE('',#12594,0.0005);
#11113=CYLINDRICAL_SURFACE('',#12598,0.0005);
#11114=CYLINDRICAL_SURFACE('',#12601,0.000500000000000007);
#11115=CYLINDRICAL_SURFACE('',#12605,0.000500000000000018);
#11116=CYLINDRICAL_SURFACE('',#12609,0.000500000000000013);
#11117=CYLINDRICAL_SURFACE('',#12613,0.0005);
#11118=CYLINDRICAL_SURFACE('',#12616,0.0005);
#11119=CYLINDRICAL_SURFACE('',#12620,0.0005);
#11120=CYLINDRICAL_SURFACE('',#12624,0.0005);
#11121=CYLINDRICAL_SURFACE('',#12628,0.0005);
#11122=CYLINDRICAL_SURFACE('',#12631,0.00049999999999999);
#11123=CYLINDRICAL_SURFACE('',#12635,0.0005);
#11124=CYLINDRICAL_SURFACE('',#12639,0.0005);
#11125=CYLINDRICAL_SURFACE('',#12643,0.00049999999999999);
#11126=CYLINDRICAL_SURFACE('',#12646,0.0005);
#11127=CYLINDRICAL_SURFACE('',#12650,0.000500000000000011);
#11128=CYLINDRICAL_SURFACE('',#12654,0.000500000000000011);
#11129=CYLINDRICAL_SURFACE('',#12658,0.0005);
#11130=CYLINDRICAL_SURFACE('',#12661,0.0005);
#11131=CYLINDRICAL_SURFACE('',#12665,0.0005);
#11132=CYLINDRICAL_SURFACE('',#12669,0.0005);
#11133=CYLINDRICAL_SURFACE('',#12673,0.0005);
#11134=CYLINDRICAL_SURFACE('',#12676,0.0005);
#11135=CYLINDRICAL_SURFACE('',#12680,0.0005);
#11136=CYLINDRICAL_SURFACE('',#12684,0.0005);
#11137=CYLINDRICAL_SURFACE('',#12688,0.0005);
#11138=CYLINDRICAL_SURFACE('',#12691,0.0005);
#11139=CYLINDRICAL_SURFACE('',#12695,0.0005);
#11140=CYLINDRICAL_SURFACE('',#12699,0.0005);
#11141=CYLINDRICAL_SURFACE('',#12703,0.0005);
#11142=CYLINDRICAL_SURFACE('',#12706,0.0005);
#11143=CYLINDRICAL_SURFACE('',#12710,0.0005);
#11144=CYLINDRICAL_SURFACE('',#12714,0.0005);
#11145=CYLINDRICAL_SURFACE('',#12718,0.0005);
#11146=CYLINDRICAL_SURFACE('',#12721,0.0005);
#11147=CYLINDRICAL_SURFACE('',#12725,0.0005);
#11148=CYLINDRICAL_SURFACE('',#12729,0.0005);
#11149=CYLINDRICAL_SURFACE('',#12733,0.0005);
#11150=CYLINDRICAL_SURFACE('',#12736,0.0005);
#11151=CYLINDRICAL_SURFACE('',#12740,0.0005);
#11152=CYLINDRICAL_SURFACE('',#12744,0.0005);
#11153=CYLINDRICAL_SURFACE('',#12748,0.0005);
#11154=CYLINDRICAL_SURFACE('',#12751,0.0005);
#11155=CYLINDRICAL_SURFACE('',#12755,0.0005);
#11156=CYLINDRICAL_SURFACE('',#12759,0.0005);
#11157=CYLINDRICAL_SURFACE('',#12763,0.0005);
#11158=CYLINDRICAL_SURFACE('',#12766,0.0005);
#11159=CYLINDRICAL_SURFACE('',#12770,0.0005);
#11160=CYLINDRICAL_SURFACE('',#12774,0.0005);
#11161=CYLINDRICAL_SURFACE('',#12778,0.0005);
#11162=CYLINDRICAL_SURFACE('',#12781,0.0005);
#11163=CYLINDRICAL_SURFACE('',#12785,0.00049999999999999);
#11164=CYLINDRICAL_SURFACE('',#12789,0.00049999999999999);
#11165=CYLINDRICAL_SURFACE('',#12793,0.0005);
#11166=CYLINDRICAL_SURFACE('',#12796,0.000500000000000011);
#11167=CYLINDRICAL_SURFACE('',#12800,0.0005);
#11168=CYLINDRICAL_SURFACE('',#12804,0.0005);
#11169=CYLINDRICAL_SURFACE('',#12808,0.000500000000000011);
#11170=CYLINDRICAL_SURFACE('',#12811,0.0005);
#11171=CYLINDRICAL_SURFACE('',#12815,0.0005);
#11172=CYLINDRICAL_SURFACE('',#12819,0.0005);
#11173=CYLINDRICAL_SURFACE('',#12823,0.0005);
#11174=ADVANCED_FACE('',(#10174),#10890,.F.);
#11175=ADVANCED_FACE('',(#10175),#12,.F.);
#11176=ADVANCED_FACE('',(#10176),#10891,.F.);
#11177=ADVANCED_FACE('',(#10177),#13,.F.);
#11178=ADVANCED_FACE('',(#10178),#10892,.F.);
#11179=ADVANCED_FACE('',(#10179),#14,.T.);
#11180=ADVANCED_FACE('',(#10180),#10893,.F.);
#11181=ADVANCED_FACE('',(#10181),#10894,.F.);
#11182=ADVANCED_FACE('',(#10182),#15,.F.);
#11183=ADVANCED_FACE('',(#10183),#10895,.F.);
#11184=ADVANCED_FACE('',(#10184),#16,.F.);
#11185=ADVANCED_FACE('',(#10185),#10896,.F.);
#11186=ADVANCED_FACE('',(#10186),#17,.T.);
#11187=ADVANCED_FACE('',(#10187),#10897,.F.);
#11188=ADVANCED_FACE('',(#10188),#10898,.F.);
#11189=ADVANCED_FACE('',(#10189),#18,.F.);
#11190=ADVANCED_FACE('',(#10190),#10899,.F.);
#11191=ADVANCED_FACE('',(#10191),#19,.F.);
#11192=ADVANCED_FACE('',(#10192),#10900,.F.);
#11193=ADVANCED_FACE('',(#10193),#20,.T.);
#11194=ADVANCED_FACE('',(#10194),#10901,.F.);
#11195=ADVANCED_FACE('',(#10195),#10902,.F.);
#11196=ADVANCED_FACE('',(#10196),#21,.F.);
#11197=ADVANCED_FACE('',(#10197),#10903,.F.);
#11198=ADVANCED_FACE('',(#10198),#22,.F.);
#11199=ADVANCED_FACE('',(#10199),#10904,.F.);
#11200=ADVANCED_FACE('',(#10200),#23,.T.);
#11201=ADVANCED_FACE('',(#10201),#10905,.F.);
#11202=ADVANCED_FACE('',(#10202),#10906,.F.);
#11203=ADVANCED_FACE('',(#10203),#24,.F.);
#11204=ADVANCED_FACE('',(#10204),#10907,.F.);
#11205=ADVANCED_FACE('',(#10205),#25,.F.);
#11206=ADVANCED_FACE('',(#10206),#10908,.F.);
#11207=ADVANCED_FACE('',(#10207),#26,.T.);
#11208=ADVANCED_FACE('',(#10208),#10909,.F.);
#11209=ADVANCED_FACE('',(#10209),#10910,.F.);
#11210=ADVANCED_FACE('',(#10210),#27,.F.);
#11211=ADVANCED_FACE('',(#10211),#10911,.F.);
#11212=ADVANCED_FACE('',(#10212),#28,.F.);
#11213=ADVANCED_FACE('',(#10213),#10912,.F.);
#11214=ADVANCED_FACE('',(#10214),#29,.T.);
#11215=ADVANCED_FACE('',(#10215),#10913,.F.);
#11216=ADVANCED_FACE('',(#10216),#10914,.F.);
#11217=ADVANCED_FACE('',(#10217),#30,.F.);
#11218=ADVANCED_FACE('',(#10218),#10915,.F.);
#11219=ADVANCED_FACE('',(#10219),#31,.F.);
#11220=ADVANCED_FACE('',(#10220),#10916,.F.);
#11221=ADVANCED_FACE('',(#10221),#32,.T.);
#11222=ADVANCED_FACE('',(#10222),#10917,.F.);
#11223=ADVANCED_FACE('',(#10223),#10918,.F.);
#11224=ADVANCED_FACE('',(#10224),#33,.F.);
#11225=ADVANCED_FACE('',(#10225),#10919,.F.);
#11226=ADVANCED_FACE('',(#10226),#34,.F.);
#11227=ADVANCED_FACE('',(#10227),#10920,.F.);
#11228=ADVANCED_FACE('',(#10228),#35,.T.);
#11229=ADVANCED_FACE('',(#10229),#10921,.F.);
#11230=ADVANCED_FACE('',(#10230),#10922,.F.);
#11231=ADVANCED_FACE('',(#10231),#36,.F.);
#11232=ADVANCED_FACE('',(#10232),#10923,.F.);
#11233=ADVANCED_FACE('',(#10233),#37,.F.);
#11234=ADVANCED_FACE('',(#10234),#10924,.F.);
#11235=ADVANCED_FACE('',(#10235),#38,.T.);
#11236=ADVANCED_FACE('',(#10236),#10925,.F.);
#11237=ADVANCED_FACE('',(#10237),#10926,.F.);
#11238=ADVANCED_FACE('',(#10238),#39,.F.);
#11239=ADVANCED_FACE('',(#10239),#10927,.F.);
#11240=ADVANCED_FACE('',(#10240),#40,.F.);
#11241=ADVANCED_FACE('',(#10241),#10928,.F.);
#11242=ADVANCED_FACE('',(#10242),#41,.T.);
#11243=ADVANCED_FACE('',(#10243),#10929,.F.);
#11244=ADVANCED_FACE('',(#10244),#10930,.F.);
#11245=ADVANCED_FACE('',(#10245),#42,.F.);
#11246=ADVANCED_FACE('',(#10246),#10931,.F.);
#11247=ADVANCED_FACE('',(#10247),#43,.F.);
#11248=ADVANCED_FACE('',(#10248),#10932,.F.);
#11249=ADVANCED_FACE('',(#10249),#44,.T.);
#11250=ADVANCED_FACE('',(#10250),#10933,.F.);
#11251=ADVANCED_FACE('',(#10251),#10934,.F.);
#11252=ADVANCED_FACE('',(#10252),#45,.F.);
#11253=ADVANCED_FACE('',(#10253),#10935,.F.);
#11254=ADVANCED_FACE('',(#10254),#46,.F.);
#11255=ADVANCED_FACE('',(#10255),#10936,.F.);
#11256=ADVANCED_FACE('',(#10256),#47,.T.);
#11257=ADVANCED_FACE('',(#10257),#10937,.F.);
#11258=ADVANCED_FACE('',(#10258),#10938,.F.);
#11259=ADVANCED_FACE('',(#10259),#48,.F.);
#11260=ADVANCED_FACE('',(#10260),#10939,.F.);
#11261=ADVANCED_FACE('',(#10261),#49,.F.);
#11262=ADVANCED_FACE('',(#10262),#10940,.F.);
#11263=ADVANCED_FACE('',(#10263),#50,.T.);
#11264=ADVANCED_FACE('',(#10264),#10941,.F.);
#11265=ADVANCED_FACE('',(#10265),#10942,.F.);
#11266=ADVANCED_FACE('',(#10266),#51,.F.);
#11267=ADVANCED_FACE('',(#10267),#10943,.F.);
#11268=ADVANCED_FACE('',(#10268),#52,.F.);
#11269=ADVANCED_FACE('',(#10269),#10944,.F.);
#11270=ADVANCED_FACE('',(#10270),#53,.T.);
#11271=ADVANCED_FACE('',(#10271),#10945,.F.);
#11272=ADVANCED_FACE('',(#10272),#10946,.F.);
#11273=ADVANCED_FACE('',(#10273),#54,.F.);
#11274=ADVANCED_FACE('',(#10274),#10947,.F.);
#11275=ADVANCED_FACE('',(#10275),#55,.F.);
#11276=ADVANCED_FACE('',(#10276),#10948,.F.);
#11277=ADVANCED_FACE('',(#10277),#56,.T.);
#11278=ADVANCED_FACE('',(#10278),#10949,.F.);
#11279=ADVANCED_FACE('',(#10279),#10950,.F.);
#11280=ADVANCED_FACE('',(#10280),#57,.F.);
#11281=ADVANCED_FACE('',(#10281),#10951,.F.);
#11282=ADVANCED_FACE('',(#10282),#58,.F.);
#11283=ADVANCED_FACE('',(#10283),#10952,.F.);
#11284=ADVANCED_FACE('',(#10284),#59,.T.);
#11285=ADVANCED_FACE('',(#10285),#10953,.F.);
#11286=ADVANCED_FACE('',(#10286),#10954,.F.);
#11287=ADVANCED_FACE('',(#10287),#60,.F.);
#11288=ADVANCED_FACE('',(#10288),#10955,.F.);
#11289=ADVANCED_FACE('',(#10289),#61,.F.);
#11290=ADVANCED_FACE('',(#10290),#10956,.F.);
#11291=ADVANCED_FACE('',(#10291),#62,.T.);
#11292=ADVANCED_FACE('',(#10292),#10957,.F.);
#11293=ADVANCED_FACE('',(#10293),#10958,.F.);
#11294=ADVANCED_FACE('',(#10294),#63,.F.);
#11295=ADVANCED_FACE('',(#10295),#10959,.F.);
#11296=ADVANCED_FACE('',(#10296),#64,.F.);
#11297=ADVANCED_FACE('',(#10297),#10960,.F.);
#11298=ADVANCED_FACE('',(#10298),#65,.T.);
#11299=ADVANCED_FACE('',(#10299),#10961,.F.);
#11300=ADVANCED_FACE('',(#10300),#10962,.F.);
#11301=ADVANCED_FACE('',(#10301),#66,.F.);
#11302=ADVANCED_FACE('',(#10302),#10963,.F.);
#11303=ADVANCED_FACE('',(#10303),#67,.F.);
#11304=ADVANCED_FACE('',(#10304),#10964,.F.);
#11305=ADVANCED_FACE('',(#10305),#68,.T.);
#11306=ADVANCED_FACE('',(#10306),#10965,.F.);
#11307=ADVANCED_FACE('',(#10307),#10966,.F.);
#11308=ADVANCED_FACE('',(#10308),#69,.F.);
#11309=ADVANCED_FACE('',(#10309),#10967,.F.);
#11310=ADVANCED_FACE('',(#10310),#70,.F.);
#11311=ADVANCED_FACE('',(#10311),#10968,.F.);
#11312=ADVANCED_FACE('',(#10312),#71,.T.);
#11313=ADVANCED_FACE('',(#10313),#10969,.F.);
#11314=ADVANCED_FACE('',(#10314),#10970,.F.);
#11315=ADVANCED_FACE('',(#10315),#72,.F.);
#11316=ADVANCED_FACE('',(#10316),#10971,.F.);
#11317=ADVANCED_FACE('',(#10317),#73,.F.);
#11318=ADVANCED_FACE('',(#10318),#10972,.F.);
#11319=ADVANCED_FACE('',(#10319),#74,.T.);
#11320=ADVANCED_FACE('',(#10320),#10973,.F.);
#11321=ADVANCED_FACE('',(#10321),#10974,.F.);
#11322=ADVANCED_FACE('',(#10322),#75,.F.);
#11323=ADVANCED_FACE('',(#10323),#10975,.F.);
#11324=ADVANCED_FACE('',(#10324),#76,.F.);
#11325=ADVANCED_FACE('',(#10325),#10976,.F.);
#11326=ADVANCED_FACE('',(#10326),#77,.T.);
#11327=ADVANCED_FACE('',(#10327),#10977,.F.);
#11328=ADVANCED_FACE('',(#10328),#10978,.F.);
#11329=ADVANCED_FACE('',(#10329),#78,.F.);
#11330=ADVANCED_FACE('',(#10330),#10979,.F.);
#11331=ADVANCED_FACE('',(#10331),#79,.F.);
#11332=ADVANCED_FACE('',(#10332),#10980,.F.);
#11333=ADVANCED_FACE('',(#10333),#80,.T.);
#11334=ADVANCED_FACE('',(#10334),#10981,.F.);
#11335=ADVANCED_FACE('',(#10335),#10982,.F.);
#11336=ADVANCED_FACE('',(#10336),#81,.F.);
#11337=ADVANCED_FACE('',(#10337),#10983,.F.);
#11338=ADVANCED_FACE('',(#10338),#82,.F.);
#11339=ADVANCED_FACE('',(#10339),#10984,.F.);
#11340=ADVANCED_FACE('',(#10340),#83,.T.);
#11341=ADVANCED_FACE('',(#10341),#10985,.F.);
#11342=ADVANCED_FACE('',(#10342),#10986,.F.);
#11343=ADVANCED_FACE('',(#10343),#84,.F.);
#11344=ADVANCED_FACE('',(#10344),#10987,.F.);
#11345=ADVANCED_FACE('',(#10345),#85,.F.);
#11346=ADVANCED_FACE('',(#10346),#10988,.F.);
#11347=ADVANCED_FACE('',(#10347),#86,.T.);
#11348=ADVANCED_FACE('',(#10348),#10989,.F.);
#11349=ADVANCED_FACE('',(#10349),#10990,.F.);
#11350=ADVANCED_FACE('',(#10350),#87,.F.);
#11351=ADVANCED_FACE('',(#10351),#10991,.F.);
#11352=ADVANCED_FACE('',(#10352),#88,.F.);
#11353=ADVANCED_FACE('',(#10353),#10992,.F.);
#11354=ADVANCED_FACE('',(#10354),#89,.T.);
#11355=ADVANCED_FACE('',(#10355),#10993,.F.);
#11356=ADVANCED_FACE('',(#10356),#10994,.F.);
#11357=ADVANCED_FACE('',(#10357),#90,.F.);
#11358=ADVANCED_FACE('',(#10358),#10995,.F.);
#11359=ADVANCED_FACE('',(#10359),#91,.F.);
#11360=ADVANCED_FACE('',(#10360),#10996,.F.);
#11361=ADVANCED_FACE('',(#10361),#92,.T.);
#11362=ADVANCED_FACE('',(#10362),#10997,.F.);
#11363=ADVANCED_FACE('',(#10363),#10998,.F.);
#11364=ADVANCED_FACE('',(#10364),#93,.F.);
#11365=ADVANCED_FACE('',(#10365),#10999,.F.);
#11366=ADVANCED_FACE('',(#10366),#94,.F.);
#11367=ADVANCED_FACE('',(#10367),#11000,.F.);
#11368=ADVANCED_FACE('',(#10368),#95,.T.);
#11369=ADVANCED_FACE('',(#10369),#11001,.F.);
#11370=ADVANCED_FACE('',(#10370),#11002,.F.);
#11371=ADVANCED_FACE('',(#10371),#96,.F.);
#11372=ADVANCED_FACE('',(#10372),#11003,.F.);
#11373=ADVANCED_FACE('',(#10373),#97,.F.);
#11374=ADVANCED_FACE('',(#10374),#11004,.F.);
#11375=ADVANCED_FACE('',(#10375),#98,.T.);
#11376=ADVANCED_FACE('',(#10376),#11005,.F.);
#11377=ADVANCED_FACE('',(#10377),#11006,.F.);
#11378=ADVANCED_FACE('',(#10378),#99,.F.);
#11379=ADVANCED_FACE('',(#10379),#11007,.F.);
#11380=ADVANCED_FACE('',(#10380),#100,.F.);
#11381=ADVANCED_FACE('',(#10381),#11008,.F.);
#11382=ADVANCED_FACE('',(#10382),#101,.T.);
#11383=ADVANCED_FACE('',(#10383),#11009,.F.);
#11384=ADVANCED_FACE('',(#10384),#11010,.F.);
#11385=ADVANCED_FACE('',(#10385),#102,.F.);
#11386=ADVANCED_FACE('',(#10386),#11011,.F.);
#11387=ADVANCED_FACE('',(#10387),#103,.F.);
#11388=ADVANCED_FACE('',(#10388),#11012,.F.);
#11389=ADVANCED_FACE('',(#10389),#104,.T.);
#11390=ADVANCED_FACE('',(#10390),#11013,.F.);
#11391=ADVANCED_FACE('',(#10391),#11014,.F.);
#11392=ADVANCED_FACE('',(#10392),#105,.F.);
#11393=ADVANCED_FACE('',(#10393),#11015,.F.);
#11394=ADVANCED_FACE('',(#10394),#106,.F.);
#11395=ADVANCED_FACE('',(#10395),#11016,.F.);
#11396=ADVANCED_FACE('',(#10396),#107,.T.);
#11397=ADVANCED_FACE('',(#10397),#11017,.F.);
#11398=ADVANCED_FACE('',(#10398),#11018,.F.);
#11399=ADVANCED_FACE('',(#10399),#108,.F.);
#11400=ADVANCED_FACE('',(#10400),#11019,.F.);
#11401=ADVANCED_FACE('',(#10401),#109,.F.);
#11402=ADVANCED_FACE('',(#10402),#11020,.F.);
#11403=ADVANCED_FACE('',(#10403),#110,.T.);
#11404=ADVANCED_FACE('',(#10404),#11021,.F.);
#11405=ADVANCED_FACE('',(#10405),#11022,.F.);
#11406=ADVANCED_FACE('',(#10406),#111,.F.);
#11407=ADVANCED_FACE('',(#10407),#11023,.F.);
#11408=ADVANCED_FACE('',(#10408),#112,.F.);
#11409=ADVANCED_FACE('',(#10409),#11024,.F.);
#11410=ADVANCED_FACE('',(#10410),#113,.T.);
#11411=ADVANCED_FACE('',(#10411),#11025,.F.);
#11412=ADVANCED_FACE('',(#10412),#11026,.F.);
#11413=ADVANCED_FACE('',(#10413),#114,.F.);
#11414=ADVANCED_FACE('',(#10414),#11027,.F.);
#11415=ADVANCED_FACE('',(#10415),#115,.F.);
#11416=ADVANCED_FACE('',(#10416),#11028,.F.);
#11417=ADVANCED_FACE('',(#10417),#116,.T.);
#11418=ADVANCED_FACE('',(#10418),#11029,.F.);
#11419=ADVANCED_FACE('',(#10419),#11030,.F.);
#11420=ADVANCED_FACE('',(#10420),#117,.F.);
#11421=ADVANCED_FACE('',(#10421),#11031,.F.);
#11422=ADVANCED_FACE('',(#10422),#118,.F.);
#11423=ADVANCED_FACE('',(#10423),#11032,.F.);
#11424=ADVANCED_FACE('',(#10424),#119,.T.);
#11425=ADVANCED_FACE('',(#10425),#11033,.F.);
#11426=ADVANCED_FACE('',(#10426),#11034,.F.);
#11427=ADVANCED_FACE('',(#10427),#120,.F.);
#11428=ADVANCED_FACE('',(#10428),#11035,.F.);
#11429=ADVANCED_FACE('',(#10429),#121,.F.);
#11430=ADVANCED_FACE('',(#10430),#11036,.F.);
#11431=ADVANCED_FACE('',(#10431),#122,.T.);
#11432=ADVANCED_FACE('',(#10432),#11037,.F.);
#11433=ADVANCED_FACE('',(#10433),#11038,.F.);
#11434=ADVANCED_FACE('',(#10434),#123,.F.);
#11435=ADVANCED_FACE('',(#10435),#11039,.F.);
#11436=ADVANCED_FACE('',(#10436),#124,.F.);
#11437=ADVANCED_FACE('',(#10437),#11040,.F.);
#11438=ADVANCED_FACE('',(#10438),#125,.T.);
#11439=ADVANCED_FACE('',(#10439),#11041,.F.);
#11440=ADVANCED_FACE('',(#10440),#11042,.F.);
#11441=ADVANCED_FACE('',(#10441),#126,.F.);
#11442=ADVANCED_FACE('',(#10442),#11043,.F.);
#11443=ADVANCED_FACE('',(#10443),#127,.F.);
#11444=ADVANCED_FACE('',(#10444),#11044,.F.);
#11445=ADVANCED_FACE('',(#10445),#128,.T.);
#11446=ADVANCED_FACE('',(#10446),#11045,.F.);
#11447=ADVANCED_FACE('',(#10447),#11046,.F.);
#11448=ADVANCED_FACE('',(#10448),#129,.F.);
#11449=ADVANCED_FACE('',(#10449),#11047,.F.);
#11450=ADVANCED_FACE('',(#10450),#130,.F.);
#11451=ADVANCED_FACE('',(#10451),#11048,.F.);
#11452=ADVANCED_FACE('',(#10452),#131,.T.);
#11453=ADVANCED_FACE('',(#10453),#11049,.F.);
#11454=ADVANCED_FACE('',(#10454),#11050,.F.);
#11455=ADVANCED_FACE('',(#10455),#132,.F.);
#11456=ADVANCED_FACE('',(#10456),#11051,.F.);
#11457=ADVANCED_FACE('',(#10457),#133,.F.);
#11458=ADVANCED_FACE('',(#10458),#11052,.F.);
#11459=ADVANCED_FACE('',(#10459),#134,.T.);
#11460=ADVANCED_FACE('',(#10460),#11053,.F.);
#11461=ADVANCED_FACE('',(#10461),#11054,.F.);
#11462=ADVANCED_FACE('',(#10462),#135,.F.);
#11463=ADVANCED_FACE('',(#10463),#11055,.F.);
#11464=ADVANCED_FACE('',(#10464),#136,.F.);
#11465=ADVANCED_FACE('',(#10465),#11056,.F.);
#11466=ADVANCED_FACE('',(#10466),#137,.T.);
#11467=ADVANCED_FACE('',(#10467),#11057,.F.);
#11468=ADVANCED_FACE('',(#10468),#11058,.F.);
#11469=ADVANCED_FACE('',(#10469),#138,.F.);
#11470=ADVANCED_FACE('',(#10470),#11059,.F.);
#11471=ADVANCED_FACE('',(#10471),#139,.F.);
#11472=ADVANCED_FACE('',(#10472),#11060,.F.);
#11473=ADVANCED_FACE('',(#10473),#140,.T.);
#11474=ADVANCED_FACE('',(#10474),#11061,.F.);
#11475=ADVANCED_FACE('',(#10475),#11062,.F.);
#11476=ADVANCED_FACE('',(#10476),#141,.F.);
#11477=ADVANCED_FACE('',(#10477),#11063,.F.);
#11478=ADVANCED_FACE('',(#10478),#142,.F.);
#11479=ADVANCED_FACE('',(#10479),#11064,.F.);
#11480=ADVANCED_FACE('',(#10480),#143,.T.);
#11481=ADVANCED_FACE('',(#10481),#11065,.F.);
#11482=ADVANCED_FACE('',(#10482),#11066,.F.);
#11483=ADVANCED_FACE('',(#10483),#144,.F.);
#11484=ADVANCED_FACE('',(#10484),#11067,.F.);
#11485=ADVANCED_FACE('',(#10485),#145,.F.);
#11486=ADVANCED_FACE('',(#10486),#11068,.F.);
#11487=ADVANCED_FACE('',(#10487),#146,.T.);
#11488=ADVANCED_FACE('',(#10488),#11069,.F.);
#11489=ADVANCED_FACE('',(#10489),#11070,.F.);
#11490=ADVANCED_FACE('',(#10490),#147,.F.);
#11491=ADVANCED_FACE('',(#10491),#11071,.F.);
#11492=ADVANCED_FACE('',(#10492),#148,.F.);
#11493=ADVANCED_FACE('',(#10493),#11072,.F.);
#11494=ADVANCED_FACE('',(#10494),#149,.T.);
#11495=ADVANCED_FACE('',(#10495),#11073,.F.);
#11496=ADVANCED_FACE('',(#10496),#11074,.F.);
#11497=ADVANCED_FACE('',(#10497),#150,.F.);
#11498=ADVANCED_FACE('',(#10498),#11075,.F.);
#11499=ADVANCED_FACE('',(#10499),#151,.F.);
#11500=ADVANCED_FACE('',(#10500),#11076,.F.);
#11501=ADVANCED_FACE('',(#10501),#152,.T.);
#11502=ADVANCED_FACE('',(#10502),#11077,.F.);
#11503=ADVANCED_FACE('',(#10503),#11078,.F.);
#11504=ADVANCED_FACE('',(#10504),#153,.F.);
#11505=ADVANCED_FACE('',(#10505),#11079,.F.);
#11506=ADVANCED_FACE('',(#10506),#154,.F.);
#11507=ADVANCED_FACE('',(#10507),#11080,.F.);
#11508=ADVANCED_FACE('',(#10508),#155,.T.);
#11509=ADVANCED_FACE('',(#10509),#11081,.F.);
#11510=ADVANCED_FACE('',(#10510),#11082,.F.);
#11511=ADVANCED_FACE('',(#10511),#156,.F.);
#11512=ADVANCED_FACE('',(#10512),#11083,.F.);
#11513=ADVANCED_FACE('',(#10513),#157,.F.);
#11514=ADVANCED_FACE('',(#10514),#11084,.F.);
#11515=ADVANCED_FACE('',(#10515),#158,.T.);
#11516=ADVANCED_FACE('',(#10516),#11085,.F.);
#11517=ADVANCED_FACE('',(#10517),#11086,.F.);
#11518=ADVANCED_FACE('',(#10518),#159,.F.);
#11519=ADVANCED_FACE('',(#10519),#11087,.F.);
#11520=ADVANCED_FACE('',(#10520),#160,.F.);
#11521=ADVANCED_FACE('',(#10521),#11088,.F.);
#11522=ADVANCED_FACE('',(#10522),#161,.T.);
#11523=ADVANCED_FACE('',(#10523),#11089,.F.);
#11524=ADVANCED_FACE('',(#10524),#11090,.F.);
#11525=ADVANCED_FACE('',(#10525),#162,.F.);
#11526=ADVANCED_FACE('',(#10526),#11091,.F.);
#11527=ADVANCED_FACE('',(#10527),#163,.F.);
#11528=ADVANCED_FACE('',(#10528),#11092,.F.);
#11529=ADVANCED_FACE('',(#10529),#164,.T.);
#11530=ADVANCED_FACE('',(#10530),#11093,.F.);
#11531=ADVANCED_FACE('',(#10531),#11094,.F.);
#11532=ADVANCED_FACE('',(#10532),#165,.F.);
#11533=ADVANCED_FACE('',(#10533),#11095,.F.);
#11534=ADVANCED_FACE('',(#10534),#166,.F.);
#11535=ADVANCED_FACE('',(#10535),#11096,.F.);
#11536=ADVANCED_FACE('',(#10536),#167,.T.);
#11537=ADVANCED_FACE('',(#10537),#11097,.F.);
#11538=ADVANCED_FACE('',(#10538),#11098,.F.);
#11539=ADVANCED_FACE('',(#10539),#168,.F.);
#11540=ADVANCED_FACE('',(#10540),#11099,.F.);
#11541=ADVANCED_FACE('',(#10541),#169,.F.);
#11542=ADVANCED_FACE('',(#10542),#11100,.F.);
#11543=ADVANCED_FACE('',(#10543),#170,.T.);
#11544=ADVANCED_FACE('',(#10544),#11101,.F.);
#11545=ADVANCED_FACE('',(#10545),#11102,.F.);
#11546=ADVANCED_FACE('',(#10546),#171,.F.);
#11547=ADVANCED_FACE('',(#10547),#11103,.F.);
#11548=ADVANCED_FACE('',(#10548),#172,.F.);
#11549=ADVANCED_FACE('',(#10549),#11104,.F.);
#11550=ADVANCED_FACE('',(#10550),#173,.T.);
#11551=ADVANCED_FACE('',(#10551),#11105,.F.);
#11552=ADVANCED_FACE('',(#10552),#11106,.F.);
#11553=ADVANCED_FACE('',(#10553),#174,.F.);
#11554=ADVANCED_FACE('',(#10554),#11107,.F.);
#11555=ADVANCED_FACE('',(#10555),#175,.F.);
#11556=ADVANCED_FACE('',(#10556),#11108,.F.);
#11557=ADVANCED_FACE('',(#10557),#176,.T.);
#11558=ADVANCED_FACE('',(#10558),#11109,.F.);
#11559=ADVANCED_FACE('',(#10559),#11110,.F.);
#11560=ADVANCED_FACE('',(#10560),#177,.F.);
#11561=ADVANCED_FACE('',(#10561),#11111,.F.);
#11562=ADVANCED_FACE('',(#10562),#178,.F.);
#11563=ADVANCED_FACE('',(#10563),#11112,.F.);
#11564=ADVANCED_FACE('',(#10564),#179,.T.);
#11565=ADVANCED_FACE('',(#10565),#11113,.F.);
#11566=ADVANCED_FACE('',(#10566),#11114,.F.);
#11567=ADVANCED_FACE('',(#10567),#180,.F.);
#11568=ADVANCED_FACE('',(#10568),#11115,.F.);
#11569=ADVANCED_FACE('',(#10569),#181,.F.);
#11570=ADVANCED_FACE('',(#10570),#11116,.F.);
#11571=ADVANCED_FACE('',(#10571),#182,.T.);
#11572=ADVANCED_FACE('',(#10572),#11117,.F.);
#11573=ADVANCED_FACE('',(#10573),#11118,.F.);
#11574=ADVANCED_FACE('',(#10574),#183,.F.);
#11575=ADVANCED_FACE('',(#10575),#11119,.F.);
#11576=ADVANCED_FACE('',(#10576),#184,.F.);
#11577=ADVANCED_FACE('',(#10577),#11120,.F.);
#11578=ADVANCED_FACE('',(#10578),#185,.T.);
#11579=ADVANCED_FACE('',(#10579),#11121,.F.);
#11580=ADVANCED_FACE('',(#10580),#11122,.F.);
#11581=ADVANCED_FACE('',(#10581),#186,.F.);
#11582=ADVANCED_FACE('',(#10582),#11123,.F.);
#11583=ADVANCED_FACE('',(#10583),#187,.F.);
#11584=ADVANCED_FACE('',(#10584),#11124,.F.);
#11585=ADVANCED_FACE('',(#10585),#188,.T.);
#11586=ADVANCED_FACE('',(#10586),#11125,.F.);
#11587=ADVANCED_FACE('',(#10587),#11126,.F.);
#11588=ADVANCED_FACE('',(#10588),#189,.F.);
#11589=ADVANCED_FACE('',(#10589),#11127,.F.);
#11590=ADVANCED_FACE('',(#10590),#190,.F.);
#11591=ADVANCED_FACE('',(#10591),#11128,.F.);
#11592=ADVANCED_FACE('',(#10592),#191,.T.);
#11593=ADVANCED_FACE('',(#10593),#11129,.F.);
#11594=ADVANCED_FACE('',(#10594),#11130,.F.);
#11595=ADVANCED_FACE('',(#10595),#192,.F.);
#11596=ADVANCED_FACE('',(#10596),#11131,.F.);
#11597=ADVANCED_FACE('',(#10597),#193,.F.);
#11598=ADVANCED_FACE('',(#10598),#11132,.F.);
#11599=ADVANCED_FACE('',(#10599),#194,.T.);
#11600=ADVANCED_FACE('',(#10600),#11133,.F.);
#11601=ADVANCED_FACE('',(#10601),#11134,.F.);
#11602=ADVANCED_FACE('',(#10602),#195,.F.);
#11603=ADVANCED_FACE('',(#10603),#11135,.F.);
#11604=ADVANCED_FACE('',(#10604),#196,.F.);
#11605=ADVANCED_FACE('',(#10605),#11136,.F.);
#11606=ADVANCED_FACE('',(#10606),#197,.T.);
#11607=ADVANCED_FACE('',(#10607),#11137,.F.);
#11608=ADVANCED_FACE('',(#10608),#11138,.F.);
#11609=ADVANCED_FACE('',(#10609),#198,.F.);
#11610=ADVANCED_FACE('',(#10610),#11139,.F.);
#11611=ADVANCED_FACE('',(#10611),#199,.F.);
#11612=ADVANCED_FACE('',(#10612),#11140,.F.);
#11613=ADVANCED_FACE('',(#10613),#200,.T.);
#11614=ADVANCED_FACE('',(#10614),#11141,.F.);
#11615=ADVANCED_FACE('',(#10615),#11142,.F.);
#11616=ADVANCED_FACE('',(#10616),#201,.F.);
#11617=ADVANCED_FACE('',(#10617),#11143,.F.);
#11618=ADVANCED_FACE('',(#10618),#202,.F.);
#11619=ADVANCED_FACE('',(#10619),#11144,.F.);
#11620=ADVANCED_FACE('',(#10620),#203,.T.);
#11621=ADVANCED_FACE('',(#10621),#11145,.F.);
#11622=ADVANCED_FACE('',(#10622),#11146,.F.);
#11623=ADVANCED_FACE('',(#10623),#204,.F.);
#11624=ADVANCED_FACE('',(#10624),#11147,.F.);
#11625=ADVANCED_FACE('',(#10625),#205,.F.);
#11626=ADVANCED_FACE('',(#10626),#11148,.F.);
#11627=ADVANCED_FACE('',(#10627),#206,.T.);
#11628=ADVANCED_FACE('',(#10628),#11149,.F.);
#11629=ADVANCED_FACE('',(#10629),#11150,.F.);
#11630=ADVANCED_FACE('',(#10630),#207,.F.);
#11631=ADVANCED_FACE('',(#10631),#11151,.F.);
#11632=ADVANCED_FACE('',(#10632),#208,.F.);
#11633=ADVANCED_FACE('',(#10633),#11152,.F.);
#11634=ADVANCED_FACE('',(#10634),#209,.T.);
#11635=ADVANCED_FACE('',(#10635),#11153,.F.);
#11636=ADVANCED_FACE('',(#10636),#11154,.F.);
#11637=ADVANCED_FACE('',(#10637),#210,.F.);
#11638=ADVANCED_FACE('',(#10638),#11155,.F.);
#11639=ADVANCED_FACE('',(#10639),#211,.F.);
#11640=ADVANCED_FACE('',(#10640),#11156,.F.);
#11641=ADVANCED_FACE('',(#10641),#212,.T.);
#11642=ADVANCED_FACE('',(#10642),#11157,.F.);
#11643=ADVANCED_FACE('',(#10643),#11158,.F.);
#11644=ADVANCED_FACE('',(#10644),#213,.F.);
#11645=ADVANCED_FACE('',(#10645),#11159,.F.);
#11646=ADVANCED_FACE('',(#10646),#214,.F.);
#11647=ADVANCED_FACE('',(#10647),#11160,.F.);
#11648=ADVANCED_FACE('',(#10648),#215,.T.);
#11649=ADVANCED_FACE('',(#10649),#11161,.F.);
#11650=ADVANCED_FACE('',(#10650),#11162,.F.);
#11651=ADVANCED_FACE('',(#10651),#216,.F.);
#11652=ADVANCED_FACE('',(#10652),#11163,.F.);
#11653=ADVANCED_FACE('',(#10653),#217,.F.);
#11654=ADVANCED_FACE('',(#10654),#11164,.F.);
#11655=ADVANCED_FACE('',(#10655),#218,.T.);
#11656=ADVANCED_FACE('',(#10656),#11165,.F.);
#11657=ADVANCED_FACE('',(#10657),#11166,.F.);
#11658=ADVANCED_FACE('',(#10658),#219,.F.);
#11659=ADVANCED_FACE('',(#10659),#11167,.F.);
#11660=ADVANCED_FACE('',(#10660),#220,.F.);
#11661=ADVANCED_FACE('',(#10661),#11168,.F.);
#11662=ADVANCED_FACE('',(#10662),#221,.T.);
#11663=ADVANCED_FACE('',(#10663),#11169,.F.);
#11664=ADVANCED_FACE('',(#10664),#11170,.F.);
#11665=ADVANCED_FACE('',(#10665),#222,.F.);
#11666=ADVANCED_FACE('',(#10666),#11171,.F.);
#11667=ADVANCED_FACE('',(#10667),#223,.F.);
#11668=ADVANCED_FACE('',(#10668),#11172,.F.);
#11669=ADVANCED_FACE('',(#10669),#224,.T.);
#11670=ADVANCED_FACE('',(#10670),#11173,.F.);
#11671=ADVANCED_FACE('',(#10671),#225,.T.);
#11672=ADVANCED_FACE('',(#10672),#226,.T.);
#11673=ADVANCED_FACE('',(#10673),#227,.T.);
#11674=ADVANCED_FACE('',(#10674),#228,.T.);
#11675=ADVANCED_FACE('',(#10675),#229,.T.);
#11676=ADVANCED_FACE('',(#10676),#230,.T.);
#11677=ADVANCED_FACE('',(#10677),#231,.T.);
#11678=ADVANCED_FACE('',(#10678),#232,.T.);
#11679=ADVANCED_FACE('',(#10679),#233,.T.);
#11680=ADVANCED_FACE('',(#10680),#234,.T.);
#11681=ADVANCED_FACE('',(#10681),#235,.T.);
#11682=ADVANCED_FACE('',(#10682),#236,.T.);
#11683=ADVANCED_FACE('',(#10683),#237,.T.);
#11684=ADVANCED_FACE('',(#10684),#238,.T.);
#11685=ADVANCED_FACE('',(#10685),#239,.T.);
#11686=ADVANCED_FACE('',(#10686),#240,.T.);
#11687=ADVANCED_FACE('',(#10687),#241,.T.);
#11688=ADVANCED_FACE('',(#10688),#242,.T.);
#11689=ADVANCED_FACE('',(#10689),#243,.T.);
#11690=ADVANCED_FACE('',(#10690),#244,.T.);
#11691=ADVANCED_FACE('',(#10691),#245,.T.);
#11692=ADVANCED_FACE('',(#10692),#246,.T.);
#11693=ADVANCED_FACE('',(#10693),#247,.T.);
#11694=ADVANCED_FACE('',(#10694),#248,.T.);
#11695=ADVANCED_FACE('',(#10695),#249,.T.);
#11696=ADVANCED_FACE('',(#10696),#250,.T.);
#11697=ADVANCED_FACE('',(#10697),#251,.T.);
#11698=ADVANCED_FACE('',(#10698),#252,.T.);
#11699=ADVANCED_FACE('',(#10699),#253,.T.);
#11700=ADVANCED_FACE('',(#10700),#254,.T.);
#11701=ADVANCED_FACE('',(#10701),#255,.T.);
#11702=ADVANCED_FACE('',(#10702),#256,.T.);
#11703=ADVANCED_FACE('',(#10703),#257,.T.);
#11704=ADVANCED_FACE('',(#10704),#258,.T.);
#11705=ADVANCED_FACE('',(#10705),#259,.T.);
#11706=ADVANCED_FACE('',(#10706),#260,.T.);
#11707=ADVANCED_FACE('',(#10707),#261,.T.);
#11708=ADVANCED_FACE('',(#10708),#262,.T.);
#11709=ADVANCED_FACE('',(#10709),#263,.T.);
#11710=ADVANCED_FACE('',(#10710),#264,.T.);
#11711=ADVANCED_FACE('',(#10711),#265,.T.);
#11712=ADVANCED_FACE('',(#10712),#266,.T.);
#11713=ADVANCED_FACE('',(#10713),#267,.T.);
#11714=ADVANCED_FACE('',(#10714),#268,.T.);
#11715=ADVANCED_FACE('',(#10715),#269,.T.);
#11716=ADVANCED_FACE('',(#10716),#270,.T.);
#11717=ADVANCED_FACE('',(#10717),#271,.T.);
#11718=ADVANCED_FACE('',(#10718),#272,.T.);
#11719=ADVANCED_FACE('',(#10719),#273,.T.);
#11720=ADVANCED_FACE('',(#10720),#274,.T.);
#11721=ADVANCED_FACE('',(#10721),#275,.T.);
#11722=ADVANCED_FACE('',(#10722),#276,.T.);
#11723=ADVANCED_FACE('',(#10723),#277,.T.);
#11724=ADVANCED_FACE('',(#10724),#278,.T.);
#11725=ADVANCED_FACE('',(#10725),#279,.T.);
#11726=ADVANCED_FACE('',(#10726),#280,.T.);
#11727=ADVANCED_FACE('',(#10727),#281,.T.);
#11728=ADVANCED_FACE('',(#10728),#282,.T.);
#11729=ADVANCED_FACE('',(#10729),#283,.T.);
#11730=ADVANCED_FACE('',(#10730),#284,.T.);
#11731=ADVANCED_FACE('',(#10731),#285,.T.);
#11732=ADVANCED_FACE('',(#10732),#286,.T.);
#11733=ADVANCED_FACE('',(#10733),#287,.T.);
#11734=ADVANCED_FACE('',(#10734),#288,.T.);
#11735=ADVANCED_FACE('',(#10735),#289,.T.);
#11736=ADVANCED_FACE('',(#10736),#290,.T.);
#11737=ADVANCED_FACE('',(#10737),#291,.T.);
#11738=ADVANCED_FACE('',(#10738),#292,.T.);
#11739=ADVANCED_FACE('',(#10739),#293,.T.);
#11740=ADVANCED_FACE('',(#10740),#294,.T.);
#11741=ADVANCED_FACE('',(#10741),#295,.T.);
#11742=ADVANCED_FACE('',(#10742,#10743,#10744,#10745,#10746,#10747,#10748,
#10749,#10750,#10751,#10752,#10753,#10754,#10755,#10756,#10757,#10758,#10759,
#10760,#10761,#10762,#10763,#10764,#10765,#10766,#10767,#10768,#10769,#10770,
#10771,#10772,#10773,#10774,#10775,#10776,#10777,#10778,#10779,#10780,#10781,
#10782,#10783,#10784,#10785,#10786,#10787,#10788,#10789,#10790,#10791,#10792,
#10793,#10794,#10795,#10796,#10797,#10798,#10799,#10800,#10801,#10802,#10803,
#10804,#10805,#10806,#10807,#10808,#10809,#10810,#10811,#10812,#10813),
#296,.T.);
#11743=ADVANCED_FACE('',(#10814,#10815,#10816,#10817,#10818,#10819,#10820,
#10821,#10822,#10823,#10824,#10825,#10826,#10827,#10828,#10829,#10830,#10831,
#10832,#10833,#10834,#10835,#10836,#10837,#10838,#10839,#10840,#10841,#10842,
#10843,#10844,#10845,#10846,#10847,#10848,#10849,#10850,#10851,#10852,#10853,
#10854,#10855,#10856,#10857,#10858,#10859,#10860,#10861,#10862,#10863,#10864,
#10865,#10866,#10867,#10868,#10869,#10870,#10871,#10872,#10873,#10874,#10875,
#10876,#10877,#10878,#10879,#10880,#10881,#10882,#10883,#10884,#10885),
#297,.F.);
#11744=ADVANCED_FACE('',(#10886),#298,.T.);
#11745=ADVANCED_FACE('',(#10887),#299,.T.);
#11746=ADVANCED_FACE('',(#10888),#300,.F.);
#11747=ADVANCED_FACE('',(#10889),#301,.F.);
#11748=CLOSED_SHELL('',(#11174,#11175,#11176,#11177,#11178,#11179,#11180,
#11181,#11182,#11183,#11184,#11185,#11186,#11187,#11188,#11189,#11190,#11191,
#11192,#11193,#11194,#11195,#11196,#11197,#11198,#11199,#11200,#11201,#11202,
#11203,#11204,#11205,#11206,#11207,#11208,#11209,#11210,#11211,#11212,#11213,
#11214,#11215,#11216,#11217,#11218,#11219,#11220,#11221,#11222,#11223,#11224,
#11225,#11226,#11227,#11228,#11229,#11230,#11231,#11232,#11233,#11234,#11235,
#11236,#11237,#11238,#11239,#11240,#11241,#11242,#11243,#11244,#11245,#11246,
#11247,#11248,#11249,#11250,#11251,#11252,#11253,#11254,#11255,#11256,#11257,
#11258,#11259,#11260,#11261,#11262,#11263,#11264,#11265,#11266,#11267,#11268,
#11269,#11270,#11271,#11272,#11273,#11274,#11275,#11276,#11277,#11278,#11279,
#11280,#11281,#11282,#11283,#11284,#11285,#11286,#11287,#11288,#11289,#11290,
#11291,#11292,#11293,#11294,#11295,#11296,#11297,#11298,#11299,#11300,#11301,
#11302,#11303,#11304,#11305,#11306,#11307,#11308,#11309,#11310,#11311,#11312,
#11313,#11314,#11315,#11316,#11317,#11318,#11319,#11320,#11321,#11322,#11323,
#11324,#11325,#11326,#11327,#11328,#11329,#11330,#11331,#11332,#11333,#11334,
#11335,#11336,#11337,#11338,#11339,#11340,#11341,#11342,#11343,#11344,#11345,
#11346,#11347,#11348,#11349,#11350,#11351,#11352,#11353,#11354,#11355,#11356,
#11357,#11358,#11359,#11360,#11361,#11362,#11363,#11364,#11365,#11366,#11367,
#11368,#11369,#11370,#11371,#11372,#11373,#11374,#11375,#11376,#11377,#11378,
#11379,#11380,#11381,#11382,#11383,#11384,#11385,#11386,#11387,#11388,#11389,
#11390,#11391,#11392,#11393,#11394,#11395,#11396,#11397,#11398,#11399,#11400,
#11401,#11402,#11403,#11404,#11405,#11406,#11407,#11408,#11409,#11410,#11411,
#11412,#11413,#11414,#11415,#11416,#11417,#11418,#11419,#11420,#11421,#11422,
#11423,#11424,#11425,#11426,#11427,#11428,#11429,#11430,#11431,#11432,#11433,
#11434,#11435,#11436,#11437,#11438,#11439,#11440,#11441,#11442,#11443,#11444,
#11445,#11446,#11447,#11448,#11449,#11450,#11451,#11452,#11453,#11454,#11455,
#11456,#11457,#11458,#11459,#11460,#11461,#11462,#11463,#11464,#11465,#11466,
#11467,#11468,#11469,#11470,#11471,#11472,#11473,#11474,#11475,#11476,#11477,
#11478,#11479,#11480,#11481,#11482,#11483,#11484,#11485,#11486,#11487,#11488,
#11489,#11490,#11491,#11492,#11493,#11494,#11495,#11496,#11497,#11498,#11499,
#11500,#11501,#11502,#11503,#11504,#11505,#11506,#11507,#11508,#11509,#11510,
#11511,#11512,#11513,#11514,#11515,#11516,#11517,#11518,#11519,#11520,#11521,
#11522,#11523,#11524,#11525,#11526,#11527,#11528,#11529,#11530,#11531,#11532,
#11533,#11534,#11535,#11536,#11537,#11538,#11539,#11540,#11541,#11542,#11543,
#11544,#11545,#11546,#11547,#11548,#11549,#11550,#11551,#11552,#11553,#11554,
#11555,#11556,#11557,#11558,#11559,#11560,#11561,#11562,#11563,#11564,#11565,
#11566,#11567,#11568,#11569,#11570,#11571,#11572,#11573,#11574,#11575,#11576,
#11577,#11578,#11579,#11580,#11581,#11582,#11583,#11584,#11585,#11586,#11587,
#11588,#11589,#11590,#11591,#11592,#11593,#11594,#11595,#11596,#11597,#11598,
#11599,#11600,#11601,#11602,#11603,#11604,#11605,#11606,#11607,#11608,#11609,
#11610,#11611,#11612,#11613,#11614,#11615,#11616,#11617,#11618,#11619,#11620,
#11621,#11622,#11623,#11624,#11625,#11626,#11627,#11628,#11629,#11630,#11631,
#11632,#11633,#11634,#11635,#11636,#11637,#11638,#11639,#11640,#11641,#11642,
#11643,#11644,#11645,#11646,#11647,#11648,#11649,#11650,#11651,#11652,#11653,
#11654,#11655,#11656,#11657,#11658,#11659,#11660,#11661,#11662,#11663,#11664,
#11665,#11666,#11667,#11668,#11669,#11670,#11671,#11672,#11673,#11674,#11675,
#11676,#11677,#11678,#11679,#11680,#11681,#11682,#11683,#11684,#11685,#11686,
#11687,#11688,#11689,#11690,#11691,#11692,#11693,#11694,#11695,#11696,#11697,
#11698,#11699,#11700,#11701,#11702,#11703,#11704,#11705,#11706,#11707,#11708,
#11709,#11710,#11711,#11712,#11713,#11714,#11715,#11716,#11717,#11718,#11719,
#11720,#11721,#11722,#11723,#11724,#11725,#11726,#11727,#11728,#11729,#11730,
#11731,#11732,#11733,#11734,#11735,#11736,#11737,#11738,#11739,#11740,#11741,
#11742,#11743,#11744,#11745,#11746,#11747));
#11749=STYLED_ITEM('',(#11750),#11757);
#11750=PRESENTATION_STYLE_ASSIGNMENT((#11751));
#11751=SURFACE_STYLE_USAGE(.BOTH.,#11752);
#11752=SURFACE_SIDE_STYLE('',(#11753));
#11753=SURFACE_STYLE_FILL_AREA(#11754);
#11754=FILL_AREA_STYLE('',(#11755));
#11755=FILL_AREA_STYLE_COLOUR('',#11756);
#11756=COLOUR_RGB('',0.0509803921568627,0.0509803921568627,0.0509803921568627);
#11757=MANIFOLD_SOLID_BREP('Plate',#11748);
#11758=SHAPE_DEFINITION_REPRESENTATION(#19778,#11759);
#11759=SHAPE_REPRESENTATION('Plate',(#11760),#19773);
#11760=AXIS2_PLACEMENT_3D('',#16337,#12903,#12904);
#11761=AXIS2_PLACEMENT_3D('',#16338,#12905,#12906);
#11762=AXIS2_PLACEMENT_3D('',#16339,#12907,#12908);
#11763=AXIS2_PLACEMENT_3D('',#16344,#12910,#12911);
#11764=AXIS2_PLACEMENT_3D('',#16347,#12913,#12914);
#11765=AXIS2_PLACEMENT_3D('',#16353,#12918,#12919);
#11766=AXIS2_PLACEMENT_3D('',#16354,#12920,#12921);
#11767=AXIS2_PLACEMENT_3D('',#16358,#12923,#12924);
#11768=AXIS2_PLACEMENT_3D('',#16359,#12925,#12926);
#11769=AXIS2_PLACEMENT_3D('',#16365,#12930,#12931);
#11770=AXIS2_PLACEMENT_3D('',#16366,#12932,#12933);
#11771=AXIS2_PLACEMENT_3D('',#16370,#12935,#12936);
#11772=AXIS2_PLACEMENT_3D('',#16371,#12937,#12938);
#11773=AXIS2_PLACEMENT_3D('',#16377,#12942,#12943);
#11774=AXIS2_PLACEMENT_3D('',#16378,#12944,#12945);
#11775=AXIS2_PLACEMENT_3D('',#16382,#12947,#12948);
#11776=AXIS2_PLACEMENT_3D('',#16383,#12949,#12950);
#11777=AXIS2_PLACEMENT_3D('',#16384,#12951,#12952);
#11778=AXIS2_PLACEMENT_3D('',#16389,#12954,#12955);
#11779=AXIS2_PLACEMENT_3D('',#16392,#12957,#12958);
#11780=AXIS2_PLACEMENT_3D('',#16398,#12962,#12963);
#11781=AXIS2_PLACEMENT_3D('',#16399,#12964,#12965);
#11782=AXIS2_PLACEMENT_3D('',#16403,#12967,#12968);
#11783=AXIS2_PLACEMENT_3D('',#16404,#12969,#12970);
#11784=AXIS2_PLACEMENT_3D('',#16410,#12974,#12975);
#11785=AXIS2_PLACEMENT_3D('',#16411,#12976,#12977);
#11786=AXIS2_PLACEMENT_3D('',#16415,#12979,#12980);
#11787=AXIS2_PLACEMENT_3D('',#16416,#12981,#12982);
#11788=AXIS2_PLACEMENT_3D('',#16422,#12986,#12987);
#11789=AXIS2_PLACEMENT_3D('',#16423,#12988,#12989);
#11790=AXIS2_PLACEMENT_3D('',#16427,#12991,#12992);
#11791=AXIS2_PLACEMENT_3D('',#16428,#12993,#12994);
#11792=AXIS2_PLACEMENT_3D('',#16429,#12995,#12996);
#11793=AXIS2_PLACEMENT_3D('',#16434,#12998,#12999);
#11794=AXIS2_PLACEMENT_3D('',#16437,#13001,#13002);
#11795=AXIS2_PLACEMENT_3D('',#16443,#13006,#13007);
#11796=AXIS2_PLACEMENT_3D('',#16444,#13008,#13009);
#11797=AXIS2_PLACEMENT_3D('',#16448,#13011,#13012);
#11798=AXIS2_PLACEMENT_3D('',#16449,#13013,#13014);
#11799=AXIS2_PLACEMENT_3D('',#16455,#13018,#13019);
#11800=AXIS2_PLACEMENT_3D('',#16456,#13020,#13021);
#11801=AXIS2_PLACEMENT_3D('',#16460,#13023,#13024);
#11802=AXIS2_PLACEMENT_3D('',#16461,#13025,#13026);
#11803=AXIS2_PLACEMENT_3D('',#16467,#13030,#13031);
#11804=AXIS2_PLACEMENT_3D('',#16468,#13032,#13033);
#11805=AXIS2_PLACEMENT_3D('',#16472,#13035,#13036);
#11806=AXIS2_PLACEMENT_3D('',#16473,#13037,#13038);
#11807=AXIS2_PLACEMENT_3D('',#16474,#13039,#13040);
#11808=AXIS2_PLACEMENT_3D('',#16479,#13042,#13043);
#11809=AXIS2_PLACEMENT_3D('',#16482,#13045,#13046);
#11810=AXIS2_PLACEMENT_3D('',#16488,#13050,#13051);
#11811=AXIS2_PLACEMENT_3D('',#16489,#13052,#13053);
#11812=AXIS2_PLACEMENT_3D('',#16493,#13055,#13056);
#11813=AXIS2_PLACEMENT_3D('',#16494,#13057,#13058);
#11814=AXIS2_PLACEMENT_3D('',#16500,#13062,#13063);
#11815=AXIS2_PLACEMENT_3D('',#16501,#13064,#13065);
#11816=AXIS2_PLACEMENT_3D('',#16505,#13067,#13068);
#11817=AXIS2_PLACEMENT_3D('',#16506,#13069,#13070);
#11818=AXIS2_PLACEMENT_3D('',#16512,#13074,#13075);
#11819=AXIS2_PLACEMENT_3D('',#16513,#13076,#13077);
#11820=AXIS2_PLACEMENT_3D('',#16517,#13079,#13080);
#11821=AXIS2_PLACEMENT_3D('',#16518,#13081,#13082);
#11822=AXIS2_PLACEMENT_3D('',#16519,#13083,#13084);
#11823=AXIS2_PLACEMENT_3D('',#16524,#13086,#13087);
#11824=AXIS2_PLACEMENT_3D('',#16527,#13089,#13090);
#11825=AXIS2_PLACEMENT_3D('',#16533,#13094,#13095);
#11826=AXIS2_PLACEMENT_3D('',#16534,#13096,#13097);
#11827=AXIS2_PLACEMENT_3D('',#16538,#13099,#13100);
#11828=AXIS2_PLACEMENT_3D('',#16539,#13101,#13102);
#11829=AXIS2_PLACEMENT_3D('',#16545,#13106,#13107);
#11830=AXIS2_PLACEMENT_3D('',#16546,#13108,#13109);
#11831=AXIS2_PLACEMENT_3D('',#16550,#13111,#13112);
#11832=AXIS2_PLACEMENT_3D('',#16551,#13113,#13114);
#11833=AXIS2_PLACEMENT_3D('',#16557,#13118,#13119);
#11834=AXIS2_PLACEMENT_3D('',#16558,#13120,#13121);
#11835=AXIS2_PLACEMENT_3D('',#16562,#13123,#13124);
#11836=AXIS2_PLACEMENT_3D('',#16563,#13125,#13126);
#11837=AXIS2_PLACEMENT_3D('',#16564,#13127,#13128);
#11838=AXIS2_PLACEMENT_3D('',#16569,#13130,#13131);
#11839=AXIS2_PLACEMENT_3D('',#16572,#13133,#13134);
#11840=AXIS2_PLACEMENT_3D('',#16578,#13138,#13139);
#11841=AXIS2_PLACEMENT_3D('',#16579,#13140,#13141);
#11842=AXIS2_PLACEMENT_3D('',#16583,#13143,#13144);
#11843=AXIS2_PLACEMENT_3D('',#16584,#13145,#13146);
#11844=AXIS2_PLACEMENT_3D('',#16590,#13150,#13151);
#11845=AXIS2_PLACEMENT_3D('',#16591,#13152,#13153);
#11846=AXIS2_PLACEMENT_3D('',#16595,#13155,#13156);
#11847=AXIS2_PLACEMENT_3D('',#16596,#13157,#13158);
#11848=AXIS2_PLACEMENT_3D('',#16602,#13162,#13163);
#11849=AXIS2_PLACEMENT_3D('',#16603,#13164,#13165);
#11850=AXIS2_PLACEMENT_3D('',#16607,#13167,#13168);
#11851=AXIS2_PLACEMENT_3D('',#16608,#13169,#13170);
#11852=AXIS2_PLACEMENT_3D('',#16609,#13171,#13172);
#11853=AXIS2_PLACEMENT_3D('',#16614,#13174,#13175);
#11854=AXIS2_PLACEMENT_3D('',#16617,#13177,#13178);
#11855=AXIS2_PLACEMENT_3D('',#16623,#13182,#13183);
#11856=AXIS2_PLACEMENT_3D('',#16624,#13184,#13185);
#11857=AXIS2_PLACEMENT_3D('',#16628,#13187,#13188);
#11858=AXIS2_PLACEMENT_3D('',#16629,#13189,#13190);
#11859=AXIS2_PLACEMENT_3D('',#16635,#13194,#13195);
#11860=AXIS2_PLACEMENT_3D('',#16636,#13196,#13197);
#11861=AXIS2_PLACEMENT_3D('',#16640,#13199,#13200);
#11862=AXIS2_PLACEMENT_3D('',#16641,#13201,#13202);
#11863=AXIS2_PLACEMENT_3D('',#16647,#13206,#13207);
#11864=AXIS2_PLACEMENT_3D('',#16648,#13208,#13209);
#11865=AXIS2_PLACEMENT_3D('',#16652,#13211,#13212);
#11866=AXIS2_PLACEMENT_3D('',#16653,#13213,#13214);
#11867=AXIS2_PLACEMENT_3D('',#16654,#13215,#13216);
#11868=AXIS2_PLACEMENT_3D('',#16659,#13218,#13219);
#11869=AXIS2_PLACEMENT_3D('',#16662,#13221,#13222);
#11870=AXIS2_PLACEMENT_3D('',#16668,#13226,#13227);
#11871=AXIS2_PLACEMENT_3D('',#16669,#13228,#13229);
#11872=AXIS2_PLACEMENT_3D('',#16673,#13231,#13232);
#11873=AXIS2_PLACEMENT_3D('',#16674,#13233,#13234);
#11874=AXIS2_PLACEMENT_3D('',#16680,#13238,#13239);
#11875=AXIS2_PLACEMENT_3D('',#16681,#13240,#13241);
#11876=AXIS2_PLACEMENT_3D('',#16685,#13243,#13244);
#11877=AXIS2_PLACEMENT_3D('',#16686,#13245,#13246);
#11878=AXIS2_PLACEMENT_3D('',#16692,#13250,#13251);
#11879=AXIS2_PLACEMENT_3D('',#16693,#13252,#13253);
#11880=AXIS2_PLACEMENT_3D('',#16697,#13255,#13256);
#11881=AXIS2_PLACEMENT_3D('',#16698,#13257,#13258);
#11882=AXIS2_PLACEMENT_3D('',#16699,#13259,#13260);
#11883=AXIS2_PLACEMENT_3D('',#16704,#13262,#13263);
#11884=AXIS2_PLACEMENT_3D('',#16707,#13265,#13266);
#11885=AXIS2_PLACEMENT_3D('',#16713,#13270,#13271);
#11886=AXIS2_PLACEMENT_3D('',#16714,#13272,#13273);
#11887=AXIS2_PLACEMENT_3D('',#16718,#13275,#13276);
#11888=AXIS2_PLACEMENT_3D('',#16719,#13277,#13278);
#11889=AXIS2_PLACEMENT_3D('',#16725,#13282,#13283);
#11890=AXIS2_PLACEMENT_3D('',#16726,#13284,#13285);
#11891=AXIS2_PLACEMENT_3D('',#16730,#13287,#13288);
#11892=AXIS2_PLACEMENT_3D('',#16731,#13289,#13290);
#11893=AXIS2_PLACEMENT_3D('',#16737,#13294,#13295);
#11894=AXIS2_PLACEMENT_3D('',#16738,#13296,#13297);
#11895=AXIS2_PLACEMENT_3D('',#16742,#13299,#13300);
#11896=AXIS2_PLACEMENT_3D('',#16743,#13301,#13302);
#11897=AXIS2_PLACEMENT_3D('',#16744,#13303,#13304);
#11898=AXIS2_PLACEMENT_3D('',#16749,#13306,#13307);
#11899=AXIS2_PLACEMENT_3D('',#16752,#13309,#13310);
#11900=AXIS2_PLACEMENT_3D('',#16758,#13314,#13315);
#11901=AXIS2_PLACEMENT_3D('',#16759,#13316,#13317);
#11902=AXIS2_PLACEMENT_3D('',#16763,#13319,#13320);
#11903=AXIS2_PLACEMENT_3D('',#16764,#13321,#13322);
#11904=AXIS2_PLACEMENT_3D('',#16770,#13326,#13327);
#11905=AXIS2_PLACEMENT_3D('',#16771,#13328,#13329);
#11906=AXIS2_PLACEMENT_3D('',#16775,#13331,#13332);
#11907=AXIS2_PLACEMENT_3D('',#16776,#13333,#13334);
#11908=AXIS2_PLACEMENT_3D('',#16782,#13338,#13339);
#11909=AXIS2_PLACEMENT_3D('',#16783,#13340,#13341);
#11910=AXIS2_PLACEMENT_3D('',#16787,#13343,#13344);
#11911=AXIS2_PLACEMENT_3D('',#16788,#13345,#13346);
#11912=AXIS2_PLACEMENT_3D('',#16789,#13347,#13348);
#11913=AXIS2_PLACEMENT_3D('',#16794,#13350,#13351);
#11914=AXIS2_PLACEMENT_3D('',#16797,#13353,#13354);
#11915=AXIS2_PLACEMENT_3D('',#16803,#13358,#13359);
#11916=AXIS2_PLACEMENT_3D('',#16804,#13360,#13361);
#11917=AXIS2_PLACEMENT_3D('',#16808,#13363,#13364);
#11918=AXIS2_PLACEMENT_3D('',#16809,#13365,#13366);
#11919=AXIS2_PLACEMENT_3D('',#16815,#13370,#13371);
#11920=AXIS2_PLACEMENT_3D('',#16816,#13372,#13373);
#11921=AXIS2_PLACEMENT_3D('',#16820,#13375,#13376);
#11922=AXIS2_PLACEMENT_3D('',#16821,#13377,#13378);
#11923=AXIS2_PLACEMENT_3D('',#16827,#13382,#13383);
#11924=AXIS2_PLACEMENT_3D('',#16828,#13384,#13385);
#11925=AXIS2_PLACEMENT_3D('',#16832,#13387,#13388);
#11926=AXIS2_PLACEMENT_3D('',#16833,#13389,#13390);
#11927=AXIS2_PLACEMENT_3D('',#16834,#13391,#13392);
#11928=AXIS2_PLACEMENT_3D('',#16839,#13394,#13395);
#11929=AXIS2_PLACEMENT_3D('',#16842,#13397,#13398);
#11930=AXIS2_PLACEMENT_3D('',#16848,#13402,#13403);
#11931=AXIS2_PLACEMENT_3D('',#16849,#13404,#13405);
#11932=AXIS2_PLACEMENT_3D('',#16853,#13407,#13408);
#11933=AXIS2_PLACEMENT_3D('',#16854,#13409,#13410);
#11934=AXIS2_PLACEMENT_3D('',#16860,#13414,#13415);
#11935=AXIS2_PLACEMENT_3D('',#16861,#13416,#13417);
#11936=AXIS2_PLACEMENT_3D('',#16865,#13419,#13420);
#11937=AXIS2_PLACEMENT_3D('',#16866,#13421,#13422);
#11938=AXIS2_PLACEMENT_3D('',#16872,#13426,#13427);
#11939=AXIS2_PLACEMENT_3D('',#16873,#13428,#13429);
#11940=AXIS2_PLACEMENT_3D('',#16877,#13431,#13432);
#11941=AXIS2_PLACEMENT_3D('',#16878,#13433,#13434);
#11942=AXIS2_PLACEMENT_3D('',#16879,#13435,#13436);
#11943=AXIS2_PLACEMENT_3D('',#16884,#13438,#13439);
#11944=AXIS2_PLACEMENT_3D('',#16887,#13441,#13442);
#11945=AXIS2_PLACEMENT_3D('',#16893,#13446,#13447);
#11946=AXIS2_PLACEMENT_3D('',#16894,#13448,#13449);
#11947=AXIS2_PLACEMENT_3D('',#16898,#13451,#13452);
#11948=AXIS2_PLACEMENT_3D('',#16899,#13453,#13454);
#11949=AXIS2_PLACEMENT_3D('',#16905,#13458,#13459);
#11950=AXIS2_PLACEMENT_3D('',#16906,#13460,#13461);
#11951=AXIS2_PLACEMENT_3D('',#16910,#13463,#13464);
#11952=AXIS2_PLACEMENT_3D('',#16911,#13465,#13466);
#11953=AXIS2_PLACEMENT_3D('',#16917,#13470,#13471);
#11954=AXIS2_PLACEMENT_3D('',#16918,#13472,#13473);
#11955=AXIS2_PLACEMENT_3D('',#16922,#13475,#13476);
#11956=AXIS2_PLACEMENT_3D('',#16923,#13477,#13478);
#11957=AXIS2_PLACEMENT_3D('',#16924,#13479,#13480);
#11958=AXIS2_PLACEMENT_3D('',#16929,#13482,#13483);
#11959=AXIS2_PLACEMENT_3D('',#16932,#13485,#13486);
#11960=AXIS2_PLACEMENT_3D('',#16938,#13490,#13491);
#11961=AXIS2_PLACEMENT_3D('',#16939,#13492,#13493);
#11962=AXIS2_PLACEMENT_3D('',#16943,#13495,#13496);
#11963=AXIS2_PLACEMENT_3D('',#16944,#13497,#13498);
#11964=AXIS2_PLACEMENT_3D('',#16950,#13502,#13503);
#11965=AXIS2_PLACEMENT_3D('',#16951,#13504,#13505);
#11966=AXIS2_PLACEMENT_3D('',#16955,#13507,#13508);
#11967=AXIS2_PLACEMENT_3D('',#16956,#13509,#13510);
#11968=AXIS2_PLACEMENT_3D('',#16962,#13514,#13515);
#11969=AXIS2_PLACEMENT_3D('',#16963,#13516,#13517);
#11970=AXIS2_PLACEMENT_3D('',#16967,#13519,#13520);
#11971=AXIS2_PLACEMENT_3D('',#16968,#13521,#13522);
#11972=AXIS2_PLACEMENT_3D('',#16969,#13523,#13524);
#11973=AXIS2_PLACEMENT_3D('',#16974,#13526,#13527);
#11974=AXIS2_PLACEMENT_3D('',#16977,#13529,#13530);
#11975=AXIS2_PLACEMENT_3D('',#16983,#13534,#13535);
#11976=AXIS2_PLACEMENT_3D('',#16984,#13536,#13537);
#11977=AXIS2_PLACEMENT_3D('',#16988,#13539,#13540);
#11978=AXIS2_PLACEMENT_3D('',#16989,#13541,#13542);
#11979=AXIS2_PLACEMENT_3D('',#16995,#13546,#13547);
#11980=AXIS2_PLACEMENT_3D('',#16996,#13548,#13549);
#11981=AXIS2_PLACEMENT_3D('',#17000,#13551,#13552);
#11982=AXIS2_PLACEMENT_3D('',#17001,#13553,#13554);
#11983=AXIS2_PLACEMENT_3D('',#17007,#13558,#13559);
#11984=AXIS2_PLACEMENT_3D('',#17008,#13560,#13561);
#11985=AXIS2_PLACEMENT_3D('',#17012,#13563,#13564);
#11986=AXIS2_PLACEMENT_3D('',#17013,#13565,#13566);
#11987=AXIS2_PLACEMENT_3D('',#17014,#13567,#13568);
#11988=AXIS2_PLACEMENT_3D('',#17019,#13570,#13571);
#11989=AXIS2_PLACEMENT_3D('',#17022,#13573,#13574);
#11990=AXIS2_PLACEMENT_3D('',#17028,#13578,#13579);
#11991=AXIS2_PLACEMENT_3D('',#17029,#13580,#13581);
#11992=AXIS2_PLACEMENT_3D('',#17033,#13583,#13584);
#11993=AXIS2_PLACEMENT_3D('',#17034,#13585,#13586);
#11994=AXIS2_PLACEMENT_3D('',#17040,#13590,#13591);
#11995=AXIS2_PLACEMENT_3D('',#17041,#13592,#13593);
#11996=AXIS2_PLACEMENT_3D('',#17045,#13595,#13596);
#11997=AXIS2_PLACEMENT_3D('',#17046,#13597,#13598);
#11998=AXIS2_PLACEMENT_3D('',#17052,#13602,#13603);
#11999=AXIS2_PLACEMENT_3D('',#17053,#13604,#13605);
#12000=AXIS2_PLACEMENT_3D('',#17057,#13607,#13608);
#12001=AXIS2_PLACEMENT_3D('',#17058,#13609,#13610);
#12002=AXIS2_PLACEMENT_3D('',#17059,#13611,#13612);
#12003=AXIS2_PLACEMENT_3D('',#17064,#13614,#13615);
#12004=AXIS2_PLACEMENT_3D('',#17067,#13617,#13618);
#12005=AXIS2_PLACEMENT_3D('',#17073,#13622,#13623);
#12006=AXIS2_PLACEMENT_3D('',#17074,#13624,#13625);
#12007=AXIS2_PLACEMENT_3D('',#17078,#13627,#13628);
#12008=AXIS2_PLACEMENT_3D('',#17079,#13629,#13630);
#12009=AXIS2_PLACEMENT_3D('',#17085,#13634,#13635);
#12010=AXIS2_PLACEMENT_3D('',#17086,#13636,#13637);
#12011=AXIS2_PLACEMENT_3D('',#17090,#13639,#13640);
#12012=AXIS2_PLACEMENT_3D('',#17091,#13641,#13642);
#12013=AXIS2_PLACEMENT_3D('',#17097,#13646,#13647);
#12014=AXIS2_PLACEMENT_3D('',#17098,#13648,#13649);
#12015=AXIS2_PLACEMENT_3D('',#17102,#13651,#13652);
#12016=AXIS2_PLACEMENT_3D('',#17103,#13653,#13654);
#12017=AXIS2_PLACEMENT_3D('',#17104,#13655,#13656);
#12018=AXIS2_PLACEMENT_3D('',#17109,#13658,#13659);
#12019=AXIS2_PLACEMENT_3D('',#17112,#13661,#13662);
#12020=AXIS2_PLACEMENT_3D('',#17118,#13666,#13667);
#12021=AXIS2_PLACEMENT_3D('',#17119,#13668,#13669);
#12022=AXIS2_PLACEMENT_3D('',#17123,#13671,#13672);
#12023=AXIS2_PLACEMENT_3D('',#17124,#13673,#13674);
#12024=AXIS2_PLACEMENT_3D('',#17130,#13678,#13679);
#12025=AXIS2_PLACEMENT_3D('',#17131,#13680,#13681);
#12026=AXIS2_PLACEMENT_3D('',#17135,#13683,#13684);
#12027=AXIS2_PLACEMENT_3D('',#17136,#13685,#13686);
#12028=AXIS2_PLACEMENT_3D('',#17142,#13690,#13691);
#12029=AXIS2_PLACEMENT_3D('',#17143,#13692,#13693);
#12030=AXIS2_PLACEMENT_3D('',#17147,#13695,#13696);
#12031=AXIS2_PLACEMENT_3D('',#17148,#13697,#13698);
#12032=AXIS2_PLACEMENT_3D('',#17149,#13699,#13700);
#12033=AXIS2_PLACEMENT_3D('',#17154,#13702,#13703);
#12034=AXIS2_PLACEMENT_3D('',#17157,#13705,#13706);
#12035=AXIS2_PLACEMENT_3D('',#17163,#13710,#13711);
#12036=AXIS2_PLACEMENT_3D('',#17164,#13712,#13713);
#12037=AXIS2_PLACEMENT_3D('',#17168,#13715,#13716);
#12038=AXIS2_PLACEMENT_3D('',#17169,#13717,#13718);
#12039=AXIS2_PLACEMENT_3D('',#17175,#13722,#13723);
#12040=AXIS2_PLACEMENT_3D('',#17176,#13724,#13725);
#12041=AXIS2_PLACEMENT_3D('',#17180,#13727,#13728);
#12042=AXIS2_PLACEMENT_3D('',#17181,#13729,#13730);
#12043=AXIS2_PLACEMENT_3D('',#17187,#13734,#13735);
#12044=AXIS2_PLACEMENT_3D('',#17188,#13736,#13737);
#12045=AXIS2_PLACEMENT_3D('',#17192,#13739,#13740);
#12046=AXIS2_PLACEMENT_3D('',#17193,#13741,#13742);
#12047=AXIS2_PLACEMENT_3D('',#17194,#13743,#13744);
#12048=AXIS2_PLACEMENT_3D('',#17199,#13746,#13747);
#12049=AXIS2_PLACEMENT_3D('',#17202,#13749,#13750);
#12050=AXIS2_PLACEMENT_3D('',#17208,#13754,#13755);
#12051=AXIS2_PLACEMENT_3D('',#17209,#13756,#13757);
#12052=AXIS2_PLACEMENT_3D('',#17213,#13759,#13760);
#12053=AXIS2_PLACEMENT_3D('',#17214,#13761,#13762);
#12054=AXIS2_PLACEMENT_3D('',#17220,#13766,#13767);
#12055=AXIS2_PLACEMENT_3D('',#17221,#13768,#13769);
#12056=AXIS2_PLACEMENT_3D('',#17225,#13771,#13772);
#12057=AXIS2_PLACEMENT_3D('',#17226,#13773,#13774);
#12058=AXIS2_PLACEMENT_3D('',#17232,#13778,#13779);
#12059=AXIS2_PLACEMENT_3D('',#17233,#13780,#13781);
#12060=AXIS2_PLACEMENT_3D('',#17237,#13783,#13784);
#12061=AXIS2_PLACEMENT_3D('',#17238,#13785,#13786);
#12062=AXIS2_PLACEMENT_3D('',#17239,#13787,#13788);
#12063=AXIS2_PLACEMENT_3D('',#17244,#13790,#13791);
#12064=AXIS2_PLACEMENT_3D('',#17247,#13793,#13794);
#12065=AXIS2_PLACEMENT_3D('',#17253,#13798,#13799);
#12066=AXIS2_PLACEMENT_3D('',#17254,#13800,#13801);
#12067=AXIS2_PLACEMENT_3D('',#17258,#13803,#13804);
#12068=AXIS2_PLACEMENT_3D('',#17259,#13805,#13806);
#12069=AXIS2_PLACEMENT_3D('',#17265,#13810,#13811);
#12070=AXIS2_PLACEMENT_3D('',#17266,#13812,#13813);
#12071=AXIS2_PLACEMENT_3D('',#17270,#13815,#13816);
#12072=AXIS2_PLACEMENT_3D('',#17271,#13817,#13818);
#12073=AXIS2_PLACEMENT_3D('',#17277,#13822,#13823);
#12074=AXIS2_PLACEMENT_3D('',#17278,#13824,#13825);
#12075=AXIS2_PLACEMENT_3D('',#17282,#13827,#13828);
#12076=AXIS2_PLACEMENT_3D('',#17283,#13829,#13830);
#12077=AXIS2_PLACEMENT_3D('',#17284,#13831,#13832);
#12078=AXIS2_PLACEMENT_3D('',#17289,#13834,#13835);
#12079=AXIS2_PLACEMENT_3D('',#17292,#13837,#13838);
#12080=AXIS2_PLACEMENT_3D('',#17298,#13842,#13843);
#12081=AXIS2_PLACEMENT_3D('',#17299,#13844,#13845);
#12082=AXIS2_PLACEMENT_3D('',#17303,#13847,#13848);
#12083=AXIS2_PLACEMENT_3D('',#17304,#13849,#13850);
#12084=AXIS2_PLACEMENT_3D('',#17310,#13854,#13855);
#12085=AXIS2_PLACEMENT_3D('',#17311,#13856,#13857);
#12086=AXIS2_PLACEMENT_3D('',#17315,#13859,#13860);
#12087=AXIS2_PLACEMENT_3D('',#17316,#13861,#13862);
#12088=AXIS2_PLACEMENT_3D('',#17322,#13866,#13867);
#12089=AXIS2_PLACEMENT_3D('',#17323,#13868,#13869);
#12090=AXIS2_PLACEMENT_3D('',#17327,#13871,#13872);
#12091=AXIS2_PLACEMENT_3D('',#17328,#13873,#13874);
#12092=AXIS2_PLACEMENT_3D('',#17329,#13875,#13876);
#12093=AXIS2_PLACEMENT_3D('',#17334,#13878,#13879);
#12094=AXIS2_PLACEMENT_3D('',#17337,#13881,#13882);
#12095=AXIS2_PLACEMENT_3D('',#17343,#13886,#13887);
#12096=AXIS2_PLACEMENT_3D('',#17344,#13888,#13889);
#12097=AXIS2_PLACEMENT_3D('',#17348,#13891,#13892);
#12098=AXIS2_PLACEMENT_3D('',#17349,#13893,#13894);
#12099=AXIS2_PLACEMENT_3D('',#17355,#13898,#13899);
#12100=AXIS2_PLACEMENT_3D('',#17356,#13900,#13901);
#12101=AXIS2_PLACEMENT_3D('',#17360,#13903,#13904);
#12102=AXIS2_PLACEMENT_3D('',#17361,#13905,#13906);
#12103=AXIS2_PLACEMENT_3D('',#17367,#13910,#13911);
#12104=AXIS2_PLACEMENT_3D('',#17368,#13912,#13913);
#12105=AXIS2_PLACEMENT_3D('',#17372,#13915,#13916);
#12106=AXIS2_PLACEMENT_3D('',#17373,#13917,#13918);
#12107=AXIS2_PLACEMENT_3D('',#17374,#13919,#13920);
#12108=AXIS2_PLACEMENT_3D('',#17379,#13922,#13923);
#12109=AXIS2_PLACEMENT_3D('',#17382,#13925,#13926);
#12110=AXIS2_PLACEMENT_3D('',#17388,#13930,#13931);
#12111=AXIS2_PLACEMENT_3D('',#17389,#13932,#13933);
#12112=AXIS2_PLACEMENT_3D('',#17393,#13935,#13936);
#12113=AXIS2_PLACEMENT_3D('',#17394,#13937,#13938);
#12114=AXIS2_PLACEMENT_3D('',#17400,#13942,#13943);
#12115=AXIS2_PLACEMENT_3D('',#17401,#13944,#13945);
#12116=AXIS2_PLACEMENT_3D('',#17405,#13947,#13948);
#12117=AXIS2_PLACEMENT_3D('',#17406,#13949,#13950);
#12118=AXIS2_PLACEMENT_3D('',#17412,#13954,#13955);
#12119=AXIS2_PLACEMENT_3D('',#17413,#13956,#13957);
#12120=AXIS2_PLACEMENT_3D('',#17417,#13959,#13960);
#12121=AXIS2_PLACEMENT_3D('',#17418,#13961,#13962);
#12122=AXIS2_PLACEMENT_3D('',#17419,#13963,#13964);
#12123=AXIS2_PLACEMENT_3D('',#17424,#13966,#13967);
#12124=AXIS2_PLACEMENT_3D('',#17427,#13969,#13970);
#12125=AXIS2_PLACEMENT_3D('',#17433,#13974,#13975);
#12126=AXIS2_PLACEMENT_3D('',#17434,#13976,#13977);
#12127=AXIS2_PLACEMENT_3D('',#17438,#13979,#13980);
#12128=AXIS2_PLACEMENT_3D('',#17439,#13981,#13982);
#12129=AXIS2_PLACEMENT_3D('',#17445,#13986,#13987);
#12130=AXIS2_PLACEMENT_3D('',#17446,#13988,#13989);
#12131=AXIS2_PLACEMENT_3D('',#17450,#13991,#13992);
#12132=AXIS2_PLACEMENT_3D('',#17451,#13993,#13994);
#12133=AXIS2_PLACEMENT_3D('',#17457,#13998,#13999);
#12134=AXIS2_PLACEMENT_3D('',#17458,#14000,#14001);
#12135=AXIS2_PLACEMENT_3D('',#17462,#14003,#14004);
#12136=AXIS2_PLACEMENT_3D('',#17463,#14005,#14006);
#12137=AXIS2_PLACEMENT_3D('',#17464,#14007,#14008);
#12138=AXIS2_PLACEMENT_3D('',#17469,#14010,#14011);
#12139=AXIS2_PLACEMENT_3D('',#17472,#14013,#14014);
#12140=AXIS2_PLACEMENT_3D('',#17478,#14018,#14019);
#12141=AXIS2_PLACEMENT_3D('',#17479,#14020,#14021);
#12142=AXIS2_PLACEMENT_3D('',#17483,#14023,#14024);
#12143=AXIS2_PLACEMENT_3D('',#17484,#14025,#14026);
#12144=AXIS2_PLACEMENT_3D('',#17490,#14030,#14031);
#12145=AXIS2_PLACEMENT_3D('',#17491,#14032,#14033);
#12146=AXIS2_PLACEMENT_3D('',#17495,#14035,#14036);
#12147=AXIS2_PLACEMENT_3D('',#17496,#14037,#14038);
#12148=AXIS2_PLACEMENT_3D('',#17502,#14042,#14043);
#12149=AXIS2_PLACEMENT_3D('',#17503,#14044,#14045);
#12150=AXIS2_PLACEMENT_3D('',#17507,#14047,#14048);
#12151=AXIS2_PLACEMENT_3D('',#17508,#14049,#14050);
#12152=AXIS2_PLACEMENT_3D('',#17509,#14051,#14052);
#12153=AXIS2_PLACEMENT_3D('',#17514,#14054,#14055);
#12154=AXIS2_PLACEMENT_3D('',#17517,#14057,#14058);
#12155=AXIS2_PLACEMENT_3D('',#17523,#14062,#14063);
#12156=AXIS2_PLACEMENT_3D('',#17524,#14064,#14065);
#12157=AXIS2_PLACEMENT_3D('',#17528,#14067,#14068);
#12158=AXIS2_PLACEMENT_3D('',#17529,#14069,#14070);
#12159=AXIS2_PLACEMENT_3D('',#17535,#14074,#14075);
#12160=AXIS2_PLACEMENT_3D('',#17536,#14076,#14077);
#12161=AXIS2_PLACEMENT_3D('',#17540,#14079,#14080);
#12162=AXIS2_PLACEMENT_3D('',#17541,#14081,#14082);
#12163=AXIS2_PLACEMENT_3D('',#17547,#14086,#14087);
#12164=AXIS2_PLACEMENT_3D('',#17548,#14088,#14089);
#12165=AXIS2_PLACEMENT_3D('',#17552,#14091,#14092);
#12166=AXIS2_PLACEMENT_3D('',#17553,#14093,#14094);
#12167=AXIS2_PLACEMENT_3D('',#17554,#14095,#14096);
#12168=AXIS2_PLACEMENT_3D('',#17559,#14098,#14099);
#12169=AXIS2_PLACEMENT_3D('',#17562,#14101,#14102);
#12170=AXIS2_PLACEMENT_3D('',#17568,#14106,#14107);
#12171=AXIS2_PLACEMENT_3D('',#17569,#14108,#14109);
#12172=AXIS2_PLACEMENT_3D('',#17573,#14111,#14112);
#12173=AXIS2_PLACEMENT_3D('',#17574,#14113,#14114);
#12174=AXIS2_PLACEMENT_3D('',#17580,#14118,#14119);
#12175=AXIS2_PLACEMENT_3D('',#17581,#14120,#14121);
#12176=AXIS2_PLACEMENT_3D('',#17585,#14123,#14124);
#12177=AXIS2_PLACEMENT_3D('',#17586,#14125,#14126);
#12178=AXIS2_PLACEMENT_3D('',#17592,#14130,#14131);
#12179=AXIS2_PLACEMENT_3D('',#17593,#14132,#14133);
#12180=AXIS2_PLACEMENT_3D('',#17597,#14135,#14136);
#12181=AXIS2_PLACEMENT_3D('',#17598,#14137,#14138);
#12182=AXIS2_PLACEMENT_3D('',#17599,#14139,#14140);
#12183=AXIS2_PLACEMENT_3D('',#17604,#14142,#14143);
#12184=AXIS2_PLACEMENT_3D('',#17607,#14145,#14146);
#12185=AXIS2_PLACEMENT_3D('',#17613,#14150,#14151);
#12186=AXIS2_PLACEMENT_3D('',#17614,#14152,#14153);
#12187=AXIS2_PLACEMENT_3D('',#17618,#14155,#14156);
#12188=AXIS2_PLACEMENT_3D('',#17619,#14157,#14158);
#12189=AXIS2_PLACEMENT_3D('',#17625,#14162,#14163);
#12190=AXIS2_PLACEMENT_3D('',#17626,#14164,#14165);
#12191=AXIS2_PLACEMENT_3D('',#17630,#14167,#14168);
#12192=AXIS2_PLACEMENT_3D('',#17631,#14169,#14170);
#12193=AXIS2_PLACEMENT_3D('',#17637,#14174,#14175);
#12194=AXIS2_PLACEMENT_3D('',#17638,#14176,#14177);
#12195=AXIS2_PLACEMENT_3D('',#17642,#14179,#14180);
#12196=AXIS2_PLACEMENT_3D('',#17643,#14181,#14182);
#12197=AXIS2_PLACEMENT_3D('',#17644,#14183,#14184);
#12198=AXIS2_PLACEMENT_3D('',#17649,#14186,#14187);
#12199=AXIS2_PLACEMENT_3D('',#17652,#14189,#14190);
#12200=AXIS2_PLACEMENT_3D('',#17658,#14194,#14195);
#12201=AXIS2_PLACEMENT_3D('',#17659,#14196,#14197);
#12202=AXIS2_PLACEMENT_3D('',#17663,#14199,#14200);
#12203=AXIS2_PLACEMENT_3D('',#17664,#14201,#14202);
#12204=AXIS2_PLACEMENT_3D('',#17670,#14206,#14207);
#12205=AXIS2_PLACEMENT_3D('',#17671,#14208,#14209);
#12206=AXIS2_PLACEMENT_3D('',#17675,#14211,#14212);
#12207=AXIS2_PLACEMENT_3D('',#17676,#14213,#14214);
#12208=AXIS2_PLACEMENT_3D('',#17682,#14218,#14219);
#12209=AXIS2_PLACEMENT_3D('',#17683,#14220,#14221);
#12210=AXIS2_PLACEMENT_3D('',#17687,#14223,#14224);
#12211=AXIS2_PLACEMENT_3D('',#17688,#14225,#14226);
#12212=AXIS2_PLACEMENT_3D('',#17689,#14227,#14228);
#12213=AXIS2_PLACEMENT_3D('',#17694,#14230,#14231);
#12214=AXIS2_PLACEMENT_3D('',#17697,#14233,#14234);
#12215=AXIS2_PLACEMENT_3D('',#17703,#14238,#14239);
#12216=AXIS2_PLACEMENT_3D('',#17704,#14240,#14241);
#12217=AXIS2_PLACEMENT_3D('',#17708,#14243,#14244);
#12218=AXIS2_PLACEMENT_3D('',#17709,#14245,#14246);
#12219=AXIS2_PLACEMENT_3D('',#17715,#14250,#14251);
#12220=AXIS2_PLACEMENT_3D('',#17716,#14252,#14253);
#12221=AXIS2_PLACEMENT_3D('',#17720,#14255,#14256);
#12222=AXIS2_PLACEMENT_3D('',#17721,#14257,#14258);
#12223=AXIS2_PLACEMENT_3D('',#17727,#14262,#14263);
#12224=AXIS2_PLACEMENT_3D('',#17728,#14264,#14265);
#12225=AXIS2_PLACEMENT_3D('',#17732,#14267,#14268);
#12226=AXIS2_PLACEMENT_3D('',#17733,#14269,#14270);
#12227=AXIS2_PLACEMENT_3D('',#17734,#14271,#14272);
#12228=AXIS2_PLACEMENT_3D('',#17739,#14274,#14275);
#12229=AXIS2_PLACEMENT_3D('',#17742,#14277,#14278);
#12230=AXIS2_PLACEMENT_3D('',#17748,#14282,#14283);
#12231=AXIS2_PLACEMENT_3D('',#17749,#14284,#14285);
#12232=AXIS2_PLACEMENT_3D('',#17753,#14287,#14288);
#12233=AXIS2_PLACEMENT_3D('',#17754,#14289,#14290);
#12234=AXIS2_PLACEMENT_3D('',#17760,#14294,#14295);
#12235=AXIS2_PLACEMENT_3D('',#17761,#14296,#14297);
#12236=AXIS2_PLACEMENT_3D('',#17765,#14299,#14300);
#12237=AXIS2_PLACEMENT_3D('',#17766,#14301,#14302);
#12238=AXIS2_PLACEMENT_3D('',#17772,#14306,#14307);
#12239=AXIS2_PLACEMENT_3D('',#17773,#14308,#14309);
#12240=AXIS2_PLACEMENT_3D('',#17777,#14311,#14312);
#12241=AXIS2_PLACEMENT_3D('',#17778,#14313,#14314);
#12242=AXIS2_PLACEMENT_3D('',#17779,#14315,#14316);
#12243=AXIS2_PLACEMENT_3D('',#17784,#14318,#14319);
#12244=AXIS2_PLACEMENT_3D('',#17787,#14321,#14322);
#12245=AXIS2_PLACEMENT_3D('',#17793,#14326,#14327);
#12246=AXIS2_PLACEMENT_3D('',#17794,#14328,#14329);
#12247=AXIS2_PLACEMENT_3D('',#17798,#14331,#14332);
#12248=AXIS2_PLACEMENT_3D('',#17799,#14333,#14334);
#12249=AXIS2_PLACEMENT_3D('',#17805,#14338,#14339);
#12250=AXIS2_PLACEMENT_3D('',#17806,#14340,#14341);
#12251=AXIS2_PLACEMENT_3D('',#17810,#14343,#14344);
#12252=AXIS2_PLACEMENT_3D('',#17811,#14345,#14346);
#12253=AXIS2_PLACEMENT_3D('',#17817,#14350,#14351);
#12254=AXIS2_PLACEMENT_3D('',#17818,#14352,#14353);
#12255=AXIS2_PLACEMENT_3D('',#17822,#14355,#14356);
#12256=AXIS2_PLACEMENT_3D('',#17823,#14357,#14358);
#12257=AXIS2_PLACEMENT_3D('',#17824,#14359,#14360);
#12258=AXIS2_PLACEMENT_3D('',#17829,#14362,#14363);
#12259=AXIS2_PLACEMENT_3D('',#17832,#14365,#14366);
#12260=AXIS2_PLACEMENT_3D('',#17838,#14370,#14371);
#12261=AXIS2_PLACEMENT_3D('',#17839,#14372,#14373);
#12262=AXIS2_PLACEMENT_3D('',#17843,#14375,#14376);
#12263=AXIS2_PLACEMENT_3D('',#17844,#14377,#14378);
#12264=AXIS2_PLACEMENT_3D('',#17850,#14382,#14383);
#12265=AXIS2_PLACEMENT_3D('',#17851,#14384,#14385);
#12266=AXIS2_PLACEMENT_3D('',#17855,#14387,#14388);
#12267=AXIS2_PLACEMENT_3D('',#17856,#14389,#14390);
#12268=AXIS2_PLACEMENT_3D('',#17862,#14394,#14395);
#12269=AXIS2_PLACEMENT_3D('',#17863,#14396,#14397);
#12270=AXIS2_PLACEMENT_3D('',#17867,#14399,#14400);
#12271=AXIS2_PLACEMENT_3D('',#17868,#14401,#14402);
#12272=AXIS2_PLACEMENT_3D('',#17869,#14403,#14404);
#12273=AXIS2_PLACEMENT_3D('',#17874,#14406,#14407);
#12274=AXIS2_PLACEMENT_3D('',#17877,#14409,#14410);
#12275=AXIS2_PLACEMENT_3D('',#17883,#14414,#14415);
#12276=AXIS2_PLACEMENT_3D('',#17884,#14416,#14417);
#12277=AXIS2_PLACEMENT_3D('',#17888,#14419,#14420);
#12278=AXIS2_PLACEMENT_3D('',#17889,#14421,#14422);
#12279=AXIS2_PLACEMENT_3D('',#17895,#14426,#14427);
#12280=AXIS2_PLACEMENT_3D('',#17896,#14428,#14429);
#12281=AXIS2_PLACEMENT_3D('',#17900,#14431,#14432);
#12282=AXIS2_PLACEMENT_3D('',#17901,#14433,#14434);
#12283=AXIS2_PLACEMENT_3D('',#17907,#14438,#14439);
#12284=AXIS2_PLACEMENT_3D('',#17908,#14440,#14441);
#12285=AXIS2_PLACEMENT_3D('',#17912,#14443,#14444);
#12286=AXIS2_PLACEMENT_3D('',#17913,#14445,#14446);
#12287=AXIS2_PLACEMENT_3D('',#17914,#14447,#14448);
#12288=AXIS2_PLACEMENT_3D('',#17919,#14450,#14451);
#12289=AXIS2_PLACEMENT_3D('',#17922,#14453,#14454);
#12290=AXIS2_PLACEMENT_3D('',#17928,#14458,#14459);
#12291=AXIS2_PLACEMENT_3D('',#17929,#14460,#14461);
#12292=AXIS2_PLACEMENT_3D('',#17933,#14463,#14464);
#12293=AXIS2_PLACEMENT_3D('',#17934,#14465,#14466);
#12294=AXIS2_PLACEMENT_3D('',#17940,#14470,#14471);
#12295=AXIS2_PLACEMENT_3D('',#17941,#14472,#14473);
#12296=AXIS2_PLACEMENT_3D('',#17945,#14475,#14476);
#12297=AXIS2_PLACEMENT_3D('',#17946,#14477,#14478);
#12298=AXIS2_PLACEMENT_3D('',#17952,#14482,#14483);
#12299=AXIS2_PLACEMENT_3D('',#17953,#14484,#14485);
#12300=AXIS2_PLACEMENT_3D('',#17957,#14487,#14488);
#12301=AXIS2_PLACEMENT_3D('',#17958,#14489,#14490);
#12302=AXIS2_PLACEMENT_3D('',#17959,#14491,#14492);
#12303=AXIS2_PLACEMENT_3D('',#17964,#14494,#14495);
#12304=AXIS2_PLACEMENT_3D('',#17967,#14497,#14498);
#12305=AXIS2_PLACEMENT_3D('',#17973,#14502,#14503);
#12306=AXIS2_PLACEMENT_3D('',#17974,#14504,#14505);
#12307=AXIS2_PLACEMENT_3D('',#17978,#14507,#14508);
#12308=AXIS2_PLACEMENT_3D('',#17979,#14509,#14510);
#12309=AXIS2_PLACEMENT_3D('',#17985,#14514,#14515);
#12310=AXIS2_PLACEMENT_3D('',#17986,#14516,#14517);
#12311=AXIS2_PLACEMENT_3D('',#17990,#14519,#14520);
#12312=AXIS2_PLACEMENT_3D('',#17991,#14521,#14522);
#12313=AXIS2_PLACEMENT_3D('',#17997,#14526,#14527);
#12314=AXIS2_PLACEMENT_3D('',#17998,#14528,#14529);
#12315=AXIS2_PLACEMENT_3D('',#18002,#14531,#14532);
#12316=AXIS2_PLACEMENT_3D('',#18003,#14533,#14534);
#12317=AXIS2_PLACEMENT_3D('',#18004,#14535,#14536);
#12318=AXIS2_PLACEMENT_3D('',#18009,#14538,#14539);
#12319=AXIS2_PLACEMENT_3D('',#18012,#14541,#14542);
#12320=AXIS2_PLACEMENT_3D('',#18018,#14546,#14547);
#12321=AXIS2_PLACEMENT_3D('',#18019,#14548,#14549);
#12322=AXIS2_PLACEMENT_3D('',#18023,#14551,#14552);
#12323=AXIS2_PLACEMENT_3D('',#18024,#14553,#14554);
#12324=AXIS2_PLACEMENT_3D('',#18030,#14558,#14559);
#12325=AXIS2_PLACEMENT_3D('',#18031,#14560,#14561);
#12326=AXIS2_PLACEMENT_3D('',#18035,#14563,#14564);
#12327=AXIS2_PLACEMENT_3D('',#18036,#14565,#14566);
#12328=AXIS2_PLACEMENT_3D('',#18042,#14570,#14571);
#12329=AXIS2_PLACEMENT_3D('',#18043,#14572,#14573);
#12330=AXIS2_PLACEMENT_3D('',#18047,#14575,#14576);
#12331=AXIS2_PLACEMENT_3D('',#18048,#14577,#14578);
#12332=AXIS2_PLACEMENT_3D('',#18049,#14579,#14580);
#12333=AXIS2_PLACEMENT_3D('',#18054,#14582,#14583);
#12334=AXIS2_PLACEMENT_3D('',#18057,#14585,#14586);
#12335=AXIS2_PLACEMENT_3D('',#18063,#14590,#14591);
#12336=AXIS2_PLACEMENT_3D('',#18064,#14592,#14593);
#12337=AXIS2_PLACEMENT_3D('',#18068,#14595,#14596);
#12338=AXIS2_PLACEMENT_3D('',#18069,#14597,#14598);
#12339=AXIS2_PLACEMENT_3D('',#18075,#14602,#14603);
#12340=AXIS2_PLACEMENT_3D('',#18076,#14604,#14605);
#12341=AXIS2_PLACEMENT_3D('',#18080,#14607,#14608);
#12342=AXIS2_PLACEMENT_3D('',#18081,#14609,#14610);
#12343=AXIS2_PLACEMENT_3D('',#18087,#14614,#14615);
#12344=AXIS2_PLACEMENT_3D('',#18088,#14616,#14617);
#12345=AXIS2_PLACEMENT_3D('',#18092,#14619,#14620);
#12346=AXIS2_PLACEMENT_3D('',#18093,#14621,#14622);
#12347=AXIS2_PLACEMENT_3D('',#18094,#14623,#14624);
#12348=AXIS2_PLACEMENT_3D('',#18099,#14626,#14627);
#12349=AXIS2_PLACEMENT_3D('',#18102,#14629,#14630);
#12350=AXIS2_PLACEMENT_3D('',#18108,#14634,#14635);
#12351=AXIS2_PLACEMENT_3D('',#18109,#14636,#14637);
#12352=AXIS2_PLACEMENT_3D('',#18113,#14639,#14640);
#12353=AXIS2_PLACEMENT_3D('',#18114,#14641,#14642);
#12354=AXIS2_PLACEMENT_3D('',#18120,#14646,#14647);
#12355=AXIS2_PLACEMENT_3D('',#18121,#14648,#14649);
#12356=AXIS2_PLACEMENT_3D('',#18125,#14651,#14652);
#12357=AXIS2_PLACEMENT_3D('',#18126,#14653,#14654);
#12358=AXIS2_PLACEMENT_3D('',#18132,#14658,#14659);
#12359=AXIS2_PLACEMENT_3D('',#18133,#14660,#14661);
#12360=AXIS2_PLACEMENT_3D('',#18137,#14663,#14664);
#12361=AXIS2_PLACEMENT_3D('',#18138,#14665,#14666);
#12362=AXIS2_PLACEMENT_3D('',#18139,#14667,#14668);
#12363=AXIS2_PLACEMENT_3D('',#18144,#14670,#14671);
#12364=AXIS2_PLACEMENT_3D('',#18147,#14673,#14674);
#12365=AXIS2_PLACEMENT_3D('',#18153,#14678,#14679);
#12366=AXIS2_PLACEMENT_3D('',#18154,#14680,#14681);
#12367=AXIS2_PLACEMENT_3D('',#18158,#14683,#14684);
#12368=AXIS2_PLACEMENT_3D('',#18159,#14685,#14686);
#12369=AXIS2_PLACEMENT_3D('',#18165,#14690,#14691);
#12370=AXIS2_PLACEMENT_3D('',#18166,#14692,#14693);
#12371=AXIS2_PLACEMENT_3D('',#18170,#14695,#14696);
#12372=AXIS2_PLACEMENT_3D('',#18171,#14697,#14698);
#12373=AXIS2_PLACEMENT_3D('',#18177,#14702,#14703);
#12374=AXIS2_PLACEMENT_3D('',#18178,#14704,#14705);
#12375=AXIS2_PLACEMENT_3D('',#18182,#14707,#14708);
#12376=AXIS2_PLACEMENT_3D('',#18183,#14709,#14710);
#12377=AXIS2_PLACEMENT_3D('',#18184,#14711,#14712);
#12378=AXIS2_PLACEMENT_3D('',#18189,#14714,#14715);
#12379=AXIS2_PLACEMENT_3D('',#18192,#14717,#14718);
#12380=AXIS2_PLACEMENT_3D('',#18198,#14722,#14723);
#12381=AXIS2_PLACEMENT_3D('',#18199,#14724,#14725);
#12382=AXIS2_PLACEMENT_3D('',#18203,#14727,#14728);
#12383=AXIS2_PLACEMENT_3D('',#18204,#14729,#14730);
#12384=AXIS2_PLACEMENT_3D('',#18210,#14734,#14735);
#12385=AXIS2_PLACEMENT_3D('',#18211,#14736,#14737);
#12386=AXIS2_PLACEMENT_3D('',#18215,#14739,#14740);
#12387=AXIS2_PLACEMENT_3D('',#18216,#14741,#14742);
#12388=AXIS2_PLACEMENT_3D('',#18222,#14746,#14747);
#12389=AXIS2_PLACEMENT_3D('',#18223,#14748,#14749);
#12390=AXIS2_PLACEMENT_3D('',#18227,#14751,#14752);
#12391=AXIS2_PLACEMENT_3D('',#18228,#14753,#14754);
#12392=AXIS2_PLACEMENT_3D('',#18229,#14755,#14756);
#12393=AXIS2_PLACEMENT_3D('',#18234,#14758,#14759);
#12394=AXIS2_PLACEMENT_3D('',#18237,#14761,#14762);
#12395=AXIS2_PLACEMENT_3D('',#18243,#14766,#14767);
#12396=AXIS2_PLACEMENT_3D('',#18244,#14768,#14769);
#12397=AXIS2_PLACEMENT_3D('',#18248,#14771,#14772);
#12398=AXIS2_PLACEMENT_3D('',#18249,#14773,#14774);
#12399=AXIS2_PLACEMENT_3D('',#18255,#14778,#14779);
#12400=AXIS2_PLACEMENT_3D('',#18256,#14780,#14781);
#12401=AXIS2_PLACEMENT_3D('',#18260,#14783,#14784);
#12402=AXIS2_PLACEMENT_3D('',#18261,#14785,#14786);
#12403=AXIS2_PLACEMENT_3D('',#18267,#14790,#14791);
#12404=AXIS2_PLACEMENT_3D('',#18268,#14792,#14793);
#12405=AXIS2_PLACEMENT_3D('',#18272,#14795,#14796);
#12406=AXIS2_PLACEMENT_3D('',#18273,#14797,#14798);
#12407=AXIS2_PLACEMENT_3D('',#18274,#14799,#14800);
#12408=AXIS2_PLACEMENT_3D('',#18279,#14802,#14803);
#12409=AXIS2_PLACEMENT_3D('',#18282,#14805,#14806);
#12410=AXIS2_PLACEMENT_3D('',#18288,#14810,#14811);
#12411=AXIS2_PLACEMENT_3D('',#18289,#14812,#14813);
#12412=AXIS2_PLACEMENT_3D('',#18293,#14815,#14816);
#12413=AXIS2_PLACEMENT_3D('',#18294,#14817,#14818);
#12414=AXIS2_PLACEMENT_3D('',#18300,#14822,#14823);
#12415=AXIS2_PLACEMENT_3D('',#18301,#14824,#14825);
#12416=AXIS2_PLACEMENT_3D('',#18305,#14827,#14828);
#12417=AXIS2_PLACEMENT_3D('',#18306,#14829,#14830);
#12418=AXIS2_PLACEMENT_3D('',#18312,#14834,#14835);
#12419=AXIS2_PLACEMENT_3D('',#18313,#14836,#14837);
#12420=AXIS2_PLACEMENT_3D('',#18317,#14839,#14840);
#12421=AXIS2_PLACEMENT_3D('',#18318,#14841,#14842);
#12422=AXIS2_PLACEMENT_3D('',#18319,#14843,#14844);
#12423=AXIS2_PLACEMENT_3D('',#18324,#14846,#14847);
#12424=AXIS2_PLACEMENT_3D('',#18327,#14849,#14850);
#12425=AXIS2_PLACEMENT_3D('',#18333,#14854,#14855);
#12426=AXIS2_PLACEMENT_3D('',#18334,#14856,#14857);
#12427=AXIS2_PLACEMENT_3D('',#18338,#14859,#14860);
#12428=AXIS2_PLACEMENT_3D('',#18339,#14861,#14862);
#12429=AXIS2_PLACEMENT_3D('',#18345,#14866,#14867);
#12430=AXIS2_PLACEMENT_3D('',#18346,#14868,#14869);
#12431=AXIS2_PLACEMENT_3D('',#18350,#14871,#14872);
#12432=AXIS2_PLACEMENT_3D('',#18351,#14873,#14874);
#12433=AXIS2_PLACEMENT_3D('',#18357,#14878,#14879);
#12434=AXIS2_PLACEMENT_3D('',#18358,#14880,#14881);
#12435=AXIS2_PLACEMENT_3D('',#18362,#14883,#14884);
#12436=AXIS2_PLACEMENT_3D('',#18363,#14885,#14886);
#12437=AXIS2_PLACEMENT_3D('',#18364,#14887,#14888);
#12438=AXIS2_PLACEMENT_3D('',#18369,#14890,#14891);
#12439=AXIS2_PLACEMENT_3D('',#18372,#14893,#14894);
#12440=AXIS2_PLACEMENT_3D('',#18378,#14898,#14899);
#12441=AXIS2_PLACEMENT_3D('',#18379,#14900,#14901);
#12442=AXIS2_PLACEMENT_3D('',#18383,#14903,#14904);
#12443=AXIS2_PLACEMENT_3D('',#18384,#14905,#14906);
#12444=AXIS2_PLACEMENT_3D('',#18390,#14910,#14911);
#12445=AXIS2_PLACEMENT_3D('',#18391,#14912,#14913);
#12446=AXIS2_PLACEMENT_3D('',#18395,#14915,#14916);
#12447=AXIS2_PLACEMENT_3D('',#18396,#14917,#14918);
#12448=AXIS2_PLACEMENT_3D('',#18402,#14922,#14923);
#12449=AXIS2_PLACEMENT_3D('',#18403,#14924,#14925);
#12450=AXIS2_PLACEMENT_3D('',#18407,#14927,#14928);
#12451=AXIS2_PLACEMENT_3D('',#18408,#14929,#14930);
#12452=AXIS2_PLACEMENT_3D('',#18409,#14931,#14932);
#12453=AXIS2_PLACEMENT_3D('',#18414,#14934,#14935);
#12454=AXIS2_PLACEMENT_3D('',#18417,#14937,#14938);
#12455=AXIS2_PLACEMENT_3D('',#18423,#14942,#14943);
#12456=AXIS2_PLACEMENT_3D('',#18424,#14944,#14945);
#12457=AXIS2_PLACEMENT_3D('',#18428,#14947,#14948);
#12458=AXIS2_PLACEMENT_3D('',#18429,#14949,#14950);
#12459=AXIS2_PLACEMENT_3D('',#18435,#14954,#14955);
#12460=AXIS2_PLACEMENT_3D('',#18436,#14956,#14957);
#12461=AXIS2_PLACEMENT_3D('',#18440,#14959,#14960);
#12462=AXIS2_PLACEMENT_3D('',#18441,#14961,#14962);
#12463=AXIS2_PLACEMENT_3D('',#18447,#14966,#14967);
#12464=AXIS2_PLACEMENT_3D('',#18448,#14968,#14969);
#12465=AXIS2_PLACEMENT_3D('',#18452,#14971,#14972);
#12466=AXIS2_PLACEMENT_3D('',#18453,#14973,#14974);
#12467=AXIS2_PLACEMENT_3D('',#18454,#14975,#14976);
#12468=AXIS2_PLACEMENT_3D('',#18459,#14978,#14979);
#12469=AXIS2_PLACEMENT_3D('',#18462,#14981,#14982);
#12470=AXIS2_PLACEMENT_3D('',#18468,#14986,#14987);
#12471=AXIS2_PLACEMENT_3D('',#18469,#14988,#14989);
#12472=AXIS2_PLACEMENT_3D('',#18473,#14991,#14992);
#12473=AXIS2_PLACEMENT_3D('',#18474,#14993,#14994);
#12474=AXIS2_PLACEMENT_3D('',#18480,#14998,#14999);
#12475=AXIS2_PLACEMENT_3D('',#18481,#15000,#15001);
#12476=AXIS2_PLACEMENT_3D('',#18485,#15003,#15004);
#12477=AXIS2_PLACEMENT_3D('',#18486,#15005,#15006);
#12478=AXIS2_PLACEMENT_3D('',#18492,#15010,#15011);
#12479=AXIS2_PLACEMENT_3D('',#18493,#15012,#15013);
#12480=AXIS2_PLACEMENT_3D('',#18497,#15015,#15016);
#12481=AXIS2_PLACEMENT_3D('',#18498,#15017,#15018);
#12482=AXIS2_PLACEMENT_3D('',#18499,#15019,#15020);
#12483=AXIS2_PLACEMENT_3D('',#18504,#15022,#15023);
#12484=AXIS2_PLACEMENT_3D('',#18507,#15025,#15026);
#12485=AXIS2_PLACEMENT_3D('',#18513,#15030,#15031);
#12486=AXIS2_PLACEMENT_3D('',#18514,#15032,#15033);
#12487=AXIS2_PLACEMENT_3D('',#18518,#15035,#15036);
#12488=AXIS2_PLACEMENT_3D('',#18519,#15037,#15038);
#12489=AXIS2_PLACEMENT_3D('',#18525,#15042,#15043);
#12490=AXIS2_PLACEMENT_3D('',#18526,#15044,#15045);
#12491=AXIS2_PLACEMENT_3D('',#18530,#15047,#15048);
#12492=AXIS2_PLACEMENT_3D('',#18531,#15049,#15050);
#12493=AXIS2_PLACEMENT_3D('',#18537,#15054,#15055);
#12494=AXIS2_PLACEMENT_3D('',#18538,#15056,#15057);
#12495=AXIS2_PLACEMENT_3D('',#18542,#15059,#15060);
#12496=AXIS2_PLACEMENT_3D('',#18543,#15061,#15062);
#12497=AXIS2_PLACEMENT_3D('',#18544,#15063,#15064);
#12498=AXIS2_PLACEMENT_3D('',#18549,#15066,#15067);
#12499=AXIS2_PLACEMENT_3D('',#18552,#15069,#15070);
#12500=AXIS2_PLACEMENT_3D('',#18558,#15074,#15075);
#12501=AXIS2_PLACEMENT_3D('',#18559,#15076,#15077);
#12502=AXIS2_PLACEMENT_3D('',#18563,#15079,#15080);
#12503=AXIS2_PLACEMENT_3D('',#18564,#15081,#15082);
#12504=AXIS2_PLACEMENT_3D('',#18570,#15086,#15087);
#12505=AXIS2_PLACEMENT_3D('',#18571,#15088,#15089);
#12506=AXIS2_PLACEMENT_3D('',#18575,#15091,#15092);
#12507=AXIS2_PLACEMENT_3D('',#18576,#15093,#15094);
#12508=AXIS2_PLACEMENT_3D('',#18582,#15098,#15099);
#12509=AXIS2_PLACEMENT_3D('',#18583,#15100,#15101);
#12510=AXIS2_PLACEMENT_3D('',#18587,#15103,#15104);
#12511=AXIS2_PLACEMENT_3D('',#18588,#15105,#15106);
#12512=AXIS2_PLACEMENT_3D('',#18589,#15107,#15108);
#12513=AXIS2_PLACEMENT_3D('',#18594,#15110,#15111);
#12514=AXIS2_PLACEMENT_3D('',#18597,#15113,#15114);
#12515=AXIS2_PLACEMENT_3D('',#18603,#15118,#15119);
#12516=AXIS2_PLACEMENT_3D('',#18604,#15120,#15121);
#12517=AXIS2_PLACEMENT_3D('',#18608,#15123,#15124);
#12518=AXIS2_PLACEMENT_3D('',#18609,#15125,#15126);
#12519=AXIS2_PLACEMENT_3D('',#18615,#15130,#15131);
#12520=AXIS2_PLACEMENT_3D('',#18616,#15132,#15133);
#12521=AXIS2_PLACEMENT_3D('',#18620,#15135,#15136);
#12522=AXIS2_PLACEMENT_3D('',#18621,#15137,#15138);
#12523=AXIS2_PLACEMENT_3D('',#18627,#15142,#15143);
#12524=AXIS2_PLACEMENT_3D('',#18628,#15144,#15145);
#12525=AXIS2_PLACEMENT_3D('',#18632,#15147,#15148);
#12526=AXIS2_PLACEMENT_3D('',#18633,#15149,#15150);
#12527=AXIS2_PLACEMENT_3D('',#18634,#15151,#15152);
#12528=AXIS2_PLACEMENT_3D('',#18639,#15154,#15155);
#12529=AXIS2_PLACEMENT_3D('',#18642,#15157,#15158);
#12530=AXIS2_PLACEMENT_3D('',#18648,#15162,#15163);
#12531=AXIS2_PLACEMENT_3D('',#18649,#15164,#15165);
#12532=AXIS2_PLACEMENT_3D('',#18653,#15167,#15168);
#12533=AXIS2_PLACEMENT_3D('',#18654,#15169,#15170);
#12534=AXIS2_PLACEMENT_3D('',#18660,#15174,#15175);
#12535=AXIS2_PLACEMENT_3D('',#18661,#15176,#15177);
#12536=AXIS2_PLACEMENT_3D('',#18665,#15179,#15180);
#12537=AXIS2_PLACEMENT_3D('',#18666,#15181,#15182);
#12538=AXIS2_PLACEMENT_3D('',#18672,#15186,#15187);
#12539=AXIS2_PLACEMENT_3D('',#18673,#15188,#15189);
#12540=AXIS2_PLACEMENT_3D('',#18677,#15191,#15192);
#12541=AXIS2_PLACEMENT_3D('',#18678,#15193,#15194);
#12542=AXIS2_PLACEMENT_3D('',#18679,#15195,#15196);
#12543=AXIS2_PLACEMENT_3D('',#18684,#15198,#15199);
#12544=AXIS2_PLACEMENT_3D('',#18687,#15201,#15202);
#12545=AXIS2_PLACEMENT_3D('',#18693,#15206,#15207);
#12546=AXIS2_PLACEMENT_3D('',#18694,#15208,#15209);
#12547=AXIS2_PLACEMENT_3D('',#18698,#15211,#15212);
#12548=AXIS2_PLACEMENT_3D('',#18699,#15213,#15214);
#12549=AXIS2_PLACEMENT_3D('',#18705,#15218,#15219);
#12550=AXIS2_PLACEMENT_3D('',#18706,#15220,#15221);
#12551=AXIS2_PLACEMENT_3D('',#18710,#15223,#15224);
#12552=AXIS2_PLACEMENT_3D('',#18711,#15225,#15226);
#12553=AXIS2_PLACEMENT_3D('',#18717,#15230,#15231);
#12554=AXIS2_PLACEMENT_3D('',#18718,#15232,#15233);
#12555=AXIS2_PLACEMENT_3D('',#18722,#15235,#15236);
#12556=AXIS2_PLACEMENT_3D('',#18723,#15237,#15238);
#12557=AXIS2_PLACEMENT_3D('',#18724,#15239,#15240);
#12558=AXIS2_PLACEMENT_3D('',#18729,#15242,#15243);
#12559=AXIS2_PLACEMENT_3D('',#18732,#15245,#15246);
#12560=AXIS2_PLACEMENT_3D('',#18738,#15250,#15251);
#12561=AXIS2_PLACEMENT_3D('',#18739,#15252,#15253);
#12562=AXIS2_PLACEMENT_3D('',#18743,#15255,#15256);
#12563=AXIS2_PLACEMENT_3D('',#18744,#15257,#15258);
#12564=AXIS2_PLACEMENT_3D('',#18750,#15262,#15263);
#12565=AXIS2_PLACEMENT_3D('',#18751,#15264,#15265);
#12566=AXIS2_PLACEMENT_3D('',#18755,#15267,#15268);
#12567=AXIS2_PLACEMENT_3D('',#18756,#15269,#15270);
#12568=AXIS2_PLACEMENT_3D('',#18762,#15274,#15275);
#12569=AXIS2_PLACEMENT_3D('',#18763,#15276,#15277);
#12570=AXIS2_PLACEMENT_3D('',#18767,#15279,#15280);
#12571=AXIS2_PLACEMENT_3D('',#18768,#15281,#15282);
#12572=AXIS2_PLACEMENT_3D('',#18769,#15283,#15284);
#12573=AXIS2_PLACEMENT_3D('',#18774,#15286,#15287);
#12574=AXIS2_PLACEMENT_3D('',#18777,#15289,#15290);
#12575=AXIS2_PLACEMENT_3D('',#18783,#15294,#15295);
#12576=AXIS2_PLACEMENT_3D('',#18784,#15296,#15297);
#12577=AXIS2_PLACEMENT_3D('',#18788,#15299,#15300);
#12578=AXIS2_PLACEMENT_3D('',#18789,#15301,#15302);
#12579=AXIS2_PLACEMENT_3D('',#18795,#15306,#15307);
#12580=AXIS2_PLACEMENT_3D('',#18796,#15308,#15309);
#12581=AXIS2_PLACEMENT_3D('',#18800,#15311,#15312);
#12582=AXIS2_PLACEMENT_3D('',#18801,#15313,#15314);
#12583=AXIS2_PLACEMENT_3D('',#18807,#15318,#15319);
#12584=AXIS2_PLACEMENT_3D('',#18808,#15320,#15321);
#12585=AXIS2_PLACEMENT_3D('',#18812,#15323,#15324);
#12586=AXIS2_PLACEMENT_3D('',#18813,#15325,#15326);
#12587=AXIS2_PLACEMENT_3D('',#18814,#15327,#15328);
#12588=AXIS2_PLACEMENT_3D('',#18819,#15330,#15331);
#12589=AXIS2_PLACEMENT_3D('',#18822,#15333,#15334);
#12590=AXIS2_PLACEMENT_3D('',#18828,#15338,#15339);
#12591=AXIS2_PLACEMENT_3D('',#18829,#15340,#15341);
#12592=AXIS2_PLACEMENT_3D('',#18833,#15343,#15344);
#12593=AXIS2_PLACEMENT_3D('',#18834,#15345,#15346);
#12594=AXIS2_PLACEMENT_3D('',#18840,#15350,#15351);
#12595=AXIS2_PLACEMENT_3D('',#18841,#15352,#15353);
#12596=AXIS2_PLACEMENT_3D('',#18845,#15355,#15356);
#12597=AXIS2_PLACEMENT_3D('',#18846,#15357,#15358);
#12598=AXIS2_PLACEMENT_3D('',#18852,#15362,#15363);
#12599=AXIS2_PLACEMENT_3D('',#18853,#15364,#15365);
#12600=AXIS2_PLACEMENT_3D('',#18857,#15367,#15368);
#12601=AXIS2_PLACEMENT_3D('',#18858,#15369,#15370);
#12602=AXIS2_PLACEMENT_3D('',#18859,#15371,#15372);
#12603=AXIS2_PLACEMENT_3D('',#18864,#15374,#15375);
#12604=AXIS2_PLACEMENT_3D('',#18867,#15377,#15378);
#12605=AXIS2_PLACEMENT_3D('',#18873,#15382,#15383);
#12606=AXIS2_PLACEMENT_3D('',#18874,#15384,#15385);
#12607=AXIS2_PLACEMENT_3D('',#18878,#15387,#15388);
#12608=AXIS2_PLACEMENT_3D('',#18879,#15389,#15390);
#12609=AXIS2_PLACEMENT_3D('',#18885,#15394,#15395);
#12610=AXIS2_PLACEMENT_3D('',#18886,#15396,#15397);
#12611=AXIS2_PLACEMENT_3D('',#18890,#15399,#15400);
#12612=AXIS2_PLACEMENT_3D('',#18891,#15401,#15402);
#12613=AXIS2_PLACEMENT_3D('',#18897,#15406,#15407);
#12614=AXIS2_PLACEMENT_3D('',#18898,#15408,#15409);
#12615=AXIS2_PLACEMENT_3D('',#18902,#15411,#15412);
#12616=AXIS2_PLACEMENT_3D('',#18903,#15413,#15414);
#12617=AXIS2_PLACEMENT_3D('',#18904,#15415,#15416);
#12618=AXIS2_PLACEMENT_3D('',#18909,#15418,#15419);
#12619=AXIS2_PLACEMENT_3D('',#18912,#15421,#15422);
#12620=AXIS2_PLACEMENT_3D('',#18918,#15426,#15427);
#12621=AXIS2_PLACEMENT_3D('',#18919,#15428,#15429);
#12622=AXIS2_PLACEMENT_3D('',#18923,#15431,#15432);
#12623=AXIS2_PLACEMENT_3D('',#18924,#15433,#15434);
#12624=AXIS2_PLACEMENT_3D('',#18930,#15438,#15439);
#12625=AXIS2_PLACEMENT_3D('',#18931,#15440,#15441);
#12626=AXIS2_PLACEMENT_3D('',#18935,#15443,#15444);
#12627=AXIS2_PLACEMENT_3D('',#18936,#15445,#15446);
#12628=AXIS2_PLACEMENT_3D('',#18942,#15450,#15451);
#12629=AXIS2_PLACEMENT_3D('',#18943,#15452,#15453);
#12630=AXIS2_PLACEMENT_3D('',#18947,#15455,#15456);
#12631=AXIS2_PLACEMENT_3D('',#18948,#15457,#15458);
#12632=AXIS2_PLACEMENT_3D('',#18949,#15459,#15460);
#12633=AXIS2_PLACEMENT_3D('',#18954,#15462,#15463);
#12634=AXIS2_PLACEMENT_3D('',#18957,#15465,#15466);
#12635=AXIS2_PLACEMENT_3D('',#18963,#15470,#15471);
#12636=AXIS2_PLACEMENT_3D('',#18964,#15472,#15473);
#12637=AXIS2_PLACEMENT_3D('',#18968,#15475,#15476);
#12638=AXIS2_PLACEMENT_3D('',#18969,#15477,#15478);
#12639=AXIS2_PLACEMENT_3D('',#18975,#15482,#15483);
#12640=AXIS2_PLACEMENT_3D('',#18976,#15484,#15485);
#12641=AXIS2_PLACEMENT_3D('',#18980,#15487,#15488);
#12642=AXIS2_PLACEMENT_3D('',#18981,#15489,#15490);
#12643=AXIS2_PLACEMENT_3D('',#18987,#15494,#15495);
#12644=AXIS2_PLACEMENT_3D('',#18988,#15496,#15497);
#12645=AXIS2_PLACEMENT_3D('',#18992,#15499,#15500);
#12646=AXIS2_PLACEMENT_3D('',#18993,#15501,#15502);
#12647=AXIS2_PLACEMENT_3D('',#18994,#15503,#15504);
#12648=AXIS2_PLACEMENT_3D('',#18999,#15506,#15507);
#12649=AXIS2_PLACEMENT_3D('',#19002,#15509,#15510);
#12650=AXIS2_PLACEMENT_3D('',#19008,#15514,#15515);
#12651=AXIS2_PLACEMENT_3D('',#19009,#15516,#15517);
#12652=AXIS2_PLACEMENT_3D('',#19013,#15519,#15520);
#12653=AXIS2_PLACEMENT_3D('',#19014,#15521,#15522);
#12654=AXIS2_PLACEMENT_3D('',#19020,#15526,#15527);
#12655=AXIS2_PLACEMENT_3D('',#19021,#15528,#15529);
#12656=AXIS2_PLACEMENT_3D('',#19025,#15531,#15532);
#12657=AXIS2_PLACEMENT_3D('',#19026,#15533,#15534);
#12658=AXIS2_PLACEMENT_3D('',#19032,#15538,#15539);
#12659=AXIS2_PLACEMENT_3D('',#19033,#15540,#15541);
#12660=AXIS2_PLACEMENT_3D('',#19037,#15543,#15544);
#12661=AXIS2_PLACEMENT_3D('',#19038,#15545,#15546);
#12662=AXIS2_PLACEMENT_3D('',#19039,#15547,#15548);
#12663=AXIS2_PLACEMENT_3D('',#19044,#15550,#15551);
#12664=AXIS2_PLACEMENT_3D('',#19047,#15553,#15554);
#12665=AXIS2_PLACEMENT_3D('',#19053,#15558,#15559);
#12666=AXIS2_PLACEMENT_3D('',#19054,#15560,#15561);
#12667=AXIS2_PLACEMENT_3D('',#19058,#15563,#15564);
#12668=AXIS2_PLACEMENT_3D('',#19059,#15565,#15566);
#12669=AXIS2_PLACEMENT_3D('',#19065,#15570,#15571);
#12670=AXIS2_PLACEMENT_3D('',#19066,#15572,#15573);
#12671=AXIS2_PLACEMENT_3D('',#19070,#15575,#15576);
#12672=AXIS2_PLACEMENT_3D('',#19071,#15577,#15578);
#12673=AXIS2_PLACEMENT_3D('',#19077,#15582,#15583);
#12674=AXIS2_PLACEMENT_3D('',#19078,#15584,#15585);
#12675=AXIS2_PLACEMENT_3D('',#19082,#15587,#15588);
#12676=AXIS2_PLACEMENT_3D('',#19083,#15589,#15590);
#12677=AXIS2_PLACEMENT_3D('',#19084,#15591,#15592);
#12678=AXIS2_PLACEMENT_3D('',#19089,#15594,#15595);
#12679=AXIS2_PLACEMENT_3D('',#19092,#15597,#15598);
#12680=AXIS2_PLACEMENT_3D('',#19098,#15602,#15603);
#12681=AXIS2_PLACEMENT_3D('',#19099,#15604,#15605);
#12682=AXIS2_PLACEMENT_3D('',#19103,#15607,#15608);
#12683=AXIS2_PLACEMENT_3D('',#19104,#15609,#15610);
#12684=AXIS2_PLACEMENT_3D('',#19110,#15614,#15615);
#12685=AXIS2_PLACEMENT_3D('',#19111,#15616,#15617);
#12686=AXIS2_PLACEMENT_3D('',#19115,#15619,#15620);
#12687=AXIS2_PLACEMENT_3D('',#19116,#15621,#15622);
#12688=AXIS2_PLACEMENT_3D('',#19122,#15626,#15627);
#12689=AXIS2_PLACEMENT_3D('',#19123,#15628,#15629);
#12690=AXIS2_PLACEMENT_3D('',#19127,#15631,#15632);
#12691=AXIS2_PLACEMENT_3D('',#19128,#15633,#15634);
#12692=AXIS2_PLACEMENT_3D('',#19129,#15635,#15636);
#12693=AXIS2_PLACEMENT_3D('',#19134,#15638,#15639);
#12694=AXIS2_PLACEMENT_3D('',#19137,#15641,#15642);
#12695=AXIS2_PLACEMENT_3D('',#19143,#15646,#15647);
#12696=AXIS2_PLACEMENT_3D('',#19144,#15648,#15649);
#12697=AXIS2_PLACEMENT_3D('',#19148,#15651,#15652);
#12698=AXIS2_PLACEMENT_3D('',#19149,#15653,#15654);
#12699=AXIS2_PLACEMENT_3D('',#19155,#15658,#15659);
#12700=AXIS2_PLACEMENT_3D('',#19156,#15660,#15661);
#12701=AXIS2_PLACEMENT_3D('',#19160,#15663,#15664);
#12702=AXIS2_PLACEMENT_3D('',#19161,#15665,#15666);
#12703=AXIS2_PLACEMENT_3D('',#19167,#15670,#15671);
#12704=AXIS2_PLACEMENT_3D('',#19168,#15672,#15673);
#12705=AXIS2_PLACEMENT_3D('',#19172,#15675,#15676);
#12706=AXIS2_PLACEMENT_3D('',#19173,#15677,#15678);
#12707=AXIS2_PLACEMENT_3D('',#19174,#15679,#15680);
#12708=AXIS2_PLACEMENT_3D('',#19179,#15682,#15683);
#12709=AXIS2_PLACEMENT_3D('',#19182,#15685,#15686);
#12710=AXIS2_PLACEMENT_3D('',#19188,#15690,#15691);
#12711=AXIS2_PLACEMENT_3D('',#19189,#15692,#15693);
#12712=AXIS2_PLACEMENT_3D('',#19193,#15695,#15696);
#12713=AXIS2_PLACEMENT_3D('',#19194,#15697,#15698);
#12714=AXIS2_PLACEMENT_3D('',#19200,#15702,#15703);
#12715=AXIS2_PLACEMENT_3D('',#19201,#15704,#15705);
#12716=AXIS2_PLACEMENT_3D('',#19205,#15707,#15708);
#12717=AXIS2_PLACEMENT_3D('',#19206,#15709,#15710);
#12718=AXIS2_PLACEMENT_3D('',#19212,#15714,#15715);
#12719=AXIS2_PLACEMENT_3D('',#19213,#15716,#15717);
#12720=AXIS2_PLACEMENT_3D('',#19217,#15719,#15720);
#12721=AXIS2_PLACEMENT_3D('',#19218,#15721,#15722);
#12722=AXIS2_PLACEMENT_3D('',#19219,#15723,#15724);
#12723=AXIS2_PLACEMENT_3D('',#19224,#15726,#15727);
#12724=AXIS2_PLACEMENT_3D('',#19227,#15729,#15730);
#12725=AXIS2_PLACEMENT_3D('',#19233,#15734,#15735);
#12726=AXIS2_PLACEMENT_3D('',#19234,#15736,#15737);
#12727=AXIS2_PLACEMENT_3D('',#19238,#15739,#15740);
#12728=AXIS2_PLACEMENT_3D('',#19239,#15741,#15742);
#12729=AXIS2_PLACEMENT_3D('',#19245,#15746,#15747);
#12730=AXIS2_PLACEMENT_3D('',#19246,#15748,#15749);
#12731=AXIS2_PLACEMENT_3D('',#19250,#15751,#15752);
#12732=AXIS2_PLACEMENT_3D('',#19251,#15753,#15754);
#12733=AXIS2_PLACEMENT_3D('',#19257,#15758,#15759);
#12734=AXIS2_PLACEMENT_3D('',#19258,#15760,#15761);
#12735=AXIS2_PLACEMENT_3D('',#19262,#15763,#15764);
#12736=AXIS2_PLACEMENT_3D('',#19263,#15765,#15766);
#12737=AXIS2_PLACEMENT_3D('',#19264,#15767,#15768);
#12738=AXIS2_PLACEMENT_3D('',#19269,#15770,#15771);
#12739=AXIS2_PLACEMENT_3D('',#19272,#15773,#15774);
#12740=AXIS2_PLACEMENT_3D('',#19278,#15778,#15779);
#12741=AXIS2_PLACEMENT_3D('',#19279,#15780,#15781);
#12742=AXIS2_PLACEMENT_3D('',#19283,#15783,#15784);
#12743=AXIS2_PLACEMENT_3D('',#19284,#15785,#15786);
#12744=AXIS2_PLACEMENT_3D('',#19290,#15790,#15791);
#12745=AXIS2_PLACEMENT_3D('',#19291,#15792,#15793);
#12746=AXIS2_PLACEMENT_3D('',#19295,#15795,#15796);
#12747=AXIS2_PLACEMENT_3D('',#19296,#15797,#15798);
#12748=AXIS2_PLACEMENT_3D('',#19302,#15802,#15803);
#12749=AXIS2_PLACEMENT_3D('',#19303,#15804,#15805);
#12750=AXIS2_PLACEMENT_3D('',#19307,#15807,#15808);
#12751=AXIS2_PLACEMENT_3D('',#19308,#15809,#15810);
#12752=AXIS2_PLACEMENT_3D('',#19309,#15811,#15812);
#12753=AXIS2_PLACEMENT_3D('',#19314,#15814,#15815);
#12754=AXIS2_PLACEMENT_3D('',#19317,#15817,#15818);
#12755=AXIS2_PLACEMENT_3D('',#19323,#15822,#15823);
#12756=AXIS2_PLACEMENT_3D('',#19324,#15824,#15825);
#12757=AXIS2_PLACEMENT_3D('',#19328,#15827,#15828);
#12758=AXIS2_PLACEMENT_3D('',#19329,#15829,#15830);
#12759=AXIS2_PLACEMENT_3D('',#19335,#15834,#15835);
#12760=AXIS2_PLACEMENT_3D('',#19336,#15836,#15837);
#12761=AXIS2_PLACEMENT_3D('',#19340,#15839,#15840);
#12762=AXIS2_PLACEMENT_3D('',#19341,#15841,#15842);
#12763=AXIS2_PLACEMENT_3D('',#19347,#15846,#15847);
#12764=AXIS2_PLACEMENT_3D('',#19348,#15848,#15849);
#12765=AXIS2_PLACEMENT_3D('',#19352,#15851,#15852);
#12766=AXIS2_PLACEMENT_3D('',#19353,#15853,#15854);
#12767=AXIS2_PLACEMENT_3D('',#19354,#15855,#15856);
#12768=AXIS2_PLACEMENT_3D('',#19359,#15858,#15859);
#12769=AXIS2_PLACEMENT_3D('',#19362,#15861,#15862);
#12770=AXIS2_PLACEMENT_3D('',#19368,#15866,#15867);
#12771=AXIS2_PLACEMENT_3D('',#19369,#15868,#15869);
#12772=AXIS2_PLACEMENT_3D('',#19373,#15871,#15872);
#12773=AXIS2_PLACEMENT_3D('',#19374,#15873,#15874);
#12774=AXIS2_PLACEMENT_3D('',#19380,#15878,#15879);
#12775=AXIS2_PLACEMENT_3D('',#19381,#15880,#15881);
#12776=AXIS2_PLACEMENT_3D('',#19385,#15883,#15884);
#12777=AXIS2_PLACEMENT_3D('',#19386,#15885,#15886);
#12778=AXIS2_PLACEMENT_3D('',#19392,#15890,#15891);
#12779=AXIS2_PLACEMENT_3D('',#19393,#15892,#15893);
#12780=AXIS2_PLACEMENT_3D('',#19397,#15895,#15896);
#12781=AXIS2_PLACEMENT_3D('',#19398,#15897,#15898);
#12782=AXIS2_PLACEMENT_3D('',#19399,#15899,#15900);
#12783=AXIS2_PLACEMENT_3D('',#19404,#15902,#15903);
#12784=AXIS2_PLACEMENT_3D('',#19407,#15905,#15906);
#12785=AXIS2_PLACEMENT_3D('',#19413,#15910,#15911);
#12786=AXIS2_PLACEMENT_3D('',#19414,#15912,#15913);
#12787=AXIS2_PLACEMENT_3D('',#19418,#15915,#15916);
#12788=AXIS2_PLACEMENT_3D('',#19419,#15917,#15918);
#12789=AXIS2_PLACEMENT_3D('',#19425,#15922,#15923);
#12790=AXIS2_PLACEMENT_3D('',#19426,#15924,#15925);
#12791=AXIS2_PLACEMENT_3D('',#19430,#15927,#15928);
#12792=AXIS2_PLACEMENT_3D('',#19431,#15929,#15930);
#12793=AXIS2_PLACEMENT_3D('',#19437,#15934,#15935);
#12794=AXIS2_PLACEMENT_3D('',#19438,#15936,#15937);
#12795=AXIS2_PLACEMENT_3D('',#19442,#15939,#15940);
#12796=AXIS2_PLACEMENT_3D('',#19443,#15941,#15942);
#12797=AXIS2_PLACEMENT_3D('',#19444,#15943,#15944);
#12798=AXIS2_PLACEMENT_3D('',#19449,#15946,#15947);
#12799=AXIS2_PLACEMENT_3D('',#19452,#15949,#15950);
#12800=AXIS2_PLACEMENT_3D('',#19458,#15954,#15955);
#12801=AXIS2_PLACEMENT_3D('',#19459,#15956,#15957);
#12802=AXIS2_PLACEMENT_3D('',#19463,#15959,#15960);
#12803=AXIS2_PLACEMENT_3D('',#19464,#15961,#15962);
#12804=AXIS2_PLACEMENT_3D('',#19470,#15966,#15967);
#12805=AXIS2_PLACEMENT_3D('',#19471,#15968,#15969);
#12806=AXIS2_PLACEMENT_3D('',#19475,#15971,#15972);
#12807=AXIS2_PLACEMENT_3D('',#19476,#15973,#15974);
#12808=AXIS2_PLACEMENT_3D('',#19482,#15978,#15979);
#12809=AXIS2_PLACEMENT_3D('',#19483,#15980,#15981);
#12810=AXIS2_PLACEMENT_3D('',#19487,#15983,#15984);
#12811=AXIS2_PLACEMENT_3D('',#19488,#15985,#15986);
#12812=AXIS2_PLACEMENT_3D('',#19489,#15987,#15988);
#12813=AXIS2_PLACEMENT_3D('',#19494,#15990,#15991);
#12814=AXIS2_PLACEMENT_3D('',#19497,#15993,#15994);
#12815=AXIS2_PLACEMENT_3D('',#19503,#15998,#15999);
#12816=AXIS2_PLACEMENT_3D('',#19504,#16000,#16001);
#12817=AXIS2_PLACEMENT_3D('',#19508,#16003,#16004);
#12818=AXIS2_PLACEMENT_3D('',#19509,#16005,#16006);
#12819=AXIS2_PLACEMENT_3D('',#19515,#16010,#16011);
#12820=AXIS2_PLACEMENT_3D('',#19516,#16012,#16013);
#12821=AXIS2_PLACEMENT_3D('',#19520,#16015,#16016);
#12822=AXIS2_PLACEMENT_3D('',#19521,#16017,#16018);
#12823=AXIS2_PLACEMENT_3D('',#19527,#16022,#16023);
#12824=AXIS2_PLACEMENT_3D('',#19528,#16024,#16025);
#12825=AXIS2_PLACEMENT_3D('',#19532,#16027,#16028);
#12826=AXIS2_PLACEMENT_3D('',#19533,#16029,#16030);
#12827=AXIS2_PLACEMENT_3D('',#19536,#16033,#16034);
#12828=AXIS2_PLACEMENT_3D('',#19539,#16037,#16038);
#12829=AXIS2_PLACEMENT_3D('',#19542,#16041,#16042);
#12830=AXIS2_PLACEMENT_3D('',#19545,#16045,#16046);
#12831=AXIS2_PLACEMENT_3D('',#19548,#16049,#16050);
#12832=AXIS2_PLACEMENT_3D('',#19551,#16053,#16054);
#12833=AXIS2_PLACEMENT_3D('',#19554,#16057,#16058);
#12834=AXIS2_PLACEMENT_3D('',#19557,#16061,#16062);
#12835=AXIS2_PLACEMENT_3D('',#19560,#16065,#16066);
#12836=AXIS2_PLACEMENT_3D('',#19563,#16069,#16070);
#12837=AXIS2_PLACEMENT_3D('',#19566,#16073,#16074);
#12838=AXIS2_PLACEMENT_3D('',#19569,#16077,#16078);
#12839=AXIS2_PLACEMENT_3D('',#19572,#16081,#16082);
#12840=AXIS2_PLACEMENT_3D('',#19575,#16085,#16086);
#12841=AXIS2_PLACEMENT_3D('',#19578,#16089,#16090);
#12842=AXIS2_PLACEMENT_3D('',#19581,#16093,#16094);
#12843=AXIS2_PLACEMENT_3D('',#19584,#16097,#16098);
#12844=AXIS2_PLACEMENT_3D('',#19587,#16101,#16102);
#12845=AXIS2_PLACEMENT_3D('',#19590,#16105,#16106);
#12846=AXIS2_PLACEMENT_3D('',#19593,#16109,#16110);
#12847=AXIS2_PLACEMENT_3D('',#19596,#16113,#16114);
#12848=AXIS2_PLACEMENT_3D('',#19599,#16117,#16118);
#12849=AXIS2_PLACEMENT_3D('',#19602,#16121,#16122);
#12850=AXIS2_PLACEMENT_3D('',#19605,#16125,#16126);
#12851=AXIS2_PLACEMENT_3D('',#19608,#16129,#16130);
#12852=AXIS2_PLACEMENT_3D('',#19611,#16133,#16134);
#12853=AXIS2_PLACEMENT_3D('',#19614,#16137,#16138);
#12854=AXIS2_PLACEMENT_3D('',#19617,#16141,#16142);
#12855=AXIS2_PLACEMENT_3D('',#19620,#16145,#16146);
#12856=AXIS2_PLACEMENT_3D('',#19623,#16149,#16150);
#12857=AXIS2_PLACEMENT_3D('',#19626,#16153,#16154);
#12858=AXIS2_PLACEMENT_3D('',#19629,#16157,#16158);
#12859=AXIS2_PLACEMENT_3D('',#19632,#16161,#16162);
#12860=AXIS2_PLACEMENT_3D('',#19635,#16165,#16166);
#12861=AXIS2_PLACEMENT_3D('',#19638,#16169,#16170);
#12862=AXIS2_PLACEMENT_3D('',#19641,#16173,#16174);
#12863=AXIS2_PLACEMENT_3D('',#19644,#16177,#16178);
#12864=AXIS2_PLACEMENT_3D('',#19647,#16181,#16182);
#12865=AXIS2_PLACEMENT_3D('',#19650,#16185,#16186);
#12866=AXIS2_PLACEMENT_3D('',#19653,#16189,#16190);
#12867=AXIS2_PLACEMENT_3D('',#19656,#16193,#16194);
#12868=AXIS2_PLACEMENT_3D('',#19659,#16197,#16198);
#12869=AXIS2_PLACEMENT_3D('',#19662,#16201,#16202);
#12870=AXIS2_PLACEMENT_3D('',#19665,#16205,#16206);
#12871=AXIS2_PLACEMENT_3D('',#19668,#16209,#16210);
#12872=AXIS2_PLACEMENT_3D('',#19671,#16213,#16214);
#12873=AXIS2_PLACEMENT_3D('',#19674,#16217,#16218);
#12874=AXIS2_PLACEMENT_3D('',#19677,#16221,#16222);
#12875=AXIS2_PLACEMENT_3D('',#19680,#16225,#16226);
#12876=AXIS2_PLACEMENT_3D('',#19683,#16229,#16230);
#12877=AXIS2_PLACEMENT_3D('',#19686,#16233,#16234);
#12878=AXIS2_PLACEMENT_3D('',#19689,#16237,#16238);
#12879=AXIS2_PLACEMENT_3D('',#19692,#16241,#16242);
#12880=AXIS2_PLACEMENT_3D('',#19695,#16245,#16246);
#12881=AXIS2_PLACEMENT_3D('',#19698,#16249,#16250);
#12882=AXIS2_PLACEMENT_3D('',#19701,#16253,#16254);
#12883=AXIS2_PLACEMENT_3D('',#19704,#16257,#16258);
#12884=AXIS2_PLACEMENT_3D('',#19707,#16261,#16262);
#12885=AXIS2_PLACEMENT_3D('',#19710,#16265,#16266);
#12886=AXIS2_PLACEMENT_3D('',#19713,#16269,#16270);
#12887=AXIS2_PLACEMENT_3D('',#19716,#16273,#16274);
#12888=AXIS2_PLACEMENT_3D('',#19719,#16277,#16278);
#12889=AXIS2_PLACEMENT_3D('',#19722,#16281,#16282);
#12890=AXIS2_PLACEMENT_3D('',#19725,#16285,#16286);
#12891=AXIS2_PLACEMENT_3D('',#19728,#16289,#16290);
#12892=AXIS2_PLACEMENT_3D('',#19731,#16293,#16294);
#12893=AXIS2_PLACEMENT_3D('',#19734,#16297,#16298);
#12894=AXIS2_PLACEMENT_3D('',#19737,#16301,#16302);
#12895=AXIS2_PLACEMENT_3D('',#19740,#16305,#16306);
#12896=AXIS2_PLACEMENT_3D('',#19743,#16309,#16310);
#12897=AXIS2_PLACEMENT_3D('',#19746,#16313,#16314);
#12898=AXIS2_PLACEMENT_3D('',#19755,#16319,#16320);
#12899=AXIS2_PLACEMENT_3D('',#19764,#16325,#16326);
#12900=AXIS2_PLACEMENT_3D('',#19767,#16329,#16330);
#12901=AXIS2_PLACEMENT_3D('',#19769,#16332,#16333);
#12902=AXIS2_PLACEMENT_3D('',#19771,#16335,#16336);
#12903=DIRECTION('',(0.,0.,1.));
#12904=DIRECTION('',(1.,0.,0.));
#12905=DIRECTION('',(0.,0.,-1.));
#12906=DIRECTION('',(-1.,0.,0.));
#12907=DIRECTION('',(0.,0.,1.));
#12908=DIRECTION('',(1.,0.,0.));
#12909=DIRECTION('',(0.,0.,-1.));
#12910=DIRECTION('',(0.,0.,1.));
#12911=DIRECTION('',(1.,0.,0.));
#12912=DIRECTION('',(0.,0.,-1.));
#12913=DIRECTION('',(0.,1.,0.));
#12914=DIRECTION('',(0.,0.,1.));
#12915=DIRECTION('',(1.,0.,0.));
#12916=DIRECTION('',(0.,0.,-1.));
#12917=DIRECTION('',(1.,0.,0.));
#12918=DIRECTION('',(0.,0.,-1.));
#12919=DIRECTION('',(-1.,0.,0.));
#12920=DIRECTION('',(0.,0.,1.));
#12921=DIRECTION('',(1.,0.,0.));
#12922=DIRECTION('',(0.,0.,-1.));
#12923=DIRECTION('',(0.,0.,1.));
#12924=DIRECTION('',(1.,0.,0.));
#12925=DIRECTION('',(1.,0.,0.));
#12926=DIRECTION('',(0.,0.,-1.));
#12927=DIRECTION('',(0.,-1.,0.));
#12928=DIRECTION('',(0.,0.,-1.));
#12929=DIRECTION('',(0.,-1.,0.));
#12930=DIRECTION('',(0.,0.,-1.));
#12931=DIRECTION('',(-1.,0.,0.));
#12932=DIRECTION('',(0.,0.,1.));
#12933=DIRECTION('',(1.,0.,0.));
#12934=DIRECTION('',(0.,0.,-1.));
#12935=DIRECTION('',(0.,0.,1.));
#12936=DIRECTION('',(1.,0.,0.));
#12937=DIRECTION('',(0.,1.,0.));
#12938=DIRECTION('',(0.,0.,1.));
#12939=DIRECTION('',(1.,0.,0.));
#12940=DIRECTION('',(0.,0.,-1.));
#12941=DIRECTION('',(1.,0.,0.));
#12942=DIRECTION('',(0.,0.,-1.));
#12943=DIRECTION('',(-1.,0.,0.));
#12944=DIRECTION('',(0.,0.,1.));
#12945=DIRECTION('',(1.,0.,0.));
#12946=DIRECTION('',(0.,0.,-1.));
#12947=DIRECTION('',(0.,0.,1.));
#12948=DIRECTION('',(1.,0.,0.));
#12949=DIRECTION('',(0.,0.,-1.));
#12950=DIRECTION('',(-1.,0.,0.));
#12951=DIRECTION('',(0.,0.,1.));
#12952=DIRECTION('',(1.,0.,0.));
#12953=DIRECTION('',(0.,0.,-1.));
#12954=DIRECTION('',(0.,0.,1.));
#12955=DIRECTION('',(1.,0.,0.));
#12956=DIRECTION('',(0.,0.,-1.));
#12957=DIRECTION('',(0.,1.,0.));
#12958=DIRECTION('',(0.,0.,1.));
#12959=DIRECTION('',(1.,0.,0.));
#12960=DIRECTION('',(0.,0.,-1.));
#12961=DIRECTION('',(1.,0.,0.));
#12962=DIRECTION('',(0.,0.,-1.));
#12963=DIRECTION('',(-1.,0.,0.));
#12964=DIRECTION('',(0.,0.,1.));
#12965=DIRECTION('',(1.,0.,0.));
#12966=DIRECTION('',(0.,0.,-1.));
#12967=DIRECTION('',(0.,0.,1.));
#12968=DIRECTION('',(1.,0.,0.));
#12969=DIRECTION('',(1.,0.,0.));
#12970=DIRECTION('',(0.,0.,-1.));
#12971=DIRECTION('',(0.,-1.,0.));
#12972=DIRECTION('',(0.,0.,-1.));
#12973=DIRECTION('',(0.,-1.,0.));
#12974=DIRECTION('',(0.,0.,-1.));
#12975=DIRECTION('',(-1.,0.,0.));
#12976=DIRECTION('',(0.,0.,1.));
#12977=DIRECTION('',(1.,0.,0.));
#12978=DIRECTION('',(0.,0.,-1.));
#12979=DIRECTION('',(0.,0.,1.));
#12980=DIRECTION('',(1.,0.,0.));
#12981=DIRECTION('',(0.,1.,0.));
#12982=DIRECTION('',(0.,0.,1.));
#12983=DIRECTION('',(1.,0.,0.));
#12984=DIRECTION('',(0.,0.,-1.));
#12985=DIRECTION('',(1.,0.,0.));
#12986=DIRECTION('',(0.,0.,-1.));
#12987=DIRECTION('',(-1.,0.,0.));
#12988=DIRECTION('',(0.,0.,1.));
#12989=DIRECTION('',(1.,0.,0.));
#12990=DIRECTION('',(0.,0.,-1.));
#12991=DIRECTION('',(0.,0.,1.));
#12992=DIRECTION('',(1.,0.,0.));
#12993=DIRECTION('',(0.,0.,-1.));
#12994=DIRECTION('',(-1.,0.,0.));
#12995=DIRECTION('',(0.,0.,1.));
#12996=DIRECTION('',(1.,0.,0.));
#12997=DIRECTION('',(0.,0.,-1.));
#12998=DIRECTION('',(0.,0.,1.));
#12999=DIRECTION('',(1.,0.,0.));
#13000=DIRECTION('',(0.,0.,-1.));
#13001=DIRECTION('',(0.,1.,0.));
#13002=DIRECTION('',(0.,0.,1.));
#13003=DIRECTION('',(1.,0.,0.));
#13004=DIRECTION('',(0.,0.,-1.));
#13005=DIRECTION('',(1.,0.,0.));
#13006=DIRECTION('',(0.,0.,-1.));
#13007=DIRECTION('',(-1.,0.,0.));
#13008=DIRECTION('',(0.,0.,1.));
#13009=DIRECTION('',(1.,0.,0.));
#13010=DIRECTION('',(0.,0.,-1.));
#13011=DIRECTION('',(0.,0.,1.));
#13012=DIRECTION('',(1.,0.,0.));
#13013=DIRECTION('',(1.,0.,0.));
#13014=DIRECTION('',(0.,0.,-1.));
#13015=DIRECTION('',(0.,-1.,0.));
#13016=DIRECTION('',(0.,0.,-1.));
#13017=DIRECTION('',(0.,-1.,0.));
#13018=DIRECTION('',(0.,0.,-1.));
#13019=DIRECTION('',(-1.,0.,0.));
#13020=DIRECTION('',(0.,0.,1.));
#13021=DIRECTION('',(1.,0.,0.));
#13022=DIRECTION('',(0.,0.,-1.));
#13023=DIRECTION('',(0.,0.,1.));
#13024=DIRECTION('',(1.,0.,0.));
#13025=DIRECTION('',(0.,1.,0.));
#13026=DIRECTION('',(0.,0.,1.));
#13027=DIRECTION('',(1.,0.,0.));
#13028=DIRECTION('',(0.,0.,-1.));
#13029=DIRECTION('',(1.,0.,0.));
#13030=DIRECTION('',(0.,0.,-1.));
#13031=DIRECTION('',(-1.,0.,0.));
#13032=DIRECTION('',(0.,0.,1.));
#13033=DIRECTION('',(1.,0.,0.));
#13034=DIRECTION('',(0.,0.,-1.));
#13035=DIRECTION('',(0.,0.,1.));
#13036=DIRECTION('',(1.,0.,0.));
#13037=DIRECTION('',(0.,0.,-1.));
#13038=DIRECTION('',(-1.,0.,0.));
#13039=DIRECTION('',(0.,0.,1.));
#13040=DIRECTION('',(1.,0.,0.));
#13041=DIRECTION('',(0.,0.,-1.));
#13042=DIRECTION('',(0.,0.,1.));
#13043=DIRECTION('',(1.,0.,0.));
#13044=DIRECTION('',(0.,0.,-1.));
#13045=DIRECTION('',(0.,1.,0.));
#13046=DIRECTION('',(0.,0.,1.));
#13047=DIRECTION('',(1.,0.,0.));
#13048=DIRECTION('',(0.,0.,-1.));
#13049=DIRECTION('',(1.,0.,0.));
#13050=DIRECTION('',(0.,0.,-1.));
#13051=DIRECTION('',(-1.,0.,0.));
#13052=DIRECTION('',(0.,0.,1.));
#13053=DIRECTION('',(1.,0.,0.));
#13054=DIRECTION('',(0.,0.,-1.));
#13055=DIRECTION('',(0.,0.,1.));
#13056=DIRECTION('',(1.,0.,0.));
#13057=DIRECTION('',(1.,0.,0.));
#13058=DIRECTION('',(0.,0.,-1.));
#13059=DIRECTION('',(0.,-1.,0.));
#13060=DIRECTION('',(0.,0.,-1.));
#13061=DIRECTION('',(0.,-1.,0.));
#13062=DIRECTION('',(0.,0.,-1.));
#13063=DIRECTION('',(-1.,0.,0.));
#13064=DIRECTION('',(0.,0.,1.));
#13065=DIRECTION('',(1.,0.,0.));
#13066=DIRECTION('',(0.,0.,-1.));
#13067=DIRECTION('',(0.,0.,1.));
#13068=DIRECTION('',(1.,0.,0.));
#13069=DIRECTION('',(0.,1.,0.));
#13070=DIRECTION('',(0.,0.,1.));
#13071=DIRECTION('',(1.,0.,0.));
#13072=DIRECTION('',(0.,0.,-1.));
#13073=DIRECTION('',(1.,0.,0.));
#13074=DIRECTION('',(0.,0.,-1.));
#13075=DIRECTION('',(-1.,0.,0.));
#13076=DIRECTION('',(0.,0.,1.));
#13077=DIRECTION('',(1.,0.,0.));
#13078=DIRECTION('',(0.,0.,-1.));
#13079=DIRECTION('',(0.,0.,1.));
#13080=DIRECTION('',(1.,0.,0.));
#13081=DIRECTION('',(0.,0.,-1.));
#13082=DIRECTION('',(-1.,0.,0.));
#13083=DIRECTION('',(0.,0.,1.));
#13084=DIRECTION('',(1.,0.,0.));
#13085=DIRECTION('',(0.,0.,-1.));
#13086=DIRECTION('',(0.,0.,1.));
#13087=DIRECTION('',(1.,0.,0.));
#13088=DIRECTION('',(0.,0.,-1.));
#13089=DIRECTION('',(0.,1.,0.));
#13090=DIRECTION('',(0.,0.,1.));
#13091=DIRECTION('',(1.,0.,0.));
#13092=DIRECTION('',(0.,0.,-1.));
#13093=DIRECTION('',(1.,0.,0.));
#13094=DIRECTION('',(0.,0.,-1.));
#13095=DIRECTION('',(-1.,0.,0.));
#13096=DIRECTION('',(0.,0.,1.));
#13097=DIRECTION('',(1.,0.,0.));
#13098=DIRECTION('',(0.,0.,-1.));
#13099=DIRECTION('',(0.,0.,1.));
#13100=DIRECTION('',(1.,0.,0.));
#13101=DIRECTION('',(1.,0.,0.));
#13102=DIRECTION('',(0.,0.,-1.));
#13103=DIRECTION('',(0.,-1.,0.));
#13104=DIRECTION('',(0.,0.,-1.));
#13105=DIRECTION('',(0.,-1.,0.));
#13106=DIRECTION('',(0.,0.,-1.));
#13107=DIRECTION('',(-1.,0.,0.));
#13108=DIRECTION('',(0.,0.,1.));
#13109=DIRECTION('',(1.,0.,0.));
#13110=DIRECTION('',(0.,0.,-1.));
#13111=DIRECTION('',(0.,0.,1.));
#13112=DIRECTION('',(1.,0.,0.));
#13113=DIRECTION('',(0.,1.,0.));
#13114=DIRECTION('',(0.,0.,1.));
#13115=DIRECTION('',(1.,0.,0.));
#13116=DIRECTION('',(0.,0.,-1.));
#13117=DIRECTION('',(1.,0.,0.));
#13118=DIRECTION('',(0.,0.,-1.));
#13119=DIRECTION('',(-1.,0.,0.));
#13120=DIRECTION('',(0.,0.,1.));
#13121=DIRECTION('',(1.,0.,0.));
#13122=DIRECTION('',(0.,0.,-1.));
#13123=DIRECTION('',(0.,0.,1.));
#13124=DIRECTION('',(1.,0.,0.));
#13125=DIRECTION('',(0.,0.,-1.));
#13126=DIRECTION('',(-1.,0.,0.));
#13127=DIRECTION('',(0.,0.,1.));
#13128=DIRECTION('',(1.,0.,0.));
#13129=DIRECTION('',(0.,0.,-1.));
#13130=DIRECTION('',(0.,0.,1.));
#13131=DIRECTION('',(1.,0.,0.));
#13132=DIRECTION('',(0.,0.,-1.));
#13133=DIRECTION('',(0.,1.,0.));
#13134=DIRECTION('',(0.,0.,1.));
#13135=DIRECTION('',(1.,0.,0.));
#13136=DIRECTION('',(0.,0.,-1.));
#13137=DIRECTION('',(1.,0.,0.));
#13138=DIRECTION('',(0.,0.,-1.));
#13139=DIRECTION('',(-1.,0.,0.));
#13140=DIRECTION('',(0.,0.,1.));
#13141=DIRECTION('',(1.,0.,0.));
#13142=DIRECTION('',(0.,0.,-1.));
#13143=DIRECTION('',(0.,0.,1.));
#13144=DIRECTION('',(1.,0.,0.));
#13145=DIRECTION('',(1.,0.,0.));
#13146=DIRECTION('',(0.,0.,-1.));
#13147=DIRECTION('',(0.,-1.,0.));
#13148=DIRECTION('',(0.,0.,-1.));
#13149=DIRECTION('',(0.,-1.,0.));
#13150=DIRECTION('',(0.,0.,-1.));
#13151=DIRECTION('',(-1.,0.,0.));
#13152=DIRECTION('',(0.,0.,1.));
#13153=DIRECTION('',(1.,0.,0.));
#13154=DIRECTION('',(0.,0.,-1.));
#13155=DIRECTION('',(0.,0.,1.));
#13156=DIRECTION('',(1.,0.,0.));
#13157=DIRECTION('',(0.,1.,0.));
#13158=DIRECTION('',(0.,0.,1.));
#13159=DIRECTION('',(1.,0.,0.));
#13160=DIRECTION('',(0.,0.,-1.));
#13161=DIRECTION('',(1.,0.,0.));
#13162=DIRECTION('',(0.,0.,-1.));
#13163=DIRECTION('',(-1.,0.,0.));
#13164=DIRECTION('',(0.,0.,1.));
#13165=DIRECTION('',(1.,0.,0.));
#13166=DIRECTION('',(0.,0.,-1.));
#13167=DIRECTION('',(0.,0.,1.));
#13168=DIRECTION('',(1.,0.,0.));
#13169=DIRECTION('',(0.,0.,-1.));
#13170=DIRECTION('',(-1.,0.,0.));
#13171=DIRECTION('',(0.,0.,1.));
#13172=DIRECTION('',(1.,0.,0.));
#13173=DIRECTION('',(0.,0.,-1.));
#13174=DIRECTION('',(0.,0.,1.));
#13175=DIRECTION('',(1.,0.,0.));
#13176=DIRECTION('',(0.,0.,-1.));
#13177=DIRECTION('',(0.,1.,0.));
#13178=DIRECTION('',(0.,0.,1.));
#13179=DIRECTION('',(1.,0.,0.));
#13180=DIRECTION('',(0.,0.,-1.));
#13181=DIRECTION('',(1.,0.,0.));
#13182=DIRECTION('',(0.,0.,-1.));
#13183=DIRECTION('',(-1.,0.,0.));
#13184=DIRECTION('',(0.,0.,1.));
#13185=DIRECTION('',(1.,0.,0.));
#13186=DIRECTION('',(0.,0.,-1.));
#13187=DIRECTION('',(0.,0.,1.));
#13188=DIRECTION('',(1.,0.,0.));
#13189=DIRECTION('',(1.,0.,0.));
#13190=DIRECTION('',(0.,0.,-1.));
#13191=DIRECTION('',(0.,-1.,0.));
#13192=DIRECTION('',(0.,0.,-1.));
#13193=DIRECTION('',(0.,-1.,0.));
#13194=DIRECTION('',(0.,0.,-1.));
#13195=DIRECTION('',(-1.,0.,0.));
#13196=DIRECTION('',(0.,0.,1.));
#13197=DIRECTION('',(1.,0.,0.));
#13198=DIRECTION('',(0.,0.,-1.));
#13199=DIRECTION('',(0.,0.,1.));
#13200=DIRECTION('',(1.,0.,0.));
#13201=DIRECTION('',(0.,1.,0.));
#13202=DIRECTION('',(0.,0.,1.));
#13203=DIRECTION('',(1.,0.,0.));
#13204=DIRECTION('',(0.,0.,-1.));
#13205=DIRECTION('',(1.,0.,0.));
#13206=DIRECTION('',(0.,0.,-1.));
#13207=DIRECTION('',(-1.,0.,0.));
#13208=DIRECTION('',(0.,0.,1.));
#13209=DIRECTION('',(1.,0.,0.));
#13210=DIRECTION('',(0.,0.,-1.));
#13211=DIRECTION('',(0.,0.,1.));
#13212=DIRECTION('',(1.,0.,0.));
#13213=DIRECTION('',(0.,0.,-1.));
#13214=DIRECTION('',(-1.,0.,0.));
#13215=DIRECTION('',(0.,0.,1.));
#13216=DIRECTION('',(1.,0.,0.));
#13217=DIRECTION('',(0.,0.,-1.));
#13218=DIRECTION('',(0.,0.,1.));
#13219=DIRECTION('',(1.,0.,0.));
#13220=DIRECTION('',(0.,0.,-1.));
#13221=DIRECTION('',(0.,1.,0.));
#13222=DIRECTION('',(0.,0.,1.));
#13223=DIRECTION('',(1.,0.,0.));
#13224=DIRECTION('',(0.,0.,-1.));
#13225=DIRECTION('',(1.,0.,0.));
#13226=DIRECTION('',(0.,0.,-1.));
#13227=DIRECTION('',(-1.,0.,0.));
#13228=DIRECTION('',(0.,0.,1.));
#13229=DIRECTION('',(1.,0.,0.));
#13230=DIRECTION('',(0.,0.,-1.));
#13231=DIRECTION('',(0.,0.,1.));
#13232=DIRECTION('',(1.,0.,0.));
#13233=DIRECTION('',(1.,0.,0.));
#13234=DIRECTION('',(0.,0.,-1.));
#13235=DIRECTION('',(0.,-1.,0.));
#13236=DIRECTION('',(0.,0.,-1.));
#13237=DIRECTION('',(0.,-1.,0.));
#13238=DIRECTION('',(0.,0.,-1.));
#13239=DIRECTION('',(-1.,0.,0.));
#13240=DIRECTION('',(0.,0.,1.));
#13241=DIRECTION('',(1.,0.,0.));
#13242=DIRECTION('',(0.,0.,-1.));
#13243=DIRECTION('',(0.,0.,1.));
#13244=DIRECTION('',(1.,0.,0.));
#13245=DIRECTION('',(0.,1.,0.));
#13246=DIRECTION('',(0.,0.,1.));
#13247=DIRECTION('',(1.,0.,0.));
#13248=DIRECTION('',(0.,0.,-1.));
#13249=DIRECTION('',(1.,0.,0.));
#13250=DIRECTION('',(0.,0.,-1.));
#13251=DIRECTION('',(-1.,0.,0.));
#13252=DIRECTION('',(0.,0.,1.));
#13253=DIRECTION('',(1.,0.,0.));
#13254=DIRECTION('',(0.,0.,-1.));
#13255=DIRECTION('',(0.,0.,1.));
#13256=DIRECTION('',(1.,0.,0.));
#13257=DIRECTION('',(0.,0.,-1.));
#13258=DIRECTION('',(-1.,0.,0.));
#13259=DIRECTION('',(0.,0.,1.));
#13260=DIRECTION('',(1.,0.,0.));
#13261=DIRECTION('',(0.,0.,-1.));
#13262=DIRECTION('',(0.,0.,1.));
#13263=DIRECTION('',(1.,0.,0.));
#13264=DIRECTION('',(0.,0.,-1.));
#13265=DIRECTION('',(0.,1.,0.));
#13266=DIRECTION('',(0.,0.,1.));
#13267=DIRECTION('',(1.,0.,0.));
#13268=DIRECTION('',(0.,0.,-1.));
#13269=DIRECTION('',(1.,0.,0.));
#13270=DIRECTION('',(0.,0.,-1.));
#13271=DIRECTION('',(-1.,0.,0.));
#13272=DIRECTION('',(0.,0.,1.));
#13273=DIRECTION('',(1.,0.,0.));
#13274=DIRECTION('',(0.,0.,-1.));
#13275=DIRECTION('',(0.,0.,1.));
#13276=DIRECTION('',(1.,0.,0.));
#13277=DIRECTION('',(1.,0.,0.));
#13278=DIRECTION('',(0.,0.,-1.));
#13279=DIRECTION('',(0.,-1.,0.));
#13280=DIRECTION('',(0.,0.,-1.));
#13281=DIRECTION('',(0.,-1.,0.));
#13282=DIRECTION('',(0.,0.,-1.));
#13283=DIRECTION('',(-1.,0.,0.));
#13284=DIRECTION('',(0.,0.,1.));
#13285=DIRECTION('',(1.,0.,0.));
#13286=DIRECTION('',(0.,0.,-1.));
#13287=DIRECTION('',(0.,0.,1.));
#13288=DIRECTION('',(1.,0.,0.));
#13289=DIRECTION('',(0.,1.,0.));
#13290=DIRECTION('',(0.,0.,1.));
#13291=DIRECTION('',(1.,0.,0.));
#13292=DIRECTION('',(0.,0.,-1.));
#13293=DIRECTION('',(1.,0.,0.));
#13294=DIRECTION('',(0.,0.,-1.));
#13295=DIRECTION('',(-1.,0.,0.));
#13296=DIRECTION('',(0.,0.,1.));
#13297=DIRECTION('',(1.,0.,0.));
#13298=DIRECTION('',(0.,0.,-1.));
#13299=DIRECTION('',(0.,0.,1.));
#13300=DIRECTION('',(1.,0.,0.));
#13301=DIRECTION('',(0.,0.,-1.));
#13302=DIRECTION('',(-1.,0.,0.));
#13303=DIRECTION('',(0.,0.,1.));
#13304=DIRECTION('',(1.,0.,0.));
#13305=DIRECTION('',(0.,0.,-1.));
#13306=DIRECTION('',(0.,0.,1.));
#13307=DIRECTION('',(1.,0.,0.));
#13308=DIRECTION('',(0.,0.,-1.));
#13309=DIRECTION('',(0.,1.,0.));
#13310=DIRECTION('',(0.,0.,1.));
#13311=DIRECTION('',(1.,0.,0.));
#13312=DIRECTION('',(0.,0.,-1.));
#13313=DIRECTION('',(1.,0.,0.));
#13314=DIRECTION('',(0.,0.,-1.));
#13315=DIRECTION('',(-1.,0.,0.));
#13316=DIRECTION('',(0.,0.,1.));
#13317=DIRECTION('',(1.,0.,0.));
#13318=DIRECTION('',(0.,0.,-1.));
#13319=DIRECTION('',(0.,0.,1.));
#13320=DIRECTION('',(1.,0.,0.));
#13321=DIRECTION('',(1.,0.,0.));
#13322=DIRECTION('',(0.,0.,-1.));
#13323=DIRECTION('',(0.,-1.,0.));
#13324=DIRECTION('',(0.,0.,-1.));
#13325=DIRECTION('',(0.,-1.,0.));
#13326=DIRECTION('',(0.,0.,-1.));
#13327=DIRECTION('',(-1.,0.,0.));
#13328=DIRECTION('',(0.,0.,1.));
#13329=DIRECTION('',(1.,0.,0.));
#13330=DIRECTION('',(0.,0.,-1.));
#13331=DIRECTION('',(0.,0.,1.));
#13332=DIRECTION('',(1.,0.,0.));
#13333=DIRECTION('',(0.,1.,0.));
#13334=DIRECTION('',(0.,0.,1.));
#13335=DIRECTION('',(1.,0.,0.));
#13336=DIRECTION('',(0.,0.,-1.));
#13337=DIRECTION('',(1.,0.,0.));
#13338=DIRECTION('',(0.,0.,-1.));
#13339=DIRECTION('',(-1.,0.,0.));
#13340=DIRECTION('',(0.,0.,1.));
#13341=DIRECTION('',(1.,0.,0.));
#13342=DIRECTION('',(0.,0.,-1.));
#13343=DIRECTION('',(0.,0.,1.));
#13344=DIRECTION('',(1.,0.,0.));
#13345=DIRECTION('',(0.,0.,-1.));
#13346=DIRECTION('',(-1.,0.,0.));
#13347=DIRECTION('',(0.,0.,1.));
#13348=DIRECTION('',(1.,0.,0.));
#13349=DIRECTION('',(0.,0.,-1.));
#13350=DIRECTION('',(0.,0.,1.));
#13351=DIRECTION('',(1.,0.,0.));
#13352=DIRECTION('',(0.,0.,-1.));
#13353=DIRECTION('',(0.,1.,0.));
#13354=DIRECTION('',(0.,0.,1.));
#13355=DIRECTION('',(1.,0.,0.));
#13356=DIRECTION('',(0.,0.,-1.));
#13357=DIRECTION('',(1.,0.,0.));
#13358=DIRECTION('',(0.,0.,-1.));
#13359=DIRECTION('',(-1.,0.,0.));
#13360=DIRECTION('',(0.,0.,1.));
#13361=DIRECTION('',(1.,0.,0.));
#13362=DIRECTION('',(0.,0.,-1.));
#13363=DIRECTION('',(0.,0.,1.));
#13364=DIRECTION('',(1.,0.,0.));
#13365=DIRECTION('',(1.,0.,0.));
#13366=DIRECTION('',(0.,0.,-1.));
#13367=DIRECTION('',(0.,-1.,0.));
#13368=DIRECTION('',(0.,0.,-1.));
#13369=DIRECTION('',(0.,-1.,0.));
#13370=DIRECTION('',(0.,0.,-1.));
#13371=DIRECTION('',(-1.,0.,0.));
#13372=DIRECTION('',(0.,0.,1.));
#13373=DIRECTION('',(1.,0.,0.));
#13374=DIRECTION('',(0.,0.,-1.));
#13375=DIRECTION('',(0.,0.,1.));
#13376=DIRECTION('',(1.,0.,0.));
#13377=DIRECTION('',(0.,1.,0.));
#13378=DIRECTION('',(0.,0.,1.));
#13379=DIRECTION('',(1.,0.,0.));
#13380=DIRECTION('',(0.,0.,-1.));
#13381=DIRECTION('',(1.,0.,0.));
#13382=DIRECTION('',(0.,0.,-1.));
#13383=DIRECTION('',(-1.,0.,0.));
#13384=DIRECTION('',(0.,0.,1.));
#13385=DIRECTION('',(1.,0.,0.));
#13386=DIRECTION('',(0.,0.,-1.));
#13387=DIRECTION('',(0.,0.,1.));
#13388=DIRECTION('',(1.,0.,0.));
#13389=DIRECTION('',(0.,0.,-1.));
#13390=DIRECTION('',(-1.,0.,0.));
#13391=DIRECTION('',(0.,0.,1.));
#13392=DIRECTION('',(1.,0.,0.));
#13393=DIRECTION('',(0.,0.,-1.));
#13394=DIRECTION('',(0.,0.,1.));
#13395=DIRECTION('',(1.,0.,0.));
#13396=DIRECTION('',(0.,0.,-1.));
#13397=DIRECTION('',(0.,1.,0.));
#13398=DIRECTION('',(0.,0.,1.));
#13399=DIRECTION('',(1.,0.,0.));
#13400=DIRECTION('',(0.,0.,-1.));
#13401=DIRECTION('',(1.,0.,0.));
#13402=DIRECTION('',(0.,0.,-1.));
#13403=DIRECTION('',(-1.,0.,0.));
#13404=DIRECTION('',(0.,0.,1.));
#13405=DIRECTION('',(1.,0.,0.));
#13406=DIRECTION('',(0.,0.,-1.));
#13407=DIRECTION('',(0.,0.,1.));
#13408=DIRECTION('',(1.,0.,0.));
#13409=DIRECTION('',(1.,0.,0.));
#13410=DIRECTION('',(0.,0.,-1.));
#13411=DIRECTION('',(0.,-1.,0.));
#13412=DIRECTION('',(0.,0.,-1.));
#13413=DIRECTION('',(0.,-1.,0.));
#13414=DIRECTION('',(0.,0.,-1.));
#13415=DIRECTION('',(-1.,0.,0.));
#13416=DIRECTION('',(0.,0.,1.));
#13417=DIRECTION('',(1.,0.,0.));
#13418=DIRECTION('',(0.,0.,-1.));
#13419=DIRECTION('',(0.,0.,1.));
#13420=DIRECTION('',(1.,0.,0.));
#13421=DIRECTION('',(0.,1.,0.));
#13422=DIRECTION('',(0.,0.,1.));
#13423=DIRECTION('',(1.,0.,0.));
#13424=DIRECTION('',(0.,0.,-1.));
#13425=DIRECTION('',(1.,0.,0.));
#13426=DIRECTION('',(0.,0.,-1.));
#13427=DIRECTION('',(-1.,0.,0.));
#13428=DIRECTION('',(0.,0.,1.));
#13429=DIRECTION('',(1.,0.,0.));
#13430=DIRECTION('',(0.,0.,-1.));
#13431=DIRECTION('',(0.,0.,1.));
#13432=DIRECTION('',(1.,0.,0.));
#13433=DIRECTION('',(0.,0.,-1.));
#13434=DIRECTION('',(-1.,0.,0.));
#13435=DIRECTION('',(0.,0.,1.));
#13436=DIRECTION('',(1.,0.,0.));
#13437=DIRECTION('',(0.,0.,-1.));
#13438=DIRECTION('',(0.,0.,1.));
#13439=DIRECTION('',(1.,0.,0.));
#13440=DIRECTION('',(0.,0.,-1.));
#13441=DIRECTION('',(0.,1.,0.));
#13442=DIRECTION('',(0.,0.,1.));
#13443=DIRECTION('',(1.,0.,0.));
#13444=DIRECTION('',(0.,0.,-1.));
#13445=DIRECTION('',(1.,0.,0.));
#13446=DIRECTION('',(0.,0.,-1.));
#13447=DIRECTION('',(-1.,0.,0.));
#13448=DIRECTION('',(0.,0.,1.));
#13449=DIRECTION('',(1.,0.,0.));
#13450=DIRECTION('',(0.,0.,-1.));
#13451=DIRECTION('',(0.,0.,1.));
#13452=DIRECTION('',(1.,0.,0.));
#13453=DIRECTION('',(1.,0.,0.));
#13454=DIRECTION('',(0.,0.,-1.));
#13455=DIRECTION('',(0.,-1.,0.));
#13456=DIRECTION('',(0.,0.,-1.));
#13457=DIRECTION('',(0.,-1.,0.));
#13458=DIRECTION('',(0.,0.,-1.));
#13459=DIRECTION('',(-1.,0.,0.));
#13460=DIRECTION('',(0.,0.,1.));
#13461=DIRECTION('',(1.,0.,0.));
#13462=DIRECTION('',(0.,0.,-1.));
#13463=DIRECTION('',(0.,0.,1.));
#13464=DIRECTION('',(1.,0.,0.));
#13465=DIRECTION('',(0.,1.,0.));
#13466=DIRECTION('',(0.,0.,1.));
#13467=DIRECTION('',(1.,0.,0.));
#13468=DIRECTION('',(0.,0.,-1.));
#13469=DIRECTION('',(1.,0.,0.));
#13470=DIRECTION('',(0.,0.,-1.));
#13471=DIRECTION('',(-1.,0.,0.));
#13472=DIRECTION('',(0.,0.,1.));
#13473=DIRECTION('',(1.,0.,0.));
#13474=DIRECTION('',(0.,0.,-1.));
#13475=DIRECTION('',(0.,0.,1.));
#13476=DIRECTION('',(1.,0.,0.));
#13477=DIRECTION('',(0.,0.,-1.));
#13478=DIRECTION('',(-1.,0.,0.));
#13479=DIRECTION('',(0.,0.,1.));
#13480=DIRECTION('',(1.,0.,0.));
#13481=DIRECTION('',(0.,0.,-1.));
#13482=DIRECTION('',(0.,0.,1.));
#13483=DIRECTION('',(1.,0.,0.));
#13484=DIRECTION('',(0.,0.,-1.));
#13485=DIRECTION('',(0.,1.,0.));
#13486=DIRECTION('',(0.,0.,1.));
#13487=DIRECTION('',(1.,0.,0.));
#13488=DIRECTION('',(0.,0.,-1.));
#13489=DIRECTION('',(1.,0.,0.));
#13490=DIRECTION('',(0.,0.,-1.));
#13491=DIRECTION('',(-1.,0.,0.));
#13492=DIRECTION('',(0.,0.,1.));
#13493=DIRECTION('',(1.,0.,0.));
#13494=DIRECTION('',(0.,0.,-1.));
#13495=DIRECTION('',(0.,0.,1.));
#13496=DIRECTION('',(1.,0.,0.));
#13497=DIRECTION('',(1.,0.,0.));
#13498=DIRECTION('',(0.,0.,-1.));
#13499=DIRECTION('',(0.,-1.,0.));
#13500=DIRECTION('',(0.,0.,-1.));
#13501=DIRECTION('',(0.,-1.,0.));
#13502=DIRECTION('',(0.,0.,-1.));
#13503=DIRECTION('',(-1.,0.,0.));
#13504=DIRECTION('',(0.,0.,1.));
#13505=DIRECTION('',(1.,0.,0.));
#13506=DIRECTION('',(0.,0.,-1.));
#13507=DIRECTION('',(0.,0.,1.));
#13508=DIRECTION('',(1.,0.,0.));
#13509=DIRECTION('',(0.,1.,0.));
#13510=DIRECTION('',(0.,0.,1.));
#13511=DIRECTION('',(1.,0.,0.));
#13512=DIRECTION('',(0.,0.,-1.));
#13513=DIRECTION('',(1.,0.,0.));
#13514=DIRECTION('',(0.,0.,-1.));
#13515=DIRECTION('',(-1.,0.,0.));
#13516=DIRECTION('',(0.,0.,1.));
#13517=DIRECTION('',(1.,0.,0.));
#13518=DIRECTION('',(0.,0.,-1.));
#13519=DIRECTION('',(0.,0.,1.));
#13520=DIRECTION('',(1.,0.,0.));
#13521=DIRECTION('',(0.,0.,-1.));
#13522=DIRECTION('',(-1.,0.,0.));
#13523=DIRECTION('',(0.,0.,1.));
#13524=DIRECTION('',(1.,0.,0.));
#13525=DIRECTION('',(0.,0.,-1.));
#13526=DIRECTION('',(0.,0.,1.));
#13527=DIRECTION('',(1.,0.,0.));
#13528=DIRECTION('',(0.,0.,-1.));
#13529=DIRECTION('',(0.,1.,0.));
#13530=DIRECTION('',(0.,0.,1.));
#13531=DIRECTION('',(1.,0.,0.));
#13532=DIRECTION('',(0.,0.,-1.));
#13533=DIRECTION('',(1.,0.,0.));
#13534=DIRECTION('',(0.,0.,-1.));
#13535=DIRECTION('',(-1.,0.,0.));
#13536=DIRECTION('',(0.,0.,1.));
#13537=DIRECTION('',(1.,0.,0.));
#13538=DIRECTION('',(0.,0.,-1.));
#13539=DIRECTION('',(0.,0.,1.));
#13540=DIRECTION('',(1.,0.,0.));
#13541=DIRECTION('',(1.,0.,0.));
#13542=DIRECTION('',(0.,0.,-1.));
#13543=DIRECTION('',(0.,-1.,0.));
#13544=DIRECTION('',(0.,0.,-1.));
#13545=DIRECTION('',(0.,-1.,0.));
#13546=DIRECTION('',(0.,0.,-1.));
#13547=DIRECTION('',(-1.,0.,0.));
#13548=DIRECTION('',(0.,0.,1.));
#13549=DIRECTION('',(1.,0.,0.));
#13550=DIRECTION('',(0.,0.,-1.));
#13551=DIRECTION('',(0.,0.,1.));
#13552=DIRECTION('',(1.,0.,0.));
#13553=DIRECTION('',(0.,1.,0.));
#13554=DIRECTION('',(0.,0.,1.));
#13555=DIRECTION('',(1.,0.,0.));
#13556=DIRECTION('',(0.,0.,-1.));
#13557=DIRECTION('',(1.,0.,0.));
#13558=DIRECTION('',(0.,0.,-1.));
#13559=DIRECTION('',(-1.,0.,0.));
#13560=DIRECTION('',(0.,0.,1.));
#13561=DIRECTION('',(1.,0.,0.));
#13562=DIRECTION('',(0.,0.,-1.));
#13563=DIRECTION('',(0.,0.,1.));
#13564=DIRECTION('',(1.,0.,0.));
#13565=DIRECTION('',(0.,0.,-1.));
#13566=DIRECTION('',(-1.,0.,0.));
#13567=DIRECTION('',(0.,0.,1.));
#13568=DIRECTION('',(1.,0.,0.));
#13569=DIRECTION('',(0.,0.,-1.));
#13570=DIRECTION('',(0.,0.,1.));
#13571=DIRECTION('',(1.,0.,0.));
#13572=DIRECTION('',(0.,0.,-1.));
#13573=DIRECTION('',(0.,1.,0.));
#13574=DIRECTION('',(0.,0.,1.));
#13575=DIRECTION('',(1.,0.,0.));
#13576=DIRECTION('',(0.,0.,-1.));
#13577=DIRECTION('',(1.,0.,0.));
#13578=DIRECTION('',(0.,0.,-1.));
#13579=DIRECTION('',(-1.,0.,0.));
#13580=DIRECTION('',(0.,0.,1.));
#13581=DIRECTION('',(1.,0.,0.));
#13582=DIRECTION('',(0.,0.,-1.));
#13583=DIRECTION('',(0.,0.,1.));
#13584=DIRECTION('',(1.,0.,0.));
#13585=DIRECTION('',(1.,0.,0.));
#13586=DIRECTION('',(0.,0.,-1.));
#13587=DIRECTION('',(0.,-1.,0.));
#13588=DIRECTION('',(0.,0.,-1.));
#13589=DIRECTION('',(0.,-1.,0.));
#13590=DIRECTION('',(0.,0.,-1.));
#13591=DIRECTION('',(-1.,0.,0.));
#13592=DIRECTION('',(0.,0.,1.));
#13593=DIRECTION('',(1.,0.,0.));
#13594=DIRECTION('',(0.,0.,-1.));
#13595=DIRECTION('',(0.,0.,1.));
#13596=DIRECTION('',(1.,0.,0.));
#13597=DIRECTION('',(0.,1.,0.));
#13598=DIRECTION('',(0.,0.,1.));
#13599=DIRECTION('',(1.,0.,0.));
#13600=DIRECTION('',(0.,0.,-1.));
#13601=DIRECTION('',(1.,0.,0.));
#13602=DIRECTION('',(0.,0.,-1.));
#13603=DIRECTION('',(-1.,0.,0.));
#13604=DIRECTION('',(0.,0.,1.));
#13605=DIRECTION('',(1.,0.,0.));
#13606=DIRECTION('',(0.,0.,-1.));
#13607=DIRECTION('',(0.,0.,1.));
#13608=DIRECTION('',(1.,0.,0.));
#13609=DIRECTION('',(0.,0.,-1.));
#13610=DIRECTION('',(-1.,0.,0.));
#13611=DIRECTION('',(0.,0.,1.));
#13612=DIRECTION('',(1.,0.,0.));
#13613=DIRECTION('',(0.,0.,-1.));
#13614=DIRECTION('',(0.,0.,1.));
#13615=DIRECTION('',(1.,0.,0.));
#13616=DIRECTION('',(0.,0.,-1.));
#13617=DIRECTION('',(0.,1.,0.));
#13618=DIRECTION('',(0.,0.,1.));
#13619=DIRECTION('',(1.,0.,0.));
#13620=DIRECTION('',(0.,0.,-1.));
#13621=DIRECTION('',(1.,0.,0.));
#13622=DIRECTION('',(0.,0.,-1.));
#13623=DIRECTION('',(-1.,0.,0.));
#13624=DIRECTION('',(0.,0.,1.));
#13625=DIRECTION('',(1.,0.,0.));
#13626=DIRECTION('',(0.,0.,-1.));
#13627=DIRECTION('',(0.,0.,1.));
#13628=DIRECTION('',(1.,0.,0.));
#13629=DIRECTION('',(1.,0.,0.));
#13630=DIRECTION('',(0.,0.,-1.));
#13631=DIRECTION('',(0.,-1.,0.));
#13632=DIRECTION('',(0.,0.,-1.));
#13633=DIRECTION('',(0.,-1.,0.));
#13634=DIRECTION('',(0.,0.,-1.));
#13635=DIRECTION('',(-1.,0.,0.));
#13636=DIRECTION('',(0.,0.,1.));
#13637=DIRECTION('',(1.,0.,0.));
#13638=DIRECTION('',(0.,0.,-1.));
#13639=DIRECTION('',(0.,0.,1.));
#13640=DIRECTION('',(1.,0.,0.));
#13641=DIRECTION('',(0.,1.,0.));
#13642=DIRECTION('',(0.,0.,1.));
#13643=DIRECTION('',(1.,0.,0.));
#13644=DIRECTION('',(0.,0.,-1.));
#13645=DIRECTION('',(1.,0.,0.));
#13646=DIRECTION('',(0.,0.,-1.));
#13647=DIRECTION('',(-1.,0.,0.));
#13648=DIRECTION('',(0.,0.,1.));
#13649=DIRECTION('',(1.,0.,0.));
#13650=DIRECTION('',(0.,0.,-1.));
#13651=DIRECTION('',(0.,0.,1.));
#13652=DIRECTION('',(1.,0.,0.));
#13653=DIRECTION('',(0.,0.,-1.));
#13654=DIRECTION('',(-1.,0.,0.));
#13655=DIRECTION('',(0.,0.,1.));
#13656=DIRECTION('',(1.,0.,0.));
#13657=DIRECTION('',(0.,0.,-1.));
#13658=DIRECTION('',(0.,0.,1.));
#13659=DIRECTION('',(1.,0.,0.));
#13660=DIRECTION('',(0.,0.,-1.));
#13661=DIRECTION('',(0.,1.,0.));
#13662=DIRECTION('',(0.,0.,1.));
#13663=DIRECTION('',(1.,0.,0.));
#13664=DIRECTION('',(0.,0.,-1.));
#13665=DIRECTION('',(1.,0.,0.));
#13666=DIRECTION('',(0.,0.,-1.));
#13667=DIRECTION('',(-1.,0.,0.));
#13668=DIRECTION('',(0.,0.,1.));
#13669=DIRECTION('',(1.,0.,0.));
#13670=DIRECTION('',(0.,0.,-1.));
#13671=DIRECTION('',(0.,0.,1.));
#13672=DIRECTION('',(1.,0.,0.));
#13673=DIRECTION('',(1.,0.,0.));
#13674=DIRECTION('',(0.,0.,-1.));
#13675=DIRECTION('',(0.,-1.,0.));
#13676=DIRECTION('',(0.,0.,-1.));
#13677=DIRECTION('',(0.,-1.,0.));
#13678=DIRECTION('',(0.,0.,-1.));
#13679=DIRECTION('',(-1.,0.,0.));
#13680=DIRECTION('',(0.,0.,1.));
#13681=DIRECTION('',(1.,0.,0.));
#13682=DIRECTION('',(0.,0.,-1.));
#13683=DIRECTION('',(0.,0.,1.));
#13684=DIRECTION('',(1.,0.,0.));
#13685=DIRECTION('',(0.,1.,0.));
#13686=DIRECTION('',(0.,0.,1.));
#13687=DIRECTION('',(1.,0.,0.));
#13688=DIRECTION('',(0.,0.,-1.));
#13689=DIRECTION('',(1.,0.,0.));
#13690=DIRECTION('',(0.,0.,-1.));
#13691=DIRECTION('',(-1.,0.,0.));
#13692=DIRECTION('',(0.,0.,1.));
#13693=DIRECTION('',(1.,0.,0.));
#13694=DIRECTION('',(0.,0.,-1.));
#13695=DIRECTION('',(0.,0.,1.));
#13696=DIRECTION('',(1.,0.,0.));
#13697=DIRECTION('',(0.,0.,-1.));
#13698=DIRECTION('',(-1.,0.,0.));
#13699=DIRECTION('',(0.,0.,1.));
#13700=DIRECTION('',(1.,0.,0.));
#13701=DIRECTION('',(0.,0.,-1.));
#13702=DIRECTION('',(0.,0.,1.));
#13703=DIRECTION('',(1.,0.,0.));
#13704=DIRECTION('',(0.,0.,-1.));
#13705=DIRECTION('',(0.,1.,0.));
#13706=DIRECTION('',(0.,0.,1.));
#13707=DIRECTION('',(1.,0.,0.));
#13708=DIRECTION('',(0.,0.,-1.));
#13709=DIRECTION('',(1.,0.,0.));
#13710=DIRECTION('',(0.,0.,-1.));
#13711=DIRECTION('',(-1.,0.,0.));
#13712=DIRECTION('',(0.,0.,1.));
#13713=DIRECTION('',(1.,0.,0.));
#13714=DIRECTION('',(0.,0.,-1.));
#13715=DIRECTION('',(0.,0.,1.));
#13716=DIRECTION('',(1.,0.,0.));
#13717=DIRECTION('',(1.,0.,0.));
#13718=DIRECTION('',(0.,0.,-1.));
#13719=DIRECTION('',(0.,-1.,0.));
#13720=DIRECTION('',(0.,0.,-1.));
#13721=DIRECTION('',(0.,-1.,0.));
#13722=DIRECTION('',(0.,0.,-1.));
#13723=DIRECTION('',(-1.,0.,0.));
#13724=DIRECTION('',(0.,0.,1.));
#13725=DIRECTION('',(1.,0.,0.));
#13726=DIRECTION('',(0.,0.,-1.));
#13727=DIRECTION('',(0.,0.,1.));
#13728=DIRECTION('',(1.,0.,0.));
#13729=DIRECTION('',(0.,1.,0.));
#13730=DIRECTION('',(0.,0.,1.));
#13731=DIRECTION('',(1.,0.,0.));
#13732=DIRECTION('',(0.,0.,-1.));
#13733=DIRECTION('',(1.,0.,0.));
#13734=DIRECTION('',(0.,0.,-1.));
#13735=DIRECTION('',(-1.,0.,0.));
#13736=DIRECTION('',(0.,0.,1.));
#13737=DIRECTION('',(1.,0.,0.));
#13738=DIRECTION('',(0.,0.,-1.));
#13739=DIRECTION('',(0.,0.,1.));
#13740=DIRECTION('',(1.,0.,0.));
#13741=DIRECTION('',(0.,0.,-1.));
#13742=DIRECTION('',(-1.,0.,0.));
#13743=DIRECTION('',(0.,0.,1.));
#13744=DIRECTION('',(1.,0.,0.));
#13745=DIRECTION('',(0.,0.,-1.));
#13746=DIRECTION('',(0.,0.,1.));
#13747=DIRECTION('',(1.,0.,0.));
#13748=DIRECTION('',(0.,0.,-1.));
#13749=DIRECTION('',(0.,1.,0.));
#13750=DIRECTION('',(0.,0.,1.));
#13751=DIRECTION('',(1.,0.,0.));
#13752=DIRECTION('',(0.,0.,-1.));
#13753=DIRECTION('',(1.,0.,0.));
#13754=DIRECTION('',(0.,0.,-1.));
#13755=DIRECTION('',(-1.,0.,0.));
#13756=DIRECTION('',(0.,0.,1.));
#13757=DIRECTION('',(1.,0.,0.));
#13758=DIRECTION('',(0.,0.,-1.));
#13759=DIRECTION('',(0.,0.,1.));
#13760=DIRECTION('',(1.,0.,0.));
#13761=DIRECTION('',(1.,0.,0.));
#13762=DIRECTION('',(0.,0.,-1.));
#13763=DIRECTION('',(0.,-1.,0.));
#13764=DIRECTION('',(0.,0.,-1.));
#13765=DIRECTION('',(0.,-1.,0.));
#13766=DIRECTION('',(0.,0.,-1.));
#13767=DIRECTION('',(-1.,0.,0.));
#13768=DIRECTION('',(0.,0.,1.));
#13769=DIRECTION('',(1.,0.,0.));
#13770=DIRECTION('',(0.,0.,-1.));
#13771=DIRECTION('',(0.,0.,1.));
#13772=DIRECTION('',(1.,0.,0.));
#13773=DIRECTION('',(0.,1.,0.));
#13774=DIRECTION('',(0.,0.,1.));
#13775=DIRECTION('',(1.,0.,0.));
#13776=DIRECTION('',(0.,0.,-1.));
#13777=DIRECTION('',(1.,0.,0.));
#13778=DIRECTION('',(0.,0.,-1.));
#13779=DIRECTION('',(-1.,0.,0.));
#13780=DIRECTION('',(0.,0.,1.));
#13781=DIRECTION('',(1.,0.,0.));
#13782=DIRECTION('',(0.,0.,-1.));
#13783=DIRECTION('',(0.,0.,1.));
#13784=DIRECTION('',(1.,0.,0.));
#13785=DIRECTION('',(0.,0.,-1.));
#13786=DIRECTION('',(-1.,0.,0.));
#13787=DIRECTION('',(0.,0.,1.));
#13788=DIRECTION('',(1.,0.,0.));
#13789=DIRECTION('',(0.,0.,-1.));
#13790=DIRECTION('',(0.,0.,1.));
#13791=DIRECTION('',(1.,0.,0.));
#13792=DIRECTION('',(0.,0.,-1.));
#13793=DIRECTION('',(0.,1.,0.));
#13794=DIRECTION('',(0.,0.,1.));
#13795=DIRECTION('',(1.,0.,0.));
#13796=DIRECTION('',(0.,0.,-1.));
#13797=DIRECTION('',(1.,0.,0.));
#13798=DIRECTION('',(0.,0.,-1.));
#13799=DIRECTION('',(-1.,0.,0.));
#13800=DIRECTION('',(0.,0.,1.));
#13801=DIRECTION('',(1.,0.,0.));
#13802=DIRECTION('',(0.,0.,-1.));
#13803=DIRECTION('',(0.,0.,1.));
#13804=DIRECTION('',(1.,0.,0.));
#13805=DIRECTION('',(1.,0.,0.));
#13806=DIRECTION('',(0.,0.,-1.));
#13807=DIRECTION('',(0.,-1.,0.));
#13808=DIRECTION('',(0.,0.,-1.));
#13809=DIRECTION('',(0.,-1.,0.));
#13810=DIRECTION('',(0.,0.,-1.));
#13811=DIRECTION('',(-1.,0.,0.));
#13812=DIRECTION('',(0.,0.,1.));
#13813=DIRECTION('',(1.,0.,0.));
#13814=DIRECTION('',(0.,0.,-1.));
#13815=DIRECTION('',(0.,0.,1.));
#13816=DIRECTION('',(1.,0.,0.));
#13817=DIRECTION('',(0.,1.,0.));
#13818=DIRECTION('',(0.,0.,1.));
#13819=DIRECTION('',(1.,0.,0.));
#13820=DIRECTION('',(0.,0.,-1.));
#13821=DIRECTION('',(1.,0.,0.));
#13822=DIRECTION('',(0.,0.,-1.));
#13823=DIRECTION('',(-1.,0.,0.));
#13824=DIRECTION('',(0.,0.,1.));
#13825=DIRECTION('',(1.,0.,0.));
#13826=DIRECTION('',(0.,0.,-1.));
#13827=DIRECTION('',(0.,0.,1.));
#13828=DIRECTION('',(1.,0.,0.));
#13829=DIRECTION('',(0.,0.,-1.));
#13830=DIRECTION('',(-1.,0.,0.));
#13831=DIRECTION('',(0.,0.,1.));
#13832=DIRECTION('',(1.,0.,0.));
#13833=DIRECTION('',(0.,0.,-1.));
#13834=DIRECTION('',(0.,0.,1.));
#13835=DIRECTION('',(1.,0.,0.));
#13836=DIRECTION('',(0.,0.,-1.));
#13837=DIRECTION('',(0.,1.,0.));
#13838=DIRECTION('',(0.,0.,1.));
#13839=DIRECTION('',(1.,0.,0.));
#13840=DIRECTION('',(0.,0.,-1.));
#13841=DIRECTION('',(1.,0.,0.));
#13842=DIRECTION('',(0.,0.,-1.));
#13843=DIRECTION('',(-1.,0.,0.));
#13844=DIRECTION('',(0.,0.,1.));
#13845=DIRECTION('',(1.,0.,0.));
#13846=DIRECTION('',(0.,0.,-1.));
#13847=DIRECTION('',(0.,0.,1.));
#13848=DIRECTION('',(1.,0.,0.));
#13849=DIRECTION('',(1.,0.,0.));
#13850=DIRECTION('',(0.,0.,-1.));
#13851=DIRECTION('',(0.,-1.,0.));
#13852=DIRECTION('',(0.,0.,-1.));
#13853=DIRECTION('',(0.,-1.,0.));
#13854=DIRECTION('',(0.,0.,-1.));
#13855=DIRECTION('',(-1.,0.,0.));
#13856=DIRECTION('',(0.,0.,1.));
#13857=DIRECTION('',(1.,0.,0.));
#13858=DIRECTION('',(0.,0.,-1.));
#13859=DIRECTION('',(0.,0.,1.));
#13860=DIRECTION('',(1.,0.,0.));
#13861=DIRECTION('',(0.,1.,0.));
#13862=DIRECTION('',(0.,0.,1.));
#13863=DIRECTION('',(1.,0.,0.));
#13864=DIRECTION('',(0.,0.,-1.));
#13865=DIRECTION('',(1.,0.,0.));
#13866=DIRECTION('',(0.,0.,-1.));
#13867=DIRECTION('',(-1.,0.,0.));
#13868=DIRECTION('',(0.,0.,1.));
#13869=DIRECTION('',(1.,0.,0.));
#13870=DIRECTION('',(0.,0.,-1.));
#13871=DIRECTION('',(0.,0.,1.));
#13872=DIRECTION('',(1.,0.,0.));
#13873=DIRECTION('',(0.,0.,-1.));
#13874=DIRECTION('',(-1.,0.,0.));
#13875=DIRECTION('',(0.,0.,1.));
#13876=DIRECTION('',(1.,0.,0.));
#13877=DIRECTION('',(0.,0.,-1.));
#13878=DIRECTION('',(0.,0.,1.));
#13879=DIRECTION('',(1.,0.,0.));
#13880=DIRECTION('',(0.,0.,-1.));
#13881=DIRECTION('',(0.,1.,0.));
#13882=DIRECTION('',(0.,0.,1.));
#13883=DIRECTION('',(1.,0.,0.));
#13884=DIRECTION('',(0.,0.,-1.));
#13885=DIRECTION('',(1.,0.,0.));
#13886=DIRECTION('',(0.,0.,-1.));
#13887=DIRECTION('',(-1.,0.,0.));
#13888=DIRECTION('',(0.,0.,1.));
#13889=DIRECTION('',(1.,0.,0.));
#13890=DIRECTION('',(0.,0.,-1.));
#13891=DIRECTION('',(0.,0.,1.));
#13892=DIRECTION('',(1.,0.,0.));
#13893=DIRECTION('',(1.,0.,0.));
#13894=DIRECTION('',(0.,0.,-1.));
#13895=DIRECTION('',(0.,-1.,0.));
#13896=DIRECTION('',(0.,0.,-1.));
#13897=DIRECTION('',(0.,-1.,0.));
#13898=DIRECTION('',(0.,0.,-1.));
#13899=DIRECTION('',(-1.,0.,0.));
#13900=DIRECTION('',(0.,0.,1.));
#13901=DIRECTION('',(1.,0.,0.));
#13902=DIRECTION('',(0.,0.,-1.));
#13903=DIRECTION('',(0.,0.,1.));
#13904=DIRECTION('',(1.,0.,0.));
#13905=DIRECTION('',(0.,1.,0.));
#13906=DIRECTION('',(0.,0.,1.));
#13907=DIRECTION('',(1.,0.,0.));
#13908=DIRECTION('',(0.,0.,-1.));
#13909=DIRECTION('',(1.,0.,0.));
#13910=DIRECTION('',(0.,0.,-1.));
#13911=DIRECTION('',(-1.,0.,0.));
#13912=DIRECTION('',(0.,0.,1.));
#13913=DIRECTION('',(1.,0.,0.));
#13914=DIRECTION('',(0.,0.,-1.));
#13915=DIRECTION('',(0.,0.,1.));
#13916=DIRECTION('',(1.,0.,0.));
#13917=DIRECTION('',(0.,0.,-1.));
#13918=DIRECTION('',(-1.,0.,0.));
#13919=DIRECTION('',(0.,0.,1.));
#13920=DIRECTION('',(1.,0.,0.));
#13921=DIRECTION('',(0.,0.,-1.));
#13922=DIRECTION('',(0.,0.,1.));
#13923=DIRECTION('',(1.,0.,0.));
#13924=DIRECTION('',(0.,0.,-1.));
#13925=DIRECTION('',(0.,1.,0.));
#13926=DIRECTION('',(0.,0.,1.));
#13927=DIRECTION('',(1.,0.,0.));
#13928=DIRECTION('',(0.,0.,-1.));
#13929=DIRECTION('',(1.,0.,0.));
#13930=DIRECTION('',(0.,0.,-1.));
#13931=DIRECTION('',(-1.,0.,0.));
#13932=DIRECTION('',(0.,0.,1.));
#13933=DIRECTION('',(1.,0.,0.));
#13934=DIRECTION('',(0.,0.,-1.));
#13935=DIRECTION('',(0.,0.,1.));
#13936=DIRECTION('',(1.,0.,0.));
#13937=DIRECTION('',(1.,0.,0.));
#13938=DIRECTION('',(0.,0.,-1.));
#13939=DIRECTION('',(0.,-1.,0.));
#13940=DIRECTION('',(0.,0.,-1.));
#13941=DIRECTION('',(0.,-1.,0.));
#13942=DIRECTION('',(0.,0.,-1.));
#13943=DIRECTION('',(-1.,0.,0.));
#13944=DIRECTION('',(0.,0.,1.));
#13945=DIRECTION('',(1.,0.,0.));
#13946=DIRECTION('',(0.,0.,-1.));
#13947=DIRECTION('',(0.,0.,1.));
#13948=DIRECTION('',(1.,0.,0.));
#13949=DIRECTION('',(0.,1.,0.));
#13950=DIRECTION('',(0.,0.,1.));
#13951=DIRECTION('',(1.,0.,0.));
#13952=DIRECTION('',(0.,0.,-1.));
#13953=DIRECTION('',(1.,0.,0.));
#13954=DIRECTION('',(0.,0.,-1.));
#13955=DIRECTION('',(-1.,0.,0.));
#13956=DIRECTION('',(0.,0.,1.));
#13957=DIRECTION('',(1.,0.,0.));
#13958=DIRECTION('',(0.,0.,-1.));
#13959=DIRECTION('',(0.,0.,1.));
#13960=DIRECTION('',(1.,0.,0.));
#13961=DIRECTION('',(0.,0.,-1.));
#13962=DIRECTION('',(-1.,0.,0.));
#13963=DIRECTION('',(0.,0.,1.));
#13964=DIRECTION('',(1.,0.,0.));
#13965=DIRECTION('',(0.,0.,-1.));
#13966=DIRECTION('',(0.,0.,1.));
#13967=DIRECTION('',(1.,0.,0.));
#13968=DIRECTION('',(0.,0.,-1.));
#13969=DIRECTION('',(0.,1.,0.));
#13970=DIRECTION('',(0.,0.,1.));
#13971=DIRECTION('',(1.,0.,0.));
#13972=DIRECTION('',(0.,0.,-1.));
#13973=DIRECTION('',(1.,0.,0.));
#13974=DIRECTION('',(0.,0.,-1.));
#13975=DIRECTION('',(-1.,0.,0.));
#13976=DIRECTION('',(0.,0.,1.));
#13977=DIRECTION('',(1.,0.,0.));
#13978=DIRECTION('',(0.,0.,-1.));
#13979=DIRECTION('',(0.,0.,1.));
#13980=DIRECTION('',(1.,0.,0.));
#13981=DIRECTION('',(1.,0.,0.));
#13982=DIRECTION('',(0.,0.,-1.));
#13983=DIRECTION('',(0.,-1.,0.));
#13984=DIRECTION('',(0.,0.,-1.));
#13985=DIRECTION('',(0.,-1.,0.));
#13986=DIRECTION('',(0.,0.,-1.));
#13987=DIRECTION('',(-1.,0.,0.));
#13988=DIRECTION('',(0.,0.,1.));
#13989=DIRECTION('',(1.,0.,0.));
#13990=DIRECTION('',(0.,0.,-1.));
#13991=DIRECTION('',(0.,0.,1.));
#13992=DIRECTION('',(1.,0.,0.));
#13993=DIRECTION('',(0.,1.,0.));
#13994=DIRECTION('',(0.,0.,1.));
#13995=DIRECTION('',(1.,0.,0.));
#13996=DIRECTION('',(0.,0.,-1.));
#13997=DIRECTION('',(1.,0.,0.));
#13998=DIRECTION('',(0.,0.,-1.));
#13999=DIRECTION('',(-1.,0.,0.));
#14000=DIRECTION('',(0.,0.,1.));
#14001=DIRECTION('',(1.,0.,0.));
#14002=DIRECTION('',(0.,0.,-1.));
#14003=DIRECTION('',(0.,0.,1.));
#14004=DIRECTION('',(1.,0.,0.));
#14005=DIRECTION('',(0.,0.,-1.));
#14006=DIRECTION('',(-1.,0.,0.));
#14007=DIRECTION('',(0.,0.,1.));
#14008=DIRECTION('',(1.,0.,0.));
#14009=DIRECTION('',(0.,0.,-1.));
#14010=DIRECTION('',(0.,0.,1.));
#14011=DIRECTION('',(1.,0.,0.));
#14012=DIRECTION('',(0.,0.,-1.));
#14013=DIRECTION('',(0.,1.,0.));
#14014=DIRECTION('',(0.,0.,1.));
#14015=DIRECTION('',(1.,0.,0.));
#14016=DIRECTION('',(0.,0.,-1.));
#14017=DIRECTION('',(1.,0.,0.));
#14018=DIRECTION('',(0.,0.,-1.));
#14019=DIRECTION('',(-1.,0.,0.));
#14020=DIRECTION('',(0.,0.,1.));
#14021=DIRECTION('',(1.,0.,0.));
#14022=DIRECTION('',(0.,0.,-1.));
#14023=DIRECTION('',(0.,0.,1.));
#14024=DIRECTION('',(1.,0.,0.));
#14025=DIRECTION('',(1.,0.,0.));
#14026=DIRECTION('',(0.,0.,-1.));
#14027=DIRECTION('',(0.,-1.,0.));
#14028=DIRECTION('',(0.,0.,-1.));
#14029=DIRECTION('',(0.,-1.,0.));
#14030=DIRECTION('',(0.,0.,-1.));
#14031=DIRECTION('',(-1.,0.,0.));
#14032=DIRECTION('',(0.,0.,1.));
#14033=DIRECTION('',(1.,0.,0.));
#14034=DIRECTION('',(0.,0.,-1.));
#14035=DIRECTION('',(0.,0.,1.));
#14036=DIRECTION('',(1.,0.,0.));
#14037=DIRECTION('',(0.,1.,0.));
#14038=DIRECTION('',(0.,0.,1.));
#14039=DIRECTION('',(1.,0.,0.));
#14040=DIRECTION('',(0.,0.,-1.));
#14041=DIRECTION('',(1.,0.,0.));
#14042=DIRECTION('',(0.,0.,-1.));
#14043=DIRECTION('',(-1.,0.,0.));
#14044=DIRECTION('',(0.,0.,1.));
#14045=DIRECTION('',(1.,0.,0.));
#14046=DIRECTION('',(0.,0.,-1.));
#14047=DIRECTION('',(0.,0.,1.));
#14048=DIRECTION('',(1.,0.,0.));
#14049=DIRECTION('',(0.,0.,-1.));
#14050=DIRECTION('',(-1.,0.,0.));
#14051=DIRECTION('',(0.,0.,1.));
#14052=DIRECTION('',(1.,0.,0.));
#14053=DIRECTION('',(0.,0.,-1.));
#14054=DIRECTION('',(0.,0.,1.));
#14055=DIRECTION('',(1.,0.,0.));
#14056=DIRECTION('',(0.,0.,-1.));
#14057=DIRECTION('',(0.,1.,0.));
#14058=DIRECTION('',(0.,0.,1.));
#14059=DIRECTION('',(1.,0.,0.));
#14060=DIRECTION('',(0.,0.,-1.));
#14061=DIRECTION('',(1.,0.,0.));
#14062=DIRECTION('',(0.,0.,-1.));
#14063=DIRECTION('',(-1.,0.,0.));
#14064=DIRECTION('',(0.,0.,1.));
#14065=DIRECTION('',(1.,0.,0.));
#14066=DIRECTION('',(0.,0.,-1.));
#14067=DIRECTION('',(0.,0.,1.));
#14068=DIRECTION('',(1.,0.,0.));
#14069=DIRECTION('',(1.,0.,0.));
#14070=DIRECTION('',(0.,0.,-1.));
#14071=DIRECTION('',(0.,-1.,0.));
#14072=DIRECTION('',(0.,0.,-1.));
#14073=DIRECTION('',(0.,-1.,0.));
#14074=DIRECTION('',(0.,0.,-1.));
#14075=DIRECTION('',(-1.,0.,0.));
#14076=DIRECTION('',(0.,0.,1.));
#14077=DIRECTION('',(1.,0.,0.));
#14078=DIRECTION('',(0.,0.,-1.));
#14079=DIRECTION('',(0.,0.,1.));
#14080=DIRECTION('',(1.,0.,0.));
#14081=DIRECTION('',(0.,1.,0.));
#14082=DIRECTION('',(0.,0.,1.));
#14083=DIRECTION('',(1.,0.,0.));
#14084=DIRECTION('',(0.,0.,-1.));
#14085=DIRECTION('',(1.,0.,0.));
#14086=DIRECTION('',(0.,0.,-1.));
#14087=DIRECTION('',(-1.,0.,0.));
#14088=DIRECTION('',(0.,0.,1.));
#14089=DIRECTION('',(1.,0.,0.));
#14090=DIRECTION('',(0.,0.,-1.));
#14091=DIRECTION('',(0.,0.,1.));
#14092=DIRECTION('',(1.,0.,0.));
#14093=DIRECTION('',(0.,0.,-1.));
#14094=DIRECTION('',(-1.,0.,0.));
#14095=DIRECTION('',(0.,0.,1.));
#14096=DIRECTION('',(1.,0.,0.));
#14097=DIRECTION('',(0.,0.,-1.));
#14098=DIRECTION('',(0.,0.,1.));
#14099=DIRECTION('',(1.,0.,0.));
#14100=DIRECTION('',(0.,0.,-1.));
#14101=DIRECTION('',(0.,1.,0.));
#14102=DIRECTION('',(0.,0.,1.));
#14103=DIRECTION('',(1.,0.,0.));
#14104=DIRECTION('',(0.,0.,-1.));
#14105=DIRECTION('',(1.,0.,0.));
#14106=DIRECTION('',(0.,0.,-1.));
#14107=DIRECTION('',(-1.,0.,0.));
#14108=DIRECTION('',(0.,0.,1.));
#14109=DIRECTION('',(1.,0.,0.));
#14110=DIRECTION('',(0.,0.,-1.));
#14111=DIRECTION('',(0.,0.,1.));
#14112=DIRECTION('',(1.,0.,0.));
#14113=DIRECTION('',(1.,0.,0.));
#14114=DIRECTION('',(0.,0.,-1.));
#14115=DIRECTION('',(0.,-1.,0.));
#14116=DIRECTION('',(0.,0.,-1.));
#14117=DIRECTION('',(0.,-1.,0.));
#14118=DIRECTION('',(0.,0.,-1.));
#14119=DIRECTION('',(-1.,0.,0.));
#14120=DIRECTION('',(0.,0.,1.));
#14121=DIRECTION('',(1.,0.,0.));
#14122=DIRECTION('',(0.,0.,-1.));
#14123=DIRECTION('',(0.,0.,1.));
#14124=DIRECTION('',(1.,0.,0.));
#14125=DIRECTION('',(0.,1.,0.));
#14126=DIRECTION('',(0.,0.,1.));
#14127=DIRECTION('',(1.,0.,0.));
#14128=DIRECTION('',(0.,0.,-1.));
#14129=DIRECTION('',(1.,0.,0.));
#14130=DIRECTION('',(0.,0.,-1.));
#14131=DIRECTION('',(-1.,0.,0.));
#14132=DIRECTION('',(0.,0.,1.));
#14133=DIRECTION('',(1.,0.,0.));
#14134=DIRECTION('',(0.,0.,-1.));
#14135=DIRECTION('',(0.,0.,1.));
#14136=DIRECTION('',(1.,0.,0.));
#14137=DIRECTION('',(0.,0.,-1.));
#14138=DIRECTION('',(-1.,0.,0.));
#14139=DIRECTION('',(0.,0.,1.));
#14140=DIRECTION('',(1.,0.,0.));
#14141=DIRECTION('',(0.,0.,-1.));
#14142=DIRECTION('',(0.,0.,1.));
#14143=DIRECTION('',(1.,0.,0.));
#14144=DIRECTION('',(0.,0.,-1.));
#14145=DIRECTION('',(0.,1.,0.));
#14146=DIRECTION('',(0.,0.,1.));
#14147=DIRECTION('',(1.,0.,0.));
#14148=DIRECTION('',(0.,0.,-1.));
#14149=DIRECTION('',(1.,0.,0.));
#14150=DIRECTION('',(0.,0.,-1.));
#14151=DIRECTION('',(-1.,0.,0.));
#14152=DIRECTION('',(0.,0.,1.));
#14153=DIRECTION('',(1.,0.,0.));
#14154=DIRECTION('',(0.,0.,-1.));
#14155=DIRECTION('',(0.,0.,1.));
#14156=DIRECTION('',(1.,0.,0.));
#14157=DIRECTION('',(1.,0.,0.));
#14158=DIRECTION('',(0.,0.,-1.));
#14159=DIRECTION('',(0.,-1.,0.));
#14160=DIRECTION('',(0.,0.,-1.));
#14161=DIRECTION('',(0.,-1.,0.));
#14162=DIRECTION('',(0.,0.,-1.));
#14163=DIRECTION('',(-1.,0.,0.));
#14164=DIRECTION('',(0.,0.,1.));
#14165=DIRECTION('',(1.,0.,0.));
#14166=DIRECTION('',(0.,0.,-1.));
#14167=DIRECTION('',(0.,0.,1.));
#14168=DIRECTION('',(1.,0.,0.));
#14169=DIRECTION('',(0.,1.,0.));
#14170=DIRECTION('',(0.,0.,1.));
#14171=DIRECTION('',(1.,0.,0.));
#14172=DIRECTION('',(0.,0.,-1.));
#14173=DIRECTION('',(1.,0.,0.));
#14174=DIRECTION('',(0.,0.,-1.));
#14175=DIRECTION('',(-1.,0.,0.));
#14176=DIRECTION('',(0.,0.,1.));
#14177=DIRECTION('',(1.,0.,0.));
#14178=DIRECTION('',(0.,0.,-1.));
#14179=DIRECTION('',(0.,0.,1.));
#14180=DIRECTION('',(1.,0.,0.));
#14181=DIRECTION('',(0.,0.,-1.));
#14182=DIRECTION('',(-1.,0.,0.));
#14183=DIRECTION('',(0.,0.,1.));
#14184=DIRECTION('',(1.,0.,0.));
#14185=DIRECTION('',(0.,0.,-1.));
#14186=DIRECTION('',(0.,0.,1.));
#14187=DIRECTION('',(1.,0.,0.));
#14188=DIRECTION('',(0.,0.,-1.));
#14189=DIRECTION('',(0.,1.,0.));
#14190=DIRECTION('',(0.,0.,1.));
#14191=DIRECTION('',(1.,0.,0.));
#14192=DIRECTION('',(0.,0.,-1.));
#14193=DIRECTION('',(1.,0.,0.));
#14194=DIRECTION('',(0.,0.,-1.));
#14195=DIRECTION('',(-1.,0.,0.));
#14196=DIRECTION('',(0.,0.,1.));
#14197=DIRECTION('',(1.,0.,0.));
#14198=DIRECTION('',(0.,0.,-1.));
#14199=DIRECTION('',(0.,0.,1.));
#14200=DIRECTION('',(1.,0.,0.));
#14201=DIRECTION('',(1.,0.,0.));
#14202=DIRECTION('',(0.,0.,-1.));
#14203=DIRECTION('',(0.,-1.,0.));
#14204=DIRECTION('',(0.,0.,-1.));
#14205=DIRECTION('',(0.,-1.,0.));
#14206=DIRECTION('',(0.,0.,-1.));
#14207=DIRECTION('',(-1.,0.,0.));
#14208=DIRECTION('',(0.,0.,1.));
#14209=DIRECTION('',(1.,0.,0.));
#14210=DIRECTION('',(0.,0.,-1.));
#14211=DIRECTION('',(0.,0.,1.));
#14212=DIRECTION('',(1.,0.,0.));
#14213=DIRECTION('',(0.,1.,0.));
#14214=DIRECTION('',(0.,0.,1.));
#14215=DIRECTION('',(1.,0.,0.));
#14216=DIRECTION('',(0.,0.,-1.));
#14217=DIRECTION('',(1.,0.,0.));
#14218=DIRECTION('',(0.,0.,-1.));
#14219=DIRECTION('',(-1.,0.,0.));
#14220=DIRECTION('',(0.,0.,1.));
#14221=DIRECTION('',(1.,0.,0.));
#14222=DIRECTION('',(0.,0.,-1.));
#14223=DIRECTION('',(0.,0.,1.));
#14224=DIRECTION('',(1.,0.,0.));
#14225=DIRECTION('',(0.,0.,-1.));
#14226=DIRECTION('',(-1.,0.,0.));
#14227=DIRECTION('',(0.,0.,1.));
#14228=DIRECTION('',(1.,0.,0.));
#14229=DIRECTION('',(0.,0.,-1.));
#14230=DIRECTION('',(0.,0.,1.));
#14231=DIRECTION('',(1.,0.,0.));
#14232=DIRECTION('',(0.,0.,-1.));
#14233=DIRECTION('',(0.,1.,0.));
#14234=DIRECTION('',(0.,0.,1.));
#14235=DIRECTION('',(1.,0.,0.));
#14236=DIRECTION('',(0.,0.,-1.));
#14237=DIRECTION('',(1.,0.,0.));
#14238=DIRECTION('',(0.,0.,-1.));
#14239=DIRECTION('',(-1.,0.,0.));
#14240=DIRECTION('',(0.,0.,1.));
#14241=DIRECTION('',(1.,0.,0.));
#14242=DIRECTION('',(0.,0.,-1.));
#14243=DIRECTION('',(0.,0.,1.));
#14244=DIRECTION('',(1.,0.,0.));
#14245=DIRECTION('',(1.,0.,0.));
#14246=DIRECTION('',(0.,0.,-1.));
#14247=DIRECTION('',(0.,-1.,0.));
#14248=DIRECTION('',(0.,0.,-1.));
#14249=DIRECTION('',(0.,-1.,0.));
#14250=DIRECTION('',(0.,0.,-1.));
#14251=DIRECTION('',(-1.,0.,0.));
#14252=DIRECTION('',(0.,0.,1.));
#14253=DIRECTION('',(1.,0.,0.));
#14254=DIRECTION('',(0.,0.,-1.));
#14255=DIRECTION('',(0.,0.,1.));
#14256=DIRECTION('',(1.,0.,0.));
#14257=DIRECTION('',(0.,1.,0.));
#14258=DIRECTION('',(0.,0.,1.));
#14259=DIRECTION('',(1.,0.,0.));
#14260=DIRECTION('',(0.,0.,-1.));
#14261=DIRECTION('',(1.,0.,0.));
#14262=DIRECTION('',(0.,0.,-1.));
#14263=DIRECTION('',(-1.,0.,0.));
#14264=DIRECTION('',(0.,0.,1.));
#14265=DIRECTION('',(1.,0.,0.));
#14266=DIRECTION('',(0.,0.,-1.));
#14267=DIRECTION('',(0.,0.,1.));
#14268=DIRECTION('',(1.,0.,0.));
#14269=DIRECTION('',(0.,0.,-1.));
#14270=DIRECTION('',(-1.,0.,0.));
#14271=DIRECTION('',(0.,0.,1.));
#14272=DIRECTION('',(1.,0.,0.));
#14273=DIRECTION('',(0.,0.,-1.));
#14274=DIRECTION('',(0.,0.,1.));
#14275=DIRECTION('',(1.,0.,0.));
#14276=DIRECTION('',(0.,0.,-1.));
#14277=DIRECTION('',(0.,1.,0.));
#14278=DIRECTION('',(0.,0.,1.));
#14279=DIRECTION('',(1.,0.,0.));
#14280=DIRECTION('',(0.,0.,-1.));
#14281=DIRECTION('',(1.,0.,0.));
#14282=DIRECTION('',(0.,0.,-1.));
#14283=DIRECTION('',(-1.,0.,0.));
#14284=DIRECTION('',(0.,0.,1.));
#14285=DIRECTION('',(1.,0.,0.));
#14286=DIRECTION('',(0.,0.,-1.));
#14287=DIRECTION('',(0.,0.,1.));
#14288=DIRECTION('',(1.,0.,0.));
#14289=DIRECTION('',(1.,0.,0.));
#14290=DIRECTION('',(0.,0.,-1.));
#14291=DIRECTION('',(0.,-1.,0.));
#14292=DIRECTION('',(0.,0.,-1.));
#14293=DIRECTION('',(0.,-1.,0.));
#14294=DIRECTION('',(0.,0.,-1.));
#14295=DIRECTION('',(-1.,0.,0.));
#14296=DIRECTION('',(0.,0.,1.));
#14297=DIRECTION('',(1.,0.,0.));
#14298=DIRECTION('',(0.,0.,-1.));
#14299=DIRECTION('',(0.,0.,1.));
#14300=DIRECTION('',(1.,0.,0.));
#14301=DIRECTION('',(0.,1.,0.));
#14302=DIRECTION('',(0.,0.,1.));
#14303=DIRECTION('',(1.,0.,0.));
#14304=DIRECTION('',(0.,0.,-1.));
#14305=DIRECTION('',(1.,0.,0.));
#14306=DIRECTION('',(0.,0.,-1.));
#14307=DIRECTION('',(-1.,0.,0.));
#14308=DIRECTION('',(0.,0.,1.));
#14309=DIRECTION('',(1.,0.,0.));
#14310=DIRECTION('',(0.,0.,-1.));
#14311=DIRECTION('',(0.,0.,1.));
#14312=DIRECTION('',(1.,0.,0.));
#14313=DIRECTION('',(0.,0.,-1.));
#14314=DIRECTION('',(-1.,0.,0.));
#14315=DIRECTION('',(0.,0.,1.));
#14316=DIRECTION('',(1.,0.,0.));
#14317=DIRECTION('',(0.,0.,-1.));
#14318=DIRECTION('',(0.,0.,1.));
#14319=DIRECTION('',(1.,0.,0.));
#14320=DIRECTION('',(0.,0.,-1.));
#14321=DIRECTION('',(0.,1.,0.));
#14322=DIRECTION('',(0.,0.,1.));
#14323=DIRECTION('',(1.,0.,0.));
#14324=DIRECTION('',(0.,0.,-1.));
#14325=DIRECTION('',(1.,0.,0.));
#14326=DIRECTION('',(0.,0.,-1.));
#14327=DIRECTION('',(-1.,0.,0.));
#14328=DIRECTION('',(0.,0.,1.));
#14329=DIRECTION('',(1.,0.,0.));
#14330=DIRECTION('',(0.,0.,-1.));
#14331=DIRECTION('',(0.,0.,1.));
#14332=DIRECTION('',(1.,0.,0.));
#14333=DIRECTION('',(1.,0.,0.));
#14334=DIRECTION('',(0.,0.,-1.));
#14335=DIRECTION('',(0.,-1.,0.));
#14336=DIRECTION('',(0.,0.,-1.));
#14337=DIRECTION('',(0.,-1.,0.));
#14338=DIRECTION('',(0.,0.,-1.));
#14339=DIRECTION('',(-1.,0.,0.));
#14340=DIRECTION('',(0.,0.,1.));
#14341=DIRECTION('',(1.,0.,0.));
#14342=DIRECTION('',(0.,0.,-1.));
#14343=DIRECTION('',(0.,0.,1.));
#14344=DIRECTION('',(1.,0.,0.));
#14345=DIRECTION('',(0.,1.,0.));
#14346=DIRECTION('',(0.,0.,1.));
#14347=DIRECTION('',(1.,0.,0.));
#14348=DIRECTION('',(0.,0.,-1.));
#14349=DIRECTION('',(1.,0.,0.));
#14350=DIRECTION('',(0.,0.,-1.));
#14351=DIRECTION('',(-1.,0.,0.));
#14352=DIRECTION('',(0.,0.,1.));
#14353=DIRECTION('',(1.,0.,0.));
#14354=DIRECTION('',(0.,0.,-1.));
#14355=DIRECTION('',(0.,0.,1.));
#14356=DIRECTION('',(1.,0.,0.));
#14357=DIRECTION('',(0.,0.,-1.));
#14358=DIRECTION('',(-1.,0.,0.));
#14359=DIRECTION('',(0.,0.,1.));
#14360=DIRECTION('',(1.,0.,0.));
#14361=DIRECTION('',(0.,0.,-1.));
#14362=DIRECTION('',(0.,0.,1.));
#14363=DIRECTION('',(1.,0.,0.));
#14364=DIRECTION('',(0.,0.,-1.));
#14365=DIRECTION('',(0.,1.,0.));
#14366=DIRECTION('',(0.,0.,1.));
#14367=DIRECTION('',(1.,0.,0.));
#14368=DIRECTION('',(0.,0.,-1.));
#14369=DIRECTION('',(1.,0.,0.));
#14370=DIRECTION('',(0.,0.,-1.));
#14371=DIRECTION('',(-1.,0.,0.));
#14372=DIRECTION('',(0.,0.,1.));
#14373=DIRECTION('',(1.,0.,0.));
#14374=DIRECTION('',(0.,0.,-1.));
#14375=DIRECTION('',(0.,0.,1.));
#14376=DIRECTION('',(1.,0.,0.));
#14377=DIRECTION('',(1.,0.,0.));
#14378=DIRECTION('',(0.,0.,-1.));
#14379=DIRECTION('',(0.,-1.,0.));
#14380=DIRECTION('',(0.,0.,-1.));
#14381=DIRECTION('',(0.,-1.,0.));
#14382=DIRECTION('',(0.,0.,-1.));
#14383=DIRECTION('',(-1.,0.,0.));
#14384=DIRECTION('',(0.,0.,1.));
#14385=DIRECTION('',(1.,0.,0.));
#14386=DIRECTION('',(0.,0.,-1.));
#14387=DIRECTION('',(0.,0.,1.));
#14388=DIRECTION('',(1.,0.,0.));
#14389=DIRECTION('',(0.,1.,0.));
#14390=DIRECTION('',(0.,0.,1.));
#14391=DIRECTION('',(1.,0.,0.));
#14392=DIRECTION('',(0.,0.,-1.));
#14393=DIRECTION('',(1.,0.,0.));
#14394=DIRECTION('',(0.,0.,-1.));
#14395=DIRECTION('',(-1.,0.,0.));
#14396=DIRECTION('',(0.,0.,1.));
#14397=DIRECTION('',(1.,0.,0.));
#14398=DIRECTION('',(0.,0.,-1.));
#14399=DIRECTION('',(0.,0.,1.));
#14400=DIRECTION('',(1.,0.,0.));
#14401=DIRECTION('',(0.,0.,-1.));
#14402=DIRECTION('',(-1.,0.,0.));
#14403=DIRECTION('',(0.,0.,1.));
#14404=DIRECTION('',(1.,0.,0.));
#14405=DIRECTION('',(0.,0.,-1.));
#14406=DIRECTION('',(0.,0.,1.));
#14407=DIRECTION('',(1.,0.,0.));
#14408=DIRECTION('',(0.,0.,-1.));
#14409=DIRECTION('',(0.,1.,0.));
#14410=DIRECTION('',(0.,0.,1.));
#14411=DIRECTION('',(1.,0.,0.));
#14412=DIRECTION('',(0.,0.,-1.));
#14413=DIRECTION('',(1.,0.,0.));
#14414=DIRECTION('',(0.,0.,-1.));
#14415=DIRECTION('',(-1.,0.,0.));
#14416=DIRECTION('',(0.,0.,1.));
#14417=DIRECTION('',(1.,0.,0.));
#14418=DIRECTION('',(0.,0.,-1.));
#14419=DIRECTION('',(0.,0.,1.));
#14420=DIRECTION('',(1.,0.,0.));
#14421=DIRECTION('',(1.,0.,0.));
#14422=DIRECTION('',(0.,0.,-1.));
#14423=DIRECTION('',(0.,-1.,0.));
#14424=DIRECTION('',(0.,0.,-1.));
#14425=DIRECTION('',(0.,-1.,0.));
#14426=DIRECTION('',(0.,0.,-1.));
#14427=DIRECTION('',(-1.,0.,0.));
#14428=DIRECTION('',(0.,0.,1.));
#14429=DIRECTION('',(1.,0.,0.));
#14430=DIRECTION('',(0.,0.,-1.));
#14431=DIRECTION('',(0.,0.,1.));
#14432=DIRECTION('',(1.,0.,0.));
#14433=DIRECTION('',(0.,1.,0.));
#14434=DIRECTION('',(0.,0.,1.));
#14435=DIRECTION('',(1.,0.,0.));
#14436=DIRECTION('',(0.,0.,-1.));
#14437=DIRECTION('',(1.,0.,0.));
#14438=DIRECTION('',(0.,0.,-1.));
#14439=DIRECTION('',(-1.,0.,0.));
#14440=DIRECTION('',(0.,0.,1.));
#14441=DIRECTION('',(1.,0.,0.));
#14442=DIRECTION('',(0.,0.,-1.));
#14443=DIRECTION('',(0.,0.,1.));
#14444=DIRECTION('',(1.,0.,0.));
#14445=DIRECTION('',(0.,0.,-1.));
#14446=DIRECTION('',(-1.,0.,0.));
#14447=DIRECTION('',(0.,0.,1.));
#14448=DIRECTION('',(1.,0.,0.));
#14449=DIRECTION('',(0.,0.,-1.));
#14450=DIRECTION('',(0.,0.,1.));
#14451=DIRECTION('',(1.,0.,0.));
#14452=DIRECTION('',(0.,0.,-1.));
#14453=DIRECTION('',(0.,1.,0.));
#14454=DIRECTION('',(0.,0.,1.));
#14455=DIRECTION('',(1.,0.,0.));
#14456=DIRECTION('',(0.,0.,-1.));
#14457=DIRECTION('',(1.,0.,0.));
#14458=DIRECTION('',(0.,0.,-1.));
#14459=DIRECTION('',(-1.,0.,0.));
#14460=DIRECTION('',(0.,0.,1.));
#14461=DIRECTION('',(1.,0.,0.));
#14462=DIRECTION('',(0.,0.,-1.));
#14463=DIRECTION('',(0.,0.,1.));
#14464=DIRECTION('',(1.,0.,0.));
#14465=DIRECTION('',(1.,0.,0.));
#14466=DIRECTION('',(0.,0.,-1.));
#14467=DIRECTION('',(0.,-1.,0.));
#14468=DIRECTION('',(0.,0.,-1.));
#14469=DIRECTION('',(0.,-1.,0.));
#14470=DIRECTION('',(0.,0.,-1.));
#14471=DIRECTION('',(-1.,0.,0.));
#14472=DIRECTION('',(0.,0.,1.));
#14473=DIRECTION('',(1.,0.,0.));
#14474=DIRECTION('',(0.,0.,-1.));
#14475=DIRECTION('',(0.,0.,1.));
#14476=DIRECTION('',(1.,0.,0.));
#14477=DIRECTION('',(0.,1.,0.));
#14478=DIRECTION('',(0.,0.,1.));
#14479=DIRECTION('',(1.,0.,0.));
#14480=DIRECTION('',(0.,0.,-1.));
#14481=DIRECTION('',(1.,0.,0.));
#14482=DIRECTION('',(0.,0.,-1.));
#14483=DIRECTION('',(-1.,0.,0.));
#14484=DIRECTION('',(0.,0.,1.));
#14485=DIRECTION('',(1.,0.,0.));
#14486=DIRECTION('',(0.,0.,-1.));
#14487=DIRECTION('',(0.,0.,1.));
#14488=DIRECTION('',(1.,0.,0.));
#14489=DIRECTION('',(0.,0.,-1.));
#14490=DIRECTION('',(-1.,0.,0.));
#14491=DIRECTION('',(0.,0.,1.));
#14492=DIRECTION('',(1.,0.,0.));
#14493=DIRECTION('',(0.,0.,-1.));
#14494=DIRECTION('',(0.,0.,1.));
#14495=DIRECTION('',(1.,0.,0.));
#14496=DIRECTION('',(0.,0.,-1.));
#14497=DIRECTION('',(0.,1.,0.));
#14498=DIRECTION('',(0.,0.,1.));
#14499=DIRECTION('',(1.,0.,0.));
#14500=DIRECTION('',(0.,0.,-1.));
#14501=DIRECTION('',(1.,0.,0.));
#14502=DIRECTION('',(0.,0.,-1.));
#14503=DIRECTION('',(-1.,0.,0.));
#14504=DIRECTION('',(0.,0.,1.));
#14505=DIRECTION('',(1.,0.,0.));
#14506=DIRECTION('',(0.,0.,-1.));
#14507=DIRECTION('',(0.,0.,1.));
#14508=DIRECTION('',(1.,0.,0.));
#14509=DIRECTION('',(1.,0.,0.));
#14510=DIRECTION('',(0.,0.,-1.));
#14511=DIRECTION('',(0.,-1.,0.));
#14512=DIRECTION('',(0.,0.,-1.));
#14513=DIRECTION('',(0.,-1.,0.));
#14514=DIRECTION('',(0.,0.,-1.));
#14515=DIRECTION('',(-1.,0.,0.));
#14516=DIRECTION('',(0.,0.,1.));
#14517=DIRECTION('',(1.,0.,0.));
#14518=DIRECTION('',(0.,0.,-1.));
#14519=DIRECTION('',(0.,0.,1.));
#14520=DIRECTION('',(1.,0.,0.));
#14521=DIRECTION('',(0.,1.,0.));
#14522=DIRECTION('',(0.,0.,1.));
#14523=DIRECTION('',(1.,0.,0.));
#14524=DIRECTION('',(0.,0.,-1.));
#14525=DIRECTION('',(1.,0.,0.));
#14526=DIRECTION('',(0.,0.,-1.));
#14527=DIRECTION('',(-1.,0.,0.));
#14528=DIRECTION('',(0.,0.,1.));
#14529=DIRECTION('',(1.,0.,0.));
#14530=DIRECTION('',(0.,0.,-1.));
#14531=DIRECTION('',(0.,0.,1.));
#14532=DIRECTION('',(1.,0.,0.));
#14533=DIRECTION('',(0.,0.,-1.));
#14534=DIRECTION('',(-1.,0.,0.));
#14535=DIRECTION('',(0.,0.,1.));
#14536=DIRECTION('',(1.,0.,0.));
#14537=DIRECTION('',(0.,0.,-1.));
#14538=DIRECTION('',(0.,0.,1.));
#14539=DIRECTION('',(1.,0.,0.));
#14540=DIRECTION('',(0.,0.,-1.));
#14541=DIRECTION('',(0.,1.,0.));
#14542=DIRECTION('',(0.,0.,1.));
#14543=DIRECTION('',(1.,0.,0.));
#14544=DIRECTION('',(0.,0.,-1.));
#14545=DIRECTION('',(1.,0.,0.));
#14546=DIRECTION('',(0.,0.,-1.));
#14547=DIRECTION('',(-1.,0.,0.));
#14548=DIRECTION('',(0.,0.,1.));
#14549=DIRECTION('',(1.,0.,0.));
#14550=DIRECTION('',(0.,0.,-1.));
#14551=DIRECTION('',(0.,0.,1.));
#14552=DIRECTION('',(1.,0.,0.));
#14553=DIRECTION('',(1.,0.,0.));
#14554=DIRECTION('',(0.,0.,-1.));
#14555=DIRECTION('',(0.,-1.,0.));
#14556=DIRECTION('',(0.,0.,-1.));
#14557=DIRECTION('',(0.,-1.,0.));
#14558=DIRECTION('',(0.,0.,-1.));
#14559=DIRECTION('',(-1.,0.,0.));
#14560=DIRECTION('',(0.,0.,1.));
#14561=DIRECTION('',(1.,0.,0.));
#14562=DIRECTION('',(0.,0.,-1.));
#14563=DIRECTION('',(0.,0.,1.));
#14564=DIRECTION('',(1.,0.,0.));
#14565=DIRECTION('',(0.,1.,0.));
#14566=DIRECTION('',(0.,0.,1.));
#14567=DIRECTION('',(1.,0.,0.));
#14568=DIRECTION('',(0.,0.,-1.));
#14569=DIRECTION('',(1.,0.,0.));
#14570=DIRECTION('',(0.,0.,-1.));
#14571=DIRECTION('',(-1.,0.,0.));
#14572=DIRECTION('',(0.,0.,1.));
#14573=DIRECTION('',(1.,0.,0.));
#14574=DIRECTION('',(0.,0.,-1.));
#14575=DIRECTION('',(0.,0.,1.));
#14576=DIRECTION('',(1.,0.,0.));
#14577=DIRECTION('',(0.,0.,-1.));
#14578=DIRECTION('',(-1.,0.,0.));
#14579=DIRECTION('',(0.,0.,1.));
#14580=DIRECTION('',(1.,0.,0.));
#14581=DIRECTION('',(0.,0.,-1.));
#14582=DIRECTION('',(0.,0.,1.));
#14583=DIRECTION('',(1.,0.,0.));
#14584=DIRECTION('',(0.,0.,-1.));
#14585=DIRECTION('',(0.,1.,0.));
#14586=DIRECTION('',(0.,0.,1.));
#14587=DIRECTION('',(1.,0.,0.));
#14588=DIRECTION('',(0.,0.,-1.));
#14589=DIRECTION('',(1.,0.,0.));
#14590=DIRECTION('',(0.,0.,-1.));
#14591=DIRECTION('',(-1.,0.,0.));
#14592=DIRECTION('',(0.,0.,1.));
#14593=DIRECTION('',(1.,0.,0.));
#14594=DIRECTION('',(0.,0.,-1.));
#14595=DIRECTION('',(0.,0.,1.));
#14596=DIRECTION('',(1.,0.,0.));
#14597=DIRECTION('',(1.,0.,0.));
#14598=DIRECTION('',(0.,0.,-1.));
#14599=DIRECTION('',(0.,-1.,0.));
#14600=DIRECTION('',(0.,0.,-1.));
#14601=DIRECTION('',(0.,-1.,0.));
#14602=DIRECTION('',(0.,0.,-1.));
#14603=DIRECTION('',(-1.,0.,0.));
#14604=DIRECTION('',(0.,0.,1.));
#14605=DIRECTION('',(1.,0.,0.));
#14606=DIRECTION('',(0.,0.,-1.));
#14607=DIRECTION('',(0.,0.,1.));
#14608=DIRECTION('',(1.,0.,0.));
#14609=DIRECTION('',(0.,1.,0.));
#14610=DIRECTION('',(0.,0.,1.));
#14611=DIRECTION('',(1.,0.,0.));
#14612=DIRECTION('',(0.,0.,-1.));
#14613=DIRECTION('',(1.,0.,0.));
#14614=DIRECTION('',(0.,0.,-1.));
#14615=DIRECTION('',(-1.,0.,0.));
#14616=DIRECTION('',(0.,0.,1.));
#14617=DIRECTION('',(1.,0.,0.));
#14618=DIRECTION('',(0.,0.,-1.));
#14619=DIRECTION('',(0.,0.,1.));
#14620=DIRECTION('',(1.,0.,0.));
#14621=DIRECTION('',(0.,0.,-1.));
#14622=DIRECTION('',(-1.,0.,0.));
#14623=DIRECTION('',(0.,0.,1.));
#14624=DIRECTION('',(1.,0.,0.));
#14625=DIRECTION('',(0.,0.,-1.));
#14626=DIRECTION('',(0.,0.,1.));
#14627=DIRECTION('',(1.,0.,0.));
#14628=DIRECTION('',(0.,0.,-1.));
#14629=DIRECTION('',(0.,1.,0.));
#14630=DIRECTION('',(0.,0.,1.));
#14631=DIRECTION('',(1.,0.,0.));
#14632=DIRECTION('',(0.,0.,-1.));
#14633=DIRECTION('',(1.,0.,0.));
#14634=DIRECTION('',(0.,0.,-1.));
#14635=DIRECTION('',(-1.,0.,0.));
#14636=DIRECTION('',(0.,0.,1.));
#14637=DIRECTION('',(1.,0.,0.));
#14638=DIRECTION('',(0.,0.,-1.));
#14639=DIRECTION('',(0.,0.,1.));
#14640=DIRECTION('',(1.,0.,0.));
#14641=DIRECTION('',(1.,0.,0.));
#14642=DIRECTION('',(0.,0.,-1.));
#14643=DIRECTION('',(0.,-1.,0.));
#14644=DIRECTION('',(0.,0.,-1.));
#14645=DIRECTION('',(0.,-1.,0.));
#14646=DIRECTION('',(0.,0.,-1.));
#14647=DIRECTION('',(-1.,0.,0.));
#14648=DIRECTION('',(0.,0.,1.));
#14649=DIRECTION('',(1.,0.,0.));
#14650=DIRECTION('',(0.,0.,-1.));
#14651=DIRECTION('',(0.,0.,1.));
#14652=DIRECTION('',(1.,0.,0.));
#14653=DIRECTION('',(0.,1.,0.));
#14654=DIRECTION('',(0.,0.,1.));
#14655=DIRECTION('',(1.,0.,0.));
#14656=DIRECTION('',(0.,0.,-1.));
#14657=DIRECTION('',(1.,0.,0.));
#14658=DIRECTION('',(0.,0.,-1.));
#14659=DIRECTION('',(-1.,0.,0.));
#14660=DIRECTION('',(0.,0.,1.));
#14661=DIRECTION('',(1.,0.,0.));
#14662=DIRECTION('',(0.,0.,-1.));
#14663=DIRECTION('',(0.,0.,1.));
#14664=DIRECTION('',(1.,0.,0.));
#14665=DIRECTION('',(0.,0.,-1.));
#14666=DIRECTION('',(-1.,0.,0.));
#14667=DIRECTION('',(0.,0.,1.));
#14668=DIRECTION('',(1.,0.,0.));
#14669=DIRECTION('',(0.,0.,-1.));
#14670=DIRECTION('',(0.,0.,1.));
#14671=DIRECTION('',(1.,0.,0.));
#14672=DIRECTION('',(0.,0.,-1.));
#14673=DIRECTION('',(0.,1.,0.));
#14674=DIRECTION('',(0.,0.,1.));
#14675=DIRECTION('',(1.,0.,0.));
#14676=DIRECTION('',(0.,0.,-1.));
#14677=DIRECTION('',(1.,0.,0.));
#14678=DIRECTION('',(0.,0.,-1.));
#14679=DIRECTION('',(-1.,0.,0.));
#14680=DIRECTION('',(0.,0.,1.));
#14681=DIRECTION('',(1.,0.,0.));
#14682=DIRECTION('',(0.,0.,-1.));
#14683=DIRECTION('',(0.,0.,1.));
#14684=DIRECTION('',(1.,0.,0.));
#14685=DIRECTION('',(1.,0.,0.));
#14686=DIRECTION('',(0.,0.,-1.));
#14687=DIRECTION('',(0.,-1.,0.));
#14688=DIRECTION('',(0.,0.,-1.));
#14689=DIRECTION('',(0.,-1.,0.));
#14690=DIRECTION('',(0.,0.,-1.));
#14691=DIRECTION('',(-1.,0.,0.));
#14692=DIRECTION('',(0.,0.,1.));
#14693=DIRECTION('',(1.,0.,0.));
#14694=DIRECTION('',(0.,0.,-1.));
#14695=DIRECTION('',(0.,0.,1.));
#14696=DIRECTION('',(1.,0.,0.));
#14697=DIRECTION('',(0.,1.,0.));
#14698=DIRECTION('',(0.,0.,1.));
#14699=DIRECTION('',(1.,0.,0.));
#14700=DIRECTION('',(0.,0.,-1.));
#14701=DIRECTION('',(1.,0.,0.));
#14702=DIRECTION('',(0.,0.,-1.));
#14703=DIRECTION('',(-1.,0.,0.));
#14704=DIRECTION('',(0.,0.,1.));
#14705=DIRECTION('',(1.,0.,0.));
#14706=DIRECTION('',(0.,0.,-1.));
#14707=DIRECTION('',(0.,0.,1.));
#14708=DIRECTION('',(1.,0.,0.));
#14709=DIRECTION('',(0.,0.,-1.));
#14710=DIRECTION('',(-1.,0.,0.));
#14711=DIRECTION('',(0.,0.,1.));
#14712=DIRECTION('',(1.,0.,0.));
#14713=DIRECTION('',(0.,0.,-1.));
#14714=DIRECTION('',(0.,0.,1.));
#14715=DIRECTION('',(1.,0.,0.));
#14716=DIRECTION('',(0.,0.,-1.));
#14717=DIRECTION('',(0.,1.,0.));
#14718=DIRECTION('',(0.,0.,1.));
#14719=DIRECTION('',(1.,0.,0.));
#14720=DIRECTION('',(0.,0.,-1.));
#14721=DIRECTION('',(1.,0.,0.));
#14722=DIRECTION('',(0.,0.,-1.));
#14723=DIRECTION('',(-1.,0.,0.));
#14724=DIRECTION('',(0.,0.,1.));
#14725=DIRECTION('',(1.,0.,0.));
#14726=DIRECTION('',(0.,0.,-1.));
#14727=DIRECTION('',(0.,0.,1.));
#14728=DIRECTION('',(1.,0.,0.));
#14729=DIRECTION('',(1.,0.,0.));
#14730=DIRECTION('',(0.,0.,-1.));
#14731=DIRECTION('',(0.,-1.,0.));
#14732=DIRECTION('',(0.,0.,-1.));
#14733=DIRECTION('',(0.,-1.,0.));
#14734=DIRECTION('',(0.,0.,-1.));
#14735=DIRECTION('',(-1.,0.,0.));
#14736=DIRECTION('',(0.,0.,1.));
#14737=DIRECTION('',(1.,0.,0.));
#14738=DIRECTION('',(0.,0.,-1.));
#14739=DIRECTION('',(0.,0.,1.));
#14740=DIRECTION('',(1.,0.,0.));
#14741=DIRECTION('',(0.,1.,0.));
#14742=DIRECTION('',(0.,0.,1.));
#14743=DIRECTION('',(1.,0.,0.));
#14744=DIRECTION('',(0.,0.,-1.));
#14745=DIRECTION('',(1.,0.,0.));
#14746=DIRECTION('',(0.,0.,-1.));
#14747=DIRECTION('',(-1.,0.,0.));
#14748=DIRECTION('',(0.,0.,1.));
#14749=DIRECTION('',(1.,0.,0.));
#14750=DIRECTION('',(0.,0.,-1.));
#14751=DIRECTION('',(0.,0.,1.));
#14752=DIRECTION('',(1.,0.,0.));
#14753=DIRECTION('',(0.,0.,-1.));
#14754=DIRECTION('',(-1.,0.,0.));
#14755=DIRECTION('',(0.,0.,1.));
#14756=DIRECTION('',(1.,0.,0.));
#14757=DIRECTION('',(0.,0.,-1.));
#14758=DIRECTION('',(0.,0.,1.));
#14759=DIRECTION('',(1.,0.,0.));
#14760=DIRECTION('',(0.,0.,-1.));
#14761=DIRECTION('',(0.,1.,0.));
#14762=DIRECTION('',(0.,0.,1.));
#14763=DIRECTION('',(1.,0.,0.));
#14764=DIRECTION('',(0.,0.,-1.));
#14765=DIRECTION('',(1.,0.,0.));
#14766=DIRECTION('',(0.,0.,-1.));
#14767=DIRECTION('',(-1.,0.,0.));
#14768=DIRECTION('',(0.,0.,1.));
#14769=DIRECTION('',(1.,0.,0.));
#14770=DIRECTION('',(0.,0.,-1.));
#14771=DIRECTION('',(0.,0.,1.));
#14772=DIRECTION('',(1.,0.,0.));
#14773=DIRECTION('',(1.,0.,0.));
#14774=DIRECTION('',(0.,0.,-1.));
#14775=DIRECTION('',(0.,-1.,0.));
#14776=DIRECTION('',(0.,0.,-1.));
#14777=DIRECTION('',(0.,-1.,0.));
#14778=DIRECTION('',(0.,0.,-1.));
#14779=DIRECTION('',(-1.,0.,0.));
#14780=DIRECTION('',(0.,0.,1.));
#14781=DIRECTION('',(1.,0.,0.));
#14782=DIRECTION('',(0.,0.,-1.));
#14783=DIRECTION('',(0.,0.,1.));
#14784=DIRECTION('',(1.,0.,0.));
#14785=DIRECTION('',(0.,1.,0.));
#14786=DIRECTION('',(0.,0.,1.));
#14787=DIRECTION('',(1.,0.,0.));
#14788=DIRECTION('',(0.,0.,-1.));
#14789=DIRECTION('',(1.,0.,0.));
#14790=DIRECTION('',(0.,0.,-1.));
#14791=DIRECTION('',(-1.,0.,0.));
#14792=DIRECTION('',(0.,0.,1.));
#14793=DIRECTION('',(1.,0.,0.));
#14794=DIRECTION('',(0.,0.,-1.));
#14795=DIRECTION('',(0.,0.,1.));
#14796=DIRECTION('',(1.,0.,0.));
#14797=DIRECTION('',(0.,0.,-1.));
#14798=DIRECTION('',(-1.,0.,0.));
#14799=DIRECTION('',(0.,0.,1.));
#14800=DIRECTION('',(1.,0.,0.));
#14801=DIRECTION('',(0.,0.,-1.));
#14802=DIRECTION('',(0.,0.,1.));
#14803=DIRECTION('',(1.,0.,0.));
#14804=DIRECTION('',(0.,0.,-1.));
#14805=DIRECTION('',(0.,1.,0.));
#14806=DIRECTION('',(0.,0.,1.));
#14807=DIRECTION('',(1.,0.,0.));
#14808=DIRECTION('',(0.,0.,-1.));
#14809=DIRECTION('',(1.,0.,0.));
#14810=DIRECTION('',(0.,0.,-1.));
#14811=DIRECTION('',(-1.,0.,0.));
#14812=DIRECTION('',(0.,0.,1.));
#14813=DIRECTION('',(1.,0.,0.));
#14814=DIRECTION('',(0.,0.,-1.));
#14815=DIRECTION('',(0.,0.,1.));
#14816=DIRECTION('',(1.,0.,0.));
#14817=DIRECTION('',(1.,0.,0.));
#14818=DIRECTION('',(0.,0.,-1.));
#14819=DIRECTION('',(0.,-1.,0.));
#14820=DIRECTION('',(0.,0.,-1.));
#14821=DIRECTION('',(0.,-1.,0.));
#14822=DIRECTION('',(0.,0.,-1.));
#14823=DIRECTION('',(-1.,0.,0.));
#14824=DIRECTION('',(0.,0.,1.));
#14825=DIRECTION('',(1.,0.,0.));
#14826=DIRECTION('',(0.,0.,-1.));
#14827=DIRECTION('',(0.,0.,1.));
#14828=DIRECTION('',(1.,0.,0.));
#14829=DIRECTION('',(0.,1.,0.));
#14830=DIRECTION('',(0.,0.,1.));
#14831=DIRECTION('',(1.,0.,0.));
#14832=DIRECTION('',(0.,0.,-1.));
#14833=DIRECTION('',(1.,0.,0.));
#14834=DIRECTION('',(0.,0.,-1.));
#14835=DIRECTION('',(-1.,0.,0.));
#14836=DIRECTION('',(0.,0.,1.));
#14837=DIRECTION('',(1.,0.,0.));
#14838=DIRECTION('',(0.,0.,-1.));
#14839=DIRECTION('',(0.,0.,1.));
#14840=DIRECTION('',(1.,0.,0.));
#14841=DIRECTION('',(0.,0.,-1.));
#14842=DIRECTION('',(-1.,0.,0.));
#14843=DIRECTION('',(0.,0.,1.));
#14844=DIRECTION('',(1.,0.,0.));
#14845=DIRECTION('',(0.,0.,-1.));
#14846=DIRECTION('',(0.,0.,1.));
#14847=DIRECTION('',(1.,0.,0.));
#14848=DIRECTION('',(0.,0.,-1.));
#14849=DIRECTION('',(0.,1.,0.));
#14850=DIRECTION('',(0.,0.,1.));
#14851=DIRECTION('',(1.,0.,0.));
#14852=DIRECTION('',(0.,0.,-1.));
#14853=DIRECTION('',(1.,0.,0.));
#14854=DIRECTION('',(0.,0.,-1.));
#14855=DIRECTION('',(-1.,0.,0.));
#14856=DIRECTION('',(0.,0.,1.));
#14857=DIRECTION('',(1.,0.,0.));
#14858=DIRECTION('',(0.,0.,-1.));
#14859=DIRECTION('',(0.,0.,1.));
#14860=DIRECTION('',(1.,0.,0.));
#14861=DIRECTION('',(1.,0.,0.));
#14862=DIRECTION('',(0.,0.,-1.));
#14863=DIRECTION('',(0.,-1.,0.));
#14864=DIRECTION('',(0.,0.,-1.));
#14865=DIRECTION('',(0.,-1.,0.));
#14866=DIRECTION('',(0.,0.,-1.));
#14867=DIRECTION('',(-1.,0.,0.));
#14868=DIRECTION('',(0.,0.,1.));
#14869=DIRECTION('',(1.,0.,0.));
#14870=DIRECTION('',(0.,0.,-1.));
#14871=DIRECTION('',(0.,0.,1.));
#14872=DIRECTION('',(1.,0.,0.));
#14873=DIRECTION('',(0.,1.,0.));
#14874=DIRECTION('',(0.,0.,1.));
#14875=DIRECTION('',(1.,0.,0.));
#14876=DIRECTION('',(0.,0.,-1.));
#14877=DIRECTION('',(1.,0.,0.));
#14878=DIRECTION('',(0.,0.,-1.));
#14879=DIRECTION('',(-1.,0.,0.));
#14880=DIRECTION('',(0.,0.,1.));
#14881=DIRECTION('',(1.,0.,0.));
#14882=DIRECTION('',(0.,0.,-1.));
#14883=DIRECTION('',(0.,0.,1.));
#14884=DIRECTION('',(1.,0.,0.));
#14885=DIRECTION('',(0.,0.,-1.));
#14886=DIRECTION('',(-1.,0.,0.));
#14887=DIRECTION('',(0.,0.,1.));
#14888=DIRECTION('',(1.,0.,0.));
#14889=DIRECTION('',(0.,0.,-1.));
#14890=DIRECTION('',(0.,0.,1.));
#14891=DIRECTION('',(1.,0.,0.));
#14892=DIRECTION('',(0.,0.,-1.));
#14893=DIRECTION('',(0.,1.,0.));
#14894=DIRECTION('',(0.,0.,1.));
#14895=DIRECTION('',(1.,0.,0.));
#14896=DIRECTION('',(0.,0.,-1.));
#14897=DIRECTION('',(1.,0.,0.));
#14898=DIRECTION('',(0.,0.,-1.));
#14899=DIRECTION('',(-1.,0.,0.));
#14900=DIRECTION('',(0.,0.,1.));
#14901=DIRECTION('',(1.,0.,0.));
#14902=DIRECTION('',(0.,0.,-1.));
#14903=DIRECTION('',(0.,0.,1.));
#14904=DIRECTION('',(1.,0.,0.));
#14905=DIRECTION('',(1.,0.,0.));
#14906=DIRECTION('',(0.,0.,-1.));
#14907=DIRECTION('',(0.,-1.,0.));
#14908=DIRECTION('',(0.,0.,-1.));
#14909=DIRECTION('',(0.,-1.,0.));
#14910=DIRECTION('',(0.,0.,-1.));
#14911=DIRECTION('',(-1.,0.,0.));
#14912=DIRECTION('',(0.,0.,1.));
#14913=DIRECTION('',(1.,0.,0.));
#14914=DIRECTION('',(0.,0.,-1.));
#14915=DIRECTION('',(0.,0.,1.));
#14916=DIRECTION('',(1.,0.,0.));
#14917=DIRECTION('',(0.,1.,0.));
#14918=DIRECTION('',(0.,0.,1.));
#14919=DIRECTION('',(1.,0.,0.));
#14920=DIRECTION('',(0.,0.,-1.));
#14921=DIRECTION('',(1.,0.,0.));
#14922=DIRECTION('',(0.,0.,-1.));
#14923=DIRECTION('',(-1.,0.,0.));
#14924=DIRECTION('',(0.,0.,1.));
#14925=DIRECTION('',(1.,0.,0.));
#14926=DIRECTION('',(0.,0.,-1.));
#14927=DIRECTION('',(0.,0.,1.));
#14928=DIRECTION('',(1.,0.,0.));
#14929=DIRECTION('',(0.,0.,-1.));
#14930=DIRECTION('',(-1.,0.,0.));
#14931=DIRECTION('',(0.,0.,1.));
#14932=DIRECTION('',(1.,0.,0.));
#14933=DIRECTION('',(0.,0.,-1.));
#14934=DIRECTION('',(0.,0.,1.));
#14935=DIRECTION('',(1.,0.,0.));
#14936=DIRECTION('',(0.,0.,-1.));
#14937=DIRECTION('',(0.,1.,0.));
#14938=DIRECTION('',(0.,0.,1.));
#14939=DIRECTION('',(1.,0.,0.));
#14940=DIRECTION('',(0.,0.,-1.));
#14941=DIRECTION('',(1.,0.,0.));
#14942=DIRECTION('',(0.,0.,-1.));
#14943=DIRECTION('',(-1.,0.,0.));
#14944=DIRECTION('',(0.,0.,1.));
#14945=DIRECTION('',(1.,0.,0.));
#14946=DIRECTION('',(0.,0.,-1.));
#14947=DIRECTION('',(0.,0.,1.));
#14948=DIRECTION('',(1.,0.,0.));
#14949=DIRECTION('',(1.,0.,0.));
#14950=DIRECTION('',(0.,0.,-1.));
#14951=DIRECTION('',(0.,-1.,0.));
#14952=DIRECTION('',(0.,0.,-1.));
#14953=DIRECTION('',(0.,-1.,0.));
#14954=DIRECTION('',(0.,0.,-1.));
#14955=DIRECTION('',(-1.,0.,0.));
#14956=DIRECTION('',(0.,0.,1.));
#14957=DIRECTION('',(1.,0.,0.));
#14958=DIRECTION('',(0.,0.,-1.));
#14959=DIRECTION('',(0.,0.,1.));
#14960=DIRECTION('',(1.,0.,0.));
#14961=DIRECTION('',(0.,1.,0.));
#14962=DIRECTION('',(0.,0.,1.));
#14963=DIRECTION('',(1.,0.,0.));
#14964=DIRECTION('',(0.,0.,-1.));
#14965=DIRECTION('',(1.,0.,0.));
#14966=DIRECTION('',(0.,0.,-1.));
#14967=DIRECTION('',(-1.,0.,0.));
#14968=DIRECTION('',(0.,0.,1.));
#14969=DIRECTION('',(1.,0.,0.));
#14970=DIRECTION('',(0.,0.,-1.));
#14971=DIRECTION('',(0.,0.,1.));
#14972=DIRECTION('',(1.,0.,0.));
#14973=DIRECTION('',(0.,0.,-1.));
#14974=DIRECTION('',(-1.,0.,0.));
#14975=DIRECTION('',(0.,0.,1.));
#14976=DIRECTION('',(1.,0.,0.));
#14977=DIRECTION('',(0.,0.,-1.));
#14978=DIRECTION('',(0.,0.,1.));
#14979=DIRECTION('',(1.,0.,0.));
#14980=DIRECTION('',(0.,0.,-1.));
#14981=DIRECTION('',(0.,1.,0.));
#14982=DIRECTION('',(0.,0.,1.));
#14983=DIRECTION('',(1.,0.,0.));
#14984=DIRECTION('',(0.,0.,-1.));
#14985=DIRECTION('',(1.,0.,0.));
#14986=DIRECTION('',(0.,0.,-1.));
#14987=DIRECTION('',(-1.,0.,0.));
#14988=DIRECTION('',(0.,0.,1.));
#14989=DIRECTION('',(1.,0.,0.));
#14990=DIRECTION('',(0.,0.,-1.));
#14991=DIRECTION('',(0.,0.,1.));
#14992=DIRECTION('',(1.,0.,0.));
#14993=DIRECTION('',(1.,0.,0.));
#14994=DIRECTION('',(0.,0.,-1.));
#14995=DIRECTION('',(0.,-1.,0.));
#14996=DIRECTION('',(0.,0.,-1.));
#14997=DIRECTION('',(0.,-1.,0.));
#14998=DIRECTION('',(0.,0.,-1.));
#14999=DIRECTION('',(-1.,0.,0.));
#15000=DIRECTION('',(0.,0.,1.));
#15001=DIRECTION('',(1.,0.,0.));
#15002=DIRECTION('',(0.,0.,-1.));
#15003=DIRECTION('',(0.,0.,1.));
#15004=DIRECTION('',(1.,0.,0.));
#15005=DIRECTION('',(0.,1.,0.));
#15006=DIRECTION('',(0.,0.,1.));
#15007=DIRECTION('',(1.,0.,0.));
#15008=DIRECTION('',(0.,0.,-1.));
#15009=DIRECTION('',(1.,0.,0.));
#15010=DIRECTION('',(0.,0.,-1.));
#15011=DIRECTION('',(-1.,0.,0.));
#15012=DIRECTION('',(0.,0.,1.));
#15013=DIRECTION('',(1.,0.,0.));
#15014=DIRECTION('',(0.,0.,-1.));
#15015=DIRECTION('',(0.,0.,1.));
#15016=DIRECTION('',(1.,0.,0.));
#15017=DIRECTION('',(0.,0.,-1.));
#15018=DIRECTION('',(-1.,0.,0.));
#15019=DIRECTION('',(0.,0.,1.));
#15020=DIRECTION('',(1.,0.,0.));
#15021=DIRECTION('',(0.,0.,-1.));
#15022=DIRECTION('',(0.,0.,1.));
#15023=DIRECTION('',(1.,0.,0.));
#15024=DIRECTION('',(0.,0.,-1.));
#15025=DIRECTION('',(0.,1.,0.));
#15026=DIRECTION('',(0.,0.,1.));
#15027=DIRECTION('',(1.,0.,0.));
#15028=DIRECTION('',(0.,0.,-1.));
#15029=DIRECTION('',(1.,0.,0.));
#15030=DIRECTION('',(0.,0.,-1.));
#15031=DIRECTION('',(-1.,0.,0.));
#15032=DIRECTION('',(0.,0.,1.));
#15033=DIRECTION('',(1.,0.,0.));
#15034=DIRECTION('',(0.,0.,-1.));
#15035=DIRECTION('',(0.,0.,1.));
#15036=DIRECTION('',(1.,0.,0.));
#15037=DIRECTION('',(1.,0.,0.));
#15038=DIRECTION('',(0.,0.,-1.));
#15039=DIRECTION('',(0.,-1.,0.));
#15040=DIRECTION('',(0.,0.,-1.));
#15041=DIRECTION('',(0.,-1.,0.));
#15042=DIRECTION('',(0.,0.,-1.));
#15043=DIRECTION('',(-1.,0.,0.));
#15044=DIRECTION('',(0.,0.,1.));
#15045=DIRECTION('',(1.,0.,0.));
#15046=DIRECTION('',(0.,0.,-1.));
#15047=DIRECTION('',(0.,0.,1.));
#15048=DIRECTION('',(1.,0.,0.));
#15049=DIRECTION('',(0.,1.,0.));
#15050=DIRECTION('',(0.,0.,1.));
#15051=DIRECTION('',(1.,0.,0.));
#15052=DIRECTION('',(0.,0.,-1.));
#15053=DIRECTION('',(1.,0.,0.));
#15054=DIRECTION('',(0.,0.,-1.));
#15055=DIRECTION('',(-1.,0.,0.));
#15056=DIRECTION('',(0.,0.,1.));
#15057=DIRECTION('',(1.,0.,0.));
#15058=DIRECTION('',(0.,0.,-1.));
#15059=DIRECTION('',(0.,0.,1.));
#15060=DIRECTION('',(1.,0.,0.));
#15061=DIRECTION('',(0.,0.,-1.));
#15062=DIRECTION('',(-1.,0.,0.));
#15063=DIRECTION('',(0.,0.,1.));
#15064=DIRECTION('',(1.,0.,0.));
#15065=DIRECTION('',(0.,0.,-1.));
#15066=DIRECTION('',(0.,0.,1.));
#15067=DIRECTION('',(1.,0.,0.));
#15068=DIRECTION('',(0.,0.,-1.));
#15069=DIRECTION('',(0.,1.,0.));
#15070=DIRECTION('',(0.,0.,1.));
#15071=DIRECTION('',(1.,0.,0.));
#15072=DIRECTION('',(0.,0.,-1.));
#15073=DIRECTION('',(1.,0.,0.));
#15074=DIRECTION('',(0.,0.,-1.));
#15075=DIRECTION('',(-1.,0.,0.));
#15076=DIRECTION('',(0.,0.,1.));
#15077=DIRECTION('',(1.,0.,0.));
#15078=DIRECTION('',(0.,0.,-1.));
#15079=DIRECTION('',(0.,0.,1.));
#15080=DIRECTION('',(1.,0.,0.));
#15081=DIRECTION('',(1.,0.,0.));
#15082=DIRECTION('',(0.,0.,-1.));
#15083=DIRECTION('',(0.,-1.,0.));
#15084=DIRECTION('',(0.,0.,-1.));
#15085=DIRECTION('',(0.,-1.,0.));
#15086=DIRECTION('',(0.,0.,-1.));
#15087=DIRECTION('',(-1.,0.,0.));
#15088=DIRECTION('',(0.,0.,1.));
#15089=DIRECTION('',(1.,0.,0.));
#15090=DIRECTION('',(0.,0.,-1.));
#15091=DIRECTION('',(0.,0.,1.));
#15092=DIRECTION('',(1.,0.,0.));
#15093=DIRECTION('',(0.,1.,0.));
#15094=DIRECTION('',(0.,0.,1.));
#15095=DIRECTION('',(1.,0.,0.));
#15096=DIRECTION('',(0.,0.,-1.));
#15097=DIRECTION('',(1.,0.,0.));
#15098=DIRECTION('',(0.,0.,-1.));
#15099=DIRECTION('',(-1.,0.,0.));
#15100=DIRECTION('',(0.,0.,1.));
#15101=DIRECTION('',(1.,0.,0.));
#15102=DIRECTION('',(0.,0.,-1.));
#15103=DIRECTION('',(0.,0.,1.));
#15104=DIRECTION('',(1.,0.,0.));
#15105=DIRECTION('',(0.,0.,-1.));
#15106=DIRECTION('',(-1.,0.,0.));
#15107=DIRECTION('',(0.,0.,1.));
#15108=DIRECTION('',(1.,0.,0.));
#15109=DIRECTION('',(0.,0.,-1.));
#15110=DIRECTION('',(0.,0.,1.));
#15111=DIRECTION('',(1.,0.,0.));
#15112=DIRECTION('',(0.,0.,-1.));
#15113=DIRECTION('',(0.,1.,0.));
#15114=DIRECTION('',(0.,0.,1.));
#15115=DIRECTION('',(1.,0.,0.));
#15116=DIRECTION('',(0.,0.,-1.));
#15117=DIRECTION('',(1.,0.,0.));
#15118=DIRECTION('',(0.,0.,-1.));
#15119=DIRECTION('',(-1.,0.,0.));
#15120=DIRECTION('',(0.,0.,1.));
#15121=DIRECTION('',(1.,0.,0.));
#15122=DIRECTION('',(0.,0.,-1.));
#15123=DIRECTION('',(0.,0.,1.));
#15124=DIRECTION('',(1.,0.,0.));
#15125=DIRECTION('',(1.,0.,0.));
#15126=DIRECTION('',(0.,0.,-1.));
#15127=DIRECTION('',(0.,-1.,0.));
#15128=DIRECTION('',(0.,0.,-1.));
#15129=DIRECTION('',(0.,-1.,0.));
#15130=DIRECTION('',(0.,0.,-1.));
#15131=DIRECTION('',(-1.,0.,0.));
#15132=DIRECTION('',(0.,0.,1.));
#15133=DIRECTION('',(1.,0.,0.));
#15134=DIRECTION('',(0.,0.,-1.));
#15135=DIRECTION('',(0.,0.,1.));
#15136=DIRECTION('',(1.,0.,0.));
#15137=DIRECTION('',(0.,1.,0.));
#15138=DIRECTION('',(0.,0.,1.));
#15139=DIRECTION('',(1.,0.,0.));
#15140=DIRECTION('',(0.,0.,-1.));
#15141=DIRECTION('',(1.,0.,0.));
#15142=DIRECTION('',(0.,0.,-1.));
#15143=DIRECTION('',(-1.,0.,0.));
#15144=DIRECTION('',(0.,0.,1.));
#15145=DIRECTION('',(1.,0.,0.));
#15146=DIRECTION('',(0.,0.,-1.));
#15147=DIRECTION('',(0.,0.,1.));
#15148=DIRECTION('',(1.,0.,0.));
#15149=DIRECTION('',(0.,0.,-1.));
#15150=DIRECTION('',(-1.,0.,0.));
#15151=DIRECTION('',(0.,0.,1.));
#15152=DIRECTION('',(1.,0.,0.));
#15153=DIRECTION('',(0.,0.,-1.));
#15154=DIRECTION('',(0.,0.,1.));
#15155=DIRECTION('',(1.,0.,0.));
#15156=DIRECTION('',(0.,0.,-1.));
#15157=DIRECTION('',(0.,1.,0.));
#15158=DIRECTION('',(0.,0.,1.));
#15159=DIRECTION('',(1.,0.,0.));
#15160=DIRECTION('',(0.,0.,-1.));
#15161=DIRECTION('',(1.,0.,0.));
#15162=DIRECTION('',(0.,0.,-1.));
#15163=DIRECTION('',(-1.,0.,0.));
#15164=DIRECTION('',(0.,0.,1.));
#15165=DIRECTION('',(1.,0.,0.));
#15166=DIRECTION('',(0.,0.,-1.));
#15167=DIRECTION('',(0.,0.,1.));
#15168=DIRECTION('',(1.,0.,0.));
#15169=DIRECTION('',(1.,0.,0.));
#15170=DIRECTION('',(0.,0.,-1.));
#15171=DIRECTION('',(0.,-1.,0.));
#15172=DIRECTION('',(0.,0.,-1.));
#15173=DIRECTION('',(0.,-1.,0.));
#15174=DIRECTION('',(0.,0.,-1.));
#15175=DIRECTION('',(-1.,0.,0.));
#15176=DIRECTION('',(0.,0.,1.));
#15177=DIRECTION('',(1.,0.,0.));
#15178=DIRECTION('',(0.,0.,-1.));
#15179=DIRECTION('',(0.,0.,1.));
#15180=DIRECTION('',(1.,0.,0.));
#15181=DIRECTION('',(0.,1.,0.));
#15182=DIRECTION('',(0.,0.,1.));
#15183=DIRECTION('',(1.,0.,0.));
#15184=DIRECTION('',(0.,0.,-1.));
#15185=DIRECTION('',(1.,0.,0.));
#15186=DIRECTION('',(0.,0.,-1.));
#15187=DIRECTION('',(-1.,0.,0.));
#15188=DIRECTION('',(0.,0.,1.));
#15189=DIRECTION('',(1.,0.,0.));
#15190=DIRECTION('',(0.,0.,-1.));
#15191=DIRECTION('',(0.,0.,1.));
#15192=DIRECTION('',(1.,0.,0.));
#15193=DIRECTION('',(0.,0.,-1.));
#15194=DIRECTION('',(-1.,0.,0.));
#15195=DIRECTION('',(0.,0.,1.));
#15196=DIRECTION('',(1.,0.,0.));
#15197=DIRECTION('',(0.,0.,-1.));
#15198=DIRECTION('',(0.,0.,1.));
#15199=DIRECTION('',(1.,0.,0.));
#15200=DIRECTION('',(0.,0.,-1.));
#15201=DIRECTION('',(0.,1.,0.));
#15202=DIRECTION('',(0.,0.,1.));
#15203=DIRECTION('',(1.,0.,0.));
#15204=DIRECTION('',(0.,0.,-1.));
#15205=DIRECTION('',(1.,0.,0.));
#15206=DIRECTION('',(0.,0.,-1.));
#15207=DIRECTION('',(-1.,0.,0.));
#15208=DIRECTION('',(0.,0.,1.));
#15209=DIRECTION('',(1.,0.,0.));
#15210=DIRECTION('',(0.,0.,-1.));
#15211=DIRECTION('',(0.,0.,1.));
#15212=DIRECTION('',(1.,0.,0.));
#15213=DIRECTION('',(1.,0.,0.));
#15214=DIRECTION('',(0.,0.,-1.));
#15215=DIRECTION('',(0.,-1.,0.));
#15216=DIRECTION('',(0.,0.,-1.));
#15217=DIRECTION('',(0.,-1.,0.));
#15218=DIRECTION('',(0.,0.,-1.));
#15219=DIRECTION('',(-1.,0.,0.));
#15220=DIRECTION('',(0.,0.,1.));
#15221=DIRECTION('',(1.,0.,0.));
#15222=DIRECTION('',(0.,0.,-1.));
#15223=DIRECTION('',(0.,0.,1.));
#15224=DIRECTION('',(1.,0.,0.));
#15225=DIRECTION('',(0.,1.,0.));
#15226=DIRECTION('',(0.,0.,1.));
#15227=DIRECTION('',(1.,0.,0.));
#15228=DIRECTION('',(0.,0.,-1.));
#15229=DIRECTION('',(1.,0.,0.));
#15230=DIRECTION('',(0.,0.,-1.));
#15231=DIRECTION('',(-1.,0.,0.));
#15232=DIRECTION('',(0.,0.,1.));
#15233=DIRECTION('',(1.,0.,0.));
#15234=DIRECTION('',(0.,0.,-1.));
#15235=DIRECTION('',(0.,0.,1.));
#15236=DIRECTION('',(1.,0.,0.));
#15237=DIRECTION('',(0.,0.,-1.));
#15238=DIRECTION('',(-1.,0.,0.));
#15239=DIRECTION('',(0.,0.,1.));
#15240=DIRECTION('',(1.,0.,0.));
#15241=DIRECTION('',(0.,0.,-1.));
#15242=DIRECTION('',(0.,0.,1.));
#15243=DIRECTION('',(1.,0.,0.));
#15244=DIRECTION('',(0.,0.,-1.));
#15245=DIRECTION('',(0.,1.,0.));
#15246=DIRECTION('',(0.,0.,1.));
#15247=DIRECTION('',(1.,0.,0.));
#15248=DIRECTION('',(0.,0.,-1.));
#15249=DIRECTION('',(1.,0.,0.));
#15250=DIRECTION('',(0.,0.,-1.));
#15251=DIRECTION('',(-1.,0.,0.));
#15252=DIRECTION('',(0.,0.,1.));
#15253=DIRECTION('',(1.,0.,0.));
#15254=DIRECTION('',(0.,0.,-1.));
#15255=DIRECTION('',(0.,0.,1.));
#15256=DIRECTION('',(1.,0.,0.));
#15257=DIRECTION('',(1.,0.,0.));
#15258=DIRECTION('',(0.,0.,-1.));
#15259=DIRECTION('',(0.,-1.,0.));
#15260=DIRECTION('',(0.,0.,-1.));
#15261=DIRECTION('',(0.,-1.,0.));
#15262=DIRECTION('',(0.,0.,-1.));
#15263=DIRECTION('',(-1.,0.,0.));
#15264=DIRECTION('',(0.,0.,1.));
#15265=DIRECTION('',(1.,0.,0.));
#15266=DIRECTION('',(0.,0.,-1.));
#15267=DIRECTION('',(0.,0.,1.));
#15268=DIRECTION('',(1.,0.,0.));
#15269=DIRECTION('',(0.,1.,0.));
#15270=DIRECTION('',(0.,0.,1.));
#15271=DIRECTION('',(1.,0.,0.));
#15272=DIRECTION('',(0.,0.,-1.));
#15273=DIRECTION('',(1.,0.,0.));
#15274=DIRECTION('',(0.,0.,-1.));
#15275=DIRECTION('',(-1.,0.,0.));
#15276=DIRECTION('',(0.,0.,1.));
#15277=DIRECTION('',(1.,0.,0.));
#15278=DIRECTION('',(0.,0.,-1.));
#15279=DIRECTION('',(0.,0.,1.));
#15280=DIRECTION('',(1.,0.,0.));
#15281=DIRECTION('',(0.,0.,-1.));
#15282=DIRECTION('',(-1.,0.,0.));
#15283=DIRECTION('',(0.,0.,1.));
#15284=DIRECTION('',(1.,0.,0.));
#15285=DIRECTION('',(0.,0.,-1.));
#15286=DIRECTION('',(0.,0.,1.));
#15287=DIRECTION('',(1.,0.,0.));
#15288=DIRECTION('',(0.,0.,-1.));
#15289=DIRECTION('',(0.,1.,0.));
#15290=DIRECTION('',(0.,0.,1.));
#15291=DIRECTION('',(1.,0.,0.));
#15292=DIRECTION('',(0.,0.,-1.));
#15293=DIRECTION('',(1.,0.,0.));
#15294=DIRECTION('',(0.,0.,-1.));
#15295=DIRECTION('',(-1.,0.,0.));
#15296=DIRECTION('',(0.,0.,1.));
#15297=DIRECTION('',(1.,0.,0.));
#15298=DIRECTION('',(0.,0.,-1.));
#15299=DIRECTION('',(0.,0.,1.));
#15300=DIRECTION('',(1.,0.,0.));
#15301=DIRECTION('',(1.,0.,0.));
#15302=DIRECTION('',(0.,0.,-1.));
#15303=DIRECTION('',(0.,-1.,0.));
#15304=DIRECTION('',(0.,0.,-1.));
#15305=DIRECTION('',(0.,-1.,0.));
#15306=DIRECTION('',(0.,0.,-1.));
#15307=DIRECTION('',(-1.,0.,0.));
#15308=DIRECTION('',(0.,0.,1.));
#15309=DIRECTION('',(1.,0.,0.));
#15310=DIRECTION('',(0.,0.,-1.));
#15311=DIRECTION('',(0.,0.,1.));
#15312=DIRECTION('',(1.,0.,0.));
#15313=DIRECTION('',(0.,1.,0.));
#15314=DIRECTION('',(0.,0.,1.));
#15315=DIRECTION('',(1.,0.,0.));
#15316=DIRECTION('',(0.,0.,-1.));
#15317=DIRECTION('',(1.,0.,0.));
#15318=DIRECTION('',(0.,0.,-1.));
#15319=DIRECTION('',(-1.,0.,0.));
#15320=DIRECTION('',(0.,0.,1.));
#15321=DIRECTION('',(1.,0.,0.));
#15322=DIRECTION('',(0.,0.,-1.));
#15323=DIRECTION('',(0.,0.,1.));
#15324=DIRECTION('',(1.,0.,0.));
#15325=DIRECTION('',(0.,0.,-1.));
#15326=DIRECTION('',(-1.,0.,0.));
#15327=DIRECTION('',(0.,0.,1.));
#15328=DIRECTION('',(1.,0.,0.));
#15329=DIRECTION('',(0.,0.,-1.));
#15330=DIRECTION('',(0.,0.,1.));
#15331=DIRECTION('',(1.,0.,0.));
#15332=DIRECTION('',(0.,0.,-1.));
#15333=DIRECTION('',(0.,1.,0.));
#15334=DIRECTION('',(0.,0.,1.));
#15335=DIRECTION('',(1.,0.,0.));
#15336=DIRECTION('',(0.,0.,-1.));
#15337=DIRECTION('',(1.,0.,0.));
#15338=DIRECTION('',(0.,0.,-1.));
#15339=DIRECTION('',(-1.,0.,0.));
#15340=DIRECTION('',(0.,0.,1.));
#15341=DIRECTION('',(1.,0.,0.));
#15342=DIRECTION('',(0.,0.,-1.));
#15343=DIRECTION('',(0.,0.,1.));
#15344=DIRECTION('',(1.,0.,0.));
#15345=DIRECTION('',(1.,0.,0.));
#15346=DIRECTION('',(0.,0.,-1.));
#15347=DIRECTION('',(0.,-1.,0.));
#15348=DIRECTION('',(0.,0.,-1.));
#15349=DIRECTION('',(0.,-1.,0.));
#15350=DIRECTION('',(0.,0.,-1.));
#15351=DIRECTION('',(-1.,0.,0.));
#15352=DIRECTION('',(0.,0.,1.));
#15353=DIRECTION('',(1.,0.,0.));
#15354=DIRECTION('',(0.,0.,-1.));
#15355=DIRECTION('',(0.,0.,1.));
#15356=DIRECTION('',(1.,0.,0.));
#15357=DIRECTION('',(0.,1.,0.));
#15358=DIRECTION('',(0.,0.,1.));
#15359=DIRECTION('',(1.,0.,0.));
#15360=DIRECTION('',(0.,0.,-1.));
#15361=DIRECTION('',(1.,0.,0.));
#15362=DIRECTION('',(0.,0.,-1.));
#15363=DIRECTION('',(-1.,0.,0.));
#15364=DIRECTION('',(0.,0.,1.));
#15365=DIRECTION('',(1.,0.,0.));
#15366=DIRECTION('',(0.,0.,-1.));
#15367=DIRECTION('',(0.,0.,1.));
#15368=DIRECTION('',(1.,0.,0.));
#15369=DIRECTION('',(0.,0.,-1.));
#15370=DIRECTION('',(-1.,0.,0.));
#15371=DIRECTION('',(0.,0.,1.));
#15372=DIRECTION('',(1.,0.,0.));
#15373=DIRECTION('',(0.,0.,-1.));
#15374=DIRECTION('',(0.,0.,1.));
#15375=DIRECTION('',(1.,0.,0.));
#15376=DIRECTION('',(0.,0.,-1.));
#15377=DIRECTION('',(0.,1.,0.));
#15378=DIRECTION('',(0.,0.,1.));
#15379=DIRECTION('',(1.,0.,0.));
#15380=DIRECTION('',(0.,0.,-1.));
#15381=DIRECTION('',(1.,0.,0.));
#15382=DIRECTION('',(0.,0.,-1.));
#15383=DIRECTION('',(-1.,0.,0.));
#15384=DIRECTION('',(0.,0.,1.));
#15385=DIRECTION('',(1.,0.,0.));
#15386=DIRECTION('',(0.,0.,-1.));
#15387=DIRECTION('',(0.,0.,1.));
#15388=DIRECTION('',(1.,0.,0.));
#15389=DIRECTION('',(1.,0.,0.));
#15390=DIRECTION('',(0.,0.,-1.));
#15391=DIRECTION('',(0.,-1.,0.));
#15392=DIRECTION('',(0.,0.,-1.));
#15393=DIRECTION('',(0.,-1.,0.));
#15394=DIRECTION('',(0.,0.,-1.));
#15395=DIRECTION('',(-1.,0.,0.));
#15396=DIRECTION('',(0.,0.,1.));
#15397=DIRECTION('',(1.,0.,0.));
#15398=DIRECTION('',(0.,0.,-1.));
#15399=DIRECTION('',(0.,0.,1.));
#15400=DIRECTION('',(1.,0.,0.));
#15401=DIRECTION('',(0.,1.,0.));
#15402=DIRECTION('',(0.,0.,1.));
#15403=DIRECTION('',(1.,0.,0.));
#15404=DIRECTION('',(0.,0.,-1.));
#15405=DIRECTION('',(1.,0.,0.));
#15406=DIRECTION('',(0.,0.,-1.));
#15407=DIRECTION('',(-1.,0.,0.));
#15408=DIRECTION('',(0.,0.,1.));
#15409=DIRECTION('',(1.,0.,0.));
#15410=DIRECTION('',(0.,0.,-1.));
#15411=DIRECTION('',(0.,0.,1.));
#15412=DIRECTION('',(1.,0.,0.));
#15413=DIRECTION('',(0.,0.,-1.));
#15414=DIRECTION('',(-1.,0.,0.));
#15415=DIRECTION('',(0.,0.,1.));
#15416=DIRECTION('',(1.,0.,0.));
#15417=DIRECTION('',(0.,0.,-1.));
#15418=DIRECTION('',(0.,0.,1.));
#15419=DIRECTION('',(1.,0.,0.));
#15420=DIRECTION('',(0.,0.,-1.));
#15421=DIRECTION('',(0.,1.,0.));
#15422=DIRECTION('',(0.,0.,1.));
#15423=DIRECTION('',(1.,0.,0.));
#15424=DIRECTION('',(0.,0.,-1.));
#15425=DIRECTION('',(1.,0.,0.));
#15426=DIRECTION('',(0.,0.,-1.));
#15427=DIRECTION('',(-1.,0.,0.));
#15428=DIRECTION('',(0.,0.,1.));
#15429=DIRECTION('',(1.,0.,0.));
#15430=DIRECTION('',(0.,0.,-1.));
#15431=DIRECTION('',(0.,0.,1.));
#15432=DIRECTION('',(1.,0.,0.));
#15433=DIRECTION('',(1.,0.,0.));
#15434=DIRECTION('',(0.,0.,-1.));
#15435=DIRECTION('',(0.,-1.,0.));
#15436=DIRECTION('',(0.,0.,-1.));
#15437=DIRECTION('',(0.,-1.,0.));
#15438=DIRECTION('',(0.,0.,-1.));
#15439=DIRECTION('',(-1.,0.,0.));
#15440=DIRECTION('',(0.,0.,1.));
#15441=DIRECTION('',(1.,0.,0.));
#15442=DIRECTION('',(0.,0.,-1.));
#15443=DIRECTION('',(0.,0.,1.));
#15444=DIRECTION('',(1.,0.,0.));
#15445=DIRECTION('',(0.,1.,0.));
#15446=DIRECTION('',(0.,0.,1.));
#15447=DIRECTION('',(1.,0.,0.));
#15448=DIRECTION('',(0.,0.,-1.));
#15449=DIRECTION('',(1.,0.,0.));
#15450=DIRECTION('',(0.,0.,-1.));
#15451=DIRECTION('',(-1.,0.,0.));
#15452=DIRECTION('',(0.,0.,1.));
#15453=DIRECTION('',(1.,0.,0.));
#15454=DIRECTION('',(0.,0.,-1.));
#15455=DIRECTION('',(0.,0.,1.));
#15456=DIRECTION('',(1.,0.,0.));
#15457=DIRECTION('',(0.,0.,-1.));
#15458=DIRECTION('',(-1.,0.,0.));
#15459=DIRECTION('',(0.,0.,1.));
#15460=DIRECTION('',(1.,0.,0.));
#15461=DIRECTION('',(0.,0.,-1.));
#15462=DIRECTION('',(0.,0.,1.));
#15463=DIRECTION('',(1.,0.,0.));
#15464=DIRECTION('',(0.,0.,-1.));
#15465=DIRECTION('',(0.,1.,0.));
#15466=DIRECTION('',(0.,0.,1.));
#15467=DIRECTION('',(1.,0.,0.));
#15468=DIRECTION('',(0.,0.,-1.));
#15469=DIRECTION('',(1.,0.,0.));
#15470=DIRECTION('',(0.,0.,-1.));
#15471=DIRECTION('',(-1.,0.,0.));
#15472=DIRECTION('',(0.,0.,1.));
#15473=DIRECTION('',(1.,0.,0.));
#15474=DIRECTION('',(0.,0.,-1.));
#15475=DIRECTION('',(0.,0.,1.));
#15476=DIRECTION('',(1.,0.,0.));
#15477=DIRECTION('',(1.,0.,0.));
#15478=DIRECTION('',(0.,0.,-1.));
#15479=DIRECTION('',(0.,-1.,0.));
#15480=DIRECTION('',(0.,0.,-1.));
#15481=DIRECTION('',(0.,-1.,0.));
#15482=DIRECTION('',(0.,0.,-1.));
#15483=DIRECTION('',(-1.,0.,0.));
#15484=DIRECTION('',(0.,0.,1.));
#15485=DIRECTION('',(1.,0.,0.));
#15486=DIRECTION('',(0.,0.,-1.));
#15487=DIRECTION('',(0.,0.,1.));
#15488=DIRECTION('',(1.,0.,0.));
#15489=DIRECTION('',(0.,1.,0.));
#15490=DIRECTION('',(0.,0.,1.));
#15491=DIRECTION('',(1.,0.,0.));
#15492=DIRECTION('',(0.,0.,-1.));
#15493=DIRECTION('',(1.,0.,0.));
#15494=DIRECTION('',(0.,0.,-1.));
#15495=DIRECTION('',(-1.,0.,0.));
#15496=DIRECTION('',(0.,0.,1.));
#15497=DIRECTION('',(1.,0.,0.));
#15498=DIRECTION('',(0.,0.,-1.));
#15499=DIRECTION('',(0.,0.,1.));
#15500=DIRECTION('',(1.,0.,0.));
#15501=DIRECTION('',(0.,0.,-1.));
#15502=DIRECTION('',(-1.,0.,0.));
#15503=DIRECTION('',(0.,0.,1.));
#15504=DIRECTION('',(1.,0.,0.));
#15505=DIRECTION('',(0.,0.,-1.));
#15506=DIRECTION('',(0.,0.,1.));
#15507=DIRECTION('',(1.,0.,0.));
#15508=DIRECTION('',(0.,0.,-1.));
#15509=DIRECTION('',(0.,1.,0.));
#15510=DIRECTION('',(0.,0.,1.));
#15511=DIRECTION('',(1.,0.,0.));
#15512=DIRECTION('',(0.,0.,-1.));
#15513=DIRECTION('',(1.,0.,0.));
#15514=DIRECTION('',(0.,0.,-1.));
#15515=DIRECTION('',(-1.,0.,0.));
#15516=DIRECTION('',(0.,0.,1.));
#15517=DIRECTION('',(1.,0.,0.));
#15518=DIRECTION('',(0.,0.,-1.));
#15519=DIRECTION('',(0.,0.,1.));
#15520=DIRECTION('',(1.,0.,0.));
#15521=DIRECTION('',(1.,0.,0.));
#15522=DIRECTION('',(0.,0.,-1.));
#15523=DIRECTION('',(0.,-1.,0.));
#15524=DIRECTION('',(0.,0.,-1.));
#15525=DIRECTION('',(0.,-1.,0.));
#15526=DIRECTION('',(0.,0.,-1.));
#15527=DIRECTION('',(-1.,0.,0.));
#15528=DIRECTION('',(0.,0.,1.));
#15529=DIRECTION('',(1.,0.,0.));
#15530=DIRECTION('',(0.,0.,-1.));
#15531=DIRECTION('',(0.,0.,1.));
#15532=DIRECTION('',(1.,0.,0.));
#15533=DIRECTION('',(0.,1.,0.));
#15534=DIRECTION('',(0.,0.,1.));
#15535=DIRECTION('',(1.,0.,0.));
#15536=DIRECTION('',(0.,0.,-1.));
#15537=DIRECTION('',(1.,0.,0.));
#15538=DIRECTION('',(0.,0.,-1.));
#15539=DIRECTION('',(-1.,0.,0.));
#15540=DIRECTION('',(0.,0.,1.));
#15541=DIRECTION('',(1.,0.,0.));
#15542=DIRECTION('',(0.,0.,-1.));
#15543=DIRECTION('',(0.,0.,1.));
#15544=DIRECTION('',(1.,0.,0.));
#15545=DIRECTION('',(0.,0.,-1.));
#15546=DIRECTION('',(-1.,0.,0.));
#15547=DIRECTION('',(0.,0.,1.));
#15548=DIRECTION('',(1.,0.,0.));
#15549=DIRECTION('',(0.,0.,-1.));
#15550=DIRECTION('',(0.,0.,1.));
#15551=DIRECTION('',(1.,0.,0.));
#15552=DIRECTION('',(0.,0.,-1.));
#15553=DIRECTION('',(0.,1.,0.));
#15554=DIRECTION('',(0.,0.,1.));
#15555=DIRECTION('',(1.,0.,0.));
#15556=DIRECTION('',(0.,0.,-1.));
#15557=DIRECTION('',(1.,0.,0.));
#15558=DIRECTION('',(0.,0.,-1.));
#15559=DIRECTION('',(-1.,0.,0.));
#15560=DIRECTION('',(0.,0.,1.));
#15561=DIRECTION('',(1.,0.,0.));
#15562=DIRECTION('',(0.,0.,-1.));
#15563=DIRECTION('',(0.,0.,1.));
#15564=DIRECTION('',(1.,0.,0.));
#15565=DIRECTION('',(1.,0.,0.));
#15566=DIRECTION('',(0.,0.,-1.));
#15567=DIRECTION('',(0.,-1.,0.));
#15568=DIRECTION('',(0.,0.,-1.));
#15569=DIRECTION('',(0.,-1.,0.));
#15570=DIRECTION('',(0.,0.,-1.));
#15571=DIRECTION('',(-1.,0.,0.));
#15572=DIRECTION('',(0.,0.,1.));
#15573=DIRECTION('',(1.,0.,0.));
#15574=DIRECTION('',(0.,0.,-1.));
#15575=DIRECTION('',(0.,0.,1.));
#15576=DIRECTION('',(1.,0.,0.));
#15577=DIRECTION('',(0.,1.,0.));
#15578=DIRECTION('',(0.,0.,1.));
#15579=DIRECTION('',(1.,0.,0.));
#15580=DIRECTION('',(0.,0.,-1.));
#15581=DIRECTION('',(1.,0.,0.));
#15582=DIRECTION('',(0.,0.,-1.));
#15583=DIRECTION('',(-1.,0.,0.));
#15584=DIRECTION('',(0.,0.,1.));
#15585=DIRECTION('',(1.,0.,0.));
#15586=DIRECTION('',(0.,0.,-1.));
#15587=DIRECTION('',(0.,0.,1.));
#15588=DIRECTION('',(1.,0.,0.));
#15589=DIRECTION('',(0.,0.,-1.));
#15590=DIRECTION('',(-1.,0.,0.));
#15591=DIRECTION('',(0.,0.,1.));
#15592=DIRECTION('',(1.,0.,0.));
#15593=DIRECTION('',(0.,0.,-1.));
#15594=DIRECTION('',(0.,0.,1.));
#15595=DIRECTION('',(1.,0.,0.));
#15596=DIRECTION('',(0.,0.,-1.));
#15597=DIRECTION('',(0.,1.,0.));
#15598=DIRECTION('',(0.,0.,1.));
#15599=DIRECTION('',(1.,0.,0.));
#15600=DIRECTION('',(0.,0.,-1.));
#15601=DIRECTION('',(1.,0.,0.));
#15602=DIRECTION('',(0.,0.,-1.));
#15603=DIRECTION('',(-1.,0.,0.));
#15604=DIRECTION('',(0.,0.,1.));
#15605=DIRECTION('',(1.,0.,0.));
#15606=DIRECTION('',(0.,0.,-1.));
#15607=DIRECTION('',(0.,0.,1.));
#15608=DIRECTION('',(1.,0.,0.));
#15609=DIRECTION('',(1.,0.,0.));
#15610=DIRECTION('',(0.,0.,-1.));
#15611=DIRECTION('',(0.,-1.,0.));
#15612=DIRECTION('',(0.,0.,-1.));
#15613=DIRECTION('',(0.,-1.,0.));
#15614=DIRECTION('',(0.,0.,-1.));
#15615=DIRECTION('',(-1.,0.,0.));
#15616=DIRECTION('',(0.,0.,1.));
#15617=DIRECTION('',(1.,0.,0.));
#15618=DIRECTION('',(0.,0.,-1.));
#15619=DIRECTION('',(0.,0.,1.));
#15620=DIRECTION('',(1.,0.,0.));
#15621=DIRECTION('',(0.,1.,0.));
#15622=DIRECTION('',(0.,0.,1.));
#15623=DIRECTION('',(1.,0.,0.));
#15624=DIRECTION('',(0.,0.,-1.));
#15625=DIRECTION('',(1.,0.,0.));
#15626=DIRECTION('',(0.,0.,-1.));
#15627=DIRECTION('',(-1.,0.,0.));
#15628=DIRECTION('',(0.,0.,1.));
#15629=DIRECTION('',(1.,0.,0.));
#15630=DIRECTION('',(0.,0.,-1.));
#15631=DIRECTION('',(0.,0.,1.));
#15632=DIRECTION('',(1.,0.,0.));
#15633=DIRECTION('',(0.,0.,-1.));
#15634=DIRECTION('',(-1.,0.,0.));
#15635=DIRECTION('',(0.,0.,1.));
#15636=DIRECTION('',(1.,0.,0.));
#15637=DIRECTION('',(0.,0.,-1.));
#15638=DIRECTION('',(0.,0.,1.));
#15639=DIRECTION('',(1.,0.,0.));
#15640=DIRECTION('',(0.,0.,-1.));
#15641=DIRECTION('',(0.,1.,0.));
#15642=DIRECTION('',(0.,0.,1.));
#15643=DIRECTION('',(1.,0.,0.));
#15644=DIRECTION('',(0.,0.,-1.));
#15645=DIRECTION('',(1.,0.,0.));
#15646=DIRECTION('',(0.,0.,-1.));
#15647=DIRECTION('',(-1.,0.,0.));
#15648=DIRECTION('',(0.,0.,1.));
#15649=DIRECTION('',(1.,0.,0.));
#15650=DIRECTION('',(0.,0.,-1.));
#15651=DIRECTION('',(0.,0.,1.));
#15652=DIRECTION('',(1.,0.,0.));
#15653=DIRECTION('',(1.,0.,0.));
#15654=DIRECTION('',(0.,0.,-1.));
#15655=DIRECTION('',(0.,-1.,0.));
#15656=DIRECTION('',(0.,0.,-1.));
#15657=DIRECTION('',(0.,-1.,0.));
#15658=DIRECTION('',(0.,0.,-1.));
#15659=DIRECTION('',(-1.,0.,0.));
#15660=DIRECTION('',(0.,0.,1.));
#15661=DIRECTION('',(1.,0.,0.));
#15662=DIRECTION('',(0.,0.,-1.));
#15663=DIRECTION('',(0.,0.,1.));
#15664=DIRECTION('',(1.,0.,0.));
#15665=DIRECTION('',(0.,1.,0.));
#15666=DIRECTION('',(0.,0.,1.));
#15667=DIRECTION('',(1.,0.,0.));
#15668=DIRECTION('',(0.,0.,-1.));
#15669=DIRECTION('',(1.,0.,0.));
#15670=DIRECTION('',(0.,0.,-1.));
#15671=DIRECTION('',(-1.,0.,0.));
#15672=DIRECTION('',(0.,0.,1.));
#15673=DIRECTION('',(1.,0.,0.));
#15674=DIRECTION('',(0.,0.,-1.));
#15675=DIRECTION('',(0.,0.,1.));
#15676=DIRECTION('',(1.,0.,0.));
#15677=DIRECTION('',(0.,0.,-1.));
#15678=DIRECTION('',(-1.,0.,0.));
#15679=DIRECTION('',(0.,0.,1.));
#15680=DIRECTION('',(1.,0.,0.));
#15681=DIRECTION('',(0.,0.,-1.));
#15682=DIRECTION('',(0.,0.,1.));
#15683=DIRECTION('',(1.,0.,0.));
#15684=DIRECTION('',(0.,0.,-1.));
#15685=DIRECTION('',(0.,1.,0.));
#15686=DIRECTION('',(0.,0.,1.));
#15687=DIRECTION('',(1.,0.,0.));
#15688=DIRECTION('',(0.,0.,-1.));
#15689=DIRECTION('',(1.,0.,0.));
#15690=DIRECTION('',(0.,0.,-1.));
#15691=DIRECTION('',(-1.,0.,0.));
#15692=DIRECTION('',(0.,0.,1.));
#15693=DIRECTION('',(1.,0.,0.));
#15694=DIRECTION('',(0.,0.,-1.));
#15695=DIRECTION('',(0.,0.,1.));
#15696=DIRECTION('',(1.,0.,0.));
#15697=DIRECTION('',(1.,0.,0.));
#15698=DIRECTION('',(0.,0.,-1.));
#15699=DIRECTION('',(0.,-1.,0.));
#15700=DIRECTION('',(0.,0.,-1.));
#15701=DIRECTION('',(0.,-1.,0.));
#15702=DIRECTION('',(0.,0.,-1.));
#15703=DIRECTION('',(-1.,0.,0.));
#15704=DIRECTION('',(0.,0.,1.));
#15705=DIRECTION('',(1.,0.,0.));
#15706=DIRECTION('',(0.,0.,-1.));
#15707=DIRECTION('',(0.,0.,1.));
#15708=DIRECTION('',(1.,0.,0.));
#15709=DIRECTION('',(0.,1.,0.));
#15710=DIRECTION('',(0.,0.,1.));
#15711=DIRECTION('',(1.,0.,0.));
#15712=DIRECTION('',(0.,0.,-1.));
#15713=DIRECTION('',(1.,0.,0.));
#15714=DIRECTION('',(0.,0.,-1.));
#15715=DIRECTION('',(-1.,0.,0.));
#15716=DIRECTION('',(0.,0.,1.));
#15717=DIRECTION('',(1.,0.,0.));
#15718=DIRECTION('',(0.,0.,-1.));
#15719=DIRECTION('',(0.,0.,1.));
#15720=DIRECTION('',(1.,0.,0.));
#15721=DIRECTION('',(0.,0.,-1.));
#15722=DIRECTION('',(-1.,0.,0.));
#15723=DIRECTION('',(0.,0.,1.));
#15724=DIRECTION('',(1.,0.,0.));
#15725=DIRECTION('',(0.,0.,-1.));
#15726=DIRECTION('',(0.,0.,1.));
#15727=DIRECTION('',(1.,0.,0.));
#15728=DIRECTION('',(0.,0.,-1.));
#15729=DIRECTION('',(0.,1.,0.));
#15730=DIRECTION('',(0.,0.,1.));
#15731=DIRECTION('',(1.,0.,0.));
#15732=DIRECTION('',(0.,0.,-1.));
#15733=DIRECTION('',(1.,0.,0.));
#15734=DIRECTION('',(0.,0.,-1.));
#15735=DIRECTION('',(-1.,0.,0.));
#15736=DIRECTION('',(0.,0.,1.));
#15737=DIRECTION('',(1.,0.,0.));
#15738=DIRECTION('',(0.,0.,-1.));
#15739=DIRECTION('',(0.,0.,1.));
#15740=DIRECTION('',(1.,0.,0.));
#15741=DIRECTION('',(1.,0.,0.));
#15742=DIRECTION('',(0.,0.,-1.));
#15743=DIRECTION('',(0.,-1.,0.));
#15744=DIRECTION('',(0.,0.,-1.));
#15745=DIRECTION('',(0.,-1.,0.));
#15746=DIRECTION('',(0.,0.,-1.));
#15747=DIRECTION('',(-1.,0.,0.));
#15748=DIRECTION('',(0.,0.,1.));
#15749=DIRECTION('',(1.,0.,0.));
#15750=DIRECTION('',(0.,0.,-1.));
#15751=DIRECTION('',(0.,0.,1.));
#15752=DIRECTION('',(1.,0.,0.));
#15753=DIRECTION('',(0.,1.,0.));
#15754=DIRECTION('',(0.,0.,1.));
#15755=DIRECTION('',(1.,0.,0.));
#15756=DIRECTION('',(0.,0.,-1.));
#15757=DIRECTION('',(1.,0.,0.));
#15758=DIRECTION('',(0.,0.,-1.));
#15759=DIRECTION('',(-1.,0.,0.));
#15760=DIRECTION('',(0.,0.,1.));
#15761=DIRECTION('',(1.,0.,0.));
#15762=DIRECTION('',(0.,0.,-1.));
#15763=DIRECTION('',(0.,0.,1.));
#15764=DIRECTION('',(1.,0.,0.));
#15765=DIRECTION('',(0.,0.,-1.));
#15766=DIRECTION('',(-1.,0.,0.));
#15767=DIRECTION('',(0.,0.,1.));
#15768=DIRECTION('',(1.,0.,0.));
#15769=DIRECTION('',(0.,0.,-1.));
#15770=DIRECTION('',(0.,0.,1.));
#15771=DIRECTION('',(1.,0.,0.));
#15772=DIRECTION('',(0.,0.,-1.));
#15773=DIRECTION('',(0.,1.,0.));
#15774=DIRECTION('',(0.,0.,1.));
#15775=DIRECTION('',(1.,0.,0.));
#15776=DIRECTION('',(0.,0.,-1.));
#15777=DIRECTION('',(1.,0.,0.));
#15778=DIRECTION('',(0.,0.,-1.));
#15779=DIRECTION('',(-1.,0.,0.));
#15780=DIRECTION('',(0.,0.,1.));
#15781=DIRECTION('',(1.,0.,0.));
#15782=DIRECTION('',(0.,0.,-1.));
#15783=DIRECTION('',(0.,0.,1.));
#15784=DIRECTION('',(1.,0.,0.));
#15785=DIRECTION('',(1.,0.,0.));
#15786=DIRECTION('',(0.,0.,-1.));
#15787=DIRECTION('',(0.,-1.,0.));
#15788=DIRECTION('',(0.,0.,-1.));
#15789=DIRECTION('',(0.,-1.,0.));
#15790=DIRECTION('',(0.,0.,-1.));
#15791=DIRECTION('',(-1.,0.,0.));
#15792=DIRECTION('',(0.,0.,1.));
#15793=DIRECTION('',(1.,0.,0.));
#15794=DIRECTION('',(0.,0.,-1.));
#15795=DIRECTION('',(0.,0.,1.));
#15796=DIRECTION('',(1.,0.,0.));
#15797=DIRECTION('',(0.,1.,0.));
#15798=DIRECTION('',(0.,0.,1.));
#15799=DIRECTION('',(1.,0.,0.));
#15800=DIRECTION('',(0.,0.,-1.));
#15801=DIRECTION('',(1.,0.,0.));
#15802=DIRECTION('',(0.,0.,-1.));
#15803=DIRECTION('',(-1.,0.,0.));
#15804=DIRECTION('',(0.,0.,1.));
#15805=DIRECTION('',(1.,0.,0.));
#15806=DIRECTION('',(0.,0.,-1.));
#15807=DIRECTION('',(0.,0.,1.));
#15808=DIRECTION('',(1.,0.,0.));
#15809=DIRECTION('',(0.,0.,-1.));
#15810=DIRECTION('',(-1.,0.,0.));
#15811=DIRECTION('',(0.,0.,1.));
#15812=DIRECTION('',(1.,0.,0.));
#15813=DIRECTION('',(0.,0.,-1.));
#15814=DIRECTION('',(0.,0.,1.));
#15815=DIRECTION('',(1.,0.,0.));
#15816=DIRECTION('',(0.,0.,-1.));
#15817=DIRECTION('',(0.,1.,0.));
#15818=DIRECTION('',(0.,0.,1.));
#15819=DIRECTION('',(1.,0.,0.));
#15820=DIRECTION('',(0.,0.,-1.));
#15821=DIRECTION('',(1.,0.,0.));
#15822=DIRECTION('',(0.,0.,-1.));
#15823=DIRECTION('',(-1.,0.,0.));
#15824=DIRECTION('',(0.,0.,1.));
#15825=DIRECTION('',(1.,0.,0.));
#15826=DIRECTION('',(0.,0.,-1.));
#15827=DIRECTION('',(0.,0.,1.));
#15828=DIRECTION('',(1.,0.,0.));
#15829=DIRECTION('',(1.,0.,0.));
#15830=DIRECTION('',(0.,0.,-1.));
#15831=DIRECTION('',(0.,-1.,0.));
#15832=DIRECTION('',(0.,0.,-1.));
#15833=DIRECTION('',(0.,-1.,0.));
#15834=DIRECTION('',(0.,0.,-1.));
#15835=DIRECTION('',(-1.,0.,0.));
#15836=DIRECTION('',(0.,0.,1.));
#15837=DIRECTION('',(1.,0.,0.));
#15838=DIRECTION('',(0.,0.,-1.));
#15839=DIRECTION('',(0.,0.,1.));
#15840=DIRECTION('',(1.,0.,0.));
#15841=DIRECTION('',(0.,1.,0.));
#15842=DIRECTION('',(0.,0.,1.));
#15843=DIRECTION('',(1.,0.,0.));
#15844=DIRECTION('',(0.,0.,-1.));
#15845=DIRECTION('',(1.,0.,0.));
#15846=DIRECTION('',(0.,0.,-1.));
#15847=DIRECTION('',(-1.,0.,0.));
#15848=DIRECTION('',(0.,0.,1.));
#15849=DIRECTION('',(1.,0.,0.));
#15850=DIRECTION('',(0.,0.,-1.));
#15851=DIRECTION('',(0.,0.,1.));
#15852=DIRECTION('',(1.,0.,0.));
#15853=DIRECTION('',(0.,0.,-1.));
#15854=DIRECTION('',(-1.,0.,0.));
#15855=DIRECTION('',(0.,0.,1.));
#15856=DIRECTION('',(1.,0.,0.));
#15857=DIRECTION('',(0.,0.,-1.));
#15858=DIRECTION('',(0.,0.,1.));
#15859=DIRECTION('',(1.,0.,0.));
#15860=DIRECTION('',(0.,0.,-1.));
#15861=DIRECTION('',(0.,1.,0.));
#15862=DIRECTION('',(0.,0.,1.));
#15863=DIRECTION('',(1.,0.,0.));
#15864=DIRECTION('',(0.,0.,-1.));
#15865=DIRECTION('',(1.,0.,0.));
#15866=DIRECTION('',(0.,0.,-1.));
#15867=DIRECTION('',(-1.,0.,0.));
#15868=DIRECTION('',(0.,0.,1.));
#15869=DIRECTION('',(1.,0.,0.));
#15870=DIRECTION('',(0.,0.,-1.));
#15871=DIRECTION('',(0.,0.,1.));
#15872=DIRECTION('',(1.,0.,0.));
#15873=DIRECTION('',(1.,0.,0.));
#15874=DIRECTION('',(0.,0.,-1.));
#15875=DIRECTION('',(0.,-1.,0.));
#15876=DIRECTION('',(0.,0.,-1.));
#15877=DIRECTION('',(0.,-1.,0.));
#15878=DIRECTION('',(0.,0.,-1.));
#15879=DIRECTION('',(-1.,0.,0.));
#15880=DIRECTION('',(0.,0.,1.));
#15881=DIRECTION('',(1.,0.,0.));
#15882=DIRECTION('',(0.,0.,-1.));
#15883=DIRECTION('',(0.,0.,1.));
#15884=DIRECTION('',(1.,0.,0.));
#15885=DIRECTION('',(0.,1.,0.));
#15886=DIRECTION('',(0.,0.,1.));
#15887=DIRECTION('',(1.,0.,0.));
#15888=DIRECTION('',(0.,0.,-1.));
#15889=DIRECTION('',(1.,0.,0.));
#15890=DIRECTION('',(0.,0.,-1.));
#15891=DIRECTION('',(-1.,0.,0.));
#15892=DIRECTION('',(0.,0.,1.));
#15893=DIRECTION('',(1.,0.,0.));
#15894=DIRECTION('',(0.,0.,-1.));
#15895=DIRECTION('',(0.,0.,1.));
#15896=DIRECTION('',(1.,0.,0.));
#15897=DIRECTION('',(0.,0.,-1.));
#15898=DIRECTION('',(-1.,0.,0.));
#15899=DIRECTION('',(0.,0.,1.));
#15900=DIRECTION('',(1.,0.,0.));
#15901=DIRECTION('',(0.,0.,-1.));
#15902=DIRECTION('',(0.,0.,1.));
#15903=DIRECTION('',(1.,0.,0.));
#15904=DIRECTION('',(0.,0.,-1.));
#15905=DIRECTION('',(0.,1.,0.));
#15906=DIRECTION('',(0.,0.,1.));
#15907=DIRECTION('',(1.,0.,0.));
#15908=DIRECTION('',(0.,0.,-1.));
#15909=DIRECTION('',(1.,0.,0.));
#15910=DIRECTION('',(0.,0.,-1.));
#15911=DIRECTION('',(-1.,0.,0.));
#15912=DIRECTION('',(0.,0.,1.));
#15913=DIRECTION('',(1.,0.,0.));
#15914=DIRECTION('',(0.,0.,-1.));
#15915=DIRECTION('',(0.,0.,1.));
#15916=DIRECTION('',(1.,0.,0.));
#15917=DIRECTION('',(1.,0.,0.));
#15918=DIRECTION('',(0.,0.,-1.));
#15919=DIRECTION('',(0.,-1.,0.));
#15920=DIRECTION('',(0.,0.,-1.));
#15921=DIRECTION('',(0.,-1.,0.));
#15922=DIRECTION('',(0.,0.,-1.));
#15923=DIRECTION('',(-1.,0.,0.));
#15924=DIRECTION('',(0.,0.,1.));
#15925=DIRECTION('',(1.,0.,0.));
#15926=DIRECTION('',(0.,0.,-1.));
#15927=DIRECTION('',(0.,0.,1.));
#15928=DIRECTION('',(1.,0.,0.));
#15929=DIRECTION('',(0.,1.,0.));
#15930=DIRECTION('',(0.,0.,1.));
#15931=DIRECTION('',(1.,0.,0.));
#15932=DIRECTION('',(0.,0.,-1.));
#15933=DIRECTION('',(1.,0.,0.));
#15934=DIRECTION('',(0.,0.,-1.));
#15935=DIRECTION('',(-1.,0.,0.));
#15936=DIRECTION('',(0.,0.,1.));
#15937=DIRECTION('',(1.,0.,0.));
#15938=DIRECTION('',(0.,0.,-1.));
#15939=DIRECTION('',(0.,0.,1.));
#15940=DIRECTION('',(1.,0.,0.));
#15941=DIRECTION('',(0.,0.,-1.));
#15942=DIRECTION('',(-1.,0.,0.));
#15943=DIRECTION('',(0.,0.,1.));
#15944=DIRECTION('',(1.,0.,0.));
#15945=DIRECTION('',(0.,0.,-1.));
#15946=DIRECTION('',(0.,0.,1.));
#15947=DIRECTION('',(1.,0.,0.));
#15948=DIRECTION('',(0.,0.,-1.));
#15949=DIRECTION('',(0.,1.,0.));
#15950=DIRECTION('',(0.,0.,1.));
#15951=DIRECTION('',(1.,0.,0.));
#15952=DIRECTION('',(0.,0.,-1.));
#15953=DIRECTION('',(1.,0.,0.));
#15954=DIRECTION('',(0.,0.,-1.));
#15955=DIRECTION('',(-1.,0.,0.));
#15956=DIRECTION('',(0.,0.,1.));
#15957=DIRECTION('',(1.,0.,0.));
#15958=DIRECTION('',(0.,0.,-1.));
#15959=DIRECTION('',(0.,0.,1.));
#15960=DIRECTION('',(1.,0.,0.));
#15961=DIRECTION('',(1.,0.,0.));
#15962=DIRECTION('',(0.,0.,-1.));
#15963=DIRECTION('',(0.,-1.,0.));
#15964=DIRECTION('',(0.,0.,-1.));
#15965=DIRECTION('',(0.,-1.,0.));
#15966=DIRECTION('',(0.,0.,-1.));
#15967=DIRECTION('',(-1.,0.,0.));
#15968=DIRECTION('',(0.,0.,1.));
#15969=DIRECTION('',(1.,0.,0.));
#15970=DIRECTION('',(0.,0.,-1.));
#15971=DIRECTION('',(0.,0.,1.));
#15972=DIRECTION('',(1.,0.,0.));
#15973=DIRECTION('',(0.,1.,0.));
#15974=DIRECTION('',(0.,0.,1.));
#15975=DIRECTION('',(1.,0.,0.));
#15976=DIRECTION('',(0.,0.,-1.));
#15977=DIRECTION('',(1.,0.,0.));
#15978=DIRECTION('',(0.,0.,-1.));
#15979=DIRECTION('',(-1.,0.,0.));
#15980=DIRECTION('',(0.,0.,1.));
#15981=DIRECTION('',(1.,0.,0.));
#15982=DIRECTION('',(0.,0.,-1.));
#15983=DIRECTION('',(0.,0.,1.));
#15984=DIRECTION('',(1.,0.,0.));
#15985=DIRECTION('',(0.,0.,-1.));
#15986=DIRECTION('',(-1.,0.,0.));
#15987=DIRECTION('',(0.,0.,1.));
#15988=DIRECTION('',(1.,0.,0.));
#15989=DIRECTION('',(0.,0.,-1.));
#15990=DIRECTION('',(0.,0.,1.));
#15991=DIRECTION('',(1.,0.,0.));
#15992=DIRECTION('',(0.,0.,-1.));
#15993=DIRECTION('',(0.,1.,0.));
#15994=DIRECTION('',(0.,0.,1.));
#15995=DIRECTION('',(1.,0.,0.));
#15996=DIRECTION('',(0.,0.,-1.));
#15997=DIRECTION('',(1.,0.,0.));
#15998=DIRECTION('',(0.,0.,-1.));
#15999=DIRECTION('',(-1.,0.,0.));
#16000=DIRECTION('',(0.,0.,1.));
#16001=DIRECTION('',(1.,0.,0.));
#16002=DIRECTION('',(0.,0.,-1.));
#16003=DIRECTION('',(0.,0.,1.));
#16004=DIRECTION('',(1.,0.,0.));
#16005=DIRECTION('',(1.,0.,0.));
#16006=DIRECTION('',(0.,0.,-1.));
#16007=DIRECTION('',(0.,-1.,0.));
#16008=DIRECTION('',(0.,0.,-1.));
#16009=DIRECTION('',(0.,-1.,0.));
#16010=DIRECTION('',(0.,0.,-1.));
#16011=DIRECTION('',(-1.,0.,0.));
#16012=DIRECTION('',(0.,0.,1.));
#16013=DIRECTION('',(1.,0.,0.));
#16014=DIRECTION('',(0.,0.,-1.));
#16015=DIRECTION('',(0.,0.,1.));
#16016=DIRECTION('',(1.,0.,0.));
#16017=DIRECTION('',(0.,1.,0.));
#16018=DIRECTION('',(0.,0.,1.));
#16019=DIRECTION('',(1.,0.,0.));
#16020=DIRECTION('',(0.,0.,-1.));
#16021=DIRECTION('',(1.,0.,0.));
#16022=DIRECTION('',(0.,0.,-1.));
#16023=DIRECTION('',(-1.,0.,0.));
#16024=DIRECTION('',(0.,0.,1.));
#16025=DIRECTION('',(1.,0.,0.));
#16026=DIRECTION('',(0.,0.,-1.));
#16027=DIRECTION('',(0.,0.,1.));
#16028=DIRECTION('',(1.,0.,0.));
#16029=DIRECTION('',(1.,0.,0.));
#16030=DIRECTION('',(0.,0.,-1.));
#16031=DIRECTION('',(0.,-1.,0.));
#16032=DIRECTION('',(0.,-1.,0.));
#16033=DIRECTION('',(1.,0.,0.));
#16034=DIRECTION('',(0.,0.,-1.));
#16035=DIRECTION('',(0.,-1.,0.));
#16036=DIRECTION('',(0.,-1.,0.));
#16037=DIRECTION('',(1.,0.,0.));
#16038=DIRECTION('',(0.,0.,-1.));
#16039=DIRECTION('',(0.,-1.,0.));
#16040=DIRECTION('',(0.,-1.,0.));
#16041=DIRECTION('',(1.,0.,0.));
#16042=DIRECTION('',(0.,0.,-1.));
#16043=DIRECTION('',(0.,-1.,0.));
#16044=DIRECTION('',(0.,-1.,0.));
#16045=DIRECTION('',(1.,0.,0.));
#16046=DIRECTION('',(0.,0.,-1.));
#16047=DIRECTION('',(0.,-1.,0.));
#16048=DIRECTION('',(0.,-1.,0.));
#16049=DIRECTION('',(1.,0.,0.));
#16050=DIRECTION('',(0.,0.,-1.));
#16051=DIRECTION('',(0.,-1.,0.));
#16052=DIRECTION('',(0.,-1.,0.));
#16053=DIRECTION('',(1.,0.,0.));
#16054=DIRECTION('',(0.,0.,-1.));
#16055=DIRECTION('',(0.,-1.,0.));
#16056=DIRECTION('',(0.,-1.,0.));
#16057=DIRECTION('',(1.,0.,0.));
#16058=DIRECTION('',(0.,0.,-1.));
#16059=DIRECTION('',(0.,-1.,0.));
#16060=DIRECTION('',(0.,-1.,0.));
#16061=DIRECTION('',(1.,0.,0.));
#16062=DIRECTION('',(0.,0.,-1.));
#16063=DIRECTION('',(0.,-1.,0.));
#16064=DIRECTION('',(0.,-1.,0.));
#16065=DIRECTION('',(1.,0.,0.));
#16066=DIRECTION('',(0.,0.,-1.));
#16067=DIRECTION('',(0.,-1.,0.));
#16068=DIRECTION('',(0.,-1.,0.));
#16069=DIRECTION('',(1.,0.,0.));
#16070=DIRECTION('',(0.,0.,-1.));
#16071=DIRECTION('',(0.,-1.,0.));
#16072=DIRECTION('',(0.,-1.,0.));
#16073=DIRECTION('',(1.,0.,0.));
#16074=DIRECTION('',(0.,0.,-1.));
#16075=DIRECTION('',(0.,-1.,0.));
#16076=DIRECTION('',(0.,-1.,0.));
#16077=DIRECTION('',(1.,0.,0.));
#16078=DIRECTION('',(0.,0.,-1.));
#16079=DIRECTION('',(0.,-1.,0.));
#16080=DIRECTION('',(0.,-1.,0.));
#16081=DIRECTION('',(1.,0.,0.));
#16082=DIRECTION('',(0.,0.,-1.));
#16083=DIRECTION('',(0.,-1.,0.));
#16084=DIRECTION('',(0.,-1.,0.));
#16085=DIRECTION('',(1.,0.,0.));
#16086=DIRECTION('',(0.,0.,-1.));
#16087=DIRECTION('',(0.,-1.,0.));
#16088=DIRECTION('',(0.,-1.,0.));
#16089=DIRECTION('',(1.,0.,0.));
#16090=DIRECTION('',(0.,0.,-1.));
#16091=DIRECTION('',(0.,-1.,0.));
#16092=DIRECTION('',(0.,-1.,0.));
#16093=DIRECTION('',(1.,0.,0.));
#16094=DIRECTION('',(0.,0.,-1.));
#16095=DIRECTION('',(0.,-1.,0.));
#16096=DIRECTION('',(0.,-1.,0.));
#16097=DIRECTION('',(1.,0.,0.));
#16098=DIRECTION('',(0.,0.,-1.));
#16099=DIRECTION('',(0.,-1.,0.));
#16100=DIRECTION('',(0.,-1.,0.));
#16101=DIRECTION('',(1.,0.,0.));
#16102=DIRECTION('',(0.,0.,-1.));
#16103=DIRECTION('',(0.,-1.,0.));
#16104=DIRECTION('',(0.,-1.,0.));
#16105=DIRECTION('',(1.,0.,0.));
#16106=DIRECTION('',(0.,0.,-1.));
#16107=DIRECTION('',(0.,-1.,0.));
#16108=DIRECTION('',(0.,-1.,0.));
#16109=DIRECTION('',(1.,0.,0.));
#16110=DIRECTION('',(0.,0.,-1.));
#16111=DIRECTION('',(0.,-1.,0.));
#16112=DIRECTION('',(0.,-1.,0.));
#16113=DIRECTION('',(1.,0.,0.));
#16114=DIRECTION('',(0.,0.,-1.));
#16115=DIRECTION('',(0.,-1.,0.));
#16116=DIRECTION('',(0.,-1.,0.));
#16117=DIRECTION('',(1.,0.,0.));
#16118=DIRECTION('',(0.,0.,-1.));
#16119=DIRECTION('',(0.,-1.,0.));
#16120=DIRECTION('',(0.,-1.,0.));
#16121=DIRECTION('',(1.,0.,0.));
#16122=DIRECTION('',(0.,0.,-1.));
#16123=DIRECTION('',(0.,-1.,0.));
#16124=DIRECTION('',(0.,-1.,0.));
#16125=DIRECTION('',(1.,0.,0.));
#16126=DIRECTION('',(0.,0.,-1.));
#16127=DIRECTION('',(0.,-1.,0.));
#16128=DIRECTION('',(0.,-1.,0.));
#16129=DIRECTION('',(1.,0.,0.));
#16130=DIRECTION('',(0.,0.,-1.));
#16131=DIRECTION('',(0.,-1.,0.));
#16132=DIRECTION('',(0.,-1.,0.));
#16133=DIRECTION('',(1.,0.,0.));
#16134=DIRECTION('',(0.,0.,-1.));
#16135=DIRECTION('',(0.,-1.,0.));
#16136=DIRECTION('',(0.,-1.,0.));
#16137=DIRECTION('',(1.,0.,0.));
#16138=DIRECTION('',(0.,0.,-1.));
#16139=DIRECTION('',(0.,-1.,0.));
#16140=DIRECTION('',(0.,-1.,0.));
#16141=DIRECTION('',(1.,0.,0.));
#16142=DIRECTION('',(0.,0.,-1.));
#16143=DIRECTION('',(0.,-1.,0.));
#16144=DIRECTION('',(0.,-1.,0.));
#16145=DIRECTION('',(1.,0.,0.));
#16146=DIRECTION('',(0.,0.,-1.));
#16147=DIRECTION('',(0.,-1.,0.));
#16148=DIRECTION('',(0.,-1.,0.));
#16149=DIRECTION('',(1.,0.,0.));
#16150=DIRECTION('',(0.,0.,-1.));
#16151=DIRECTION('',(0.,-1.,0.));
#16152=DIRECTION('',(0.,-1.,0.));
#16153=DIRECTION('',(1.,0.,0.));
#16154=DIRECTION('',(0.,0.,-1.));
#16155=DIRECTION('',(0.,-1.,0.));
#16156=DIRECTION('',(0.,-1.,0.));
#16157=DIRECTION('',(1.,0.,0.));
#16158=DIRECTION('',(0.,0.,-1.));
#16159=DIRECTION('',(0.,-1.,0.));
#16160=DIRECTION('',(0.,-1.,0.));
#16161=DIRECTION('',(1.,0.,0.));
#16162=DIRECTION('',(0.,0.,-1.));
#16163=DIRECTION('',(0.,-1.,0.));
#16164=DIRECTION('',(0.,-1.,0.));
#16165=DIRECTION('',(1.,0.,0.));
#16166=DIRECTION('',(0.,0.,-1.));
#16167=DIRECTION('',(0.,-1.,0.));
#16168=DIRECTION('',(0.,-1.,0.));
#16169=DIRECTION('',(1.,0.,0.));
#16170=DIRECTION('',(0.,0.,-1.));
#16171=DIRECTION('',(0.,-1.,0.));
#16172=DIRECTION('',(0.,-1.,0.));
#16173=DIRECTION('',(1.,0.,0.));
#16174=DIRECTION('',(0.,0.,-1.));
#16175=DIRECTION('',(0.,-1.,0.));
#16176=DIRECTION('',(0.,-1.,0.));
#16177=DIRECTION('',(1.,0.,0.));
#16178=DIRECTION('',(0.,0.,-1.));
#16179=DIRECTION('',(0.,-1.,0.));
#16180=DIRECTION('',(0.,-1.,0.));
#16181=DIRECTION('',(1.,0.,0.));
#16182=DIRECTION('',(0.,0.,-1.));
#16183=DIRECTION('',(0.,-1.,0.));
#16184=DIRECTION('',(0.,-1.,0.));
#16185=DIRECTION('',(1.,0.,0.));
#16186=DIRECTION('',(0.,0.,-1.));
#16187=DIRECTION('',(0.,-1.,0.));
#16188=DIRECTION('',(0.,-1.,0.));
#16189=DIRECTION('',(1.,0.,0.));
#16190=DIRECTION('',(0.,0.,-1.));
#16191=DIRECTION('',(0.,-1.,0.));
#16192=DIRECTION('',(0.,-1.,0.));
#16193=DIRECTION('',(1.,0.,0.));
#16194=DIRECTION('',(0.,0.,-1.));
#16195=DIRECTION('',(0.,-1.,0.));
#16196=DIRECTION('',(0.,-1.,0.));
#16197=DIRECTION('',(1.,0.,0.));
#16198=DIRECTION('',(0.,0.,-1.));
#16199=DIRECTION('',(0.,-1.,0.));
#16200=DIRECTION('',(0.,-1.,0.));
#16201=DIRECTION('',(1.,0.,0.));
#16202=DIRECTION('',(0.,0.,-1.));
#16203=DIRECTION('',(0.,-1.,0.));
#16204=DIRECTION('',(0.,-1.,0.));
#16205=DIRECTION('',(1.,0.,0.));
#16206=DIRECTION('',(0.,0.,-1.));
#16207=DIRECTION('',(0.,-1.,0.));
#16208=DIRECTION('',(0.,-1.,0.));
#16209=DIRECTION('',(1.,0.,0.));
#16210=DIRECTION('',(0.,0.,-1.));
#16211=DIRECTION('',(0.,-1.,0.));
#16212=DIRECTION('',(0.,-1.,0.));
#16213=DIRECTION('',(1.,0.,0.));
#16214=DIRECTION('',(0.,0.,-1.));
#16215=DIRECTION('',(0.,-1.,0.));
#16216=DIRECTION('',(0.,-1.,0.));
#16217=DIRECTION('',(1.,0.,0.));
#16218=DIRECTION('',(0.,0.,-1.));
#16219=DIRECTION('',(0.,-1.,0.));
#16220=DIRECTION('',(0.,-1.,0.));
#16221=DIRECTION('',(1.,0.,0.));
#16222=DIRECTION('',(0.,0.,-1.));
#16223=DIRECTION('',(0.,-1.,0.));
#16224=DIRECTION('',(0.,-1.,0.));
#16225=DIRECTION('',(1.,0.,0.));
#16226=DIRECTION('',(0.,0.,-1.));
#16227=DIRECTION('',(0.,-1.,0.));
#16228=DIRECTION('',(0.,-1.,0.));
#16229=DIRECTION('',(1.,0.,0.));
#16230=DIRECTION('',(0.,0.,-1.));
#16231=DIRECTION('',(0.,-1.,0.));
#16232=DIRECTION('',(0.,-1.,0.));
#16233=DIRECTION('',(1.,0.,0.));
#16234=DIRECTION('',(0.,0.,-1.));
#16235=DIRECTION('',(0.,-1.,0.));
#16236=DIRECTION('',(0.,-1.,0.));
#16237=DIRECTION('',(1.,0.,0.));
#16238=DIRECTION('',(0.,0.,-1.));
#16239=DIRECTION('',(0.,-1.,0.));
#16240=DIRECTION('',(0.,-1.,0.));
#16241=DIRECTION('',(1.,0.,0.));
#16242=DIRECTION('',(0.,0.,-1.));
#16243=DIRECTION('',(0.,-1.,0.));
#16244=DIRECTION('',(0.,-1.,0.));
#16245=DIRECTION('',(1.,0.,0.));
#16246=DIRECTION('',(0.,0.,-1.));
#16247=DIRECTION('',(0.,-1.,0.));
#16248=DIRECTION('',(0.,-1.,0.));
#16249=DIRECTION('',(1.,0.,0.));
#16250=DIRECTION('',(0.,0.,-1.));
#16251=DIRECTION('',(0.,-1.,0.));
#16252=DIRECTION('',(0.,-1.,0.));
#16253=DIRECTION('',(1.,0.,0.));
#16254=DIRECTION('',(0.,0.,-1.));
#16255=DIRECTION('',(0.,-1.,0.));
#16256=DIRECTION('',(0.,-1.,0.));
#16257=DIRECTION('',(1.,0.,0.));
#16258=DIRECTION('',(0.,0.,-1.));
#16259=DIRECTION('',(0.,-1.,0.));
#16260=DIRECTION('',(0.,-1.,0.));
#16261=DIRECTION('',(1.,0.,0.));
#16262=DIRECTION('',(0.,0.,-1.));
#16263=DIRECTION('',(0.,-1.,0.));
#16264=DIRECTION('',(0.,-1.,0.));
#16265=DIRECTION('',(1.,0.,0.));
#16266=DIRECTION('',(0.,0.,-1.));
#16267=DIRECTION('',(0.,-1.,0.));
#16268=DIRECTION('',(0.,-1.,0.));
#16269=DIRECTION('',(1.,0.,0.));
#16270=DIRECTION('',(0.,0.,-1.));
#16271=DIRECTION('',(0.,-1.,0.));
#16272=DIRECTION('',(0.,-1.,0.));
#16273=DIRECTION('',(1.,0.,0.));
#16274=DIRECTION('',(0.,0.,-1.));
#16275=DIRECTION('',(0.,-1.,0.));
#16276=DIRECTION('',(0.,-1.,0.));
#16277=DIRECTION('',(1.,0.,0.));
#16278=DIRECTION('',(0.,0.,-1.));
#16279=DIRECTION('',(0.,-1.,0.));
#16280=DIRECTION('',(0.,-1.,0.));
#16281=DIRECTION('',(1.,0.,0.));
#16282=DIRECTION('',(0.,0.,-1.));
#16283=DIRECTION('',(0.,-1.,0.));
#16284=DIRECTION('',(0.,-1.,0.));
#16285=DIRECTION('',(1.,0.,0.));
#16286=DIRECTION('',(0.,0.,-1.));
#16287=DIRECTION('',(0.,-1.,0.));
#16288=DIRECTION('',(0.,-1.,0.));
#16289=DIRECTION('',(1.,0.,0.));
#16290=DIRECTION('',(0.,0.,-1.));
#16291=DIRECTION('',(0.,-1.,0.));
#16292=DIRECTION('',(0.,-1.,0.));
#16293=DIRECTION('',(1.,0.,0.));
#16294=DIRECTION('',(0.,0.,-1.));
#16295=DIRECTION('',(0.,-1.,0.));
#16296=DIRECTION('',(0.,-1.,0.));
#16297=DIRECTION('',(1.,0.,0.));
#16298=DIRECTION('',(0.,0.,-1.));
#16299=DIRECTION('',(0.,-1.,0.));
#16300=DIRECTION('',(0.,-1.,0.));
#16301=DIRECTION('',(1.,0.,0.));
#16302=DIRECTION('',(0.,0.,-1.));
#16303=DIRECTION('',(0.,-1.,0.));
#16304=DIRECTION('',(0.,-1.,0.));
#16305=DIRECTION('',(1.,0.,0.));
#16306=DIRECTION('',(0.,0.,-1.));
#16307=DIRECTION('',(0.,-1.,0.));
#16308=DIRECTION('',(0.,-1.,0.));
#16309=DIRECTION('',(1.,0.,0.));
#16310=DIRECTION('',(0.,0.,-1.));
#16311=DIRECTION('',(0.,-1.,0.));
#16312=DIRECTION('',(0.,-1.,0.));
#16313=DIRECTION('',(0.,0.,1.));
#16314=DIRECTION('',(1.,0.,0.));
#16315=DIRECTION('',(1.,0.,0.));
#16316=DIRECTION('',(0.,1.,0.));
#16317=DIRECTION('',(1.,0.,0.));
#16318=DIRECTION('',(0.,1.,0.));
#16319=DIRECTION('',(0.,0.,1.));
#16320=DIRECTION('',(1.,0.,0.));
#16321=DIRECTION('',(0.,1.,0.));
#16322=DIRECTION('',(1.,0.,0.));
#16323=DIRECTION('',(0.,1.,0.));
#16324=DIRECTION('',(1.,0.,0.));
#16325=DIRECTION('',(0.,1.,0.));
#16326=DIRECTION('',(0.,0.,1.));
#16327=DIRECTION('',(0.,0.,-1.));
#16328=DIRECTION('',(0.,0.,-1.));
#16329=DIRECTION('',(-1.,0.,0.));
#16330=DIRECTION('',(0.,0.,1.));
#16331=DIRECTION('',(0.,0.,-1.));
#16332=DIRECTION('',(-1.,0.,0.));
#16333=DIRECTION('',(0.,0.,1.));
#16334=DIRECTION('',(0.,0.,-1.));
#16335=DIRECTION('',(0.,1.,0.));
#16336=DIRECTION('',(0.,0.,1.));
#16337=CARTESIAN_POINT('',(0.,0.,0.));
#16338=CARTESIAN_POINT('',(0.12446875,-0.0316,0.0015));
#16339=CARTESIAN_POINT('',(0.12446875,-0.0316,0.));
#16340=CARTESIAN_POINT('',(0.12446875,-0.0311,0.));
#16341=CARTESIAN_POINT('',(0.12396875,-0.0316,0.));
#16342=CARTESIAN_POINT('',(0.12446875,-0.0311,0.0015));
#16343=CARTESIAN_POINT('',(0.12446875,-0.0311,0.0015));
#16344=CARTESIAN_POINT('',(0.12446875,-0.0316,0.0015));
#16345=CARTESIAN_POINT('',(0.12396875,-0.0316,0.0015));
#16346=CARTESIAN_POINT('',(0.12396875,-0.0316,0.0015));
#16347=CARTESIAN_POINT('',(0.13096875,-0.0311,0.0015));
#16348=CARTESIAN_POINT('',(0.13096875,-0.0311,0.));
#16349=CARTESIAN_POINT('',(0.13746875,-0.0311,0.));
#16350=CARTESIAN_POINT('',(0.13746875,-0.0311,0.0015));
#16351=CARTESIAN_POINT('',(0.13746875,-0.0311,0.0015));
#16352=CARTESIAN_POINT('',(0.13096875,-0.0311,0.0015));
#16353=CARTESIAN_POINT('',(0.13746875,-0.0316,0.0015));
#16354=CARTESIAN_POINT('',(0.13746875,-0.0316,0.));
#16355=CARTESIAN_POINT('',(0.13796875,-0.0316,0.));
#16356=CARTESIAN_POINT('',(0.13796875,-0.0316,0.0015));
#16357=CARTESIAN_POINT('',(0.13796875,-0.0316,0.0015));
#16358=CARTESIAN_POINT('',(0.13746875,-0.0316,0.0015));
#16359=CARTESIAN_POINT('',(0.13796875,-0.0381,0.0015));
#16360=CARTESIAN_POINT('',(0.13796875,-0.0381,0.));
#16361=CARTESIAN_POINT('',(0.13796875,-0.0446,0.));
#16362=CARTESIAN_POINT('',(0.13796875,-0.0446,0.0015));
#16363=CARTESIAN_POINT('',(0.13796875,-0.0446,0.0015));
#16364=CARTESIAN_POINT('',(0.13796875,-0.0381,0.0015));
#16365=CARTESIAN_POINT('',(0.13746875,-0.0446,0.0015));
#16366=CARTESIAN_POINT('',(0.13746875,-0.0446,0.));
#16367=CARTESIAN_POINT('',(0.13746875,-0.0451,0.));
#16368=CARTESIAN_POINT('',(0.13746875,-0.0451,0.0015));
#16369=CARTESIAN_POINT('',(0.13746875,-0.0451,0.0015));
#16370=CARTESIAN_POINT('',(0.13746875,-0.0446,0.0015));
#16371=CARTESIAN_POINT('',(0.13096875,-0.0451,0.0015));
#16372=CARTESIAN_POINT('',(0.13096875,-0.0451,0.));
#16373=CARTESIAN_POINT('',(0.12446875,-0.0451,0.));
#16374=CARTESIAN_POINT('',(0.12446875,-0.0451,0.0015));
#16375=CARTESIAN_POINT('',(0.12446875,-0.0451,0.0015));
#16376=CARTESIAN_POINT('',(0.13096875,-0.0451,0.0015));
#16377=CARTESIAN_POINT('',(0.12446875,-0.0446,0.0015));
#16378=CARTESIAN_POINT('',(0.12446875,-0.0446,0.));
#16379=CARTESIAN_POINT('',(0.12396875,-0.0446,0.));
#16380=CARTESIAN_POINT('',(0.12396875,-0.0446,0.0015));
#16381=CARTESIAN_POINT('',(0.12396875,-0.0446,0.0015));
#16382=CARTESIAN_POINT('',(0.12446875,-0.0446,0.0015));
#16383=CARTESIAN_POINT('',(0.10065625,-0.0316,0.0015));
#16384=CARTESIAN_POINT('',(0.10065625,-0.0316,0.));
#16385=CARTESIAN_POINT('',(0.10065625,-0.0311,0.));
#16386=CARTESIAN_POINT('',(0.10015625,-0.0316,0.));
#16387=CARTESIAN_POINT('',(0.10065625,-0.0311,0.0015));
#16388=CARTESIAN_POINT('',(0.10065625,-0.0311,0.0015));
#16389=CARTESIAN_POINT('',(0.10065625,-0.0316,0.0015));
#16390=CARTESIAN_POINT('',(0.10015625,-0.0316,0.0015));
#16391=CARTESIAN_POINT('',(0.10015625,-0.0316,0.0015));
#16392=CARTESIAN_POINT('',(0.10715625,-0.0311,0.0015));
#16393=CARTESIAN_POINT('',(0.10715625,-0.0311,0.));
#16394=CARTESIAN_POINT('',(0.11365625,-0.0311,0.));
#16395=CARTESIAN_POINT('',(0.11365625,-0.0311,0.0015));
#16396=CARTESIAN_POINT('',(0.11365625,-0.0311,0.0015));
#16397=CARTESIAN_POINT('',(0.10715625,-0.0311,0.0015));
#16398=CARTESIAN_POINT('',(0.11365625,-0.0316,0.0015));
#16399=CARTESIAN_POINT('',(0.11365625,-0.0316,0.));
#16400=CARTESIAN_POINT('',(0.11415625,-0.0316,0.));
#16401=CARTESIAN_POINT('',(0.11415625,-0.0316,0.0015));
#16402=CARTESIAN_POINT('',(0.11415625,-0.0316,0.0015));
#16403=CARTESIAN_POINT('',(0.11365625,-0.0316,0.0015));
#16404=CARTESIAN_POINT('',(0.11415625,-0.0381,0.0015));
#16405=CARTESIAN_POINT('',(0.11415625,-0.0381,0.));
#16406=CARTESIAN_POINT('',(0.11415625,-0.0446,0.));
#16407=CARTESIAN_POINT('',(0.11415625,-0.0446,0.0015));
#16408=CARTESIAN_POINT('',(0.11415625,-0.0446,0.0015));
#16409=CARTESIAN_POINT('',(0.11415625,-0.0381,0.0015));
#16410=CARTESIAN_POINT('',(0.11365625,-0.0446,0.0015));
#16411=CARTESIAN_POINT('',(0.11365625,-0.0446,0.));
#16412=CARTESIAN_POINT('',(0.11365625,-0.0451,0.));
#16413=CARTESIAN_POINT('',(0.11365625,-0.0451,0.0015));
#16414=CARTESIAN_POINT('',(0.11365625,-0.0451,0.0015));
#16415=CARTESIAN_POINT('',(0.11365625,-0.0446,0.0015));
#16416=CARTESIAN_POINT('',(0.10715625,-0.0451,0.0015));
#16417=CARTESIAN_POINT('',(0.10715625,-0.0451,0.));
#16418=CARTESIAN_POINT('',(0.10065625,-0.0451,0.));
#16419=CARTESIAN_POINT('',(0.10065625,-0.0451,0.0015));
#16420=CARTESIAN_POINT('',(0.10065625,-0.0451,0.0015));
#16421=CARTESIAN_POINT('',(0.10715625,-0.0451,0.0015));
#16422=CARTESIAN_POINT('',(0.10065625,-0.0446,0.0015));
#16423=CARTESIAN_POINT('',(0.10065625,-0.0446,0.));
#16424=CARTESIAN_POINT('',(0.10015625,-0.0446,0.));
#16425=CARTESIAN_POINT('',(0.10015625,-0.0446,0.0015));
#16426=CARTESIAN_POINT('',(0.10015625,-0.0446,0.0015));
#16427=CARTESIAN_POINT('',(0.10065625,-0.0446,0.0015));
#16428=CARTESIAN_POINT('',(0.07684375,-0.0316,0.0015));
#16429=CARTESIAN_POINT('',(0.07684375,-0.0316,0.));
#16430=CARTESIAN_POINT('',(0.07684375,-0.0311,0.));
#16431=CARTESIAN_POINT('',(0.07634375,-0.0316,0.));
#16432=CARTESIAN_POINT('',(0.07684375,-0.0311,0.0015));
#16433=CARTESIAN_POINT('',(0.07684375,-0.0311,0.0015));
#16434=CARTESIAN_POINT('',(0.07684375,-0.0316,0.0015));
#16435=CARTESIAN_POINT('',(0.07634375,-0.0316,0.0015));
#16436=CARTESIAN_POINT('',(0.07634375,-0.0316,0.0015));
#16437=CARTESIAN_POINT('',(0.08334375,-0.0311,0.0015));
#16438=CARTESIAN_POINT('',(0.08334375,-0.0311,0.));
#16439=CARTESIAN_POINT('',(0.08984375,-0.0311,0.));
#16440=CARTESIAN_POINT('',(0.08984375,-0.0311,0.0015));
#16441=CARTESIAN_POINT('',(0.08984375,-0.0311,0.0015));
#16442=CARTESIAN_POINT('',(0.08334375,-0.0311,0.0015));
#16443=CARTESIAN_POINT('',(0.08984375,-0.0316,0.0015));
#16444=CARTESIAN_POINT('',(0.08984375,-0.0316,0.));
#16445=CARTESIAN_POINT('',(0.09034375,-0.0316,0.));
#16446=CARTESIAN_POINT('',(0.09034375,-0.0316,0.0015));
#16447=CARTESIAN_POINT('',(0.09034375,-0.0316,0.0015));
#16448=CARTESIAN_POINT('',(0.08984375,-0.0316,0.0015));
#16449=CARTESIAN_POINT('',(0.09034375,-0.0381,0.0015));
#16450=CARTESIAN_POINT('',(0.09034375,-0.0381,0.));
#16451=CARTESIAN_POINT('',(0.09034375,-0.0446,0.));
#16452=CARTESIAN_POINT('',(0.09034375,-0.0446,0.0015));
#16453=CARTESIAN_POINT('',(0.09034375,-0.0446,0.0015));
#16454=CARTESIAN_POINT('',(0.09034375,-0.0381,0.0015));
#16455=CARTESIAN_POINT('',(0.08984375,-0.0446,0.0015));
#16456=CARTESIAN_POINT('',(0.08984375,-0.0446,0.));
#16457=CARTESIAN_POINT('',(0.08984375,-0.0451,0.));
#16458=CARTESIAN_POINT('',(0.08984375,-0.0451,0.0015));
#16459=CARTESIAN_POINT('',(0.08984375,-0.0451,0.0015));
#16460=CARTESIAN_POINT('',(0.08984375,-0.0446,0.0015));
#16461=CARTESIAN_POINT('',(0.08334375,-0.0451,0.0015));
#16462=CARTESIAN_POINT('',(0.08334375,-0.0451,0.));
#16463=CARTESIAN_POINT('',(0.07684375,-0.0451,0.));
#16464=CARTESIAN_POINT('',(0.07684375,-0.0451,0.0015));
#16465=CARTESIAN_POINT('',(0.07684375,-0.0451,0.0015));
#16466=CARTESIAN_POINT('',(0.08334375,-0.0451,0.0015));
#16467=CARTESIAN_POINT('',(0.07684375,-0.0446,0.0015));
#16468=CARTESIAN_POINT('',(0.07684375,-0.0446,0.));
#16469=CARTESIAN_POINT('',(0.07634375,-0.0446,0.));
#16470=CARTESIAN_POINT('',(0.07634375,-0.0446,0.0015));
#16471=CARTESIAN_POINT('',(0.07634375,-0.0446,0.0015));
#16472=CARTESIAN_POINT('',(0.07684375,-0.0446,0.0015));
#16473=CARTESIAN_POINT('',(0.05303125,-0.0316,0.0015));
#16474=CARTESIAN_POINT('',(0.05303125,-0.0316,0.));
#16475=CARTESIAN_POINT('',(0.05303125,-0.0311,0.));
#16476=CARTESIAN_POINT('',(0.05253125,-0.0316,0.));
#16477=CARTESIAN_POINT('',(0.05303125,-0.0311,0.0015));
#16478=CARTESIAN_POINT('',(0.05303125,-0.0311,0.0015));
#16479=CARTESIAN_POINT('',(0.05303125,-0.0316,0.0015));
#16480=CARTESIAN_POINT('',(0.05253125,-0.0316,0.0015));
#16481=CARTESIAN_POINT('',(0.05253125,-0.0316,0.0015));
#16482=CARTESIAN_POINT('',(0.05953125,-0.0311,0.0015));
#16483=CARTESIAN_POINT('',(0.05953125,-0.0311,0.));
#16484=CARTESIAN_POINT('',(0.06603125,-0.0311,0.));
#16485=CARTESIAN_POINT('',(0.06603125,-0.0311,0.0015));
#16486=CARTESIAN_POINT('',(0.06603125,-0.0311,0.0015));
#16487=CARTESIAN_POINT('',(0.05953125,-0.0311,0.0015));
#16488=CARTESIAN_POINT('',(0.06603125,-0.0316,0.0015));
#16489=CARTESIAN_POINT('',(0.06603125,-0.0316,0.));
#16490=CARTESIAN_POINT('',(0.06653125,-0.0316,0.));
#16491=CARTESIAN_POINT('',(0.06653125,-0.0316,0.0015));
#16492=CARTESIAN_POINT('',(0.06653125,-0.0316,0.0015));
#16493=CARTESIAN_POINT('',(0.06603125,-0.0316,0.0015));
#16494=CARTESIAN_POINT('',(0.06653125,-0.0381,0.0015));
#16495=CARTESIAN_POINT('',(0.06653125,-0.0381,0.));
#16496=CARTESIAN_POINT('',(0.06653125,-0.0446,0.));
#16497=CARTESIAN_POINT('',(0.06653125,-0.0446,0.0015));
#16498=CARTESIAN_POINT('',(0.06653125,-0.0446,0.0015));
#16499=CARTESIAN_POINT('',(0.06653125,-0.0381,0.0015));
#16500=CARTESIAN_POINT('',(0.06603125,-0.0446,0.0015));
#16501=CARTESIAN_POINT('',(0.06603125,-0.0446,0.));
#16502=CARTESIAN_POINT('',(0.06603125,-0.0451,0.));
#16503=CARTESIAN_POINT('',(0.06603125,-0.0451,0.0015));
#16504=CARTESIAN_POINT('',(0.06603125,-0.0451,0.0015));
#16505=CARTESIAN_POINT('',(0.06603125,-0.0446,0.0015));
#16506=CARTESIAN_POINT('',(0.05953125,-0.0451,0.0015));
#16507=CARTESIAN_POINT('',(0.05953125,-0.0451,0.));
#16508=CARTESIAN_POINT('',(0.05303125,-0.0451,0.));
#16509=CARTESIAN_POINT('',(0.05303125,-0.0451,0.0015));
#16510=CARTESIAN_POINT('',(0.05303125,-0.0451,0.0015));
#16511=CARTESIAN_POINT('',(0.05953125,-0.0451,0.0015));
#16512=CARTESIAN_POINT('',(0.05303125,-0.0446,0.0015));
#16513=CARTESIAN_POINT('',(0.05303125,-0.0446,0.));
#16514=CARTESIAN_POINT('',(0.05253125,-0.0446,0.));
#16515=CARTESIAN_POINT('',(0.05253125,-0.0446,0.0015));
#16516=CARTESIAN_POINT('',(0.05253125,-0.0446,0.0015));
#16517=CARTESIAN_POINT('',(0.05303125,-0.0446,0.0015));
#16518=CARTESIAN_POINT('',(0.03509375,-0.0326,0.0015));
#16519=CARTESIAN_POINT('',(0.03509375,-0.0326,0.));
#16520=CARTESIAN_POINT('',(0.03509375,-0.0321,0.));
#16521=CARTESIAN_POINT('',(0.03459375,-0.0326,0.));
#16522=CARTESIAN_POINT('',(0.03509375,-0.0321,0.0015));
#16523=CARTESIAN_POINT('',(0.03509375,-0.0321,0.0015));
#16524=CARTESIAN_POINT('',(0.03509375,-0.0326,0.0015));
#16525=CARTESIAN_POINT('',(0.03459375,-0.0326,0.0015));
#16526=CARTESIAN_POINT('',(0.03459375,-0.0326,0.0015));
#16527=CARTESIAN_POINT('',(0.03809375,-0.0321,0.0015));
#16528=CARTESIAN_POINT('',(0.03809375,-0.0321,0.));
#16529=CARTESIAN_POINT('',(0.04109375,-0.0321,0.));
#16530=CARTESIAN_POINT('',(0.04109375,-0.0321,0.0015));
#16531=CARTESIAN_POINT('',(0.04109375,-0.0321,0.0015));
#16532=CARTESIAN_POINT('',(0.03809375,-0.0321,0.0015));
#16533=CARTESIAN_POINT('',(0.04109375,-0.0326,0.0015));
#16534=CARTESIAN_POINT('',(0.04109375,-0.0326,0.));
#16535=CARTESIAN_POINT('',(0.04159375,-0.0326,0.));
#16536=CARTESIAN_POINT('',(0.04159375,-0.0326,0.0015));
#16537=CARTESIAN_POINT('',(0.04159375,-0.0326,0.0015));
#16538=CARTESIAN_POINT('',(0.04109375,-0.0326,0.0015));
#16539=CARTESIAN_POINT('',(0.04159375,-0.0396,0.0015));
#16540=CARTESIAN_POINT('',(0.04159375,-0.0396,0.));
#16541=CARTESIAN_POINT('',(0.04159375,-0.0466,0.));
#16542=CARTESIAN_POINT('',(0.04159375,-0.0466,0.0015));
#16543=CARTESIAN_POINT('',(0.04159375,-0.0466,0.0015));
#16544=CARTESIAN_POINT('',(0.04159375,-0.0396,0.0015));
#16545=CARTESIAN_POINT('',(0.04109375,-0.0466,0.0015));
#16546=CARTESIAN_POINT('',(0.04109375,-0.0466,0.));
#16547=CARTESIAN_POINT('',(0.04109375,-0.0471,0.));
#16548=CARTESIAN_POINT('',(0.04109375,-0.0471,0.0015));
#16549=CARTESIAN_POINT('',(0.04109375,-0.0471,0.0015));
#16550=CARTESIAN_POINT('',(0.04109375,-0.0466,0.0015));
#16551=CARTESIAN_POINT('',(0.03809375,-0.0471,0.0015));
#16552=CARTESIAN_POINT('',(0.03809375,-0.0471,0.));
#16553=CARTESIAN_POINT('',(0.03509375,-0.0471,0.));
#16554=CARTESIAN_POINT('',(0.03509375,-0.0471,0.0015));
#16555=CARTESIAN_POINT('',(0.03509375,-0.0471,0.0015));
#16556=CARTESIAN_POINT('',(0.03809375,-0.0471,0.0015));
#16557=CARTESIAN_POINT('',(0.03509375,-0.0466,0.0015));
#16558=CARTESIAN_POINT('',(0.03509375,-0.0466,0.));
#16559=CARTESIAN_POINT('',(0.03459375,-0.0466,0.));
#16560=CARTESIAN_POINT('',(0.03459375,-0.0466,0.0015));
#16561=CARTESIAN_POINT('',(0.03459375,-0.0466,0.0015));
#16562=CARTESIAN_POINT('',(0.03509375,-0.0466,0.0015));
#16563=CARTESIAN_POINT('',(-0.06490625,-0.0326,0.0015));
#16564=CARTESIAN_POINT('',(-0.06490625,-0.0326,0.));
#16565=CARTESIAN_POINT('',(-0.06490625,-0.0321,0.));
#16566=CARTESIAN_POINT('',(-0.06540625,-0.0326,0.));
#16567=CARTESIAN_POINT('',(-0.06490625,-0.0321,0.0015));
#16568=CARTESIAN_POINT('',(-0.06490625,-0.0321,0.0015));
#16569=CARTESIAN_POINT('',(-0.06490625,-0.0326,0.0015));
#16570=CARTESIAN_POINT('',(-0.06540625,-0.0326,0.0015));
#16571=CARTESIAN_POINT('',(-0.06540625,-0.0326,0.0015));
#16572=CARTESIAN_POINT('',(-0.06190625,-0.0321,0.0015));
#16573=CARTESIAN_POINT('',(-0.06190625,-0.0321,0.));
#16574=CARTESIAN_POINT('',(-0.05890625,-0.0321,0.));
#16575=CARTESIAN_POINT('',(-0.05890625,-0.0321,0.0015));
#16576=CARTESIAN_POINT('',(-0.05890625,-0.0321,0.0015));
#16577=CARTESIAN_POINT('',(-0.06190625,-0.0321,0.0015));
#16578=CARTESIAN_POINT('',(-0.05890625,-0.0326,0.0015));
#16579=CARTESIAN_POINT('',(-0.05890625,-0.0326,0.));
#16580=CARTESIAN_POINT('',(-0.05840625,-0.0326,0.));
#16581=CARTESIAN_POINT('',(-0.05840625,-0.0326,0.0015));
#16582=CARTESIAN_POINT('',(-0.05840625,-0.0326,0.0015));
#16583=CARTESIAN_POINT('',(-0.05890625,-0.0326,0.0015));
#16584=CARTESIAN_POINT('',(-0.05840625,-0.0396,0.0015));
#16585=CARTESIAN_POINT('',(-0.05840625,-0.0396,0.));
#16586=CARTESIAN_POINT('',(-0.05840625,-0.0466,0.));
#16587=CARTESIAN_POINT('',(-0.05840625,-0.0466,0.0015));
#16588=CARTESIAN_POINT('',(-0.05840625,-0.0466,0.0015));
#16589=CARTESIAN_POINT('',(-0.05840625,-0.0396,0.0015));
#16590=CARTESIAN_POINT('',(-0.05890625,-0.0466,0.0015));
#16591=CARTESIAN_POINT('',(-0.05890625,-0.0466,0.));
#16592=CARTESIAN_POINT('',(-0.05890625,-0.0471,0.));
#16593=CARTESIAN_POINT('',(-0.05890625,-0.0471,0.0015));
#16594=CARTESIAN_POINT('',(-0.05890625,-0.0471,0.0015));
#16595=CARTESIAN_POINT('',(-0.05890625,-0.0466,0.0015));
#16596=CARTESIAN_POINT('',(-0.06190625,-0.0471,0.0015));
#16597=CARTESIAN_POINT('',(-0.06190625,-0.0471,0.));
#16598=CARTESIAN_POINT('',(-0.06490625,-0.0471,0.));
#16599=CARTESIAN_POINT('',(-0.06490625,-0.0471,0.0015));
#16600=CARTESIAN_POINT('',(-0.06490625,-0.0471,0.0015));
#16601=CARTESIAN_POINT('',(-0.06190625,-0.0471,0.0015));
#16602=CARTESIAN_POINT('',(-0.06490625,-0.0466,0.0015));
#16603=CARTESIAN_POINT('',(-0.06490625,-0.0466,0.));
#16604=CARTESIAN_POINT('',(-0.06540625,-0.0466,0.));
#16605=CARTESIAN_POINT('',(-0.06540625,-0.0466,0.0015));
#16606=CARTESIAN_POINT('',(-0.06540625,-0.0466,0.0015));
#16607=CARTESIAN_POINT('',(-0.06490625,-0.0466,0.0015));
#16608=CARTESIAN_POINT('',(-0.01840625,-0.0316,0.0015));
#16609=CARTESIAN_POINT('',(-0.01840625,-0.0316,0.));
#16610=CARTESIAN_POINT('',(-0.01840625,-0.0311,0.));
#16611=CARTESIAN_POINT('',(-0.01890625,-0.0316,0.));
#16612=CARTESIAN_POINT('',(-0.01840625,-0.0311,0.0015));
#16613=CARTESIAN_POINT('',(-0.01840625,-0.0311,0.0015));
#16614=CARTESIAN_POINT('',(-0.01840625,-0.0316,0.0015));
#16615=CARTESIAN_POINT('',(-0.01890625,-0.0316,0.0015));
#16616=CARTESIAN_POINT('',(-0.01890625,-0.0316,0.0015));
#16617=CARTESIAN_POINT('',(-0.01190625,-0.0311,0.0015));
#16618=CARTESIAN_POINT('',(-0.01190625,-0.0311,0.));
#16619=CARTESIAN_POINT('',(-0.00540625,-0.0311,0.));
#16620=CARTESIAN_POINT('',(-0.00540625,-0.0311,0.0015));
#16621=CARTESIAN_POINT('',(-0.00540625,-0.0311,0.0015));
#16622=CARTESIAN_POINT('',(-0.01190625,-0.0311,0.0015));
#16623=CARTESIAN_POINT('',(-0.00540625,-0.0316,0.0015));
#16624=CARTESIAN_POINT('',(-0.00540625,-0.0316,0.));
#16625=CARTESIAN_POINT('',(-0.00490625,-0.0316,0.));
#16626=CARTESIAN_POINT('',(-0.00490625,-0.0316,0.0015));
#16627=CARTESIAN_POINT('',(-0.00490625,-0.0316,0.0015));
#16628=CARTESIAN_POINT('',(-0.00540625,-0.0316,0.0015));
#16629=CARTESIAN_POINT('',(-0.00490625,-0.0381,0.0015));
#16630=CARTESIAN_POINT('',(-0.00490625,-0.0381,0.));
#16631=CARTESIAN_POINT('',(-0.00490625,-0.0446,0.));
#16632=CARTESIAN_POINT('',(-0.00490625,-0.0446,0.0015));
#16633=CARTESIAN_POINT('',(-0.00490625,-0.0446,0.0015));
#16634=CARTESIAN_POINT('',(-0.00490625,-0.0381,0.0015));
#16635=CARTESIAN_POINT('',(-0.00540625,-0.0446,0.0015));
#16636=CARTESIAN_POINT('',(-0.00540625,-0.0446,0.));
#16637=CARTESIAN_POINT('',(-0.00540625,-0.0451,0.));
#16638=CARTESIAN_POINT('',(-0.00540625,-0.0451,0.0015));
#16639=CARTESIAN_POINT('',(-0.00540625,-0.0451,0.0015));
#16640=CARTESIAN_POINT('',(-0.00540625,-0.0446,0.0015));
#16641=CARTESIAN_POINT('',(-0.01190625,-0.0451,0.0015));
#16642=CARTESIAN_POINT('',(-0.01190625,-0.0451,0.));
#16643=CARTESIAN_POINT('',(-0.01840625,-0.0451,0.));
#16644=CARTESIAN_POINT('',(-0.01840625,-0.0451,0.0015));
#16645=CARTESIAN_POINT('',(-0.01840625,-0.0451,0.0015));
#16646=CARTESIAN_POINT('',(-0.01190625,-0.0451,0.0015));
#16647=CARTESIAN_POINT('',(-0.01840625,-0.0446,0.0015));
#16648=CARTESIAN_POINT('',(-0.01840625,-0.0446,0.));
#16649=CARTESIAN_POINT('',(-0.01890625,-0.0446,0.));
#16650=CARTESIAN_POINT('',(-0.01890625,-0.0446,0.0015));
#16651=CARTESIAN_POINT('',(-0.01890625,-0.0446,0.0015));
#16652=CARTESIAN_POINT('',(-0.01840625,-0.0446,0.0015));
#16653=CARTESIAN_POINT('',(-0.08984375,-0.0316,0.0015));
#16654=CARTESIAN_POINT('',(-0.08984375,-0.0316,0.));
#16655=CARTESIAN_POINT('',(-0.08984375,-0.0311,0.));
#16656=CARTESIAN_POINT('',(-0.09034375,-0.0316,0.));
#16657=CARTESIAN_POINT('',(-0.08984375,-0.0311,0.0015));
#16658=CARTESIAN_POINT('',(-0.08984375,-0.0311,0.0015));
#16659=CARTESIAN_POINT('',(-0.08984375,-0.0316,0.0015));
#16660=CARTESIAN_POINT('',(-0.09034375,-0.0316,0.0015));
#16661=CARTESIAN_POINT('',(-0.09034375,-0.0316,0.0015));
#16662=CARTESIAN_POINT('',(-0.08334375,-0.0311,0.0015));
#16663=CARTESIAN_POINT('',(-0.08334375,-0.0311,0.));
#16664=CARTESIAN_POINT('',(-0.07684375,-0.0311,0.));
#16665=CARTESIAN_POINT('',(-0.07684375,-0.0311,0.0015));
#16666=CARTESIAN_POINT('',(-0.07684375,-0.0311,0.0015));
#16667=CARTESIAN_POINT('',(-0.08334375,-0.0311,0.0015));
#16668=CARTESIAN_POINT('',(-0.07684375,-0.0316,0.0015));
#16669=CARTESIAN_POINT('',(-0.07684375,-0.0316,0.));
#16670=CARTESIAN_POINT('',(-0.07634375,-0.0316,0.));
#16671=CARTESIAN_POINT('',(-0.07634375,-0.0316,0.0015));
#16672=CARTESIAN_POINT('',(-0.07634375,-0.0316,0.0015));
#16673=CARTESIAN_POINT('',(-0.07684375,-0.0316,0.0015));
#16674=CARTESIAN_POINT('',(-0.07634375,-0.0381,0.0015));
#16675=CARTESIAN_POINT('',(-0.07634375,-0.0381,0.));
#16676=CARTESIAN_POINT('',(-0.07634375,-0.0446,0.));
#16677=CARTESIAN_POINT('',(-0.07634375,-0.0446,0.0015));
#16678=CARTESIAN_POINT('',(-0.07634375,-0.0446,0.0015));
#16679=CARTESIAN_POINT('',(-0.07634375,-0.0381,0.0015));
#16680=CARTESIAN_POINT('',(-0.07684375,-0.0446,0.0015));
#16681=CARTESIAN_POINT('',(-0.07684375,-0.0446,0.));
#16682=CARTESIAN_POINT('',(-0.07684375,-0.0451,0.));
#16683=CARTESIAN_POINT('',(-0.07684375,-0.0451,0.0015));
#16684=CARTESIAN_POINT('',(-0.07684375,-0.0451,0.0015));
#16685=CARTESIAN_POINT('',(-0.07684375,-0.0446,0.0015));
#16686=CARTESIAN_POINT('',(-0.08334375,-0.0451,0.0015));
#16687=CARTESIAN_POINT('',(-0.08334375,-0.0451,0.));
#16688=CARTESIAN_POINT('',(-0.08984375,-0.0451,0.));
#16689=CARTESIAN_POINT('',(-0.08984375,-0.0451,0.0015));
#16690=CARTESIAN_POINT('',(-0.08984375,-0.0451,0.0015));
#16691=CARTESIAN_POINT('',(-0.08334375,-0.0451,0.0015));
#16692=CARTESIAN_POINT('',(-0.08984375,-0.0446,0.0015));
#16693=CARTESIAN_POINT('',(-0.08984375,-0.0446,0.));
#16694=CARTESIAN_POINT('',(-0.09034375,-0.0446,0.));
#16695=CARTESIAN_POINT('',(-0.09034375,-0.0446,0.0015));
#16696=CARTESIAN_POINT('',(-0.09034375,-0.0446,0.0015));
#16697=CARTESIAN_POINT('',(-0.08984375,-0.0446,0.0015));
#16698=CARTESIAN_POINT('',(-0.11365625,-0.0316,0.0015));
#16699=CARTESIAN_POINT('',(-0.11365625,-0.0316,0.));
#16700=CARTESIAN_POINT('',(-0.11365625,-0.0311,0.));
#16701=CARTESIAN_POINT('',(-0.11415625,-0.0316,0.));
#16702=CARTESIAN_POINT('',(-0.11365625,-0.0311,0.0015));
#16703=CARTESIAN_POINT('',(-0.11365625,-0.0311,0.0015));
#16704=CARTESIAN_POINT('',(-0.11365625,-0.0316,0.0015));
#16705=CARTESIAN_POINT('',(-0.11415625,-0.0316,0.0015));
#16706=CARTESIAN_POINT('',(-0.11415625,-0.0316,0.0015));
#16707=CARTESIAN_POINT('',(-0.10715625,-0.0311,0.0015));
#16708=CARTESIAN_POINT('',(-0.10715625,-0.0311,0.));
#16709=CARTESIAN_POINT('',(-0.10065625,-0.0311,0.));
#16710=CARTESIAN_POINT('',(-0.10065625,-0.0311,0.0015));
#16711=CARTESIAN_POINT('',(-0.10065625,-0.0311,0.0015));
#16712=CARTESIAN_POINT('',(-0.10715625,-0.0311,0.0015));
#16713=CARTESIAN_POINT('',(-0.10065625,-0.0316,0.0015));
#16714=CARTESIAN_POINT('',(-0.10065625,-0.0316,0.));
#16715=CARTESIAN_POINT('',(-0.10015625,-0.0316,0.));
#16716=CARTESIAN_POINT('',(-0.10015625,-0.0316,0.0015));
#16717=CARTESIAN_POINT('',(-0.10015625,-0.0316,0.0015));
#16718=CARTESIAN_POINT('',(-0.10065625,-0.0316,0.0015));
#16719=CARTESIAN_POINT('',(-0.10015625,-0.0381,0.0015));
#16720=CARTESIAN_POINT('',(-0.10015625,-0.0381,0.));
#16721=CARTESIAN_POINT('',(-0.10015625,-0.0446,0.));
#16722=CARTESIAN_POINT('',(-0.10015625,-0.0446,0.0015));
#16723=CARTESIAN_POINT('',(-0.10015625,-0.0446,0.0015));
#16724=CARTESIAN_POINT('',(-0.10015625,-0.0381,0.0015));
#16725=CARTESIAN_POINT('',(-0.10065625,-0.0446,0.0015));
#16726=CARTESIAN_POINT('',(-0.10065625,-0.0446,0.));
#16727=CARTESIAN_POINT('',(-0.10065625,-0.0451,0.));
#16728=CARTESIAN_POINT('',(-0.10065625,-0.0451,0.0015));
#16729=CARTESIAN_POINT('',(-0.10065625,-0.0451,0.0015));
#16730=CARTESIAN_POINT('',(-0.10065625,-0.0446,0.0015));
#16731=CARTESIAN_POINT('',(-0.10715625,-0.0451,0.0015));
#16732=CARTESIAN_POINT('',(-0.10715625,-0.0451,0.));
#16733=CARTESIAN_POINT('',(-0.11365625,-0.0451,0.));
#16734=CARTESIAN_POINT('',(-0.11365625,-0.0451,0.0015));
#16735=CARTESIAN_POINT('',(-0.11365625,-0.0451,0.0015));
#16736=CARTESIAN_POINT('',(-0.10715625,-0.0451,0.0015));
#16737=CARTESIAN_POINT('',(-0.11365625,-0.0446,0.0015));
#16738=CARTESIAN_POINT('',(-0.11365625,-0.0446,0.));
#16739=CARTESIAN_POINT('',(-0.11415625,-0.0446,0.));
#16740=CARTESIAN_POINT('',(-0.11415625,-0.0446,0.0015));
#16741=CARTESIAN_POINT('',(-0.11415625,-0.0446,0.0015));
#16742=CARTESIAN_POINT('',(-0.11365625,-0.0446,0.0015));
#16743=CARTESIAN_POINT('',(-0.13746875,-0.0316,0.0015));
#16744=CARTESIAN_POINT('',(-0.13746875,-0.0316,0.));
#16745=CARTESIAN_POINT('',(-0.13746875,-0.0311,0.));
#16746=CARTESIAN_POINT('',(-0.13796875,-0.0316,0.));
#16747=CARTESIAN_POINT('',(-0.13746875,-0.0311,0.0015));
#16748=CARTESIAN_POINT('',(-0.13746875,-0.0311,0.0015));
#16749=CARTESIAN_POINT('',(-0.13746875,-0.0316,0.0015));
#16750=CARTESIAN_POINT('',(-0.13796875,-0.0316,0.0015));
#16751=CARTESIAN_POINT('',(-0.13796875,-0.0316,0.0015));
#16752=CARTESIAN_POINT('',(-0.13096875,-0.0311,0.0015));
#16753=CARTESIAN_POINT('',(-0.13096875,-0.0311,0.));
#16754=CARTESIAN_POINT('',(-0.12446875,-0.0311,0.));
#16755=CARTESIAN_POINT('',(-0.12446875,-0.0311,0.0015));
#16756=CARTESIAN_POINT('',(-0.12446875,-0.0311,0.0015));
#16757=CARTESIAN_POINT('',(-0.13096875,-0.0311,0.0015));
#16758=CARTESIAN_POINT('',(-0.12446875,-0.0316,0.0015));
#16759=CARTESIAN_POINT('',(-0.12446875,-0.0316,0.));
#16760=CARTESIAN_POINT('',(-0.12396875,-0.0316,0.));
#16761=CARTESIAN_POINT('',(-0.12396875,-0.0316,0.0015));
#16762=CARTESIAN_POINT('',(-0.12396875,-0.0316,0.0015));
#16763=CARTESIAN_POINT('',(-0.12446875,-0.0316,0.0015));
#16764=CARTESIAN_POINT('',(-0.12396875,-0.0381,0.0015));
#16765=CARTESIAN_POINT('',(-0.12396875,-0.0381,0.));
#16766=CARTESIAN_POINT('',(-0.12396875,-0.0446,0.));
#16767=CARTESIAN_POINT('',(-0.12396875,-0.0446,0.0015));
#16768=CARTESIAN_POINT('',(-0.12396875,-0.0446,0.0015));
#16769=CARTESIAN_POINT('',(-0.12396875,-0.0381,0.0015));
#16770=CARTESIAN_POINT('',(-0.12446875,-0.0446,0.0015));
#16771=CARTESIAN_POINT('',(-0.12446875,-0.0446,0.));
#16772=CARTESIAN_POINT('',(-0.12446875,-0.0451,0.));
#16773=CARTESIAN_POINT('',(-0.12446875,-0.0451,0.0015));
#16774=CARTESIAN_POINT('',(-0.12446875,-0.0451,0.0015));
#16775=CARTESIAN_POINT('',(-0.12446875,-0.0446,0.0015));
#16776=CARTESIAN_POINT('',(-0.13096875,-0.0451,0.0015));
#16777=CARTESIAN_POINT('',(-0.13096875,-0.0451,0.));
#16778=CARTESIAN_POINT('',(-0.13746875,-0.0451,0.));
#16779=CARTESIAN_POINT('',(-0.13746875,-0.0451,0.0015));
#16780=CARTESIAN_POINT('',(-0.13746875,-0.0451,0.0015));
#16781=CARTESIAN_POINT('',(-0.13096875,-0.0451,0.0015));
#16782=CARTESIAN_POINT('',(-0.13746875,-0.0446,0.0015));
#16783=CARTESIAN_POINT('',(-0.13746875,-0.0446,0.));
#16784=CARTESIAN_POINT('',(-0.13796875,-0.0446,0.));
#16785=CARTESIAN_POINT('',(-0.13796875,-0.0446,0.0015));
#16786=CARTESIAN_POINT('',(-0.13796875,-0.0446,0.0015));
#16787=CARTESIAN_POINT('',(-0.13746875,-0.0446,0.0015));
#16788=CARTESIAN_POINT('',(0.12561925,-0.01355,0.0015));
#16789=CARTESIAN_POINT('',(0.12561925,-0.01355,0.));
#16790=CARTESIAN_POINT('',(0.12561925,-0.01305,0.));
#16791=CARTESIAN_POINT('',(0.12511925,-0.01355,0.));
#16792=CARTESIAN_POINT('',(0.12561925,-0.01305,0.0015));
#16793=CARTESIAN_POINT('',(0.12561925,-0.01305,0.0015));
#16794=CARTESIAN_POINT('',(0.12561925,-0.01355,0.0015));
#16795=CARTESIAN_POINT('',(0.12511925,-0.01355,0.0015));
#16796=CARTESIAN_POINT('',(0.12511925,-0.01355,0.0015));
#16797=CARTESIAN_POINT('',(0.12861925,-0.01305,0.0015));
#16798=CARTESIAN_POINT('',(0.12861925,-0.01305,0.));
#16799=CARTESIAN_POINT('',(0.13161925,-0.01305,0.));
#16800=CARTESIAN_POINT('',(0.13161925,-0.01305,0.0015));
#16801=CARTESIAN_POINT('',(0.13161925,-0.01305,0.0015));
#16802=CARTESIAN_POINT('',(0.12861925,-0.01305,0.0015));
#16803=CARTESIAN_POINT('',(0.13161925,-0.01355,0.0015));
#16804=CARTESIAN_POINT('',(0.13161925,-0.01355,0.));
#16805=CARTESIAN_POINT('',(0.13211925,-0.01355,0.));
#16806=CARTESIAN_POINT('',(0.13211925,-0.01355,0.0015));
#16807=CARTESIAN_POINT('',(0.13211925,-0.01355,0.0015));
#16808=CARTESIAN_POINT('',(0.13161925,-0.01355,0.0015));
#16809=CARTESIAN_POINT('',(0.13211925,-0.02055,0.0015));
#16810=CARTESIAN_POINT('',(0.13211925,-0.02055,0.));
#16811=CARTESIAN_POINT('',(0.13211925,-0.02755,0.));
#16812=CARTESIAN_POINT('',(0.13211925,-0.02755,0.0015));
#16813=CARTESIAN_POINT('',(0.13211925,-0.02755,0.0015));
#16814=CARTESIAN_POINT('',(0.13211925,-0.02055,0.0015));
#16815=CARTESIAN_POINT('',(0.13161925,-0.02755,0.0015));
#16816=CARTESIAN_POINT('',(0.13161925,-0.02755,0.));
#16817=CARTESIAN_POINT('',(0.13161925,-0.02805,0.));
#16818=CARTESIAN_POINT('',(0.13161925,-0.02805,0.0015));
#16819=CARTESIAN_POINT('',(0.13161925,-0.02805,0.0015));
#16820=CARTESIAN_POINT('',(0.13161925,-0.02755,0.0015));
#16821=CARTESIAN_POINT('',(0.12861925,-0.02805,0.0015));
#16822=CARTESIAN_POINT('',(0.12861925,-0.02805,0.));
#16823=CARTESIAN_POINT('',(0.12561925,-0.02805,0.));
#16824=CARTESIAN_POINT('',(0.12561925,-0.02805,0.0015));
#16825=CARTESIAN_POINT('',(0.12561925,-0.02805,0.0015));
#16826=CARTESIAN_POINT('',(0.12861925,-0.02805,0.0015));
#16827=CARTESIAN_POINT('',(0.12561925,-0.02755,0.0015));
#16828=CARTESIAN_POINT('',(0.12561925,-0.02755,0.));
#16829=CARTESIAN_POINT('',(0.12511925,-0.02755,0.));
#16830=CARTESIAN_POINT('',(0.12511925,-0.02755,0.0015));
#16831=CARTESIAN_POINT('',(0.12511925,-0.02755,0.0015));
#16832=CARTESIAN_POINT('',(0.12561925,-0.02755,0.0015));
#16833=CARTESIAN_POINT('',(0.10174325,-0.01355,0.0015));
#16834=CARTESIAN_POINT('',(0.10174325,-0.01355,0.));
#16835=CARTESIAN_POINT('',(0.10174325,-0.01305,0.));
#16836=CARTESIAN_POINT('',(0.10124325,-0.01355,0.));
#16837=CARTESIAN_POINT('',(0.10174325,-0.01305,0.0015));
#16838=CARTESIAN_POINT('',(0.10174325,-0.01305,0.0015));
#16839=CARTESIAN_POINT('',(0.10174325,-0.01355,0.0015));
#16840=CARTESIAN_POINT('',(0.10124325,-0.01355,0.0015));
#16841=CARTESIAN_POINT('',(0.10124325,-0.01355,0.0015));
#16842=CARTESIAN_POINT('',(0.10474325,-0.01305,0.0015));
#16843=CARTESIAN_POINT('',(0.10474325,-0.01305,0.));
#16844=CARTESIAN_POINT('',(0.10774325,-0.01305,0.));
#16845=CARTESIAN_POINT('',(0.10774325,-0.01305,0.0015));
#16846=CARTESIAN_POINT('',(0.10774325,-0.01305,0.0015));
#16847=CARTESIAN_POINT('',(0.10474325,-0.01305,0.0015));
#16848=CARTESIAN_POINT('',(0.10774325,-0.01355,0.0015));
#16849=CARTESIAN_POINT('',(0.10774325,-0.01355,0.));
#16850=CARTESIAN_POINT('',(0.10824325,-0.01355,0.));
#16851=CARTESIAN_POINT('',(0.10824325,-0.01355,0.0015));
#16852=CARTESIAN_POINT('',(0.10824325,-0.01355,0.0015));
#16853=CARTESIAN_POINT('',(0.10774325,-0.01355,0.0015));
#16854=CARTESIAN_POINT('',(0.10824325,-0.02055,0.0015));
#16855=CARTESIAN_POINT('',(0.10824325,-0.02055,0.));
#16856=CARTESIAN_POINT('',(0.10824325,-0.02755,0.));
#16857=CARTESIAN_POINT('',(0.10824325,-0.02755,0.0015));
#16858=CARTESIAN_POINT('',(0.10824325,-0.02755,0.0015));
#16859=CARTESIAN_POINT('',(0.10824325,-0.02055,0.0015));
#16860=CARTESIAN_POINT('',(0.10774325,-0.02755,0.0015));
#16861=CARTESIAN_POINT('',(0.10774325,-0.02755,0.));
#16862=CARTESIAN_POINT('',(0.10774325,-0.02805,0.));
#16863=CARTESIAN_POINT('',(0.10774325,-0.02805,0.0015));
#16864=CARTESIAN_POINT('',(0.10774325,-0.02805,0.0015));
#16865=CARTESIAN_POINT('',(0.10774325,-0.02755,0.0015));
#16866=CARTESIAN_POINT('',(0.10474325,-0.02805,0.0015));
#16867=CARTESIAN_POINT('',(0.10474325,-0.02805,0.));
#16868=CARTESIAN_POINT('',(0.10174325,-0.02805,0.));
#16869=CARTESIAN_POINT('',(0.10174325,-0.02805,0.0015));
#16870=CARTESIAN_POINT('',(0.10174325,-0.02805,0.0015));
#16871=CARTESIAN_POINT('',(0.10474325,-0.02805,0.0015));
#16872=CARTESIAN_POINT('',(0.10174325,-0.02755,0.0015));
#16873=CARTESIAN_POINT('',(0.10174325,-0.02755,0.));
#16874=CARTESIAN_POINT('',(0.10124325,-0.02755,0.));
#16875=CARTESIAN_POINT('',(0.10124325,-0.02755,0.0015));
#16876=CARTESIAN_POINT('',(0.10124325,-0.02755,0.0015));
#16877=CARTESIAN_POINT('',(0.10174325,-0.02755,0.0015));
#16878=CARTESIAN_POINT('',(0.11018125,-0.01255,0.0015));
#16879=CARTESIAN_POINT('',(0.11018125,-0.01255,0.));
#16880=CARTESIAN_POINT('',(0.11018125,-0.01205,0.));
#16881=CARTESIAN_POINT('',(0.10968125,-0.01255,0.));
#16882=CARTESIAN_POINT('',(0.11018125,-0.01205,0.0015));
#16883=CARTESIAN_POINT('',(0.11018125,-0.01205,0.0015));
#16884=CARTESIAN_POINT('',(0.11018125,-0.01255,0.0015));
#16885=CARTESIAN_POINT('',(0.10968125,-0.01255,0.0015));
#16886=CARTESIAN_POINT('',(0.10968125,-0.01255,0.0015));
#16887=CARTESIAN_POINT('',(0.11668125,-0.01205,0.0015));
#16888=CARTESIAN_POINT('',(0.11668125,-0.01205,0.));
#16889=CARTESIAN_POINT('',(0.12318125,-0.01205,0.));
#16890=CARTESIAN_POINT('',(0.12318125,-0.01205,0.0015));
#16891=CARTESIAN_POINT('',(0.12318125,-0.01205,0.0015));
#16892=CARTESIAN_POINT('',(0.11668125,-0.01205,0.0015));
#16893=CARTESIAN_POINT('',(0.12318125,-0.01255,0.0015));
#16894=CARTESIAN_POINT('',(0.12318125,-0.01255,0.));
#16895=CARTESIAN_POINT('',(0.12368125,-0.01255,0.));
#16896=CARTESIAN_POINT('',(0.12368125,-0.01255,0.0015));
#16897=CARTESIAN_POINT('',(0.12368125,-0.01255,0.0015));
#16898=CARTESIAN_POINT('',(0.12318125,-0.01255,0.0015));
#16899=CARTESIAN_POINT('',(0.12368125,-0.01905,0.0015));
#16900=CARTESIAN_POINT('',(0.12368125,-0.01905,0.));
#16901=CARTESIAN_POINT('',(0.12368125,-0.02555,0.));
#16902=CARTESIAN_POINT('',(0.12368125,-0.02555,0.0015));
#16903=CARTESIAN_POINT('',(0.12368125,-0.02555,0.0015));
#16904=CARTESIAN_POINT('',(0.12368125,-0.01905,0.0015));
#16905=CARTESIAN_POINT('',(0.12318125,-0.02555,0.0015));
#16906=CARTESIAN_POINT('',(0.12318125,-0.02555,0.));
#16907=CARTESIAN_POINT('',(0.12318125,-0.02605,0.));
#16908=CARTESIAN_POINT('',(0.12318125,-0.02605,0.0015));
#16909=CARTESIAN_POINT('',(0.12318125,-0.02605,0.0015));
#16910=CARTESIAN_POINT('',(0.12318125,-0.02555,0.0015));
#16911=CARTESIAN_POINT('',(0.11668125,-0.02605,0.0015));
#16912=CARTESIAN_POINT('',(0.11668125,-0.02605,0.));
#16913=CARTESIAN_POINT('',(0.11018125,-0.02605,0.));
#16914=CARTESIAN_POINT('',(0.11018125,-0.02605,0.0015));
#16915=CARTESIAN_POINT('',(0.11018125,-0.02605,0.0015));
#16916=CARTESIAN_POINT('',(0.11668125,-0.02605,0.0015));
#16917=CARTESIAN_POINT('',(0.11018125,-0.02555,0.0015));
#16918=CARTESIAN_POINT('',(0.11018125,-0.02555,0.));
#16919=CARTESIAN_POINT('',(0.10968125,-0.02555,0.));
#16920=CARTESIAN_POINT('',(0.10968125,-0.02555,0.0015));
#16921=CARTESIAN_POINT('',(0.10968125,-0.02555,0.0015));
#16922=CARTESIAN_POINT('',(0.11018125,-0.02555,0.0015));
#16923=CARTESIAN_POINT('',(0.0744625,-0.01255,0.0015));
#16924=CARTESIAN_POINT('',(0.0744625,-0.01255,0.));
#16925=CARTESIAN_POINT('',(0.0744625,-0.01205,0.));
#16926=CARTESIAN_POINT('',(0.0739625,-0.01255,0.));
#16927=CARTESIAN_POINT('',(0.0744625,-0.01205,0.0015));
#16928=CARTESIAN_POINT('',(0.0744625,-0.01205,0.0015));
#16929=CARTESIAN_POINT('',(0.0744625,-0.01255,0.0015));
#16930=CARTESIAN_POINT('',(0.0739625,-0.01255,0.0015));
#16931=CARTESIAN_POINT('',(0.0739625,-0.01255,0.0015));
#16932=CARTESIAN_POINT('',(0.0809625,-0.01205,0.0015));
#16933=CARTESIAN_POINT('',(0.0809625,-0.01205,0.));
#16934=CARTESIAN_POINT('',(0.0874625,-0.01205,0.));
#16935=CARTESIAN_POINT('',(0.0874625,-0.01205,0.0015));
#16936=CARTESIAN_POINT('',(0.0874625,-0.01205,0.0015));
#16937=CARTESIAN_POINT('',(0.0809625,-0.01205,0.0015));
#16938=CARTESIAN_POINT('',(0.0874625,-0.01255,0.0015));
#16939=CARTESIAN_POINT('',(0.0874625,-0.01255,0.));
#16940=CARTESIAN_POINT('',(0.0879625,-0.01255,0.));
#16941=CARTESIAN_POINT('',(0.0879625,-0.01255,0.0015));
#16942=CARTESIAN_POINT('',(0.0879625,-0.01255,0.0015));
#16943=CARTESIAN_POINT('',(0.0874625,-0.01255,0.0015));
#16944=CARTESIAN_POINT('',(0.0879625,-0.01905,0.0015));
#16945=CARTESIAN_POINT('',(0.0879625,-0.01905,0.));
#16946=CARTESIAN_POINT('',(0.0879625,-0.02555,0.));
#16947=CARTESIAN_POINT('',(0.0879625,-0.02555,0.0015));
#16948=CARTESIAN_POINT('',(0.0879625,-0.02555,0.0015));
#16949=CARTESIAN_POINT('',(0.0879625,-0.01905,0.0015));
#16950=CARTESIAN_POINT('',(0.0874625,-0.02555,0.0015));
#16951=CARTESIAN_POINT('',(0.0874625,-0.02555,0.));
#16952=CARTESIAN_POINT('',(0.0874625,-0.02605,0.));
#16953=CARTESIAN_POINT('',(0.0874625,-0.02605,0.0015));
#16954=CARTESIAN_POINT('',(0.0874625,-0.02605,0.0015));
#16955=CARTESIAN_POINT('',(0.0874625,-0.02555,0.0015));
#16956=CARTESIAN_POINT('',(0.0809625,-0.02605,0.0015));
#16957=CARTESIAN_POINT('',(0.0809625,-0.02605,0.));
#16958=CARTESIAN_POINT('',(0.0744625,-0.02605,0.));
#16959=CARTESIAN_POINT('',(0.0744625,-0.02605,0.0015));
#16960=CARTESIAN_POINT('',(0.0744625,-0.02605,0.0015));
#16961=CARTESIAN_POINT('',(0.0809625,-0.02605,0.0015));
#16962=CARTESIAN_POINT('',(0.0744625,-0.02555,0.0015));
#16963=CARTESIAN_POINT('',(0.0744625,-0.02555,0.));
#16964=CARTESIAN_POINT('',(0.0739625,-0.02555,0.));
#16965=CARTESIAN_POINT('',(0.0739625,-0.02555,0.0015));
#16966=CARTESIAN_POINT('',(0.0739625,-0.02555,0.0015));
#16967=CARTESIAN_POINT('',(0.0744625,-0.02555,0.0015));
#16968=CARTESIAN_POINT('',(0.0554125,-0.01255,0.0015));
#16969=CARTESIAN_POINT('',(0.0554125,-0.01255,0.));
#16970=CARTESIAN_POINT('',(0.0554125,-0.01205,0.));
#16971=CARTESIAN_POINT('',(0.0549125,-0.01255,0.));
#16972=CARTESIAN_POINT('',(0.0554125,-0.01205,0.0015));
#16973=CARTESIAN_POINT('',(0.0554125,-0.01205,0.0015));
#16974=CARTESIAN_POINT('',(0.0554125,-0.01255,0.0015));
#16975=CARTESIAN_POINT('',(0.0549125,-0.01255,0.0015));
#16976=CARTESIAN_POINT('',(0.0549125,-0.01255,0.0015));
#16977=CARTESIAN_POINT('',(0.0619125,-0.01205,0.0015));
#16978=CARTESIAN_POINT('',(0.0619125,-0.01205,0.));
#16979=CARTESIAN_POINT('',(0.0684125,-0.01205,0.));
#16980=CARTESIAN_POINT('',(0.0684125,-0.01205,0.0015));
#16981=CARTESIAN_POINT('',(0.0684125,-0.01205,0.0015));
#16982=CARTESIAN_POINT('',(0.0619125,-0.01205,0.0015));
#16983=CARTESIAN_POINT('',(0.0684125,-0.01255,0.0015));
#16984=CARTESIAN_POINT('',(0.0684125,-0.01255,0.));
#16985=CARTESIAN_POINT('',(0.0689125,-0.01255,0.));
#16986=CARTESIAN_POINT('',(0.0689125,-0.01255,0.0015));
#16987=CARTESIAN_POINT('',(0.0689125,-0.01255,0.0015));
#16988=CARTESIAN_POINT('',(0.0684125,-0.01255,0.0015));
#16989=CARTESIAN_POINT('',(0.0689125,-0.01905,0.0015));
#16990=CARTESIAN_POINT('',(0.0689125,-0.01905,0.));
#16991=CARTESIAN_POINT('',(0.0689125,-0.02555,0.));
#16992=CARTESIAN_POINT('',(0.0689125,-0.02555,0.0015));
#16993=CARTESIAN_POINT('',(0.0689125,-0.02555,0.0015));
#16994=CARTESIAN_POINT('',(0.0689125,-0.01905,0.0015));
#16995=CARTESIAN_POINT('',(0.0684125,-0.02555,0.0015));
#16996=CARTESIAN_POINT('',(0.0684125,-0.02555,0.));
#16997=CARTESIAN_POINT('',(0.0684125,-0.02605,0.));
#16998=CARTESIAN_POINT('',(0.0684125,-0.02605,0.0015));
#16999=CARTESIAN_POINT('',(0.0684125,-0.02605,0.0015));
#17000=CARTESIAN_POINT('',(0.0684125,-0.02555,0.0015));
#17001=CARTESIAN_POINT('',(0.0619125,-0.02605,0.0015));
#17002=CARTESIAN_POINT('',(0.0619125,-0.02605,0.));
#17003=CARTESIAN_POINT('',(0.0554125,-0.02605,0.));
#17004=CARTESIAN_POINT('',(0.0554125,-0.02605,0.0015));
#17005=CARTESIAN_POINT('',(0.0554125,-0.02605,0.0015));
#17006=CARTESIAN_POINT('',(0.0619125,-0.02605,0.0015));
#17007=CARTESIAN_POINT('',(0.0554125,-0.02555,0.0015));
#17008=CARTESIAN_POINT('',(0.0554125,-0.02555,0.));
#17009=CARTESIAN_POINT('',(0.0549125,-0.02555,0.));
#17010=CARTESIAN_POINT('',(0.0549125,-0.02555,0.0015));
#17011=CARTESIAN_POINT('',(0.0549125,-0.02555,0.0015));
#17012=CARTESIAN_POINT('',(0.0554125,-0.02555,0.0015));
#17013=CARTESIAN_POINT('',(0.0363625,-0.01255,0.0015));
#17014=CARTESIAN_POINT('',(0.0363625,-0.01255,0.));
#17015=CARTESIAN_POINT('',(0.0363625,-0.01205,0.));
#17016=CARTESIAN_POINT('',(0.0358625,-0.01255,0.));
#17017=CARTESIAN_POINT('',(0.0363625,-0.01205,0.0015));
#17018=CARTESIAN_POINT('',(0.0363625,-0.01205,0.0015));
#17019=CARTESIAN_POINT('',(0.0363625,-0.01255,0.0015));
#17020=CARTESIAN_POINT('',(0.0358625,-0.01255,0.0015));
#17021=CARTESIAN_POINT('',(0.0358625,-0.01255,0.0015));
#17022=CARTESIAN_POINT('',(0.0428625,-0.01205,0.0015));
#17023=CARTESIAN_POINT('',(0.0428625,-0.01205,0.));
#17024=CARTESIAN_POINT('',(0.0493625,-0.01205,0.));
#17025=CARTESIAN_POINT('',(0.0493625,-0.01205,0.0015));
#17026=CARTESIAN_POINT('',(0.0493625,-0.01205,0.0015));
#17027=CARTESIAN_POINT('',(0.0428625,-0.01205,0.0015));
#17028=CARTESIAN_POINT('',(0.0493625,-0.01255,0.0015));
#17029=CARTESIAN_POINT('',(0.0493625,-0.01255,0.));
#17030=CARTESIAN_POINT('',(0.0498625,-0.01255,0.));
#17031=CARTESIAN_POINT('',(0.0498625,-0.01255,0.0015));
#17032=CARTESIAN_POINT('',(0.0498625,-0.01255,0.0015));
#17033=CARTESIAN_POINT('',(0.0493625,-0.01255,0.0015));
#17034=CARTESIAN_POINT('',(0.0498625,-0.01905,0.0015));
#17035=CARTESIAN_POINT('',(0.0498625,-0.01905,0.));
#17036=CARTESIAN_POINT('',(0.0498625,-0.02555,0.));
#17037=CARTESIAN_POINT('',(0.0498625,-0.02555,0.0015));
#17038=CARTESIAN_POINT('',(0.0498625,-0.02555,0.0015));
#17039=CARTESIAN_POINT('',(0.0498625,-0.01905,0.0015));
#17040=CARTESIAN_POINT('',(0.0493625,-0.02555,0.0015));
#17041=CARTESIAN_POINT('',(0.0493625,-0.02555,0.));
#17042=CARTESIAN_POINT('',(0.0493625,-0.02605,0.));
#17043=CARTESIAN_POINT('',(0.0493625,-0.02605,0.0015));
#17044=CARTESIAN_POINT('',(0.0493625,-0.02605,0.0015));
#17045=CARTESIAN_POINT('',(0.0493625,-0.02555,0.0015));
#17046=CARTESIAN_POINT('',(0.0428625,-0.02605,0.0015));
#17047=CARTESIAN_POINT('',(0.0428625,-0.02605,0.));
#17048=CARTESIAN_POINT('',(0.0363625,-0.02605,0.));
#17049=CARTESIAN_POINT('',(0.0363625,-0.02605,0.0015));
#17050=CARTESIAN_POINT('',(0.0363625,-0.02605,0.0015));
#17051=CARTESIAN_POINT('',(0.0428625,-0.02605,0.0015));
#17052=CARTESIAN_POINT('',(0.0363625,-0.02555,0.0015));
#17053=CARTESIAN_POINT('',(0.0363625,-0.02555,0.));
#17054=CARTESIAN_POINT('',(0.0358625,-0.02555,0.));
#17055=CARTESIAN_POINT('',(0.0358625,-0.02555,0.0015));
#17056=CARTESIAN_POINT('',(0.0358625,-0.02555,0.0015));
#17057=CARTESIAN_POINT('',(0.0363625,-0.02555,0.0015));
#17058=CARTESIAN_POINT('',(0.0173125,-0.01255,0.0015));
#17059=CARTESIAN_POINT('',(0.0173125,-0.01255,0.));
#17060=CARTESIAN_POINT('',(0.0173125,-0.01205,0.));
#17061=CARTESIAN_POINT('',(0.0168125,-0.01255,0.));
#17062=CARTESIAN_POINT('',(0.0173125,-0.01205,0.0015));
#17063=CARTESIAN_POINT('',(0.0173125,-0.01205,0.0015));
#17064=CARTESIAN_POINT('',(0.0173125,-0.01255,0.0015));
#17065=CARTESIAN_POINT('',(0.0168125,-0.01255,0.0015));
#17066=CARTESIAN_POINT('',(0.0168125,-0.01255,0.0015));
#17067=CARTESIAN_POINT('',(0.0238125,-0.01205,0.0015));
#17068=CARTESIAN_POINT('',(0.0238125,-0.01205,0.));
#17069=CARTESIAN_POINT('',(0.0303125,-0.01205,0.));
#17070=CARTESIAN_POINT('',(0.0303125,-0.01205,0.0015));
#17071=CARTESIAN_POINT('',(0.0303125,-0.01205,0.0015));
#17072=CARTESIAN_POINT('',(0.0238125,-0.01205,0.0015));
#17073=CARTESIAN_POINT('',(0.0303125,-0.01255,0.0015));
#17074=CARTESIAN_POINT('',(0.0303125,-0.01255,0.));
#17075=CARTESIAN_POINT('',(0.0308125,-0.01255,0.));
#17076=CARTESIAN_POINT('',(0.0308125,-0.01255,0.0015));
#17077=CARTESIAN_POINT('',(0.0308125,-0.01255,0.0015));
#17078=CARTESIAN_POINT('',(0.0303125,-0.01255,0.0015));
#17079=CARTESIAN_POINT('',(0.0308125,-0.01905,0.0015));
#17080=CARTESIAN_POINT('',(0.0308125,-0.01905,0.));
#17081=CARTESIAN_POINT('',(0.0308125,-0.02555,0.));
#17082=CARTESIAN_POINT('',(0.0308125,-0.02555,0.0015));
#17083=CARTESIAN_POINT('',(0.0308125,-0.02555,0.0015));
#17084=CARTESIAN_POINT('',(0.0308125,-0.01905,0.0015));
#17085=CARTESIAN_POINT('',(0.0303125,-0.02555,0.0015));
#17086=CARTESIAN_POINT('',(0.0303125,-0.02555,0.));
#17087=CARTESIAN_POINT('',(0.0303125,-0.02605,0.));
#17088=CARTESIAN_POINT('',(0.0303125,-0.02605,0.0015));
#17089=CARTESIAN_POINT('',(0.0303125,-0.02605,0.0015));
#17090=CARTESIAN_POINT('',(0.0303125,-0.02555,0.0015));
#17091=CARTESIAN_POINT('',(0.0238125,-0.02605,0.0015));
#17092=CARTESIAN_POINT('',(0.0238125,-0.02605,0.));
#17093=CARTESIAN_POINT('',(0.0173125,-0.02605,0.));
#17094=CARTESIAN_POINT('',(0.0173125,-0.02605,0.0015));
#17095=CARTESIAN_POINT('',(0.0173125,-0.02605,0.0015));
#17096=CARTESIAN_POINT('',(0.0238125,-0.02605,0.0015));
#17097=CARTESIAN_POINT('',(0.0173125,-0.02555,0.0015));
#17098=CARTESIAN_POINT('',(0.0173125,-0.02555,0.));
#17099=CARTESIAN_POINT('',(0.0168125,-0.02555,0.));
#17100=CARTESIAN_POINT('',(0.0168125,-0.02555,0.0015));
#17101=CARTESIAN_POINT('',(0.0168125,-0.02555,0.0015));
#17102=CARTESIAN_POINT('',(0.0173125,-0.02555,0.0015));
#17103=CARTESIAN_POINT('',(-0.0017375,-0.01255,0.0015));
#17104=CARTESIAN_POINT('',(-0.0017375,-0.01255,0.));
#17105=CARTESIAN_POINT('',(-0.0017375,-0.01205,0.));
#17106=CARTESIAN_POINT('',(-0.0022375,-0.01255,0.));
#17107=CARTESIAN_POINT('',(-0.0017375,-0.01205,0.0015));
#17108=CARTESIAN_POINT('',(-0.0017375,-0.01205,0.0015));
#17109=CARTESIAN_POINT('',(-0.0017375,-0.01255,0.0015));
#17110=CARTESIAN_POINT('',(-0.0022375,-0.01255,0.0015));
#17111=CARTESIAN_POINT('',(-0.0022375,-0.01255,0.0015));
#17112=CARTESIAN_POINT('',(0.0047625,-0.01205,0.0015));
#17113=CARTESIAN_POINT('',(0.0047625,-0.01205,0.));
#17114=CARTESIAN_POINT('',(0.0112625,-0.01205,0.));
#17115=CARTESIAN_POINT('',(0.0112625,-0.01205,0.0015));
#17116=CARTESIAN_POINT('',(0.0112625,-0.01205,0.0015));
#17117=CARTESIAN_POINT('',(0.0047625,-0.01205,0.0015));
#17118=CARTESIAN_POINT('',(0.0112625,-0.01255,0.0015));
#17119=CARTESIAN_POINT('',(0.0112625,-0.01255,0.));
#17120=CARTESIAN_POINT('',(0.0117625,-0.01255,0.));
#17121=CARTESIAN_POINT('',(0.0117625,-0.01255,0.0015));
#17122=CARTESIAN_POINT('',(0.0117625,-0.01255,0.0015));
#17123=CARTESIAN_POINT('',(0.0112625,-0.01255,0.0015));
#17124=CARTESIAN_POINT('',(0.0117625,-0.01905,0.0015));
#17125=CARTESIAN_POINT('',(0.0117625,-0.01905,0.));
#17126=CARTESIAN_POINT('',(0.0117625,-0.02555,0.));
#17127=CARTESIAN_POINT('',(0.0117625,-0.02555,0.0015));
#17128=CARTESIAN_POINT('',(0.0117625,-0.02555,0.0015));
#17129=CARTESIAN_POINT('',(0.0117625,-0.01905,0.0015));
#17130=CARTESIAN_POINT('',(0.0112625,-0.02555,0.0015));
#17131=CARTESIAN_POINT('',(0.0112625,-0.02555,0.));
#17132=CARTESIAN_POINT('',(0.0112625,-0.02605,0.));
#17133=CARTESIAN_POINT('',(0.0112625,-0.02605,0.0015));
#17134=CARTESIAN_POINT('',(0.0112625,-0.02605,0.0015));
#17135=CARTESIAN_POINT('',(0.0112625,-0.02555,0.0015));
#17136=CARTESIAN_POINT('',(0.0047625,-0.02605,0.0015));
#17137=CARTESIAN_POINT('',(0.0047625,-0.02605,0.));
#17138=CARTESIAN_POINT('',(-0.0017375,-0.02605,0.));
#17139=CARTESIAN_POINT('',(-0.0017375,-0.02605,0.0015));
#17140=CARTESIAN_POINT('',(-0.0017375,-0.02605,0.0015));
#17141=CARTESIAN_POINT('',(0.0047625,-0.02605,0.0015));
#17142=CARTESIAN_POINT('',(-0.0017375,-0.02555,0.0015));
#17143=CARTESIAN_POINT('',(-0.0017375,-0.02555,0.));
#17144=CARTESIAN_POINT('',(-0.0022375,-0.02555,0.));
#17145=CARTESIAN_POINT('',(-0.0022375,-0.02555,0.0015));
#17146=CARTESIAN_POINT('',(-0.0022375,-0.02555,0.0015));
#17147=CARTESIAN_POINT('',(-0.0017375,-0.02555,0.0015));
#17148=CARTESIAN_POINT('',(-0.0207875,-0.01255,0.0015));
#17149=CARTESIAN_POINT('',(-0.0207875,-0.01255,0.));
#17150=CARTESIAN_POINT('',(-0.0207875,-0.01205,0.));
#17151=CARTESIAN_POINT('',(-0.0212875,-0.01255,0.));
#17152=CARTESIAN_POINT('',(-0.0207875,-0.01205,0.0015));
#17153=CARTESIAN_POINT('',(-0.0207875,-0.01205,0.0015));
#17154=CARTESIAN_POINT('',(-0.0207875,-0.01255,0.0015));
#17155=CARTESIAN_POINT('',(-0.0212875,-0.01255,0.0015));
#17156=CARTESIAN_POINT('',(-0.0212875,-0.01255,0.0015));
#17157=CARTESIAN_POINT('',(-0.0142875,-0.01205,0.0015));
#17158=CARTESIAN_POINT('',(-0.0142875,-0.01205,0.));
#17159=CARTESIAN_POINT('',(-0.0077875,-0.01205,0.));
#17160=CARTESIAN_POINT('',(-0.0077875,-0.01205,0.0015));
#17161=CARTESIAN_POINT('',(-0.0077875,-0.01205,0.0015));
#17162=CARTESIAN_POINT('',(-0.0142875,-0.01205,0.0015));
#17163=CARTESIAN_POINT('',(-0.0077875,-0.01255,0.0015));
#17164=CARTESIAN_POINT('',(-0.0077875,-0.01255,0.));
#17165=CARTESIAN_POINT('',(-0.0072875,-0.01255,0.));
#17166=CARTESIAN_POINT('',(-0.0072875,-0.01255,0.0015));
#17167=CARTESIAN_POINT('',(-0.0072875,-0.01255,0.0015));
#17168=CARTESIAN_POINT('',(-0.0077875,-0.01255,0.0015));
#17169=CARTESIAN_POINT('',(-0.0072875,-0.01905,0.0015));
#17170=CARTESIAN_POINT('',(-0.0072875,-0.01905,0.));
#17171=CARTESIAN_POINT('',(-0.0072875,-0.02555,0.));
#17172=CARTESIAN_POINT('',(-0.0072875,-0.02555,0.0015));
#17173=CARTESIAN_POINT('',(-0.0072875,-0.02555,0.0015));
#17174=CARTESIAN_POINT('',(-0.0072875,-0.01905,0.0015));
#17175=CARTESIAN_POINT('',(-0.0077875,-0.02555,0.0015));
#17176=CARTESIAN_POINT('',(-0.0077875,-0.02555,0.));
#17177=CARTESIAN_POINT('',(-0.0077875,-0.02605,0.));
#17178=CARTESIAN_POINT('',(-0.0077875,-0.02605,0.0015));
#17179=CARTESIAN_POINT('',(-0.0077875,-0.02605,0.0015));
#17180=CARTESIAN_POINT('',(-0.0077875,-0.02555,0.0015));
#17181=CARTESIAN_POINT('',(-0.0142875,-0.02605,0.0015));
#17182=CARTESIAN_POINT('',(-0.0142875,-0.02605,0.));
#17183=CARTESIAN_POINT('',(-0.0207875,-0.02605,0.));
#17184=CARTESIAN_POINT('',(-0.0207875,-0.02605,0.0015));
#17185=CARTESIAN_POINT('',(-0.0207875,-0.02605,0.0015));
#17186=CARTESIAN_POINT('',(-0.0142875,-0.02605,0.0015));
#17187=CARTESIAN_POINT('',(-0.0207875,-0.02555,0.0015));
#17188=CARTESIAN_POINT('',(-0.0207875,-0.02555,0.));
#17189=CARTESIAN_POINT('',(-0.0212875,-0.02555,0.));
#17190=CARTESIAN_POINT('',(-0.0212875,-0.02555,0.0015));
#17191=CARTESIAN_POINT('',(-0.0212875,-0.02555,0.0015));
#17192=CARTESIAN_POINT('',(-0.0207875,-0.02555,0.0015));
#17193=CARTESIAN_POINT('',(-0.0398375,-0.01255,0.0015));
#17194=CARTESIAN_POINT('',(-0.0398375,-0.01255,0.));
#17195=CARTESIAN_POINT('',(-0.0398375,-0.01205,0.));
#17196=CARTESIAN_POINT('',(-0.0403375,-0.01255,0.));
#17197=CARTESIAN_POINT('',(-0.0398375,-0.01205,0.0015));
#17198=CARTESIAN_POINT('',(-0.0398375,-0.01205,0.0015));
#17199=CARTESIAN_POINT('',(-0.0398375,-0.01255,0.0015));
#17200=CARTESIAN_POINT('',(-0.0403375,-0.01255,0.0015));
#17201=CARTESIAN_POINT('',(-0.0403375,-0.01255,0.0015));
#17202=CARTESIAN_POINT('',(-0.0333375,-0.01205,0.0015));
#17203=CARTESIAN_POINT('',(-0.0333375,-0.01205,0.));
#17204=CARTESIAN_POINT('',(-0.0268375,-0.01205,0.));
#17205=CARTESIAN_POINT('',(-0.0268375,-0.01205,0.0015));
#17206=CARTESIAN_POINT('',(-0.0268375,-0.01205,0.0015));
#17207=CARTESIAN_POINT('',(-0.0333375,-0.01205,0.0015));
#17208=CARTESIAN_POINT('',(-0.0268375,-0.01255,0.0015));
#17209=CARTESIAN_POINT('',(-0.0268375,-0.01255,0.));
#17210=CARTESIAN_POINT('',(-0.0263375,-0.01255,0.));
#17211=CARTESIAN_POINT('',(-0.0263375,-0.01255,0.0015));
#17212=CARTESIAN_POINT('',(-0.0263375,-0.01255,0.0015));
#17213=CARTESIAN_POINT('',(-0.0268375,-0.01255,0.0015));
#17214=CARTESIAN_POINT('',(-0.0263375,-0.01905,0.0015));
#17215=CARTESIAN_POINT('',(-0.0263375,-0.01905,0.));
#17216=CARTESIAN_POINT('',(-0.0263375,-0.02555,0.));
#17217=CARTESIAN_POINT('',(-0.0263375,-0.02555,0.0015));
#17218=CARTESIAN_POINT('',(-0.0263375,-0.02555,0.0015));
#17219=CARTESIAN_POINT('',(-0.0263375,-0.01905,0.0015));
#17220=CARTESIAN_POINT('',(-0.0268375,-0.02555,0.0015));
#17221=CARTESIAN_POINT('',(-0.0268375,-0.02555,0.));
#17222=CARTESIAN_POINT('',(-0.0268375,-0.02605,0.));
#17223=CARTESIAN_POINT('',(-0.0268375,-0.02605,0.0015));
#17224=CARTESIAN_POINT('',(-0.0268375,-0.02605,0.0015));
#17225=CARTESIAN_POINT('',(-0.0268375,-0.02555,0.0015));
#17226=CARTESIAN_POINT('',(-0.0333375,-0.02605,0.0015));
#17227=CARTESIAN_POINT('',(-0.0333375,-0.02605,0.));
#17228=CARTESIAN_POINT('',(-0.0398375,-0.02605,0.));
#17229=CARTESIAN_POINT('',(-0.0398375,-0.02605,0.0015));
#17230=CARTESIAN_POINT('',(-0.0398375,-0.02605,0.0015));
#17231=CARTESIAN_POINT('',(-0.0333375,-0.02605,0.0015));
#17232=CARTESIAN_POINT('',(-0.0398375,-0.02555,0.0015));
#17233=CARTESIAN_POINT('',(-0.0398375,-0.02555,0.));
#17234=CARTESIAN_POINT('',(-0.0403375,-0.02555,0.));
#17235=CARTESIAN_POINT('',(-0.0403375,-0.02555,0.0015));
#17236=CARTESIAN_POINT('',(-0.0403375,-0.02555,0.0015));
#17237=CARTESIAN_POINT('',(-0.0398375,-0.02555,0.0015));
#17238=CARTESIAN_POINT('',(-0.0588875,-0.01255,0.0015));
#17239=CARTESIAN_POINT('',(-0.0588875,-0.01255,0.));
#17240=CARTESIAN_POINT('',(-0.0588875,-0.01205,0.));
#17241=CARTESIAN_POINT('',(-0.0593875,-0.01255,0.));
#17242=CARTESIAN_POINT('',(-0.0588875,-0.01205,0.0015));
#17243=CARTESIAN_POINT('',(-0.0588875,-0.01205,0.0015));
#17244=CARTESIAN_POINT('',(-0.0588875,-0.01255,0.0015));
#17245=CARTESIAN_POINT('',(-0.0593875,-0.01255,0.0015));
#17246=CARTESIAN_POINT('',(-0.0593875,-0.01255,0.0015));
#17247=CARTESIAN_POINT('',(-0.0523875,-0.01205,0.0015));
#17248=CARTESIAN_POINT('',(-0.0523875,-0.01205,0.));
#17249=CARTESIAN_POINT('',(-0.0458875,-0.01205,0.));
#17250=CARTESIAN_POINT('',(-0.0458875,-0.01205,0.0015));
#17251=CARTESIAN_POINT('',(-0.0458875,-0.01205,0.0015));
#17252=CARTESIAN_POINT('',(-0.0523875,-0.01205,0.0015));
#17253=CARTESIAN_POINT('',(-0.0458875,-0.01255,0.0015));
#17254=CARTESIAN_POINT('',(-0.0458875,-0.01255,0.));
#17255=CARTESIAN_POINT('',(-0.0453875,-0.01255,0.));
#17256=CARTESIAN_POINT('',(-0.0453875,-0.01255,0.0015));
#17257=CARTESIAN_POINT('',(-0.0453875,-0.01255,0.0015));
#17258=CARTESIAN_POINT('',(-0.0458875,-0.01255,0.0015));
#17259=CARTESIAN_POINT('',(-0.0453875,-0.01905,0.0015));
#17260=CARTESIAN_POINT('',(-0.0453875,-0.01905,0.));
#17261=CARTESIAN_POINT('',(-0.0453875,-0.02555,0.));
#17262=CARTESIAN_POINT('',(-0.0453875,-0.02555,0.0015));
#17263=CARTESIAN_POINT('',(-0.0453875,-0.02555,0.0015));
#17264=CARTESIAN_POINT('',(-0.0453875,-0.01905,0.0015));
#17265=CARTESIAN_POINT('',(-0.0458875,-0.02555,0.0015));
#17266=CARTESIAN_POINT('',(-0.0458875,-0.02555,0.));
#17267=CARTESIAN_POINT('',(-0.0458875,-0.02605,0.));
#17268=CARTESIAN_POINT('',(-0.0458875,-0.02605,0.0015));
#17269=CARTESIAN_POINT('',(-0.0458875,-0.02605,0.0015));
#17270=CARTESIAN_POINT('',(-0.0458875,-0.02555,0.0015));
#17271=CARTESIAN_POINT('',(-0.0523875,-0.02605,0.0015));
#17272=CARTESIAN_POINT('',(-0.0523875,-0.02605,0.));
#17273=CARTESIAN_POINT('',(-0.0588875,-0.02605,0.));
#17274=CARTESIAN_POINT('',(-0.0588875,-0.02605,0.0015));
#17275=CARTESIAN_POINT('',(-0.0588875,-0.02605,0.0015));
#17276=CARTESIAN_POINT('',(-0.0523875,-0.02605,0.0015));
#17277=CARTESIAN_POINT('',(-0.0588875,-0.02555,0.0015));
#17278=CARTESIAN_POINT('',(-0.0588875,-0.02555,0.));
#17279=CARTESIAN_POINT('',(-0.0593875,-0.02555,0.));
#17280=CARTESIAN_POINT('',(-0.0593875,-0.02555,0.0015));
#17281=CARTESIAN_POINT('',(-0.0593875,-0.02555,0.0015));
#17282=CARTESIAN_POINT('',(-0.0588875,-0.02555,0.0015));
#17283=CARTESIAN_POINT('',(-0.0779375,-0.01255,0.0015));
#17284=CARTESIAN_POINT('',(-0.0779375,-0.01255,0.));
#17285=CARTESIAN_POINT('',(-0.0779375,-0.01205,0.));
#17286=CARTESIAN_POINT('',(-0.0784375,-0.01255,0.));
#17287=CARTESIAN_POINT('',(-0.0779375,-0.01205,0.0015));
#17288=CARTESIAN_POINT('',(-0.0779375,-0.01205,0.0015));
#17289=CARTESIAN_POINT('',(-0.0779375,-0.01255,0.0015));
#17290=CARTESIAN_POINT('',(-0.0784375,-0.01255,0.0015));
#17291=CARTESIAN_POINT('',(-0.0784375,-0.01255,0.0015));
#17292=CARTESIAN_POINT('',(-0.0714375,-0.01205,0.0015));
#17293=CARTESIAN_POINT('',(-0.0714375,-0.01205,0.));
#17294=CARTESIAN_POINT('',(-0.0649375,-0.01205,0.));
#17295=CARTESIAN_POINT('',(-0.0649375,-0.01205,0.0015));
#17296=CARTESIAN_POINT('',(-0.0649375,-0.01205,0.0015));
#17297=CARTESIAN_POINT('',(-0.0714375,-0.01205,0.0015));
#17298=CARTESIAN_POINT('',(-0.0649375,-0.01255,0.0015));
#17299=CARTESIAN_POINT('',(-0.0649375,-0.01255,0.));
#17300=CARTESIAN_POINT('',(-0.0644375,-0.01255,0.));
#17301=CARTESIAN_POINT('',(-0.0644375,-0.01255,0.0015));
#17302=CARTESIAN_POINT('',(-0.0644375,-0.01255,0.0015));
#17303=CARTESIAN_POINT('',(-0.0649375,-0.01255,0.0015));
#17304=CARTESIAN_POINT('',(-0.0644375,-0.01905,0.0015));
#17305=CARTESIAN_POINT('',(-0.0644375,-0.01905,0.));
#17306=CARTESIAN_POINT('',(-0.0644375,-0.02555,0.));
#17307=CARTESIAN_POINT('',(-0.0644375,-0.02555,0.0015));
#17308=CARTESIAN_POINT('',(-0.0644375,-0.02555,0.0015));
#17309=CARTESIAN_POINT('',(-0.0644375,-0.01905,0.0015));
#17310=CARTESIAN_POINT('',(-0.0649375,-0.02555,0.0015));
#17311=CARTESIAN_POINT('',(-0.0649375,-0.02555,0.));
#17312=CARTESIAN_POINT('',(-0.0649375,-0.02605,0.));
#17313=CARTESIAN_POINT('',(-0.0649375,-0.02605,0.0015));
#17314=CARTESIAN_POINT('',(-0.0649375,-0.02605,0.0015));
#17315=CARTESIAN_POINT('',(-0.0649375,-0.02555,0.0015));
#17316=CARTESIAN_POINT('',(-0.0714375,-0.02605,0.0015));
#17317=CARTESIAN_POINT('',(-0.0714375,-0.02605,0.));
#17318=CARTESIAN_POINT('',(-0.0779375,-0.02605,0.));
#17319=CARTESIAN_POINT('',(-0.0779375,-0.02605,0.0015));
#17320=CARTESIAN_POINT('',(-0.0779375,-0.02605,0.0015));
#17321=CARTESIAN_POINT('',(-0.0714375,-0.02605,0.0015));
#17322=CARTESIAN_POINT('',(-0.0779375,-0.02555,0.0015));
#17323=CARTESIAN_POINT('',(-0.0779375,-0.02555,0.));
#17324=CARTESIAN_POINT('',(-0.0784375,-0.02555,0.));
#17325=CARTESIAN_POINT('',(-0.0784375,-0.02555,0.0015));
#17326=CARTESIAN_POINT('',(-0.0784375,-0.02555,0.0015));
#17327=CARTESIAN_POINT('',(-0.0779375,-0.02555,0.0015));
#17328=CARTESIAN_POINT('',(-0.0969875,-0.01255,0.0015));
#17329=CARTESIAN_POINT('',(-0.0969875,-0.01255,0.));
#17330=CARTESIAN_POINT('',(-0.0969875,-0.01205,0.));
#17331=CARTESIAN_POINT('',(-0.0974875,-0.01255,0.));
#17332=CARTESIAN_POINT('',(-0.0969875,-0.01205,0.0015));
#17333=CARTESIAN_POINT('',(-0.0969875,-0.01205,0.0015));
#17334=CARTESIAN_POINT('',(-0.0969875,-0.01255,0.0015));
#17335=CARTESIAN_POINT('',(-0.0974875,-0.01255,0.0015));
#17336=CARTESIAN_POINT('',(-0.0974875,-0.01255,0.0015));
#17337=CARTESIAN_POINT('',(-0.0904875,-0.01205,0.0015));
#17338=CARTESIAN_POINT('',(-0.0904875,-0.01205,0.));
#17339=CARTESIAN_POINT('',(-0.0839875,-0.01205,0.));
#17340=CARTESIAN_POINT('',(-0.0839875,-0.01205,0.0015));
#17341=CARTESIAN_POINT('',(-0.0839875,-0.01205,0.0015));
#17342=CARTESIAN_POINT('',(-0.0904875,-0.01205,0.0015));
#17343=CARTESIAN_POINT('',(-0.0839875,-0.01255,0.0015));
#17344=CARTESIAN_POINT('',(-0.0839875,-0.01255,0.));
#17345=CARTESIAN_POINT('',(-0.0834875,-0.01255,0.));
#17346=CARTESIAN_POINT('',(-0.0834875,-0.01255,0.0015));
#17347=CARTESIAN_POINT('',(-0.0834875,-0.01255,0.0015));
#17348=CARTESIAN_POINT('',(-0.0839875,-0.01255,0.0015));
#17349=CARTESIAN_POINT('',(-0.0834875,-0.01905,0.0015));
#17350=CARTESIAN_POINT('',(-0.0834875,-0.01905,0.));
#17351=CARTESIAN_POINT('',(-0.0834875,-0.02555,0.));
#17352=CARTESIAN_POINT('',(-0.0834875,-0.02555,0.0015));
#17353=CARTESIAN_POINT('',(-0.0834875,-0.02555,0.0015));
#17354=CARTESIAN_POINT('',(-0.0834875,-0.01905,0.0015));
#17355=CARTESIAN_POINT('',(-0.0839875,-0.02555,0.0015));
#17356=CARTESIAN_POINT('',(-0.0839875,-0.02555,0.));
#17357=CARTESIAN_POINT('',(-0.0839875,-0.02605,0.));
#17358=CARTESIAN_POINT('',(-0.0839875,-0.02605,0.0015));
#17359=CARTESIAN_POINT('',(-0.0839875,-0.02605,0.0015));
#17360=CARTESIAN_POINT('',(-0.0839875,-0.02555,0.0015));
#17361=CARTESIAN_POINT('',(-0.0904875,-0.02605,0.0015));
#17362=CARTESIAN_POINT('',(-0.0904875,-0.02605,0.));
#17363=CARTESIAN_POINT('',(-0.0969875,-0.02605,0.));
#17364=CARTESIAN_POINT('',(-0.0969875,-0.02605,0.0015));
#17365=CARTESIAN_POINT('',(-0.0969875,-0.02605,0.0015));
#17366=CARTESIAN_POINT('',(-0.0904875,-0.02605,0.0015));
#17367=CARTESIAN_POINT('',(-0.0969875,-0.02555,0.0015));
#17368=CARTESIAN_POINT('',(-0.0969875,-0.02555,0.));
#17369=CARTESIAN_POINT('',(-0.0974875,-0.02555,0.));
#17370=CARTESIAN_POINT('',(-0.0974875,-0.02555,0.0015));
#17371=CARTESIAN_POINT('',(-0.0974875,-0.02555,0.0015));
#17372=CARTESIAN_POINT('',(-0.0969875,-0.02555,0.0015));
#17373=CARTESIAN_POINT('',(-0.11250575,-0.01355,0.0015));
#17374=CARTESIAN_POINT('',(-0.11250575,-0.01355,0.));
#17375=CARTESIAN_POINT('',(-0.11250575,-0.01305,0.));
#17376=CARTESIAN_POINT('',(-0.11300575,-0.01355,0.));
#17377=CARTESIAN_POINT('',(-0.11250575,-0.01305,0.0015));
#17378=CARTESIAN_POINT('',(-0.11250575,-0.01305,0.0015));
#17379=CARTESIAN_POINT('',(-0.11250575,-0.01355,0.0015));
#17380=CARTESIAN_POINT('',(-0.11300575,-0.01355,0.0015));
#17381=CARTESIAN_POINT('',(-0.11300575,-0.01355,0.0015));
#17382=CARTESIAN_POINT('',(-0.10950575,-0.01305,0.0015));
#17383=CARTESIAN_POINT('',(-0.10950575,-0.01305,0.));
#17384=CARTESIAN_POINT('',(-0.10650575,-0.01305,0.));
#17385=CARTESIAN_POINT('',(-0.10650575,-0.01305,0.0015));
#17386=CARTESIAN_POINT('',(-0.10650575,-0.01305,0.0015));
#17387=CARTESIAN_POINT('',(-0.10950575,-0.01305,0.0015));
#17388=CARTESIAN_POINT('',(-0.10650575,-0.01355,0.0015));
#17389=CARTESIAN_POINT('',(-0.10650575,-0.01355,0.));
#17390=CARTESIAN_POINT('',(-0.10600575,-0.01355,0.));
#17391=CARTESIAN_POINT('',(-0.10600575,-0.01355,0.0015));
#17392=CARTESIAN_POINT('',(-0.10600575,-0.01355,0.0015));
#17393=CARTESIAN_POINT('',(-0.10650575,-0.01355,0.0015));
#17394=CARTESIAN_POINT('',(-0.10600575,-0.02055,0.0015));
#17395=CARTESIAN_POINT('',(-0.10600575,-0.02055,0.));
#17396=CARTESIAN_POINT('',(-0.10600575,-0.02755,0.));
#17397=CARTESIAN_POINT('',(-0.10600575,-0.02755,0.0015));
#17398=CARTESIAN_POINT('',(-0.10600575,-0.02755,0.0015));
#17399=CARTESIAN_POINT('',(-0.10600575,-0.02055,0.0015));
#17400=CARTESIAN_POINT('',(-0.10650575,-0.02755,0.0015));
#17401=CARTESIAN_POINT('',(-0.10650575,-0.02755,0.));
#17402=CARTESIAN_POINT('',(-0.10650575,-0.02805,0.));
#17403=CARTESIAN_POINT('',(-0.10650575,-0.02805,0.0015));
#17404=CARTESIAN_POINT('',(-0.10650575,-0.02805,0.0015));
#17405=CARTESIAN_POINT('',(-0.10650575,-0.02755,0.0015));
#17406=CARTESIAN_POINT('',(-0.10950575,-0.02805,0.0015));
#17407=CARTESIAN_POINT('',(-0.10950575,-0.02805,0.));
#17408=CARTESIAN_POINT('',(-0.11250575,-0.02805,0.));
#17409=CARTESIAN_POINT('',(-0.11250575,-0.02805,0.0015));
#17410=CARTESIAN_POINT('',(-0.11250575,-0.02805,0.0015));
#17411=CARTESIAN_POINT('',(-0.10950575,-0.02805,0.0015));
#17412=CARTESIAN_POINT('',(-0.11250575,-0.02755,0.0015));
#17413=CARTESIAN_POINT('',(-0.11250575,-0.02755,0.));
#17414=CARTESIAN_POINT('',(-0.11300575,-0.02755,0.));
#17415=CARTESIAN_POINT('',(-0.11300575,-0.02755,0.0015));
#17416=CARTESIAN_POINT('',(-0.11300575,-0.02755,0.0015));
#17417=CARTESIAN_POINT('',(-0.11250575,-0.02755,0.0015));
#17418=CARTESIAN_POINT('',(-0.13638175,-0.01355,0.0015));
#17419=CARTESIAN_POINT('',(-0.13638175,-0.01355,0.));
#17420=CARTESIAN_POINT('',(-0.13638175,-0.01305,0.));
#17421=CARTESIAN_POINT('',(-0.13688175,-0.01355,0.));
#17422=CARTESIAN_POINT('',(-0.13638175,-0.01305,0.0015));
#17423=CARTESIAN_POINT('',(-0.13638175,-0.01305,0.0015));
#17424=CARTESIAN_POINT('',(-0.13638175,-0.01355,0.0015));
#17425=CARTESIAN_POINT('',(-0.13688175,-0.01355,0.0015));
#17426=CARTESIAN_POINT('',(-0.13688175,-0.01355,0.0015));
#17427=CARTESIAN_POINT('',(-0.13338175,-0.01305,0.0015));
#17428=CARTESIAN_POINT('',(-0.13338175,-0.01305,0.));
#17429=CARTESIAN_POINT('',(-0.13038175,-0.01305,0.));
#17430=CARTESIAN_POINT('',(-0.13038175,-0.01305,0.0015));
#17431=CARTESIAN_POINT('',(-0.13038175,-0.01305,0.0015));
#17432=CARTESIAN_POINT('',(-0.13338175,-0.01305,0.0015));
#17433=CARTESIAN_POINT('',(-0.13038175,-0.01355,0.0015));
#17434=CARTESIAN_POINT('',(-0.13038175,-0.01355,0.));
#17435=CARTESIAN_POINT('',(-0.12988175,-0.01355,0.));
#17436=CARTESIAN_POINT('',(-0.12988175,-0.01355,0.0015));
#17437=CARTESIAN_POINT('',(-0.12988175,-0.01355,0.0015));
#17438=CARTESIAN_POINT('',(-0.13038175,-0.01355,0.0015));
#17439=CARTESIAN_POINT('',(-0.12988175,-0.02055,0.0015));
#17440=CARTESIAN_POINT('',(-0.12988175,-0.02055,0.));
#17441=CARTESIAN_POINT('',(-0.12988175,-0.02755,0.));
#17442=CARTESIAN_POINT('',(-0.12988175,-0.02755,0.0015));
#17443=CARTESIAN_POINT('',(-0.12988175,-0.02755,0.0015));
#17444=CARTESIAN_POINT('',(-0.12988175,-0.02055,0.0015));
#17445=CARTESIAN_POINT('',(-0.13038175,-0.02755,0.0015));
#17446=CARTESIAN_POINT('',(-0.13038175,-0.02755,0.));
#17447=CARTESIAN_POINT('',(-0.13038175,-0.02805,0.));
#17448=CARTESIAN_POINT('',(-0.13038175,-0.02805,0.0015));
#17449=CARTESIAN_POINT('',(-0.13038175,-0.02805,0.0015));
#17450=CARTESIAN_POINT('',(-0.13038175,-0.02755,0.0015));
#17451=CARTESIAN_POINT('',(-0.13338175,-0.02805,0.0015));
#17452=CARTESIAN_POINT('',(-0.13338175,-0.02805,0.));
#17453=CARTESIAN_POINT('',(-0.13638175,-0.02805,0.));
#17454=CARTESIAN_POINT('',(-0.13638175,-0.02805,0.0015));
#17455=CARTESIAN_POINT('',(-0.13638175,-0.02805,0.0015));
#17456=CARTESIAN_POINT('',(-0.13338175,-0.02805,0.0015));
#17457=CARTESIAN_POINT('',(-0.13638175,-0.02755,0.0015));
#17458=CARTESIAN_POINT('',(-0.13638175,-0.02755,0.));
#17459=CARTESIAN_POINT('',(-0.13688175,-0.02755,0.));
#17460=CARTESIAN_POINT('',(-0.13688175,-0.02755,0.0015));
#17461=CARTESIAN_POINT('',(-0.13688175,-0.02755,0.0015));
#17462=CARTESIAN_POINT('',(-0.13638175,-0.02755,0.0015));
#17463=CARTESIAN_POINT('',(-0.12794375,-0.01255,0.0015));
#17464=CARTESIAN_POINT('',(-0.12794375,-0.01255,0.));
#17465=CARTESIAN_POINT('',(-0.12794375,-0.01205,0.));
#17466=CARTESIAN_POINT('',(-0.12844375,-0.01255,0.));
#17467=CARTESIAN_POINT('',(-0.12794375,-0.01205,0.0015));
#17468=CARTESIAN_POINT('',(-0.12794375,-0.01205,0.0015));
#17469=CARTESIAN_POINT('',(-0.12794375,-0.01255,0.0015));
#17470=CARTESIAN_POINT('',(-0.12844375,-0.01255,0.0015));
#17471=CARTESIAN_POINT('',(-0.12844375,-0.01255,0.0015));
#17472=CARTESIAN_POINT('',(-0.12144375,-0.01205,0.0015));
#17473=CARTESIAN_POINT('',(-0.12144375,-0.01205,0.));
#17474=CARTESIAN_POINT('',(-0.11494375,-0.01205,0.));
#17475=CARTESIAN_POINT('',(-0.11494375,-0.01205,0.0015));
#17476=CARTESIAN_POINT('',(-0.11494375,-0.01205,0.0015));
#17477=CARTESIAN_POINT('',(-0.12144375,-0.01205,0.0015));
#17478=CARTESIAN_POINT('',(-0.11494375,-0.01255,0.0015));
#17479=CARTESIAN_POINT('',(-0.11494375,-0.01255,0.));
#17480=CARTESIAN_POINT('',(-0.11444375,-0.01255,0.));
#17481=CARTESIAN_POINT('',(-0.11444375,-0.01255,0.0015));
#17482=CARTESIAN_POINT('',(-0.11444375,-0.01255,0.0015));
#17483=CARTESIAN_POINT('',(-0.11494375,-0.01255,0.0015));
#17484=CARTESIAN_POINT('',(-0.11444375,-0.01905,0.0015));
#17485=CARTESIAN_POINT('',(-0.11444375,-0.01905,0.));
#17486=CARTESIAN_POINT('',(-0.11444375,-0.02555,0.));
#17487=CARTESIAN_POINT('',(-0.11444375,-0.02555,0.0015));
#17488=CARTESIAN_POINT('',(-0.11444375,-0.02555,0.0015));
#17489=CARTESIAN_POINT('',(-0.11444375,-0.01905,0.0015));
#17490=CARTESIAN_POINT('',(-0.11494375,-0.02555,0.0015));
#17491=CARTESIAN_POINT('',(-0.11494375,-0.02555,0.));
#17492=CARTESIAN_POINT('',(-0.11494375,-0.02605,0.));
#17493=CARTESIAN_POINT('',(-0.11494375,-0.02605,0.0015));
#17494=CARTESIAN_POINT('',(-0.11494375,-0.02605,0.0015));
#17495=CARTESIAN_POINT('',(-0.11494375,-0.02555,0.0015));
#17496=CARTESIAN_POINT('',(-0.12144375,-0.02605,0.0015));
#17497=CARTESIAN_POINT('',(-0.12144375,-0.02605,0.));
#17498=CARTESIAN_POINT('',(-0.12794375,-0.02605,0.));
#17499=CARTESIAN_POINT('',(-0.12794375,-0.02605,0.0015));
#17500=CARTESIAN_POINT('',(-0.12794375,-0.02605,0.0015));
#17501=CARTESIAN_POINT('',(-0.12144375,-0.02605,0.0015));
#17502=CARTESIAN_POINT('',(-0.12794375,-0.02555,0.0015));
#17503=CARTESIAN_POINT('',(-0.12794375,-0.02555,0.));
#17504=CARTESIAN_POINT('',(-0.12844375,-0.02555,0.));
#17505=CARTESIAN_POINT('',(-0.12844375,-0.02555,0.0015));
#17506=CARTESIAN_POINT('',(-0.12844375,-0.02555,0.0015));
#17507=CARTESIAN_POINT('',(-0.12794375,-0.02555,0.0015));
#17508=CARTESIAN_POINT('',(0.13038175,0.0055,0.0015));
#17509=CARTESIAN_POINT('',(0.13038175,0.0055,0.));
#17510=CARTESIAN_POINT('',(0.13038175,0.006,0.));
#17511=CARTESIAN_POINT('',(0.12988175,0.0055,0.));
#17512=CARTESIAN_POINT('',(0.13038175,0.006,0.0015));
#17513=CARTESIAN_POINT('',(0.13038175,0.006,0.0015));
#17514=CARTESIAN_POINT('',(0.13038175,0.0055,0.0015));
#17515=CARTESIAN_POINT('',(0.12988175,0.0055,0.0015));
#17516=CARTESIAN_POINT('',(0.12988175,0.0055,0.0015));
#17517=CARTESIAN_POINT('',(0.13338175,0.006,0.0015));
#17518=CARTESIAN_POINT('',(0.13338175,0.006,0.));
#17519=CARTESIAN_POINT('',(0.13638175,0.006,0.));
#17520=CARTESIAN_POINT('',(0.13638175,0.006,0.0015));
#17521=CARTESIAN_POINT('',(0.13638175,0.006,0.0015));
#17522=CARTESIAN_POINT('',(0.13338175,0.006,0.0015));
#17523=CARTESIAN_POINT('',(0.13638175,0.0055,0.0015));
#17524=CARTESIAN_POINT('',(0.13638175,0.0055,0.));
#17525=CARTESIAN_POINT('',(0.13688175,0.0055,0.));
#17526=CARTESIAN_POINT('',(0.13688175,0.0055,0.0015));
#17527=CARTESIAN_POINT('',(0.13688175,0.0055,0.0015));
#17528=CARTESIAN_POINT('',(0.13638175,0.0055,0.0015));
#17529=CARTESIAN_POINT('',(0.13688175,-0.0015,0.0015));
#17530=CARTESIAN_POINT('',(0.13688175,-0.0015,0.));
#17531=CARTESIAN_POINT('',(0.13688175,-0.0085,0.));
#17532=CARTESIAN_POINT('',(0.13688175,-0.0085,0.0015));
#17533=CARTESIAN_POINT('',(0.13688175,-0.0085,0.0015));
#17534=CARTESIAN_POINT('',(0.13688175,-0.0015,0.0015));
#17535=CARTESIAN_POINT('',(0.13638175,-0.0085,0.0015));
#17536=CARTESIAN_POINT('',(0.13638175,-0.0085,0.));
#17537=CARTESIAN_POINT('',(0.13638175,-0.009,0.));
#17538=CARTESIAN_POINT('',(0.13638175,-0.009,0.0015));
#17539=CARTESIAN_POINT('',(0.13638175,-0.009,0.0015));
#17540=CARTESIAN_POINT('',(0.13638175,-0.0085,0.0015));
#17541=CARTESIAN_POINT('',(0.13338175,-0.009,0.0015));
#17542=CARTESIAN_POINT('',(0.13338175,-0.009,0.));
#17543=CARTESIAN_POINT('',(0.13038175,-0.009,0.));
#17544=CARTESIAN_POINT('',(0.13038175,-0.009,0.0015));
#17545=CARTESIAN_POINT('',(0.13038175,-0.009,0.0015));
#17546=CARTESIAN_POINT('',(0.13338175,-0.009,0.0015));
#17547=CARTESIAN_POINT('',(0.13038175,-0.0085,0.0015));
#17548=CARTESIAN_POINT('',(0.13038175,-0.0085,0.));
#17549=CARTESIAN_POINT('',(0.12988175,-0.0085,0.));
#17550=CARTESIAN_POINT('',(0.12988175,-0.0085,0.0015));
#17551=CARTESIAN_POINT('',(0.12988175,-0.0085,0.0015));
#17552=CARTESIAN_POINT('',(0.13038175,-0.0085,0.0015));
#17553=CARTESIAN_POINT('',(0.10650575,0.0055,0.0015));
#17554=CARTESIAN_POINT('',(0.10650575,0.0055,0.));
#17555=CARTESIAN_POINT('',(0.10650575,0.006,0.));
#17556=CARTESIAN_POINT('',(0.10600575,0.0055,0.));
#17557=CARTESIAN_POINT('',(0.10650575,0.006,0.0015));
#17558=CARTESIAN_POINT('',(0.10650575,0.006,0.0015));
#17559=CARTESIAN_POINT('',(0.10650575,0.0055,0.0015));
#17560=CARTESIAN_POINT('',(0.10600575,0.0055,0.0015));
#17561=CARTESIAN_POINT('',(0.10600575,0.0055,0.0015));
#17562=CARTESIAN_POINT('',(0.10950575,0.006,0.0015));
#17563=CARTESIAN_POINT('',(0.10950575,0.006,0.));
#17564=CARTESIAN_POINT('',(0.11250575,0.006,0.));
#17565=CARTESIAN_POINT('',(0.11250575,0.006,0.0015));
#17566=CARTESIAN_POINT('',(0.11250575,0.006,0.0015));
#17567=CARTESIAN_POINT('',(0.10950575,0.006,0.0015));
#17568=CARTESIAN_POINT('',(0.11250575,0.0055,0.0015));
#17569=CARTESIAN_POINT('',(0.11250575,0.0055,0.));
#17570=CARTESIAN_POINT('',(0.11300575,0.0055,0.));
#17571=CARTESIAN_POINT('',(0.11300575,0.0055,0.0015));
#17572=CARTESIAN_POINT('',(0.11300575,0.0055,0.0015));
#17573=CARTESIAN_POINT('',(0.11250575,0.0055,0.0015));
#17574=CARTESIAN_POINT('',(0.11300575,-0.0015,0.0015));
#17575=CARTESIAN_POINT('',(0.11300575,-0.0015,0.));
#17576=CARTESIAN_POINT('',(0.11300575,-0.0085,0.));
#17577=CARTESIAN_POINT('',(0.11300575,-0.0085,0.0015));
#17578=CARTESIAN_POINT('',(0.11300575,-0.0085,0.0015));
#17579=CARTESIAN_POINT('',(0.11300575,-0.0015,0.0015));
#17580=CARTESIAN_POINT('',(0.11250575,-0.0085,0.0015));
#17581=CARTESIAN_POINT('',(0.11250575,-0.0085,0.));
#17582=CARTESIAN_POINT('',(0.11250575,-0.009,0.));
#17583=CARTESIAN_POINT('',(0.11250575,-0.009,0.0015));
#17584=CARTESIAN_POINT('',(0.11250575,-0.009,0.0015));
#17585=CARTESIAN_POINT('',(0.11250575,-0.0085,0.0015));
#17586=CARTESIAN_POINT('',(0.10950575,-0.009,0.0015));
#17587=CARTESIAN_POINT('',(0.10950575,-0.009,0.));
#17588=CARTESIAN_POINT('',(0.10650575,-0.009,0.));
#17589=CARTESIAN_POINT('',(0.10650575,-0.009,0.0015));
#17590=CARTESIAN_POINT('',(0.10650575,-0.009,0.0015));
#17591=CARTESIAN_POINT('',(0.10950575,-0.009,0.0015));
#17592=CARTESIAN_POINT('',(0.10650575,-0.0085,0.0015));
#17593=CARTESIAN_POINT('',(0.10650575,-0.0085,0.));
#17594=CARTESIAN_POINT('',(0.10600575,-0.0085,0.));
#17595=CARTESIAN_POINT('',(0.10600575,-0.0085,0.0015));
#17596=CARTESIAN_POINT('',(0.10600575,-0.0085,0.0015));
#17597=CARTESIAN_POINT('',(0.10650575,-0.0085,0.0015));
#17598=CARTESIAN_POINT('',(0.11494375,0.0065,0.0015));
#17599=CARTESIAN_POINT('',(0.11494375,0.0065,0.));
#17600=CARTESIAN_POINT('',(0.11494375,0.007,0.));
#17601=CARTESIAN_POINT('',(0.11444375,0.0065,0.));
#17602=CARTESIAN_POINT('',(0.11494375,0.007,0.0015));
#17603=CARTESIAN_POINT('',(0.11494375,0.007,0.0015));
#17604=CARTESIAN_POINT('',(0.11494375,0.0065,0.0015));
#17605=CARTESIAN_POINT('',(0.11444375,0.0065,0.0015));
#17606=CARTESIAN_POINT('',(0.11444375,0.0065,0.0015));
#17607=CARTESIAN_POINT('',(0.12144375,0.007,0.0015));
#17608=CARTESIAN_POINT('',(0.12144375,0.007,0.));
#17609=CARTESIAN_POINT('',(0.12794375,0.007,0.));
#17610=CARTESIAN_POINT('',(0.12794375,0.007,0.0015));
#17611=CARTESIAN_POINT('',(0.12794375,0.007,0.0015));
#17612=CARTESIAN_POINT('',(0.12144375,0.007,0.0015));
#17613=CARTESIAN_POINT('',(0.12794375,0.0065,0.0015));
#17614=CARTESIAN_POINT('',(0.12794375,0.0065,0.));
#17615=CARTESIAN_POINT('',(0.12844375,0.0065,0.));
#17616=CARTESIAN_POINT('',(0.12844375,0.0065,0.0015));
#17617=CARTESIAN_POINT('',(0.12844375,0.0065,0.0015));
#17618=CARTESIAN_POINT('',(0.12794375,0.0065,0.0015));
#17619=CARTESIAN_POINT('',(0.12844375,0.,0.0015));
#17620=CARTESIAN_POINT('',(0.12844375,0.,0.));
#17621=CARTESIAN_POINT('',(0.12844375,-0.0065,0.));
#17622=CARTESIAN_POINT('',(0.12844375,-0.0065,0.0015));
#17623=CARTESIAN_POINT('',(0.12844375,-0.0065,0.0015));
#17624=CARTESIAN_POINT('',(0.12844375,0.,0.0015));
#17625=CARTESIAN_POINT('',(0.12794375,-0.0065,0.0015));
#17626=CARTESIAN_POINT('',(0.12794375,-0.0065,0.));
#17627=CARTESIAN_POINT('',(0.12794375,-0.007,0.));
#17628=CARTESIAN_POINT('',(0.12794375,-0.007,0.0015));
#17629=CARTESIAN_POINT('',(0.12794375,-0.007,0.0015));
#17630=CARTESIAN_POINT('',(0.12794375,-0.0065,0.0015));
#17631=CARTESIAN_POINT('',(0.12144375,-0.007,0.0015));
#17632=CARTESIAN_POINT('',(0.12144375,-0.007,0.));
#17633=CARTESIAN_POINT('',(0.11494375,-0.007,0.));
#17634=CARTESIAN_POINT('',(0.11494375,-0.007,0.0015));
#17635=CARTESIAN_POINT('',(0.11494375,-0.007,0.0015));
#17636=CARTESIAN_POINT('',(0.12144375,-0.007,0.0015));
#17637=CARTESIAN_POINT('',(0.11494375,-0.0065,0.0015));
#17638=CARTESIAN_POINT('',(0.11494375,-0.0065,0.));
#17639=CARTESIAN_POINT('',(0.11444375,-0.0065,0.));
#17640=CARTESIAN_POINT('',(0.11444375,-0.0065,0.0015));
#17641=CARTESIAN_POINT('',(0.11444375,-0.0065,0.0015));
#17642=CARTESIAN_POINT('',(0.11494375,-0.0065,0.0015));
#17643=CARTESIAN_POINT('',(0.0839875,0.0065,0.0015));
#17644=CARTESIAN_POINT('',(0.0839875,0.0065,0.));
#17645=CARTESIAN_POINT('',(0.0839875,0.007,0.));
#17646=CARTESIAN_POINT('',(0.0834875,0.0065,0.));
#17647=CARTESIAN_POINT('',(0.0839875,0.007,0.0015));
#17648=CARTESIAN_POINT('',(0.0839875,0.007,0.0015));
#17649=CARTESIAN_POINT('',(0.0839875,0.0065,0.0015));
#17650=CARTESIAN_POINT('',(0.0834875,0.0065,0.0015));
#17651=CARTESIAN_POINT('',(0.0834875,0.0065,0.0015));
#17652=CARTESIAN_POINT('',(0.0904875,0.007,0.0015));
#17653=CARTESIAN_POINT('',(0.0904875,0.007,0.));
#17654=CARTESIAN_POINT('',(0.0969875,0.007,0.));
#17655=CARTESIAN_POINT('',(0.0969875,0.007,0.0015));
#17656=CARTESIAN_POINT('',(0.0969875,0.007,0.0015));
#17657=CARTESIAN_POINT('',(0.0904875,0.007,0.0015));
#17658=CARTESIAN_POINT('',(0.0969875,0.0065,0.0015));
#17659=CARTESIAN_POINT('',(0.0969875,0.0065,0.));
#17660=CARTESIAN_POINT('',(0.0974875,0.0065,0.));
#17661=CARTESIAN_POINT('',(0.0974875,0.0065,0.0015));
#17662=CARTESIAN_POINT('',(0.0974875,0.0065,0.0015));
#17663=CARTESIAN_POINT('',(0.0969875,0.0065,0.0015));
#17664=CARTESIAN_POINT('',(0.0974875,0.,0.0015));
#17665=CARTESIAN_POINT('',(0.0974875,0.,0.));
#17666=CARTESIAN_POINT('',(0.0974875,-0.0065,0.));
#17667=CARTESIAN_POINT('',(0.0974875,-0.0065,0.0015));
#17668=CARTESIAN_POINT('',(0.0974875,-0.0065,0.0015));
#17669=CARTESIAN_POINT('',(0.0974875,0.,0.0015));
#17670=CARTESIAN_POINT('',(0.0969875,-0.0065,0.0015));
#17671=CARTESIAN_POINT('',(0.0969875,-0.0065,0.));
#17672=CARTESIAN_POINT('',(0.0969875,-0.007,0.));
#17673=CARTESIAN_POINT('',(0.0969875,-0.007,0.0015));
#17674=CARTESIAN_POINT('',(0.0969875,-0.007,0.0015));
#17675=CARTESIAN_POINT('',(0.0969875,-0.0065,0.0015));
#17676=CARTESIAN_POINT('',(0.0904875,-0.007,0.0015));
#17677=CARTESIAN_POINT('',(0.0904875,-0.007,0.));
#17678=CARTESIAN_POINT('',(0.0839875,-0.007,0.));
#17679=CARTESIAN_POINT('',(0.0839875,-0.007,0.0015));
#17680=CARTESIAN_POINT('',(0.0839875,-0.007,0.0015));
#17681=CARTESIAN_POINT('',(0.0904875,-0.007,0.0015));
#17682=CARTESIAN_POINT('',(0.0839875,-0.0065,0.0015));
#17683=CARTESIAN_POINT('',(0.0839875,-0.0065,0.));
#17684=CARTESIAN_POINT('',(0.0834875,-0.0065,0.));
#17685=CARTESIAN_POINT('',(0.0834875,-0.0065,0.0015));
#17686=CARTESIAN_POINT('',(0.0834875,-0.0065,0.0015));
#17687=CARTESIAN_POINT('',(0.0839875,-0.0065,0.0015));
#17688=CARTESIAN_POINT('',(0.0649375,0.0065,0.0015));
#17689=CARTESIAN_POINT('',(0.0649375,0.0065,0.));
#17690=CARTESIAN_POINT('',(0.0649375,0.007,0.));
#17691=CARTESIAN_POINT('',(0.0644375,0.0065,0.));
#17692=CARTESIAN_POINT('',(0.0649375,0.007,0.0015));
#17693=CARTESIAN_POINT('',(0.0649375,0.007,0.0015));
#17694=CARTESIAN_POINT('',(0.0649375,0.0065,0.0015));
#17695=CARTESIAN_POINT('',(0.0644375,0.0065,0.0015));
#17696=CARTESIAN_POINT('',(0.0644375,0.0065,0.0015));
#17697=CARTESIAN_POINT('',(0.0714375,0.007,0.0015));
#17698=CARTESIAN_POINT('',(0.0714375,0.007,0.));
#17699=CARTESIAN_POINT('',(0.0779375,0.007,0.));
#17700=CARTESIAN_POINT('',(0.0779375,0.007,0.0015));
#17701=CARTESIAN_POINT('',(0.0779375,0.007,0.0015));
#17702=CARTESIAN_POINT('',(0.0714375,0.007,0.0015));
#17703=CARTESIAN_POINT('',(0.0779375,0.0065,0.0015));
#17704=CARTESIAN_POINT('',(0.0779375,0.0065,0.));
#17705=CARTESIAN_POINT('',(0.0784375,0.0065,0.));
#17706=CARTESIAN_POINT('',(0.0784375,0.0065,0.0015));
#17707=CARTESIAN_POINT('',(0.0784375,0.0065,0.0015));
#17708=CARTESIAN_POINT('',(0.0779375,0.0065,0.0015));
#17709=CARTESIAN_POINT('',(0.0784375,0.,0.0015));
#17710=CARTESIAN_POINT('',(0.0784375,0.,0.));
#17711=CARTESIAN_POINT('',(0.0784375,-0.0065,0.));
#17712=CARTESIAN_POINT('',(0.0784375,-0.0065,0.0015));
#17713=CARTESIAN_POINT('',(0.0784375,-0.0065,0.0015));
#17714=CARTESIAN_POINT('',(0.0784375,0.,0.0015));
#17715=CARTESIAN_POINT('',(0.0779375,-0.0065,0.0015));
#17716=CARTESIAN_POINT('',(0.0779375,-0.0065,0.));
#17717=CARTESIAN_POINT('',(0.0779375,-0.007,0.));
#17718=CARTESIAN_POINT('',(0.0779375,-0.007,0.0015));
#17719=CARTESIAN_POINT('',(0.0779375,-0.007,0.0015));
#17720=CARTESIAN_POINT('',(0.0779375,-0.0065,0.0015));
#17721=CARTESIAN_POINT('',(0.0714375,-0.007,0.0015));
#17722=CARTESIAN_POINT('',(0.0714375,-0.007,0.));
#17723=CARTESIAN_POINT('',(0.0649375,-0.007,0.));
#17724=CARTESIAN_POINT('',(0.0649375,-0.007,0.0015));
#17725=CARTESIAN_POINT('',(0.0649375,-0.007,0.0015));
#17726=CARTESIAN_POINT('',(0.0714375,-0.007,0.0015));
#17727=CARTESIAN_POINT('',(0.0649375,-0.0065,0.0015));
#17728=CARTESIAN_POINT('',(0.0649375,-0.0065,0.));
#17729=CARTESIAN_POINT('',(0.0644375,-0.0065,0.));
#17730=CARTESIAN_POINT('',(0.0644375,-0.0065,0.0015));
#17731=CARTESIAN_POINT('',(0.0644375,-0.0065,0.0015));
#17732=CARTESIAN_POINT('',(0.0649375,-0.0065,0.0015));
#17733=CARTESIAN_POINT('',(0.0458875,0.0065,0.0015));
#17734=CARTESIAN_POINT('',(0.0458875,0.0065,0.));
#17735=CARTESIAN_POINT('',(0.0458875,0.007,0.));
#17736=CARTESIAN_POINT('',(0.0453875,0.0065,0.));
#17737=CARTESIAN_POINT('',(0.0458875,0.007,0.0015));
#17738=CARTESIAN_POINT('',(0.0458875,0.007,0.0015));
#17739=CARTESIAN_POINT('',(0.0458875,0.0065,0.0015));
#17740=CARTESIAN_POINT('',(0.0453875,0.0065,0.0015));
#17741=CARTESIAN_POINT('',(0.0453875,0.0065,0.0015));
#17742=CARTESIAN_POINT('',(0.0523875,0.007,0.0015));
#17743=CARTESIAN_POINT('',(0.0523875,0.007,0.));
#17744=CARTESIAN_POINT('',(0.0588875,0.007,0.));
#17745=CARTESIAN_POINT('',(0.0588875,0.007,0.0015));
#17746=CARTESIAN_POINT('',(0.0588875,0.007,0.0015));
#17747=CARTESIAN_POINT('',(0.0523875,0.007,0.0015));
#17748=CARTESIAN_POINT('',(0.0588875,0.0065,0.0015));
#17749=CARTESIAN_POINT('',(0.0588875,0.0065,0.));
#17750=CARTESIAN_POINT('',(0.0593875,0.0065,0.));
#17751=CARTESIAN_POINT('',(0.0593875,0.0065,0.0015));
#17752=CARTESIAN_POINT('',(0.0593875,0.0065,0.0015));
#17753=CARTESIAN_POINT('',(0.0588875,0.0065,0.0015));
#17754=CARTESIAN_POINT('',(0.0593875,0.,0.0015));
#17755=CARTESIAN_POINT('',(0.0593875,0.,0.));
#17756=CARTESIAN_POINT('',(0.0593875,-0.0065,0.));
#17757=CARTESIAN_POINT('',(0.0593875,-0.0065,0.0015));
#17758=CARTESIAN_POINT('',(0.0593875,-0.0065,0.0015));
#17759=CARTESIAN_POINT('',(0.0593875,0.,0.0015));
#17760=CARTESIAN_POINT('',(0.0588875,-0.0065,0.0015));
#17761=CARTESIAN_POINT('',(0.0588875,-0.0065,0.));
#17762=CARTESIAN_POINT('',(0.0588875,-0.007,0.));
#17763=CARTESIAN_POINT('',(0.0588875,-0.007,0.0015));
#17764=CARTESIAN_POINT('',(0.0588875,-0.007,0.0015));
#17765=CARTESIAN_POINT('',(0.0588875,-0.0065,0.0015));
#17766=CARTESIAN_POINT('',(0.0523875,-0.007,0.0015));
#17767=CARTESIAN_POINT('',(0.0523875,-0.007,0.));
#17768=CARTESIAN_POINT('',(0.0458875,-0.007,0.));
#17769=CARTESIAN_POINT('',(0.0458875,-0.007,0.0015));
#17770=CARTESIAN_POINT('',(0.0458875,-0.007,0.0015));
#17771=CARTESIAN_POINT('',(0.0523875,-0.007,0.0015));
#17772=CARTESIAN_POINT('',(0.0458875,-0.0065,0.0015));
#17773=CARTESIAN_POINT('',(0.0458875,-0.0065,0.));
#17774=CARTESIAN_POINT('',(0.0453875,-0.0065,0.));
#17775=CARTESIAN_POINT('',(0.0453875,-0.0065,0.0015));
#17776=CARTESIAN_POINT('',(0.0453875,-0.0065,0.0015));
#17777=CARTESIAN_POINT('',(0.0458875,-0.0065,0.0015));
#17778=CARTESIAN_POINT('',(0.0268375,0.0065,0.0015));
#17779=CARTESIAN_POINT('',(0.0268375,0.0065,0.));
#17780=CARTESIAN_POINT('',(0.0268375,0.007,0.));
#17781=CARTESIAN_POINT('',(0.0263375,0.0065,0.));
#17782=CARTESIAN_POINT('',(0.0268375,0.007,0.0015));
#17783=CARTESIAN_POINT('',(0.0268375,0.007,0.0015));
#17784=CARTESIAN_POINT('',(0.0268375,0.0065,0.0015));
#17785=CARTESIAN_POINT('',(0.0263375,0.0065,0.0015));
#17786=CARTESIAN_POINT('',(0.0263375,0.0065,0.0015));
#17787=CARTESIAN_POINT('',(0.0333375,0.007,0.0015));
#17788=CARTESIAN_POINT('',(0.0333375,0.007,0.));
#17789=CARTESIAN_POINT('',(0.0398375,0.007,0.));
#17790=CARTESIAN_POINT('',(0.0398375,0.007,0.0015));
#17791=CARTESIAN_POINT('',(0.0398375,0.007,0.0015));
#17792=CARTESIAN_POINT('',(0.0333375,0.007,0.0015));
#17793=CARTESIAN_POINT('',(0.0398375,0.0065,0.0015));
#17794=CARTESIAN_POINT('',(0.0398375,0.0065,0.));
#17795=CARTESIAN_POINT('',(0.0403375,0.0065,0.));
#17796=CARTESIAN_POINT('',(0.0403375,0.0065,0.0015));
#17797=CARTESIAN_POINT('',(0.0403375,0.0065,0.0015));
#17798=CARTESIAN_POINT('',(0.0398375,0.0065,0.0015));
#17799=CARTESIAN_POINT('',(0.0403375,0.,0.0015));
#17800=CARTESIAN_POINT('',(0.0403375,0.,0.));
#17801=CARTESIAN_POINT('',(0.0403375,-0.0065,0.));
#17802=CARTESIAN_POINT('',(0.0403375,-0.0065,0.0015));
#17803=CARTESIAN_POINT('',(0.0403375,-0.0065,0.0015));
#17804=CARTESIAN_POINT('',(0.0403375,0.,0.0015));
#17805=CARTESIAN_POINT('',(0.0398375,-0.0065,0.0015));
#17806=CARTESIAN_POINT('',(0.0398375,-0.0065,0.));
#17807=CARTESIAN_POINT('',(0.0398375,-0.007,0.));
#17808=CARTESIAN_POINT('',(0.0398375,-0.007,0.0015));
#17809=CARTESIAN_POINT('',(0.0398375,-0.007,0.0015));
#17810=CARTESIAN_POINT('',(0.0398375,-0.0065,0.0015));
#17811=CARTESIAN_POINT('',(0.0333375,-0.007,0.0015));
#17812=CARTESIAN_POINT('',(0.0333375,-0.007,0.));
#17813=CARTESIAN_POINT('',(0.0268375,-0.007,0.));
#17814=CARTESIAN_POINT('',(0.0268375,-0.007,0.0015));
#17815=CARTESIAN_POINT('',(0.0268375,-0.007,0.0015));
#17816=CARTESIAN_POINT('',(0.0333375,-0.007,0.0015));
#17817=CARTESIAN_POINT('',(0.0268375,-0.0065,0.0015));
#17818=CARTESIAN_POINT('',(0.0268375,-0.0065,0.));
#17819=CARTESIAN_POINT('',(0.0263375,-0.0065,0.));
#17820=CARTESIAN_POINT('',(0.0263375,-0.0065,0.0015));
#17821=CARTESIAN_POINT('',(0.0263375,-0.0065,0.0015));
#17822=CARTESIAN_POINT('',(0.0268375,-0.0065,0.0015));
#17823=CARTESIAN_POINT('',(0.0077875,0.0065,0.0015));
#17824=CARTESIAN_POINT('',(0.0077875,0.0065,0.));
#17825=CARTESIAN_POINT('',(0.0077875,0.007,0.));
#17826=CARTESIAN_POINT('',(0.0072875,0.0065,0.));
#17827=CARTESIAN_POINT('',(0.0077875,0.007,0.0015));
#17828=CARTESIAN_POINT('',(0.0077875,0.007,0.0015));
#17829=CARTESIAN_POINT('',(0.0077875,0.0065,0.0015));
#17830=CARTESIAN_POINT('',(0.0072875,0.0065,0.0015));
#17831=CARTESIAN_POINT('',(0.0072875,0.0065,0.0015));
#17832=CARTESIAN_POINT('',(0.0142875,0.007,0.0015));
#17833=CARTESIAN_POINT('',(0.0142875,0.007,0.));
#17834=CARTESIAN_POINT('',(0.0207875,0.007,0.));
#17835=CARTESIAN_POINT('',(0.0207875,0.007,0.0015));
#17836=CARTESIAN_POINT('',(0.0207875,0.007,0.0015));
#17837=CARTESIAN_POINT('',(0.0142875,0.007,0.0015));
#17838=CARTESIAN_POINT('',(0.0207875,0.0065,0.0015));
#17839=CARTESIAN_POINT('',(0.0207875,0.0065,0.));
#17840=CARTESIAN_POINT('',(0.0212875,0.0065,0.));
#17841=CARTESIAN_POINT('',(0.0212875,0.0065,0.0015));
#17842=CARTESIAN_POINT('',(0.0212875,0.0065,0.0015));
#17843=CARTESIAN_POINT('',(0.0207875,0.0065,0.0015));
#17844=CARTESIAN_POINT('',(0.0212875,0.,0.0015));
#17845=CARTESIAN_POINT('',(0.0212875,0.,0.));
#17846=CARTESIAN_POINT('',(0.0212875,-0.0065,0.));
#17847=CARTESIAN_POINT('',(0.0212875,-0.0065,0.0015));
#17848=CARTESIAN_POINT('',(0.0212875,-0.0065,0.0015));
#17849=CARTESIAN_POINT('',(0.0212875,0.,0.0015));
#17850=CARTESIAN_POINT('',(0.0207875,-0.0065,0.0015));
#17851=CARTESIAN_POINT('',(0.0207875,-0.0065,0.));
#17852=CARTESIAN_POINT('',(0.0207875,-0.007,0.));
#17853=CARTESIAN_POINT('',(0.0207875,-0.007,0.0015));
#17854=CARTESIAN_POINT('',(0.0207875,-0.007,0.0015));
#17855=CARTESIAN_POINT('',(0.0207875,-0.0065,0.0015));
#17856=CARTESIAN_POINT('',(0.0142875,-0.007,0.0015));
#17857=CARTESIAN_POINT('',(0.0142875,-0.007,0.));
#17858=CARTESIAN_POINT('',(0.0077875,-0.007,0.));
#17859=CARTESIAN_POINT('',(0.0077875,-0.007,0.0015));
#17860=CARTESIAN_POINT('',(0.0077875,-0.007,0.0015));
#17861=CARTESIAN_POINT('',(0.0142875,-0.007,0.0015));
#17862=CARTESIAN_POINT('',(0.0077875,-0.0065,0.0015));
#17863=CARTESIAN_POINT('',(0.0077875,-0.0065,0.));
#17864=CARTESIAN_POINT('',(0.0072875,-0.0065,0.));
#17865=CARTESIAN_POINT('',(0.0072875,-0.0065,0.0015));
#17866=CARTESIAN_POINT('',(0.0072875,-0.0065,0.0015));
#17867=CARTESIAN_POINT('',(0.0077875,-0.0065,0.0015));
#17868=CARTESIAN_POINT('',(-0.0112625,0.0065,0.0015));
#17869=CARTESIAN_POINT('',(-0.0112625,0.0065,0.));
#17870=CARTESIAN_POINT('',(-0.0112625,0.007,0.));
#17871=CARTESIAN_POINT('',(-0.0117625,0.0065,0.));
#17872=CARTESIAN_POINT('',(-0.0112625,0.007,0.0015));
#17873=CARTESIAN_POINT('',(-0.0112625,0.007,0.0015));
#17874=CARTESIAN_POINT('',(-0.0112625,0.0065,0.0015));
#17875=CARTESIAN_POINT('',(-0.0117625,0.0065,0.0015));
#17876=CARTESIAN_POINT('',(-0.0117625,0.0065,0.0015));
#17877=CARTESIAN_POINT('',(-0.0047625,0.007,0.0015));
#17878=CARTESIAN_POINT('',(-0.0047625,0.007,0.));
#17879=CARTESIAN_POINT('',(0.0017375,0.007,0.));
#17880=CARTESIAN_POINT('',(0.0017375,0.007,0.0015));
#17881=CARTESIAN_POINT('',(0.0017375,0.007,0.0015));
#17882=CARTESIAN_POINT('',(-0.0047625,0.007,0.0015));
#17883=CARTESIAN_POINT('',(0.0017375,0.0065,0.0015));
#17884=CARTESIAN_POINT('',(0.0017375,0.0065,0.));
#17885=CARTESIAN_POINT('',(0.0022375,0.0065,0.));
#17886=CARTESIAN_POINT('',(0.0022375,0.0065,0.0015));
#17887=CARTESIAN_POINT('',(0.0022375,0.0065,0.0015));
#17888=CARTESIAN_POINT('',(0.0017375,0.0065,0.0015));
#17889=CARTESIAN_POINT('',(0.0022375,0.,0.0015));
#17890=CARTESIAN_POINT('',(0.0022375,0.,0.));
#17891=CARTESIAN_POINT('',(0.0022375,-0.0065,0.));
#17892=CARTESIAN_POINT('',(0.0022375,-0.0065,0.0015));
#17893=CARTESIAN_POINT('',(0.0022375,-0.0065,0.0015));
#17894=CARTESIAN_POINT('',(0.0022375,0.,0.0015));
#17895=CARTESIAN_POINT('',(0.0017375,-0.0065,0.0015));
#17896=CARTESIAN_POINT('',(0.0017375,-0.0065,0.));
#17897=CARTESIAN_POINT('',(0.0017375,-0.007,0.));
#17898=CARTESIAN_POINT('',(0.0017375,-0.007,0.0015));
#17899=CARTESIAN_POINT('',(0.0017375,-0.007,0.0015));
#17900=CARTESIAN_POINT('',(0.0017375,-0.0065,0.0015));
#17901=CARTESIAN_POINT('',(-0.0047625,-0.007,0.0015));
#17902=CARTESIAN_POINT('',(-0.0047625,-0.007,0.));
#17903=CARTESIAN_POINT('',(-0.0112625,-0.007,0.));
#17904=CARTESIAN_POINT('',(-0.0112625,-0.007,0.0015));
#17905=CARTESIAN_POINT('',(-0.0112625,-0.007,0.0015));
#17906=CARTESIAN_POINT('',(-0.0047625,-0.007,0.0015));
#17907=CARTESIAN_POINT('',(-0.0112625,-0.0065,0.0015));
#17908=CARTESIAN_POINT('',(-0.0112625,-0.0065,0.));
#17909=CARTESIAN_POINT('',(-0.0117625,-0.0065,0.));
#17910=CARTESIAN_POINT('',(-0.0117625,-0.0065,0.0015));
#17911=CARTESIAN_POINT('',(-0.0117625,-0.0065,0.0015));
#17912=CARTESIAN_POINT('',(-0.0112625,-0.0065,0.0015));
#17913=CARTESIAN_POINT('',(-0.0303125,0.0065,0.0015));
#17914=CARTESIAN_POINT('',(-0.0303125,0.0065,0.));
#17915=CARTESIAN_POINT('',(-0.0303125,0.007,0.));
#17916=CARTESIAN_POINT('',(-0.0308125,0.0065,0.));
#17917=CARTESIAN_POINT('',(-0.0303125,0.007,0.0015));
#17918=CARTESIAN_POINT('',(-0.0303125,0.007,0.0015));
#17919=CARTESIAN_POINT('',(-0.0303125,0.0065,0.0015));
#17920=CARTESIAN_POINT('',(-0.0308125,0.0065,0.0015));
#17921=CARTESIAN_POINT('',(-0.0308125,0.0065,0.0015));
#17922=CARTESIAN_POINT('',(-0.0238125,0.007,0.0015));
#17923=CARTESIAN_POINT('',(-0.0238125,0.007,0.));
#17924=CARTESIAN_POINT('',(-0.0173125,0.007,0.));
#17925=CARTESIAN_POINT('',(-0.0173125,0.007,0.0015));
#17926=CARTESIAN_POINT('',(-0.0173125,0.007,0.0015));
#17927=CARTESIAN_POINT('',(-0.0238125,0.007,0.0015));
#17928=CARTESIAN_POINT('',(-0.0173125,0.0065,0.0015));
#17929=CARTESIAN_POINT('',(-0.0173125,0.0065,0.));
#17930=CARTESIAN_POINT('',(-0.0168125,0.0065,0.));
#17931=CARTESIAN_POINT('',(-0.0168125,0.0065,0.0015));
#17932=CARTESIAN_POINT('',(-0.0168125,0.0065,0.0015));
#17933=CARTESIAN_POINT('',(-0.0173125,0.0065,0.0015));
#17934=CARTESIAN_POINT('',(-0.0168125,0.,0.0015));
#17935=CARTESIAN_POINT('',(-0.0168125,0.,0.));
#17936=CARTESIAN_POINT('',(-0.0168125,-0.0065,0.));
#17937=CARTESIAN_POINT('',(-0.0168125,-0.0065,0.0015));
#17938=CARTESIAN_POINT('',(-0.0168125,-0.0065,0.0015));
#17939=CARTESIAN_POINT('',(-0.0168125,0.,0.0015));
#17940=CARTESIAN_POINT('',(-0.0173125,-0.0065,0.0015));
#17941=CARTESIAN_POINT('',(-0.0173125,-0.0065,0.));
#17942=CARTESIAN_POINT('',(-0.0173125,-0.007,0.));
#17943=CARTESIAN_POINT('',(-0.0173125,-0.007,0.0015));
#17944=CARTESIAN_POINT('',(-0.0173125,-0.007,0.0015));
#17945=CARTESIAN_POINT('',(-0.0173125,-0.0065,0.0015));
#17946=CARTESIAN_POINT('',(-0.0238125,-0.007,0.0015));
#17947=CARTESIAN_POINT('',(-0.0238125,-0.007,0.));
#17948=CARTESIAN_POINT('',(-0.0303125,-0.007,0.));
#17949=CARTESIAN_POINT('',(-0.0303125,-0.007,0.0015));
#17950=CARTESIAN_POINT('',(-0.0303125,-0.007,0.0015));
#17951=CARTESIAN_POINT('',(-0.0238125,-0.007,0.0015));
#17952=CARTESIAN_POINT('',(-0.0303125,-0.0065,0.0015));
#17953=CARTESIAN_POINT('',(-0.0303125,-0.0065,0.));
#17954=CARTESIAN_POINT('',(-0.0308125,-0.0065,0.));
#17955=CARTESIAN_POINT('',(-0.0308125,-0.0065,0.0015));
#17956=CARTESIAN_POINT('',(-0.0308125,-0.0065,0.0015));
#17957=CARTESIAN_POINT('',(-0.0303125,-0.0065,0.0015));
#17958=CARTESIAN_POINT('',(-0.0493625,0.0065,0.0015));
#17959=CARTESIAN_POINT('',(-0.0493625,0.0065,0.));
#17960=CARTESIAN_POINT('',(-0.0493625,0.007,0.));
#17961=CARTESIAN_POINT('',(-0.0498625,0.0065,0.));
#17962=CARTESIAN_POINT('',(-0.0493625,0.007,0.0015));
#17963=CARTESIAN_POINT('',(-0.0493625,0.007,0.0015));
#17964=CARTESIAN_POINT('',(-0.0493625,0.0065,0.0015));
#17965=CARTESIAN_POINT('',(-0.0498625,0.0065,0.0015));
#17966=CARTESIAN_POINT('',(-0.0498625,0.0065,0.0015));
#17967=CARTESIAN_POINT('',(-0.0428625,0.007,0.0015));
#17968=CARTESIAN_POINT('',(-0.0428625,0.007,0.));
#17969=CARTESIAN_POINT('',(-0.0363625,0.007,0.));
#17970=CARTESIAN_POINT('',(-0.0363625,0.007,0.0015));
#17971=CARTESIAN_POINT('',(-0.0363625,0.007,0.0015));
#17972=CARTESIAN_POINT('',(-0.0428625,0.007,0.0015));
#17973=CARTESIAN_POINT('',(-0.0363625,0.0065,0.0015));
#17974=CARTESIAN_POINT('',(-0.0363625,0.0065,0.));
#17975=CARTESIAN_POINT('',(-0.0358625,0.0065,0.));
#17976=CARTESIAN_POINT('',(-0.0358625,0.0065,0.0015));
#17977=CARTESIAN_POINT('',(-0.0358625,0.0065,0.0015));
#17978=CARTESIAN_POINT('',(-0.0363625,0.0065,0.0015));
#17979=CARTESIAN_POINT('',(-0.0358625,0.,0.0015));
#17980=CARTESIAN_POINT('',(-0.0358625,0.,0.));
#17981=CARTESIAN_POINT('',(-0.0358625,-0.0065,0.));
#17982=CARTESIAN_POINT('',(-0.0358625,-0.0065,0.0015));
#17983=CARTESIAN_POINT('',(-0.0358625,-0.0065,0.0015));
#17984=CARTESIAN_POINT('',(-0.0358625,0.,0.0015));
#17985=CARTESIAN_POINT('',(-0.0363625,-0.0065,0.0015));
#17986=CARTESIAN_POINT('',(-0.0363625,-0.0065,0.));
#17987=CARTESIAN_POINT('',(-0.0363625,-0.007,0.));
#17988=CARTESIAN_POINT('',(-0.0363625,-0.007,0.0015));
#17989=CARTESIAN_POINT('',(-0.0363625,-0.007,0.0015));
#17990=CARTESIAN_POINT('',(-0.0363625,-0.0065,0.0015));
#17991=CARTESIAN_POINT('',(-0.0428625,-0.007,0.0015));
#17992=CARTESIAN_POINT('',(-0.0428625,-0.007,0.));
#17993=CARTESIAN_POINT('',(-0.0493625,-0.007,0.));
#17994=CARTESIAN_POINT('',(-0.0493625,-0.007,0.0015));
#17995=CARTESIAN_POINT('',(-0.0493625,-0.007,0.0015));
#17996=CARTESIAN_POINT('',(-0.0428625,-0.007,0.0015));
#17997=CARTESIAN_POINT('',(-0.0493625,-0.0065,0.0015));
#17998=CARTESIAN_POINT('',(-0.0493625,-0.0065,0.));
#17999=CARTESIAN_POINT('',(-0.0498625,-0.0065,0.));
#18000=CARTESIAN_POINT('',(-0.0498625,-0.0065,0.0015));
#18001=CARTESIAN_POINT('',(-0.0498625,-0.0065,0.0015));
#18002=CARTESIAN_POINT('',(-0.0493625,-0.0065,0.0015));
#18003=CARTESIAN_POINT('',(-0.0684125,0.0065,0.0015));
#18004=CARTESIAN_POINT('',(-0.0684125,0.0065,0.));
#18005=CARTESIAN_POINT('',(-0.0684125,0.007,0.));
#18006=CARTESIAN_POINT('',(-0.0689125,0.0065,0.));
#18007=CARTESIAN_POINT('',(-0.0684125,0.007,0.0015));
#18008=CARTESIAN_POINT('',(-0.0684125,0.007,0.0015));
#18009=CARTESIAN_POINT('',(-0.0684125,0.0065,0.0015));
#18010=CARTESIAN_POINT('',(-0.0689125,0.0065,0.0015));
#18011=CARTESIAN_POINT('',(-0.0689125,0.0065,0.0015));
#18012=CARTESIAN_POINT('',(-0.0619125,0.007,0.0015));
#18013=CARTESIAN_POINT('',(-0.0619125,0.007,0.));
#18014=CARTESIAN_POINT('',(-0.0554125,0.007,0.));
#18015=CARTESIAN_POINT('',(-0.0554125,0.007,0.0015));
#18016=CARTESIAN_POINT('',(-0.0554125,0.007,0.0015));
#18017=CARTESIAN_POINT('',(-0.0619125,0.007,0.0015));
#18018=CARTESIAN_POINT('',(-0.0554125,0.0065,0.0015));
#18019=CARTESIAN_POINT('',(-0.0554125,0.0065,0.));
#18020=CARTESIAN_POINT('',(-0.0549125,0.0065,0.));
#18021=CARTESIAN_POINT('',(-0.0549125,0.0065,0.0015));
#18022=CARTESIAN_POINT('',(-0.0549125,0.0065,0.0015));
#18023=CARTESIAN_POINT('',(-0.0554125,0.0065,0.0015));
#18024=CARTESIAN_POINT('',(-0.0549125,0.,0.0015));
#18025=CARTESIAN_POINT('',(-0.0549125,0.,0.));
#18026=CARTESIAN_POINT('',(-0.0549125,-0.0065,0.));
#18027=CARTESIAN_POINT('',(-0.0549125,-0.0065,0.0015));
#18028=CARTESIAN_POINT('',(-0.0549125,-0.0065,0.0015));
#18029=CARTESIAN_POINT('',(-0.0549125,0.,0.0015));
#18030=CARTESIAN_POINT('',(-0.0554125,-0.0065,0.0015));
#18031=CARTESIAN_POINT('',(-0.0554125,-0.0065,0.));
#18032=CARTESIAN_POINT('',(-0.0554125,-0.007,0.));
#18033=CARTESIAN_POINT('',(-0.0554125,-0.007,0.0015));
#18034=CARTESIAN_POINT('',(-0.0554125,-0.007,0.0015));
#18035=CARTESIAN_POINT('',(-0.0554125,-0.0065,0.0015));
#18036=CARTESIAN_POINT('',(-0.0619125,-0.007,0.0015));
#18037=CARTESIAN_POINT('',(-0.0619125,-0.007,0.));
#18038=CARTESIAN_POINT('',(-0.0684125,-0.007,0.));
#18039=CARTESIAN_POINT('',(-0.0684125,-0.007,0.0015));
#18040=CARTESIAN_POINT('',(-0.0684125,-0.007,0.0015));
#18041=CARTESIAN_POINT('',(-0.0619125,-0.007,0.0015));
#18042=CARTESIAN_POINT('',(-0.0684125,-0.0065,0.0015));
#18043=CARTESIAN_POINT('',(-0.0684125,-0.0065,0.));
#18044=CARTESIAN_POINT('',(-0.0689125,-0.0065,0.));
#18045=CARTESIAN_POINT('',(-0.0689125,-0.0065,0.0015));
#18046=CARTESIAN_POINT('',(-0.0689125,-0.0065,0.0015));
#18047=CARTESIAN_POINT('',(-0.0684125,-0.0065,0.0015));
#18048=CARTESIAN_POINT('',(-0.0874625,0.0065,0.0015));
#18049=CARTESIAN_POINT('',(-0.0874625,0.0065,0.));
#18050=CARTESIAN_POINT('',(-0.0874625,0.007,0.));
#18051=CARTESIAN_POINT('',(-0.0879625,0.0065,0.));
#18052=CARTESIAN_POINT('',(-0.0874625,0.007,0.0015));
#18053=CARTESIAN_POINT('',(-0.0874625,0.007,0.0015));
#18054=CARTESIAN_POINT('',(-0.0874625,0.0065,0.0015));
#18055=CARTESIAN_POINT('',(-0.0879625,0.0065,0.0015));
#18056=CARTESIAN_POINT('',(-0.0879625,0.0065,0.0015));
#18057=CARTESIAN_POINT('',(-0.0809625,0.007,0.0015));
#18058=CARTESIAN_POINT('',(-0.0809625,0.007,0.));
#18059=CARTESIAN_POINT('',(-0.0744625,0.007,0.));
#18060=CARTESIAN_POINT('',(-0.0744625,0.007,0.0015));
#18061=CARTESIAN_POINT('',(-0.0744625,0.007,0.0015));
#18062=CARTESIAN_POINT('',(-0.0809625,0.007,0.0015));
#18063=CARTESIAN_POINT('',(-0.0744625,0.0065,0.0015));
#18064=CARTESIAN_POINT('',(-0.0744625,0.0065,0.));
#18065=CARTESIAN_POINT('',(-0.0739625,0.0065,0.));
#18066=CARTESIAN_POINT('',(-0.0739625,0.0065,0.0015));
#18067=CARTESIAN_POINT('',(-0.0739625,0.0065,0.0015));
#18068=CARTESIAN_POINT('',(-0.0744625,0.0065,0.0015));
#18069=CARTESIAN_POINT('',(-0.0739625,0.,0.0015));
#18070=CARTESIAN_POINT('',(-0.0739625,0.,0.));
#18071=CARTESIAN_POINT('',(-0.0739625,-0.0065,0.));
#18072=CARTESIAN_POINT('',(-0.0739625,-0.0065,0.0015));
#18073=CARTESIAN_POINT('',(-0.0739625,-0.0065,0.0015));
#18074=CARTESIAN_POINT('',(-0.0739625,0.,0.0015));
#18075=CARTESIAN_POINT('',(-0.0744625,-0.0065,0.0015));
#18076=CARTESIAN_POINT('',(-0.0744625,-0.0065,0.));
#18077=CARTESIAN_POINT('',(-0.0744625,-0.007,0.));
#18078=CARTESIAN_POINT('',(-0.0744625,-0.007,0.0015));
#18079=CARTESIAN_POINT('',(-0.0744625,-0.007,0.0015));
#18080=CARTESIAN_POINT('',(-0.0744625,-0.0065,0.0015));
#18081=CARTESIAN_POINT('',(-0.0809625,-0.007,0.0015));
#18082=CARTESIAN_POINT('',(-0.0809625,-0.007,0.));
#18083=CARTESIAN_POINT('',(-0.0874625,-0.007,0.));
#18084=CARTESIAN_POINT('',(-0.0874625,-0.007,0.0015));
#18085=CARTESIAN_POINT('',(-0.0874625,-0.007,0.0015));
#18086=CARTESIAN_POINT('',(-0.0809625,-0.007,0.0015));
#18087=CARTESIAN_POINT('',(-0.0874625,-0.0065,0.0015));
#18088=CARTESIAN_POINT('',(-0.0874625,-0.0065,0.));
#18089=CARTESIAN_POINT('',(-0.0879625,-0.0065,0.));
#18090=CARTESIAN_POINT('',(-0.0879625,-0.0065,0.0015));
#18091=CARTESIAN_POINT('',(-0.0879625,-0.0065,0.0015));
#18092=CARTESIAN_POINT('',(-0.0874625,-0.0065,0.0015));
#18093=CARTESIAN_POINT('',(-0.1065125,0.0065,0.0015));
#18094=CARTESIAN_POINT('',(-0.1065125,0.0065,0.));
#18095=CARTESIAN_POINT('',(-0.1065125,0.007,0.));
#18096=CARTESIAN_POINT('',(-0.1070125,0.0065,0.));
#18097=CARTESIAN_POINT('',(-0.1065125,0.007,0.0015));
#18098=CARTESIAN_POINT('',(-0.1065125,0.007,0.0015));
#18099=CARTESIAN_POINT('',(-0.1065125,0.0065,0.0015));
#18100=CARTESIAN_POINT('',(-0.1070125,0.0065,0.0015));
#18101=CARTESIAN_POINT('',(-0.1070125,0.0065,0.0015));
#18102=CARTESIAN_POINT('',(-0.1000125,0.007,0.0015));
#18103=CARTESIAN_POINT('',(-0.1000125,0.007,0.));
#18104=CARTESIAN_POINT('',(-0.0935125,0.007,0.));
#18105=CARTESIAN_POINT('',(-0.0935125,0.007,0.0015));
#18106=CARTESIAN_POINT('',(-0.0935125,0.007,0.0015));
#18107=CARTESIAN_POINT('',(-0.1000125,0.007,0.0015));
#18108=CARTESIAN_POINT('',(-0.0935125,0.0065,0.0015));
#18109=CARTESIAN_POINT('',(-0.0935125,0.0065,0.));
#18110=CARTESIAN_POINT('',(-0.0930125,0.0065,0.));
#18111=CARTESIAN_POINT('',(-0.0930125,0.0065,0.0015));
#18112=CARTESIAN_POINT('',(-0.0930125,0.0065,0.0015));
#18113=CARTESIAN_POINT('',(-0.0935125,0.0065,0.0015));
#18114=CARTESIAN_POINT('',(-0.0930125,0.,0.0015));
#18115=CARTESIAN_POINT('',(-0.0930125,0.,0.));
#18116=CARTESIAN_POINT('',(-0.0930125,-0.0065,0.));
#18117=CARTESIAN_POINT('',(-0.0930125,-0.0065,0.0015));
#18118=CARTESIAN_POINT('',(-0.0930125,-0.0065,0.0015));
#18119=CARTESIAN_POINT('',(-0.0930125,0.,0.0015));
#18120=CARTESIAN_POINT('',(-0.0935125,-0.0065,0.0015));
#18121=CARTESIAN_POINT('',(-0.0935125,-0.0065,0.));
#18122=CARTESIAN_POINT('',(-0.0935125,-0.007,0.));
#18123=CARTESIAN_POINT('',(-0.0935125,-0.007,0.0015));
#18124=CARTESIAN_POINT('',(-0.0935125,-0.007,0.0015));
#18125=CARTESIAN_POINT('',(-0.0935125,-0.0065,0.0015));
#18126=CARTESIAN_POINT('',(-0.1000125,-0.007,0.0015));
#18127=CARTESIAN_POINT('',(-0.1000125,-0.007,0.));
#18128=CARTESIAN_POINT('',(-0.1065125,-0.007,0.));
#18129=CARTESIAN_POINT('',(-0.1065125,-0.007,0.0015));
#18130=CARTESIAN_POINT('',(-0.1065125,-0.007,0.0015));
#18131=CARTESIAN_POINT('',(-0.1000125,-0.007,0.0015));
#18132=CARTESIAN_POINT('',(-0.1065125,-0.0065,0.0015));
#18133=CARTESIAN_POINT('',(-0.1065125,-0.0065,0.));
#18134=CARTESIAN_POINT('',(-0.1070125,-0.0065,0.));
#18135=CARTESIAN_POINT('',(-0.1070125,-0.0065,0.0015));
#18136=CARTESIAN_POINT('',(-0.1070125,-0.0065,0.0015));
#18137=CARTESIAN_POINT('',(-0.1065125,-0.0065,0.0015));
#18138=CARTESIAN_POINT('',(-0.13270625,0.0065,0.0015));
#18139=CARTESIAN_POINT('',(-0.13270625,0.0065,0.));
#18140=CARTESIAN_POINT('',(-0.13270625,0.007,0.));
#18141=CARTESIAN_POINT('',(-0.13320625,0.0065,0.));
#18142=CARTESIAN_POINT('',(-0.13270625,0.007,0.0015));
#18143=CARTESIAN_POINT('',(-0.13270625,0.007,0.0015));
#18144=CARTESIAN_POINT('',(-0.13270625,0.0065,0.0015));
#18145=CARTESIAN_POINT('',(-0.13320625,0.0065,0.0015));
#18146=CARTESIAN_POINT('',(-0.13320625,0.0065,0.0015));
#18147=CARTESIAN_POINT('',(-0.12620625,0.007,0.0015));
#18148=CARTESIAN_POINT('',(-0.12620625,0.007,0.));
#18149=CARTESIAN_POINT('',(-0.11970625,0.007,0.));
#18150=CARTESIAN_POINT('',(-0.11970625,0.007,0.0015));
#18151=CARTESIAN_POINT('',(-0.11970625,0.007,0.0015));
#18152=CARTESIAN_POINT('',(-0.12620625,0.007,0.0015));
#18153=CARTESIAN_POINT('',(-0.11970625,0.0065,0.0015));
#18154=CARTESIAN_POINT('',(-0.11970625,0.0065,0.));
#18155=CARTESIAN_POINT('',(-0.11920625,0.0065,0.));
#18156=CARTESIAN_POINT('',(-0.11920625,0.0065,0.0015));
#18157=CARTESIAN_POINT('',(-0.11920625,0.0065,0.0015));
#18158=CARTESIAN_POINT('',(-0.11970625,0.0065,0.0015));
#18159=CARTESIAN_POINT('',(-0.11920625,0.,0.0015));
#18160=CARTESIAN_POINT('',(-0.11920625,0.,0.));
#18161=CARTESIAN_POINT('',(-0.11920625,-0.0065,0.));
#18162=CARTESIAN_POINT('',(-0.11920625,-0.0065,0.0015));
#18163=CARTESIAN_POINT('',(-0.11920625,-0.0065,0.0015));
#18164=CARTESIAN_POINT('',(-0.11920625,0.,0.0015));
#18165=CARTESIAN_POINT('',(-0.11970625,-0.0065,0.0015));
#18166=CARTESIAN_POINT('',(-0.11970625,-0.0065,0.));
#18167=CARTESIAN_POINT('',(-0.11970625,-0.007,0.));
#18168=CARTESIAN_POINT('',(-0.11970625,-0.007,0.0015));
#18169=CARTESIAN_POINT('',(-0.11970625,-0.007,0.0015));
#18170=CARTESIAN_POINT('',(-0.11970625,-0.0065,0.0015));
#18171=CARTESIAN_POINT('',(-0.12620625,-0.007,0.0015));
#18172=CARTESIAN_POINT('',(-0.12620625,-0.007,0.));
#18173=CARTESIAN_POINT('',(-0.13270625,-0.007,0.));
#18174=CARTESIAN_POINT('',(-0.13270625,-0.007,0.0015));
#18175=CARTESIAN_POINT('',(-0.13270625,-0.007,0.0015));
#18176=CARTESIAN_POINT('',(-0.12620625,-0.007,0.0015));
#18177=CARTESIAN_POINT('',(-0.13270625,-0.0065,0.0015));
#18178=CARTESIAN_POINT('',(-0.13270625,-0.0065,0.));
#18179=CARTESIAN_POINT('',(-0.13320625,-0.0065,0.));
#18180=CARTESIAN_POINT('',(-0.13320625,-0.0065,0.0015));
#18181=CARTESIAN_POINT('',(-0.13320625,-0.0065,0.0015));
#18182=CARTESIAN_POINT('',(-0.13270625,-0.0065,0.0015));
#18183=CARTESIAN_POINT('',(0.1220875,0.02555,0.0015));
#18184=CARTESIAN_POINT('',(0.1220875,0.02555,0.));
#18185=CARTESIAN_POINT('',(0.1220875,0.02605,0.));
#18186=CARTESIAN_POINT('',(0.1215875,0.02555,0.));
#18187=CARTESIAN_POINT('',(0.1220875,0.02605,0.0015));
#18188=CARTESIAN_POINT('',(0.1220875,0.02605,0.0015));
#18189=CARTESIAN_POINT('',(0.1220875,0.02555,0.0015));
#18190=CARTESIAN_POINT('',(0.1215875,0.02555,0.0015));
#18191=CARTESIAN_POINT('',(0.1215875,0.02555,0.0015));
#18192=CARTESIAN_POINT('',(0.1285875,0.02605,0.0015));
#18193=CARTESIAN_POINT('',(0.1285875,0.02605,0.));
#18194=CARTESIAN_POINT('',(0.1350875,0.02605,0.));
#18195=CARTESIAN_POINT('',(0.1350875,0.02605,0.0015));
#18196=CARTESIAN_POINT('',(0.1350875,0.02605,0.0015));
#18197=CARTESIAN_POINT('',(0.1285875,0.02605,0.0015));
#18198=CARTESIAN_POINT('',(0.1350875,0.02555,0.0015));
#18199=CARTESIAN_POINT('',(0.1350875,0.02555,0.));
#18200=CARTESIAN_POINT('',(0.1355875,0.02555,0.));
#18201=CARTESIAN_POINT('',(0.1355875,0.02555,0.0015));
#18202=CARTESIAN_POINT('',(0.1355875,0.02555,0.0015));
#18203=CARTESIAN_POINT('',(0.1350875,0.02555,0.0015));
#18204=CARTESIAN_POINT('',(0.1355875,0.01905,0.0015));
#18205=CARTESIAN_POINT('',(0.1355875,0.01905,0.));
#18206=CARTESIAN_POINT('',(0.1355875,0.01255,0.));
#18207=CARTESIAN_POINT('',(0.1355875,0.01255,0.0015));
#18208=CARTESIAN_POINT('',(0.1355875,0.01255,0.0015));
#18209=CARTESIAN_POINT('',(0.1355875,0.01905,0.0015));
#18210=CARTESIAN_POINT('',(0.1350875,0.01255,0.0015));
#18211=CARTESIAN_POINT('',(0.1350875,0.01255,0.));
#18212=CARTESIAN_POINT('',(0.1350875,0.01205,0.));
#18213=CARTESIAN_POINT('',(0.1350875,0.01205,0.0015));
#18214=CARTESIAN_POINT('',(0.1350875,0.01205,0.0015));
#18215=CARTESIAN_POINT('',(0.1350875,0.01255,0.0015));
#18216=CARTESIAN_POINT('',(0.1285875,0.01205,0.0015));
#18217=CARTESIAN_POINT('',(0.1285875,0.01205,0.));
#18218=CARTESIAN_POINT('',(0.1220875,0.01205,0.));
#18219=CARTESIAN_POINT('',(0.1220875,0.01205,0.0015));
#18220=CARTESIAN_POINT('',(0.1220875,0.01205,0.0015));
#18221=CARTESIAN_POINT('',(0.1285875,0.01205,0.0015));
#18222=CARTESIAN_POINT('',(0.1220875,0.01255,0.0015));
#18223=CARTESIAN_POINT('',(0.1220875,0.01255,0.));
#18224=CARTESIAN_POINT('',(0.1215875,0.01255,0.));
#18225=CARTESIAN_POINT('',(0.1215875,0.01255,0.0015));
#18226=CARTESIAN_POINT('',(0.1215875,0.01255,0.0015));
#18227=CARTESIAN_POINT('',(0.1220875,0.01255,0.0015));
#18228=CARTESIAN_POINT('',(0.098275,0.02555,0.0015));
#18229=CARTESIAN_POINT('',(0.098275,0.02555,0.));
#18230=CARTESIAN_POINT('',(0.098275,0.02605,0.));
#18231=CARTESIAN_POINT('',(0.097775,0.02555,0.));
#18232=CARTESIAN_POINT('',(0.098275,0.02605,0.0015));
#18233=CARTESIAN_POINT('',(0.098275,0.02605,0.0015));
#18234=CARTESIAN_POINT('',(0.098275,0.02555,0.0015));
#18235=CARTESIAN_POINT('',(0.097775,0.02555,0.0015));
#18236=CARTESIAN_POINT('',(0.097775,0.02555,0.0015));
#18237=CARTESIAN_POINT('',(0.104775,0.02605,0.0015));
#18238=CARTESIAN_POINT('',(0.104775,0.02605,0.));
#18239=CARTESIAN_POINT('',(0.111275,0.02605,0.));
#18240=CARTESIAN_POINT('',(0.111275,0.02605,0.0015));
#18241=CARTESIAN_POINT('',(0.111275,0.02605,0.0015));
#18242=CARTESIAN_POINT('',(0.104775,0.02605,0.0015));
#18243=CARTESIAN_POINT('',(0.111275,0.02555,0.0015));
#18244=CARTESIAN_POINT('',(0.111275,0.02555,0.));
#18245=CARTESIAN_POINT('',(0.111775,0.02555,0.));
#18246=CARTESIAN_POINT('',(0.111775,0.02555,0.0015));
#18247=CARTESIAN_POINT('',(0.111775,0.02555,0.0015));
#18248=CARTESIAN_POINT('',(0.111275,0.02555,0.0015));
#18249=CARTESIAN_POINT('',(0.111775,0.01905,0.0015));
#18250=CARTESIAN_POINT('',(0.111775,0.01905,0.));
#18251=CARTESIAN_POINT('',(0.111775,0.01255,0.));
#18252=CARTESIAN_POINT('',(0.111775,0.01255,0.0015));
#18253=CARTESIAN_POINT('',(0.111775,0.01255,0.0015));
#18254=CARTESIAN_POINT('',(0.111775,0.01905,0.0015));
#18255=CARTESIAN_POINT('',(0.111275,0.01255,0.0015));
#18256=CARTESIAN_POINT('',(0.111275,0.01255,0.));
#18257=CARTESIAN_POINT('',(0.111275,0.01205,0.));
#18258=CARTESIAN_POINT('',(0.111275,0.01205,0.0015));
#18259=CARTESIAN_POINT('',(0.111275,0.01205,0.0015));
#18260=CARTESIAN_POINT('',(0.111275,0.01255,0.0015));
#18261=CARTESIAN_POINT('',(0.104775,0.01205,0.0015));
#18262=CARTESIAN_POINT('',(0.104775,0.01205,0.));
#18263=CARTESIAN_POINT('',(0.098275,0.01205,0.));
#18264=CARTESIAN_POINT('',(0.098275,0.01205,0.0015));
#18265=CARTESIAN_POINT('',(0.098275,0.01205,0.0015));
#18266=CARTESIAN_POINT('',(0.104775,0.01205,0.0015));
#18267=CARTESIAN_POINT('',(0.098275,0.01255,0.0015));
#18268=CARTESIAN_POINT('',(0.098275,0.01255,0.));
#18269=CARTESIAN_POINT('',(0.097775,0.01255,0.));
#18270=CARTESIAN_POINT('',(0.097775,0.01255,0.0015));
#18271=CARTESIAN_POINT('',(0.097775,0.01255,0.0015));
#18272=CARTESIAN_POINT('',(0.098275,0.01255,0.0015));
#18273=CARTESIAN_POINT('',(0.079225,0.02555,0.0015));
#18274=CARTESIAN_POINT('',(0.079225,0.02555,0.));
#18275=CARTESIAN_POINT('',(0.079225,0.02605,0.));
#18276=CARTESIAN_POINT('',(0.078725,0.02555,0.));
#18277=CARTESIAN_POINT('',(0.079225,0.02605,0.0015));
#18278=CARTESIAN_POINT('',(0.079225,0.02605,0.0015));
#18279=CARTESIAN_POINT('',(0.079225,0.02555,0.0015));
#18280=CARTESIAN_POINT('',(0.078725,0.02555,0.0015));
#18281=CARTESIAN_POINT('',(0.078725,0.02555,0.0015));
#18282=CARTESIAN_POINT('',(0.085725,0.02605,0.0015));
#18283=CARTESIAN_POINT('',(0.085725,0.02605,0.));
#18284=CARTESIAN_POINT('',(0.092225,0.02605,0.));
#18285=CARTESIAN_POINT('',(0.092225,0.02605,0.0015));
#18286=CARTESIAN_POINT('',(0.092225,0.02605,0.0015));
#18287=CARTESIAN_POINT('',(0.085725,0.02605,0.0015));
#18288=CARTESIAN_POINT('',(0.092225,0.02555,0.0015));
#18289=CARTESIAN_POINT('',(0.092225,0.02555,0.));
#18290=CARTESIAN_POINT('',(0.092725,0.02555,0.));
#18291=CARTESIAN_POINT('',(0.092725,0.02555,0.0015));
#18292=CARTESIAN_POINT('',(0.092725,0.02555,0.0015));
#18293=CARTESIAN_POINT('',(0.092225,0.02555,0.0015));
#18294=CARTESIAN_POINT('',(0.092725,0.01905,0.0015));
#18295=CARTESIAN_POINT('',(0.092725,0.01905,0.));
#18296=CARTESIAN_POINT('',(0.092725,0.01255,0.));
#18297=CARTESIAN_POINT('',(0.092725,0.01255,0.0015));
#18298=CARTESIAN_POINT('',(0.092725,0.01255,0.0015));
#18299=CARTESIAN_POINT('',(0.092725,0.01905,0.0015));
#18300=CARTESIAN_POINT('',(0.092225,0.01255,0.0015));
#18301=CARTESIAN_POINT('',(0.092225,0.01255,0.));
#18302=CARTESIAN_POINT('',(0.092225,0.01205,0.));
#18303=CARTESIAN_POINT('',(0.092225,0.01205,0.0015));
#18304=CARTESIAN_POINT('',(0.092225,0.01205,0.0015));
#18305=CARTESIAN_POINT('',(0.092225,0.01255,0.0015));
#18306=CARTESIAN_POINT('',(0.085725,0.01205,0.0015));
#18307=CARTESIAN_POINT('',(0.085725,0.01205,0.));
#18308=CARTESIAN_POINT('',(0.079225,0.01205,0.));
#18309=CARTESIAN_POINT('',(0.079225,0.01205,0.0015));
#18310=CARTESIAN_POINT('',(0.079225,0.01205,0.0015));
#18311=CARTESIAN_POINT('',(0.085725,0.01205,0.0015));
#18312=CARTESIAN_POINT('',(0.079225,0.01255,0.0015));
#18313=CARTESIAN_POINT('',(0.079225,0.01255,0.));
#18314=CARTESIAN_POINT('',(0.078725,0.01255,0.));
#18315=CARTESIAN_POINT('',(0.078725,0.01255,0.0015));
#18316=CARTESIAN_POINT('',(0.078725,0.01255,0.0015));
#18317=CARTESIAN_POINT('',(0.079225,0.01255,0.0015));
#18318=CARTESIAN_POINT('',(0.060175,0.02555,0.0015));
#18319=CARTESIAN_POINT('',(0.060175,0.02555,0.));
#18320=CARTESIAN_POINT('',(0.060175,0.02605,0.));
#18321=CARTESIAN_POINT('',(0.059675,0.02555,0.));
#18322=CARTESIAN_POINT('',(0.060175,0.02605,0.0015));
#18323=CARTESIAN_POINT('',(0.060175,0.02605,0.0015));
#18324=CARTESIAN_POINT('',(0.060175,0.02555,0.0015));
#18325=CARTESIAN_POINT('',(0.059675,0.02555,0.0015));
#18326=CARTESIAN_POINT('',(0.059675,0.02555,0.0015));
#18327=CARTESIAN_POINT('',(0.066675,0.02605,0.0015));
#18328=CARTESIAN_POINT('',(0.066675,0.02605,0.));
#18329=CARTESIAN_POINT('',(0.073175,0.02605,0.));
#18330=CARTESIAN_POINT('',(0.073175,0.02605,0.0015));
#18331=CARTESIAN_POINT('',(0.073175,0.02605,0.0015));
#18332=CARTESIAN_POINT('',(0.066675,0.02605,0.0015));
#18333=CARTESIAN_POINT('',(0.073175,0.02555,0.0015));
#18334=CARTESIAN_POINT('',(0.073175,0.02555,0.));
#18335=CARTESIAN_POINT('',(0.073675,0.02555,0.));
#18336=CARTESIAN_POINT('',(0.073675,0.02555,0.0015));
#18337=CARTESIAN_POINT('',(0.073675,0.02555,0.0015));
#18338=CARTESIAN_POINT('',(0.073175,0.02555,0.0015));
#18339=CARTESIAN_POINT('',(0.073675,0.01905,0.0015));
#18340=CARTESIAN_POINT('',(0.073675,0.01905,0.));
#18341=CARTESIAN_POINT('',(0.073675,0.01255,0.));
#18342=CARTESIAN_POINT('',(0.073675,0.01255,0.0015));
#18343=CARTESIAN_POINT('',(0.073675,0.01255,0.0015));
#18344=CARTESIAN_POINT('',(0.073675,0.01905,0.0015));
#18345=CARTESIAN_POINT('',(0.073175,0.01255,0.0015));
#18346=CARTESIAN_POINT('',(0.073175,0.01255,0.));
#18347=CARTESIAN_POINT('',(0.073175,0.01205,0.));
#18348=CARTESIAN_POINT('',(0.073175,0.01205,0.0015));
#18349=CARTESIAN_POINT('',(0.073175,0.01205,0.0015));
#18350=CARTESIAN_POINT('',(0.073175,0.01255,0.0015));
#18351=CARTESIAN_POINT('',(0.066675,0.01205,0.0015));
#18352=CARTESIAN_POINT('',(0.066675,0.01205,0.));
#18353=CARTESIAN_POINT('',(0.060175,0.01205,0.));
#18354=CARTESIAN_POINT('',(0.060175,0.01205,0.0015));
#18355=CARTESIAN_POINT('',(0.060175,0.01205,0.0015));
#18356=CARTESIAN_POINT('',(0.066675,0.01205,0.0015));
#18357=CARTESIAN_POINT('',(0.060175,0.01255,0.0015));
#18358=CARTESIAN_POINT('',(0.060175,0.01255,0.));
#18359=CARTESIAN_POINT('',(0.059675,0.01255,0.));
#18360=CARTESIAN_POINT('',(0.059675,0.01255,0.0015));
#18361=CARTESIAN_POINT('',(0.059675,0.01255,0.0015));
#18362=CARTESIAN_POINT('',(0.060175,0.01255,0.0015));
#18363=CARTESIAN_POINT('',(0.041125,0.02555,0.0015));
#18364=CARTESIAN_POINT('',(0.041125,0.02555,0.));
#18365=CARTESIAN_POINT('',(0.041125,0.02605,0.));
#18366=CARTESIAN_POINT('',(0.040625,0.02555,0.));
#18367=CARTESIAN_POINT('',(0.041125,0.02605,0.0015));
#18368=CARTESIAN_POINT('',(0.041125,0.02605,0.0015));
#18369=CARTESIAN_POINT('',(0.041125,0.02555,0.0015));
#18370=CARTESIAN_POINT('',(0.040625,0.02555,0.0015));
#18371=CARTESIAN_POINT('',(0.040625,0.02555,0.0015));
#18372=CARTESIAN_POINT('',(0.047625,0.02605,0.0015));
#18373=CARTESIAN_POINT('',(0.047625,0.02605,0.));
#18374=CARTESIAN_POINT('',(0.054125,0.02605,0.));
#18375=CARTESIAN_POINT('',(0.054125,0.02605,0.0015));
#18376=CARTESIAN_POINT('',(0.054125,0.02605,0.0015));
#18377=CARTESIAN_POINT('',(0.047625,0.02605,0.0015));
#18378=CARTESIAN_POINT('',(0.054125,0.02555,0.0015));
#18379=CARTESIAN_POINT('',(0.054125,0.02555,0.));
#18380=CARTESIAN_POINT('',(0.054625,0.02555,0.));
#18381=CARTESIAN_POINT('',(0.054625,0.02555,0.0015));
#18382=CARTESIAN_POINT('',(0.054625,0.02555,0.0015));
#18383=CARTESIAN_POINT('',(0.054125,0.02555,0.0015));
#18384=CARTESIAN_POINT('',(0.054625,0.01905,0.0015));
#18385=CARTESIAN_POINT('',(0.054625,0.01905,0.));
#18386=CARTESIAN_POINT('',(0.054625,0.01255,0.));
#18387=CARTESIAN_POINT('',(0.054625,0.01255,0.0015));
#18388=CARTESIAN_POINT('',(0.054625,0.01255,0.0015));
#18389=CARTESIAN_POINT('',(0.054625,0.01905,0.0015));
#18390=CARTESIAN_POINT('',(0.054125,0.01255,0.0015));
#18391=CARTESIAN_POINT('',(0.054125,0.01255,0.));
#18392=CARTESIAN_POINT('',(0.054125,0.01205,0.));
#18393=CARTESIAN_POINT('',(0.054125,0.01205,0.0015));
#18394=CARTESIAN_POINT('',(0.054125,0.01205,0.0015));
#18395=CARTESIAN_POINT('',(0.054125,0.01255,0.0015));
#18396=CARTESIAN_POINT('',(0.047625,0.01205,0.0015));
#18397=CARTESIAN_POINT('',(0.047625,0.01205,0.));
#18398=CARTESIAN_POINT('',(0.041125,0.01205,0.));
#18399=CARTESIAN_POINT('',(0.041125,0.01205,0.0015));
#18400=CARTESIAN_POINT('',(0.041125,0.01205,0.0015));
#18401=CARTESIAN_POINT('',(0.047625,0.01205,0.0015));
#18402=CARTESIAN_POINT('',(0.041125,0.01255,0.0015));
#18403=CARTESIAN_POINT('',(0.041125,0.01255,0.));
#18404=CARTESIAN_POINT('',(0.040625,0.01255,0.));
#18405=CARTESIAN_POINT('',(0.040625,0.01255,0.0015));
#18406=CARTESIAN_POINT('',(0.040625,0.01255,0.0015));
#18407=CARTESIAN_POINT('',(0.041125,0.01255,0.0015));
#18408=CARTESIAN_POINT('',(0.022075,0.02555,0.0015));
#18409=CARTESIAN_POINT('',(0.022075,0.02555,0.));
#18410=CARTESIAN_POINT('',(0.022075,0.02605,0.));
#18411=CARTESIAN_POINT('',(0.021575,0.02555,0.));
#18412=CARTESIAN_POINT('',(0.022075,0.02605,0.0015));
#18413=CARTESIAN_POINT('',(0.022075,0.02605,0.0015));
#18414=CARTESIAN_POINT('',(0.022075,0.02555,0.0015));
#18415=CARTESIAN_POINT('',(0.021575,0.02555,0.0015));
#18416=CARTESIAN_POINT('',(0.021575,0.02555,0.0015));
#18417=CARTESIAN_POINT('',(0.028575,0.02605,0.0015));
#18418=CARTESIAN_POINT('',(0.028575,0.02605,0.));
#18419=CARTESIAN_POINT('',(0.035075,0.02605,0.));
#18420=CARTESIAN_POINT('',(0.035075,0.02605,0.0015));
#18421=CARTESIAN_POINT('',(0.035075,0.02605,0.0015));
#18422=CARTESIAN_POINT('',(0.028575,0.02605,0.0015));
#18423=CARTESIAN_POINT('',(0.035075,0.02555,0.0015));
#18424=CARTESIAN_POINT('',(0.035075,0.02555,0.));
#18425=CARTESIAN_POINT('',(0.035575,0.02555,0.));
#18426=CARTESIAN_POINT('',(0.035575,0.02555,0.0015));
#18427=CARTESIAN_POINT('',(0.035575,0.02555,0.0015));
#18428=CARTESIAN_POINT('',(0.035075,0.02555,0.0015));
#18429=CARTESIAN_POINT('',(0.035575,0.01905,0.0015));
#18430=CARTESIAN_POINT('',(0.035575,0.01905,0.));
#18431=CARTESIAN_POINT('',(0.035575,0.01255,0.));
#18432=CARTESIAN_POINT('',(0.035575,0.01255,0.0015));
#18433=CARTESIAN_POINT('',(0.035575,0.01255,0.0015));
#18434=CARTESIAN_POINT('',(0.035575,0.01905,0.0015));
#18435=CARTESIAN_POINT('',(0.035075,0.01255,0.0015));
#18436=CARTESIAN_POINT('',(0.035075,0.01255,0.));
#18437=CARTESIAN_POINT('',(0.035075,0.01205,0.));
#18438=CARTESIAN_POINT('',(0.035075,0.01205,0.0015));
#18439=CARTESIAN_POINT('',(0.035075,0.01205,0.0015));
#18440=CARTESIAN_POINT('',(0.035075,0.01255,0.0015));
#18441=CARTESIAN_POINT('',(0.028575,0.01205,0.0015));
#18442=CARTESIAN_POINT('',(0.028575,0.01205,0.));
#18443=CARTESIAN_POINT('',(0.022075,0.01205,0.));
#18444=CARTESIAN_POINT('',(0.022075,0.01205,0.0015));
#18445=CARTESIAN_POINT('',(0.022075,0.01205,0.0015));
#18446=CARTESIAN_POINT('',(0.028575,0.01205,0.0015));
#18447=CARTESIAN_POINT('',(0.022075,0.01255,0.0015));
#18448=CARTESIAN_POINT('',(0.022075,0.01255,0.));
#18449=CARTESIAN_POINT('',(0.021575,0.01255,0.));
#18450=CARTESIAN_POINT('',(0.021575,0.01255,0.0015));
#18451=CARTESIAN_POINT('',(0.021575,0.01255,0.0015));
#18452=CARTESIAN_POINT('',(0.022075,0.01255,0.0015));
#18453=CARTESIAN_POINT('',(0.003025,0.02555,0.0015));
#18454=CARTESIAN_POINT('',(0.003025,0.02555,0.));
#18455=CARTESIAN_POINT('',(0.003025,0.02605,0.));
#18456=CARTESIAN_POINT('',(0.002525,0.02555,0.));
#18457=CARTESIAN_POINT('',(0.003025,0.02605,0.0015));
#18458=CARTESIAN_POINT('',(0.003025,0.02605,0.0015));
#18459=CARTESIAN_POINT('',(0.003025,0.02555,0.0015));
#18460=CARTESIAN_POINT('',(0.002525,0.02555,0.0015));
#18461=CARTESIAN_POINT('',(0.002525,0.02555,0.0015));
#18462=CARTESIAN_POINT('',(0.009525,0.02605,0.0015));
#18463=CARTESIAN_POINT('',(0.009525,0.02605,0.));
#18464=CARTESIAN_POINT('',(0.016025,0.02605,0.));
#18465=CARTESIAN_POINT('',(0.016025,0.02605,0.0015));
#18466=CARTESIAN_POINT('',(0.016025,0.02605,0.0015));
#18467=CARTESIAN_POINT('',(0.009525,0.02605,0.0015));
#18468=CARTESIAN_POINT('',(0.016025,0.02555,0.0015));
#18469=CARTESIAN_POINT('',(0.016025,0.02555,0.));
#18470=CARTESIAN_POINT('',(0.016525,0.02555,0.));
#18471=CARTESIAN_POINT('',(0.016525,0.02555,0.0015));
#18472=CARTESIAN_POINT('',(0.016525,0.02555,0.0015));
#18473=CARTESIAN_POINT('',(0.016025,0.02555,0.0015));
#18474=CARTESIAN_POINT('',(0.016525,0.01905,0.0015));
#18475=CARTESIAN_POINT('',(0.016525,0.01905,0.));
#18476=CARTESIAN_POINT('',(0.016525,0.01255,0.));
#18477=CARTESIAN_POINT('',(0.016525,0.01255,0.0015));
#18478=CARTESIAN_POINT('',(0.016525,0.01255,0.0015));
#18479=CARTESIAN_POINT('',(0.016525,0.01905,0.0015));
#18480=CARTESIAN_POINT('',(0.016025,0.01255,0.0015));
#18481=CARTESIAN_POINT('',(0.016025,0.01255,0.));
#18482=CARTESIAN_POINT('',(0.016025,0.01205,0.));
#18483=CARTESIAN_POINT('',(0.016025,0.01205,0.0015));
#18484=CARTESIAN_POINT('',(0.016025,0.01205,0.0015));
#18485=CARTESIAN_POINT('',(0.016025,0.01255,0.0015));
#18486=CARTESIAN_POINT('',(0.009525,0.01205,0.0015));
#18487=CARTESIAN_POINT('',(0.009525,0.01205,0.));
#18488=CARTESIAN_POINT('',(0.003025,0.01205,0.));
#18489=CARTESIAN_POINT('',(0.003025,0.01205,0.0015));
#18490=CARTESIAN_POINT('',(0.003025,0.01205,0.0015));
#18491=CARTESIAN_POINT('',(0.009525,0.01205,0.0015));
#18492=CARTESIAN_POINT('',(0.003025,0.01255,0.0015));
#18493=CARTESIAN_POINT('',(0.003025,0.01255,0.));
#18494=CARTESIAN_POINT('',(0.002525,0.01255,0.));
#18495=CARTESIAN_POINT('',(0.002525,0.01255,0.0015));
#18496=CARTESIAN_POINT('',(0.002525,0.01255,0.0015));
#18497=CARTESIAN_POINT('',(0.003025,0.01255,0.0015));
#18498=CARTESIAN_POINT('',(-0.016025,0.02555,0.0015));
#18499=CARTESIAN_POINT('',(-0.016025,0.02555,0.));
#18500=CARTESIAN_POINT('',(-0.016025,0.02605,0.));
#18501=CARTESIAN_POINT('',(-0.016525,0.02555,0.));
#18502=CARTESIAN_POINT('',(-0.016025,0.02605,0.0015));
#18503=CARTESIAN_POINT('',(-0.016025,0.02605,0.0015));
#18504=CARTESIAN_POINT('',(-0.016025,0.02555,0.0015));
#18505=CARTESIAN_POINT('',(-0.016525,0.02555,0.0015));
#18506=CARTESIAN_POINT('',(-0.016525,0.02555,0.0015));
#18507=CARTESIAN_POINT('',(-0.009525,0.02605,0.0015));
#18508=CARTESIAN_POINT('',(-0.009525,0.02605,0.));
#18509=CARTESIAN_POINT('',(-0.003025,0.02605,0.));
#18510=CARTESIAN_POINT('',(-0.003025,0.02605,0.0015));
#18511=CARTESIAN_POINT('',(-0.003025,0.02605,0.0015));
#18512=CARTESIAN_POINT('',(-0.009525,0.02605,0.0015));
#18513=CARTESIAN_POINT('',(-0.003025,0.02555,0.0015));
#18514=CARTESIAN_POINT('',(-0.003025,0.02555,0.));
#18515=CARTESIAN_POINT('',(-0.002525,0.02555,0.));
#18516=CARTESIAN_POINT('',(-0.002525,0.02555,0.0015));
#18517=CARTESIAN_POINT('',(-0.002525,0.02555,0.0015));
#18518=CARTESIAN_POINT('',(-0.003025,0.02555,0.0015));
#18519=CARTESIAN_POINT('',(-0.002525,0.01905,0.0015));
#18520=CARTESIAN_POINT('',(-0.002525,0.01905,0.));
#18521=CARTESIAN_POINT('',(-0.002525,0.01255,0.));
#18522=CARTESIAN_POINT('',(-0.002525,0.01255,0.0015));
#18523=CARTESIAN_POINT('',(-0.002525,0.01255,0.0015));
#18524=CARTESIAN_POINT('',(-0.002525,0.01905,0.0015));
#18525=CARTESIAN_POINT('',(-0.003025,0.01255,0.0015));
#18526=CARTESIAN_POINT('',(-0.003025,0.01255,0.));
#18527=CARTESIAN_POINT('',(-0.003025,0.01205,0.));
#18528=CARTESIAN_POINT('',(-0.003025,0.01205,0.0015));
#18529=CARTESIAN_POINT('',(-0.003025,0.01205,0.0015));
#18530=CARTESIAN_POINT('',(-0.003025,0.01255,0.0015));
#18531=CARTESIAN_POINT('',(-0.009525,0.01205,0.0015));
#18532=CARTESIAN_POINT('',(-0.009525,0.01205,0.));
#18533=CARTESIAN_POINT('',(-0.016025,0.01205,0.));
#18534=CARTESIAN_POINT('',(-0.016025,0.01205,0.0015));
#18535=CARTESIAN_POINT('',(-0.016025,0.01205,0.0015));
#18536=CARTESIAN_POINT('',(-0.009525,0.01205,0.0015));
#18537=CARTESIAN_POINT('',(-0.016025,0.01255,0.0015));
#18538=CARTESIAN_POINT('',(-0.016025,0.01255,0.));
#18539=CARTESIAN_POINT('',(-0.016525,0.01255,0.));
#18540=CARTESIAN_POINT('',(-0.016525,0.01255,0.0015));
#18541=CARTESIAN_POINT('',(-0.016525,0.01255,0.0015));
#18542=CARTESIAN_POINT('',(-0.016025,0.01255,0.0015));
#18543=CARTESIAN_POINT('',(-0.035075,0.02555,0.0015));
#18544=CARTESIAN_POINT('',(-0.035075,0.02555,0.));
#18545=CARTESIAN_POINT('',(-0.035075,0.02605,0.));
#18546=CARTESIAN_POINT('',(-0.035575,0.02555,0.));
#18547=CARTESIAN_POINT('',(-0.035075,0.02605,0.0015));
#18548=CARTESIAN_POINT('',(-0.035075,0.02605,0.0015));
#18549=CARTESIAN_POINT('',(-0.035075,0.02555,0.0015));
#18550=CARTESIAN_POINT('',(-0.035575,0.02555,0.0015));
#18551=CARTESIAN_POINT('',(-0.035575,0.02555,0.0015));
#18552=CARTESIAN_POINT('',(-0.028575,0.02605,0.0015));
#18553=CARTESIAN_POINT('',(-0.028575,0.02605,0.));
#18554=CARTESIAN_POINT('',(-0.022075,0.02605,0.));
#18555=CARTESIAN_POINT('',(-0.022075,0.02605,0.0015));
#18556=CARTESIAN_POINT('',(-0.022075,0.02605,0.0015));
#18557=CARTESIAN_POINT('',(-0.028575,0.02605,0.0015));
#18558=CARTESIAN_POINT('',(-0.022075,0.02555,0.0015));
#18559=CARTESIAN_POINT('',(-0.022075,0.02555,0.));
#18560=CARTESIAN_POINT('',(-0.021575,0.02555,0.));
#18561=CARTESIAN_POINT('',(-0.021575,0.02555,0.0015));
#18562=CARTESIAN_POINT('',(-0.021575,0.02555,0.0015));
#18563=CARTESIAN_POINT('',(-0.022075,0.02555,0.0015));
#18564=CARTESIAN_POINT('',(-0.021575,0.01905,0.0015));
#18565=CARTESIAN_POINT('',(-0.021575,0.01905,0.));
#18566=CARTESIAN_POINT('',(-0.021575,0.01255,0.));
#18567=CARTESIAN_POINT('',(-0.021575,0.01255,0.0015));
#18568=CARTESIAN_POINT('',(-0.021575,0.01255,0.0015));
#18569=CARTESIAN_POINT('',(-0.021575,0.01905,0.0015));
#18570=CARTESIAN_POINT('',(-0.022075,0.01255,0.0015));
#18571=CARTESIAN_POINT('',(-0.022075,0.01255,0.));
#18572=CARTESIAN_POINT('',(-0.022075,0.01205,0.));
#18573=CARTESIAN_POINT('',(-0.022075,0.01205,0.0015));
#18574=CARTESIAN_POINT('',(-0.022075,0.01205,0.0015));
#18575=CARTESIAN_POINT('',(-0.022075,0.01255,0.0015));
#18576=CARTESIAN_POINT('',(-0.028575,0.01205,0.0015));
#18577=CARTESIAN_POINT('',(-0.028575,0.01205,0.));
#18578=CARTESIAN_POINT('',(-0.035075,0.01205,0.));
#18579=CARTESIAN_POINT('',(-0.035075,0.01205,0.0015));
#18580=CARTESIAN_POINT('',(-0.035075,0.01205,0.0015));
#18581=CARTESIAN_POINT('',(-0.028575,0.01205,0.0015));
#18582=CARTESIAN_POINT('',(-0.035075,0.01255,0.0015));
#18583=CARTESIAN_POINT('',(-0.035075,0.01255,0.));
#18584=CARTESIAN_POINT('',(-0.035575,0.01255,0.));
#18585=CARTESIAN_POINT('',(-0.035575,0.01255,0.0015));
#18586=CARTESIAN_POINT('',(-0.035575,0.01255,0.0015));
#18587=CARTESIAN_POINT('',(-0.035075,0.01255,0.0015));
#18588=CARTESIAN_POINT('',(-0.054125,0.02555,0.0015));
#18589=CARTESIAN_POINT('',(-0.054125,0.02555,0.));
#18590=CARTESIAN_POINT('',(-0.054125,0.02605,0.));
#18591=CARTESIAN_POINT('',(-0.054625,0.02555,0.));
#18592=CARTESIAN_POINT('',(-0.054125,0.02605,0.0015));
#18593=CARTESIAN_POINT('',(-0.054125,0.02605,0.0015));
#18594=CARTESIAN_POINT('',(-0.054125,0.02555,0.0015));
#18595=CARTESIAN_POINT('',(-0.054625,0.02555,0.0015));
#18596=CARTESIAN_POINT('',(-0.054625,0.02555,0.0015));
#18597=CARTESIAN_POINT('',(-0.047625,0.02605,0.0015));
#18598=CARTESIAN_POINT('',(-0.047625,0.02605,0.));
#18599=CARTESIAN_POINT('',(-0.041125,0.02605,0.));
#18600=CARTESIAN_POINT('',(-0.041125,0.02605,0.0015));
#18601=CARTESIAN_POINT('',(-0.041125,0.02605,0.0015));
#18602=CARTESIAN_POINT('',(-0.047625,0.02605,0.0015));
#18603=CARTESIAN_POINT('',(-0.041125,0.02555,0.0015));
#18604=CARTESIAN_POINT('',(-0.041125,0.02555,0.));
#18605=CARTESIAN_POINT('',(-0.040625,0.02555,0.));
#18606=CARTESIAN_POINT('',(-0.040625,0.02555,0.0015));
#18607=CARTESIAN_POINT('',(-0.040625,0.02555,0.0015));
#18608=CARTESIAN_POINT('',(-0.041125,0.02555,0.0015));
#18609=CARTESIAN_POINT('',(-0.040625,0.01905,0.0015));
#18610=CARTESIAN_POINT('',(-0.040625,0.01905,0.));
#18611=CARTESIAN_POINT('',(-0.040625,0.01255,0.));
#18612=CARTESIAN_POINT('',(-0.040625,0.01255,0.0015));
#18613=CARTESIAN_POINT('',(-0.040625,0.01255,0.0015));
#18614=CARTESIAN_POINT('',(-0.040625,0.01905,0.0015));
#18615=CARTESIAN_POINT('',(-0.041125,0.01255,0.0015));
#18616=CARTESIAN_POINT('',(-0.041125,0.01255,0.));
#18617=CARTESIAN_POINT('',(-0.041125,0.01205,0.));
#18618=CARTESIAN_POINT('',(-0.041125,0.01205,0.0015));
#18619=CARTESIAN_POINT('',(-0.041125,0.01205,0.0015));
#18620=CARTESIAN_POINT('',(-0.041125,0.01255,0.0015));
#18621=CARTESIAN_POINT('',(-0.047625,0.01205,0.0015));
#18622=CARTESIAN_POINT('',(-0.047625,0.01205,0.));
#18623=CARTESIAN_POINT('',(-0.054125,0.01205,0.));
#18624=CARTESIAN_POINT('',(-0.054125,0.01205,0.0015));
#18625=CARTESIAN_POINT('',(-0.054125,0.01205,0.0015));
#18626=CARTESIAN_POINT('',(-0.047625,0.01205,0.0015));
#18627=CARTESIAN_POINT('',(-0.054125,0.01255,0.0015));
#18628=CARTESIAN_POINT('',(-0.054125,0.01255,0.));
#18629=CARTESIAN_POINT('',(-0.054625,0.01255,0.));
#18630=CARTESIAN_POINT('',(-0.054625,0.01255,0.0015));
#18631=CARTESIAN_POINT('',(-0.054625,0.01255,0.0015));
#18632=CARTESIAN_POINT('',(-0.054125,0.01255,0.0015));
#18633=CARTESIAN_POINT('',(-0.073175,0.02555,0.0015));
#18634=CARTESIAN_POINT('',(-0.073175,0.02555,0.));
#18635=CARTESIAN_POINT('',(-0.073175,0.02605,0.));
#18636=CARTESIAN_POINT('',(-0.073675,0.02555,0.));
#18637=CARTESIAN_POINT('',(-0.073175,0.02605,0.0015));
#18638=CARTESIAN_POINT('',(-0.073175,0.02605,0.0015));
#18639=CARTESIAN_POINT('',(-0.073175,0.02555,0.0015));
#18640=CARTESIAN_POINT('',(-0.073675,0.02555,0.0015));
#18641=CARTESIAN_POINT('',(-0.073675,0.02555,0.0015));
#18642=CARTESIAN_POINT('',(-0.066675,0.02605,0.0015));
#18643=CARTESIAN_POINT('',(-0.066675,0.02605,0.));
#18644=CARTESIAN_POINT('',(-0.060175,0.02605,0.));
#18645=CARTESIAN_POINT('',(-0.060175,0.02605,0.0015));
#18646=CARTESIAN_POINT('',(-0.060175,0.02605,0.0015));
#18647=CARTESIAN_POINT('',(-0.066675,0.02605,0.0015));
#18648=CARTESIAN_POINT('',(-0.060175,0.02555,0.0015));
#18649=CARTESIAN_POINT('',(-0.060175,0.02555,0.));
#18650=CARTESIAN_POINT('',(-0.059675,0.02555,0.));
#18651=CARTESIAN_POINT('',(-0.059675,0.02555,0.0015));
#18652=CARTESIAN_POINT('',(-0.059675,0.02555,0.0015));
#18653=CARTESIAN_POINT('',(-0.060175,0.02555,0.0015));
#18654=CARTESIAN_POINT('',(-0.059675,0.01905,0.0015));
#18655=CARTESIAN_POINT('',(-0.059675,0.01905,0.));
#18656=CARTESIAN_POINT('',(-0.059675,0.01255,0.));
#18657=CARTESIAN_POINT('',(-0.059675,0.01255,0.0015));
#18658=CARTESIAN_POINT('',(-0.059675,0.01255,0.0015));
#18659=CARTESIAN_POINT('',(-0.059675,0.01905,0.0015));
#18660=CARTESIAN_POINT('',(-0.060175,0.01255,0.0015));
#18661=CARTESIAN_POINT('',(-0.060175,0.01255,0.));
#18662=CARTESIAN_POINT('',(-0.060175,0.01205,0.));
#18663=CARTESIAN_POINT('',(-0.060175,0.01205,0.0015));
#18664=CARTESIAN_POINT('',(-0.060175,0.01205,0.0015));
#18665=CARTESIAN_POINT('',(-0.060175,0.01255,0.0015));
#18666=CARTESIAN_POINT('',(-0.066675,0.01205,0.0015));
#18667=CARTESIAN_POINT('',(-0.066675,0.01205,0.));
#18668=CARTESIAN_POINT('',(-0.073175,0.01205,0.));
#18669=CARTESIAN_POINT('',(-0.073175,0.01205,0.0015));
#18670=CARTESIAN_POINT('',(-0.073175,0.01205,0.0015));
#18671=CARTESIAN_POINT('',(-0.066675,0.01205,0.0015));
#18672=CARTESIAN_POINT('',(-0.073175,0.01255,0.0015));
#18673=CARTESIAN_POINT('',(-0.073175,0.01255,0.));
#18674=CARTESIAN_POINT('',(-0.073675,0.01255,0.));
#18675=CARTESIAN_POINT('',(-0.073675,0.01255,0.0015));
#18676=CARTESIAN_POINT('',(-0.073675,0.01255,0.0015));
#18677=CARTESIAN_POINT('',(-0.073175,0.01255,0.0015));
#18678=CARTESIAN_POINT('',(-0.092225,0.02555,0.0015));
#18679=CARTESIAN_POINT('',(-0.092225,0.02555,0.));
#18680=CARTESIAN_POINT('',(-0.092225,0.02605,0.));
#18681=CARTESIAN_POINT('',(-0.092725,0.02555,0.));
#18682=CARTESIAN_POINT('',(-0.092225,0.02605,0.0015));
#18683=CARTESIAN_POINT('',(-0.092225,0.02605,0.0015));
#18684=CARTESIAN_POINT('',(-0.092225,0.02555,0.0015));
#18685=CARTESIAN_POINT('',(-0.092725,0.02555,0.0015));
#18686=CARTESIAN_POINT('',(-0.092725,0.02555,0.0015));
#18687=CARTESIAN_POINT('',(-0.085725,0.02605,0.0015));
#18688=CARTESIAN_POINT('',(-0.085725,0.02605,0.));
#18689=CARTESIAN_POINT('',(-0.079225,0.02605,0.));
#18690=CARTESIAN_POINT('',(-0.079225,0.02605,0.0015));
#18691=CARTESIAN_POINT('',(-0.079225,0.02605,0.0015));
#18692=CARTESIAN_POINT('',(-0.085725,0.02605,0.0015));
#18693=CARTESIAN_POINT('',(-0.079225,0.02555,0.0015));
#18694=CARTESIAN_POINT('',(-0.079225,0.02555,0.));
#18695=CARTESIAN_POINT('',(-0.078725,0.02555,0.));
#18696=CARTESIAN_POINT('',(-0.078725,0.02555,0.0015));
#18697=CARTESIAN_POINT('',(-0.078725,0.02555,0.0015));
#18698=CARTESIAN_POINT('',(-0.079225,0.02555,0.0015));
#18699=CARTESIAN_POINT('',(-0.078725,0.01905,0.0015));
#18700=CARTESIAN_POINT('',(-0.078725,0.01905,0.));
#18701=CARTESIAN_POINT('',(-0.078725,0.01255,0.));
#18702=CARTESIAN_POINT('',(-0.078725,0.01255,0.0015));
#18703=CARTESIAN_POINT('',(-0.078725,0.01255,0.0015));
#18704=CARTESIAN_POINT('',(-0.078725,0.01905,0.0015));
#18705=CARTESIAN_POINT('',(-0.079225,0.01255,0.0015));
#18706=CARTESIAN_POINT('',(-0.079225,0.01255,0.));
#18707=CARTESIAN_POINT('',(-0.079225,0.01205,0.));
#18708=CARTESIAN_POINT('',(-0.079225,0.01205,0.0015));
#18709=CARTESIAN_POINT('',(-0.079225,0.01205,0.0015));
#18710=CARTESIAN_POINT('',(-0.079225,0.01255,0.0015));
#18711=CARTESIAN_POINT('',(-0.085725,0.01205,0.0015));
#18712=CARTESIAN_POINT('',(-0.085725,0.01205,0.));
#18713=CARTESIAN_POINT('',(-0.092225,0.01205,0.));
#18714=CARTESIAN_POINT('',(-0.092225,0.01205,0.0015));
#18715=CARTESIAN_POINT('',(-0.092225,0.01205,0.0015));
#18716=CARTESIAN_POINT('',(-0.085725,0.01205,0.0015));
#18717=CARTESIAN_POINT('',(-0.092225,0.01255,0.0015));
#18718=CARTESIAN_POINT('',(-0.092225,0.01255,0.));
#18719=CARTESIAN_POINT('',(-0.092725,0.01255,0.));
#18720=CARTESIAN_POINT('',(-0.092725,0.01255,0.0015));
#18721=CARTESIAN_POINT('',(-0.092725,0.01255,0.0015));
#18722=CARTESIAN_POINT('',(-0.092225,0.01255,0.0015));
#18723=CARTESIAN_POINT('',(-0.111275,0.02555,0.0015));
#18724=CARTESIAN_POINT('',(-0.111275,0.02555,0.));
#18725=CARTESIAN_POINT('',(-0.111275,0.02605,0.));
#18726=CARTESIAN_POINT('',(-0.111775,0.02555,0.));
#18727=CARTESIAN_POINT('',(-0.111275,0.02605,0.0015));
#18728=CARTESIAN_POINT('',(-0.111275,0.02605,0.0015));
#18729=CARTESIAN_POINT('',(-0.111275,0.02555,0.0015));
#18730=CARTESIAN_POINT('',(-0.111775,0.02555,0.0015));
#18731=CARTESIAN_POINT('',(-0.111775,0.02555,0.0015));
#18732=CARTESIAN_POINT('',(-0.104775,0.02605,0.0015));
#18733=CARTESIAN_POINT('',(-0.104775,0.02605,0.));
#18734=CARTESIAN_POINT('',(-0.098275,0.02605,0.));
#18735=CARTESIAN_POINT('',(-0.098275,0.02605,0.0015));
#18736=CARTESIAN_POINT('',(-0.098275,0.02605,0.0015));
#18737=CARTESIAN_POINT('',(-0.104775,0.02605,0.0015));
#18738=CARTESIAN_POINT('',(-0.098275,0.02555,0.0015));
#18739=CARTESIAN_POINT('',(-0.098275,0.02555,0.));
#18740=CARTESIAN_POINT('',(-0.097775,0.02555,0.));
#18741=CARTESIAN_POINT('',(-0.097775,0.02555,0.0015));
#18742=CARTESIAN_POINT('',(-0.097775,0.02555,0.0015));
#18743=CARTESIAN_POINT('',(-0.098275,0.02555,0.0015));
#18744=CARTESIAN_POINT('',(-0.097775,0.01905,0.0015));
#18745=CARTESIAN_POINT('',(-0.097775,0.01905,0.));
#18746=CARTESIAN_POINT('',(-0.097775,0.01255,0.));
#18747=CARTESIAN_POINT('',(-0.097775,0.01255,0.0015));
#18748=CARTESIAN_POINT('',(-0.097775,0.01255,0.0015));
#18749=CARTESIAN_POINT('',(-0.097775,0.01905,0.0015));
#18750=CARTESIAN_POINT('',(-0.098275,0.01255,0.0015));
#18751=CARTESIAN_POINT('',(-0.098275,0.01255,0.));
#18752=CARTESIAN_POINT('',(-0.098275,0.01205,0.));
#18753=CARTESIAN_POINT('',(-0.098275,0.01205,0.0015));
#18754=CARTESIAN_POINT('',(-0.098275,0.01205,0.0015));
#18755=CARTESIAN_POINT('',(-0.098275,0.01255,0.0015));
#18756=CARTESIAN_POINT('',(-0.104775,0.01205,0.0015));
#18757=CARTESIAN_POINT('',(-0.104775,0.01205,0.));
#18758=CARTESIAN_POINT('',(-0.111275,0.01205,0.));
#18759=CARTESIAN_POINT('',(-0.111275,0.01205,0.0015));
#18760=CARTESIAN_POINT('',(-0.111275,0.01205,0.0015));
#18761=CARTESIAN_POINT('',(-0.104775,0.01205,0.0015));
#18762=CARTESIAN_POINT('',(-0.111275,0.01255,0.0015));
#18763=CARTESIAN_POINT('',(-0.111275,0.01255,0.));
#18764=CARTESIAN_POINT('',(-0.111775,0.01255,0.));
#18765=CARTESIAN_POINT('',(-0.111775,0.01255,0.0015));
#18766=CARTESIAN_POINT('',(-0.111775,0.01255,0.0015));
#18767=CARTESIAN_POINT('',(-0.111275,0.01255,0.0015));
#18768=CARTESIAN_POINT('',(-0.1350875,0.02555,0.0015));
#18769=CARTESIAN_POINT('',(-0.1350875,0.02555,0.));
#18770=CARTESIAN_POINT('',(-0.1350875,0.02605,0.));
#18771=CARTESIAN_POINT('',(-0.1355875,0.02555,0.));
#18772=CARTESIAN_POINT('',(-0.1350875,0.02605,0.0015));
#18773=CARTESIAN_POINT('',(-0.1350875,0.02605,0.0015));
#18774=CARTESIAN_POINT('',(-0.1350875,0.02555,0.0015));
#18775=CARTESIAN_POINT('',(-0.1355875,0.02555,0.0015));
#18776=CARTESIAN_POINT('',(-0.1355875,0.02555,0.0015));
#18777=CARTESIAN_POINT('',(-0.1285875,0.02605,0.0015));
#18778=CARTESIAN_POINT('',(-0.1285875,0.02605,0.));
#18779=CARTESIAN_POINT('',(-0.1220875,0.02605,0.));
#18780=CARTESIAN_POINT('',(-0.1220875,0.02605,0.0015));
#18781=CARTESIAN_POINT('',(-0.1220875,0.02605,0.0015));
#18782=CARTESIAN_POINT('',(-0.1285875,0.02605,0.0015));
#18783=CARTESIAN_POINT('',(-0.1220875,0.02555,0.0015));
#18784=CARTESIAN_POINT('',(-0.1220875,0.02555,0.));
#18785=CARTESIAN_POINT('',(-0.1215875,0.02555,0.));
#18786=CARTESIAN_POINT('',(-0.1215875,0.02555,0.0015));
#18787=CARTESIAN_POINT('',(-0.1215875,0.02555,0.0015));
#18788=CARTESIAN_POINT('',(-0.1220875,0.02555,0.0015));
#18789=CARTESIAN_POINT('',(-0.1215875,0.01905,0.0015));
#18790=CARTESIAN_POINT('',(-0.1215875,0.01905,0.));
#18791=CARTESIAN_POINT('',(-0.1215875,0.01255,0.));
#18792=CARTESIAN_POINT('',(-0.1215875,0.01255,0.0015));
#18793=CARTESIAN_POINT('',(-0.1215875,0.01255,0.0015));
#18794=CARTESIAN_POINT('',(-0.1215875,0.01905,0.0015));
#18795=CARTESIAN_POINT('',(-0.1220875,0.01255,0.0015));
#18796=CARTESIAN_POINT('',(-0.1220875,0.01255,0.));
#18797=CARTESIAN_POINT('',(-0.1220875,0.01205,0.));
#18798=CARTESIAN_POINT('',(-0.1220875,0.01205,0.0015));
#18799=CARTESIAN_POINT('',(-0.1220875,0.01205,0.0015));
#18800=CARTESIAN_POINT('',(-0.1220875,0.01255,0.0015));
#18801=CARTESIAN_POINT('',(-0.1285875,0.01205,0.0015));
#18802=CARTESIAN_POINT('',(-0.1285875,0.01205,0.));
#18803=CARTESIAN_POINT('',(-0.1350875,0.01205,0.));
#18804=CARTESIAN_POINT('',(-0.1350875,0.01205,0.0015));
#18805=CARTESIAN_POINT('',(-0.1350875,0.01205,0.0015));
#18806=CARTESIAN_POINT('',(-0.1285875,0.01205,0.0015));
#18807=CARTESIAN_POINT('',(-0.1350875,0.01255,0.0015));
#18808=CARTESIAN_POINT('',(-0.1350875,0.01255,0.));
#18809=CARTESIAN_POINT('',(-0.1355875,0.01255,0.));
#18810=CARTESIAN_POINT('',(-0.1355875,0.01255,0.0015));
#18811=CARTESIAN_POINT('',(-0.1355875,0.01255,0.0015));
#18812=CARTESIAN_POINT('',(-0.1350875,0.01255,0.0015));
#18813=CARTESIAN_POINT('',(0.132763,0.0436,0.0015));
#18814=CARTESIAN_POINT('',(0.132763,0.0436,0.));
#18815=CARTESIAN_POINT('',(0.132763,0.0441,0.));
#18816=CARTESIAN_POINT('',(0.132263,0.0436,0.));
#18817=CARTESIAN_POINT('',(0.132763,0.0441,0.0015));
#18818=CARTESIAN_POINT('',(0.132763,0.0441,0.0015));
#18819=CARTESIAN_POINT('',(0.132763,0.0436,0.0015));
#18820=CARTESIAN_POINT('',(0.132263,0.0436,0.0015));
#18821=CARTESIAN_POINT('',(0.132263,0.0436,0.0015));
#18822=CARTESIAN_POINT('',(0.135763,0.0441,0.0015));
#18823=CARTESIAN_POINT('',(0.135763,0.0441,0.));
#18824=CARTESIAN_POINT('',(0.138763,0.0441,0.));
#18825=CARTESIAN_POINT('',(0.138763,0.0441,0.0015));
#18826=CARTESIAN_POINT('',(0.138763,0.0441,0.0015));
#18827=CARTESIAN_POINT('',(0.135763,0.0441,0.0015));
#18828=CARTESIAN_POINT('',(0.138763,0.0436,0.0015));
#18829=CARTESIAN_POINT('',(0.138763,0.0436,0.));
#18830=CARTESIAN_POINT('',(0.139263,0.0436,0.));
#18831=CARTESIAN_POINT('',(0.139263,0.0436,0.0015));
#18832=CARTESIAN_POINT('',(0.139263,0.0436,0.0015));
#18833=CARTESIAN_POINT('',(0.138763,0.0436,0.0015));
#18834=CARTESIAN_POINT('',(0.139263,0.0366,0.0015));
#18835=CARTESIAN_POINT('',(0.139263,0.0366,0.));
#18836=CARTESIAN_POINT('',(0.139263,0.0296,0.));
#18837=CARTESIAN_POINT('',(0.139263,0.0296,0.0015));
#18838=CARTESIAN_POINT('',(0.139263,0.0296,0.0015));
#18839=CARTESIAN_POINT('',(0.139263,0.0366,0.0015));
#18840=CARTESIAN_POINT('',(0.138763,0.0296,0.0015));
#18841=CARTESIAN_POINT('',(0.138763,0.0296,0.));
#18842=CARTESIAN_POINT('',(0.138763,0.0291,0.));
#18843=CARTESIAN_POINT('',(0.138763,0.0291,0.0015));
#18844=CARTESIAN_POINT('',(0.138763,0.0291,0.0015));
#18845=CARTESIAN_POINT('',(0.138763,0.0296,0.0015));
#18846=CARTESIAN_POINT('',(0.135763,0.0291,0.0015));
#18847=CARTESIAN_POINT('',(0.135763,0.0291,0.));
#18848=CARTESIAN_POINT('',(0.132763,0.0291,0.));
#18849=CARTESIAN_POINT('',(0.132763,0.0291,0.0015));
#18850=CARTESIAN_POINT('',(0.132763,0.0291,0.0015));
#18851=CARTESIAN_POINT('',(0.135763,0.0291,0.0015));
#18852=CARTESIAN_POINT('',(0.132763,0.0296,0.0015));
#18853=CARTESIAN_POINT('',(0.132763,0.0296,0.));
#18854=CARTESIAN_POINT('',(0.132263,0.0296,0.));
#18855=CARTESIAN_POINT('',(0.132263,0.0296,0.0015));
#18856=CARTESIAN_POINT('',(0.132263,0.0296,0.0015));
#18857=CARTESIAN_POINT('',(0.132763,0.0296,0.0015));
#18858=CARTESIAN_POINT('',(0.108887,0.0436,0.0015));
#18859=CARTESIAN_POINT('',(0.108887,0.0436,0.));
#18860=CARTESIAN_POINT('',(0.108887,0.0441,0.));
#18861=CARTESIAN_POINT('',(0.108387,0.0436,0.));
#18862=CARTESIAN_POINT('',(0.108887,0.0441,0.0015));
#18863=CARTESIAN_POINT('',(0.108887,0.0441,0.0015));
#18864=CARTESIAN_POINT('',(0.108887,0.0436,0.0015));
#18865=CARTESIAN_POINT('',(0.108387,0.0436,0.0015));
#18866=CARTESIAN_POINT('',(0.108387,0.0436,0.0015));
#18867=CARTESIAN_POINT('',(0.111887,0.0441,0.0015));
#18868=CARTESIAN_POINT('',(0.111887,0.0441,0.));
#18869=CARTESIAN_POINT('',(0.114887,0.0441,0.));
#18870=CARTESIAN_POINT('',(0.114887,0.0441,0.0015));
#18871=CARTESIAN_POINT('',(0.114887,0.0441,0.0015));
#18872=CARTESIAN_POINT('',(0.111887,0.0441,0.0015));
#18873=CARTESIAN_POINT('',(0.114887,0.0436,0.0015));
#18874=CARTESIAN_POINT('',(0.114887,0.0436,0.));
#18875=CARTESIAN_POINT('',(0.115387,0.0436,0.));
#18876=CARTESIAN_POINT('',(0.115387,0.0436,0.0015));
#18877=CARTESIAN_POINT('',(0.115387,0.0436,0.0015));
#18878=CARTESIAN_POINT('',(0.114887,0.0436,0.0015));
#18879=CARTESIAN_POINT('',(0.115387,0.0366,0.0015));
#18880=CARTESIAN_POINT('',(0.115387,0.0366,0.));
#18881=CARTESIAN_POINT('',(0.115387,0.0296,0.));
#18882=CARTESIAN_POINT('',(0.115387,0.0296,0.0015));
#18883=CARTESIAN_POINT('',(0.115387,0.0296,0.0015));
#18884=CARTESIAN_POINT('',(0.115387,0.0366,0.0015));
#18885=CARTESIAN_POINT('',(0.114887,0.0296,0.0015));
#18886=CARTESIAN_POINT('',(0.114887,0.0296,0.));
#18887=CARTESIAN_POINT('',(0.114887,0.0291,0.));
#18888=CARTESIAN_POINT('',(0.114887,0.0291,0.0015));
#18889=CARTESIAN_POINT('',(0.114887,0.0291,0.0015));
#18890=CARTESIAN_POINT('',(0.114887,0.0296,0.0015));
#18891=CARTESIAN_POINT('',(0.111887,0.0291,0.0015));
#18892=CARTESIAN_POINT('',(0.111887,0.0291,0.));
#18893=CARTESIAN_POINT('',(0.108887,0.0291,0.));
#18894=CARTESIAN_POINT('',(0.108887,0.0291,0.0015));
#18895=CARTESIAN_POINT('',(0.108887,0.0291,0.0015));
#18896=CARTESIAN_POINT('',(0.111887,0.0291,0.0015));
#18897=CARTESIAN_POINT('',(0.108887,0.0296,0.0015));
#18898=CARTESIAN_POINT('',(0.108887,0.0296,0.));
#18899=CARTESIAN_POINT('',(0.108387,0.0296,0.));
#18900=CARTESIAN_POINT('',(0.108387,0.0296,0.0015));
#18901=CARTESIAN_POINT('',(0.108387,0.0296,0.0015));
#18902=CARTESIAN_POINT('',(0.108887,0.0296,0.0015));
#18903=CARTESIAN_POINT('',(0.117325,0.0446,0.0015));
#18904=CARTESIAN_POINT('',(0.117325,0.0446,0.));
#18905=CARTESIAN_POINT('',(0.117325,0.0451,0.));
#18906=CARTESIAN_POINT('',(0.116825,0.0446,0.));
#18907=CARTESIAN_POINT('',(0.117325,0.0451,0.0015));
#18908=CARTESIAN_POINT('',(0.117325,0.0451,0.0015));
#18909=CARTESIAN_POINT('',(0.117325,0.0446,0.0015));
#18910=CARTESIAN_POINT('',(0.116825,0.0446,0.0015));
#18911=CARTESIAN_POINT('',(0.116825,0.0446,0.0015));
#18912=CARTESIAN_POINT('',(0.123825,0.0451,0.0015));
#18913=CARTESIAN_POINT('',(0.123825,0.0451,0.));
#18914=CARTESIAN_POINT('',(0.130325,0.0451,0.));
#18915=CARTESIAN_POINT('',(0.130325,0.0451,0.0015));
#18916=CARTESIAN_POINT('',(0.130325,0.0451,0.0015));
#18917=CARTESIAN_POINT('',(0.123825,0.0451,0.0015));
#18918=CARTESIAN_POINT('',(0.130325,0.0446,0.0015));
#18919=CARTESIAN_POINT('',(0.130325,0.0446,0.));
#18920=CARTESIAN_POINT('',(0.130825,0.0446,0.));
#18921=CARTESIAN_POINT('',(0.130825,0.0446,0.0015));
#18922=CARTESIAN_POINT('',(0.130825,0.0446,0.0015));
#18923=CARTESIAN_POINT('',(0.130325,0.0446,0.0015));
#18924=CARTESIAN_POINT('',(0.130825,0.0381,0.0015));
#18925=CARTESIAN_POINT('',(0.130825,0.0381,0.));
#18926=CARTESIAN_POINT('',(0.130825,0.0316,0.));
#18927=CARTESIAN_POINT('',(0.130825,0.0316,0.0015));
#18928=CARTESIAN_POINT('',(0.130825,0.0316,0.0015));
#18929=CARTESIAN_POINT('',(0.130825,0.0381,0.0015));
#18930=CARTESIAN_POINT('',(0.130325,0.0316,0.0015));
#18931=CARTESIAN_POINT('',(0.130325,0.0316,0.));
#18932=CARTESIAN_POINT('',(0.130325,0.0311,0.));
#18933=CARTESIAN_POINT('',(0.130325,0.0311,0.0015));
#18934=CARTESIAN_POINT('',(0.130325,0.0311,0.0015));
#18935=CARTESIAN_POINT('',(0.130325,0.0316,0.0015));
#18936=CARTESIAN_POINT('',(0.123825,0.0311,0.0015));
#18937=CARTESIAN_POINT('',(0.123825,0.0311,0.));
#18938=CARTESIAN_POINT('',(0.117325,0.0311,0.));
#18939=CARTESIAN_POINT('',(0.117325,0.0311,0.0015));
#18940=CARTESIAN_POINT('',(0.117325,0.0311,0.0015));
#18941=CARTESIAN_POINT('',(0.123825,0.0311,0.0015));
#18942=CARTESIAN_POINT('',(0.117325,0.0316,0.0015));
#18943=CARTESIAN_POINT('',(0.117325,0.0316,0.));
#18944=CARTESIAN_POINT('',(0.116825,0.0316,0.));
#18945=CARTESIAN_POINT('',(0.116825,0.0316,0.0015));
#18946=CARTESIAN_POINT('',(0.116825,0.0316,0.0015));
#18947=CARTESIAN_POINT('',(0.117325,0.0316,0.0015));
#18948=CARTESIAN_POINT('',(0.08875,0.0446,0.0015));
#18949=CARTESIAN_POINT('',(0.08875,0.0446,0.));
#18950=CARTESIAN_POINT('',(0.08875,0.0451,0.));
#18951=CARTESIAN_POINT('',(0.08825,0.0446,0.));
#18952=CARTESIAN_POINT('',(0.08875,0.0451,0.0015));
#18953=CARTESIAN_POINT('',(0.08875,0.0451,0.0015));
#18954=CARTESIAN_POINT('',(0.08875,0.0446,0.0015));
#18955=CARTESIAN_POINT('',(0.08825,0.0446,0.0015));
#18956=CARTESIAN_POINT('',(0.08825,0.0446,0.0015));
#18957=CARTESIAN_POINT('',(0.09525,0.0451,0.0015));
#18958=CARTESIAN_POINT('',(0.09525,0.0451,0.));
#18959=CARTESIAN_POINT('',(0.10175,0.0451,0.));
#18960=CARTESIAN_POINT('',(0.10175,0.0451,0.0015));
#18961=CARTESIAN_POINT('',(0.10175,0.0451,0.0015));
#18962=CARTESIAN_POINT('',(0.09525,0.0451,0.0015));
#18963=CARTESIAN_POINT('',(0.10175,0.0446,0.0015));
#18964=CARTESIAN_POINT('',(0.10175,0.0446,0.));
#18965=CARTESIAN_POINT('',(0.10225,0.0446,0.));
#18966=CARTESIAN_POINT('',(0.10225,0.0446,0.0015));
#18967=CARTESIAN_POINT('',(0.10225,0.0446,0.0015));
#18968=CARTESIAN_POINT('',(0.10175,0.0446,0.0015));
#18969=CARTESIAN_POINT('',(0.10225,0.0381,0.0015));
#18970=CARTESIAN_POINT('',(0.10225,0.0381,0.));
#18971=CARTESIAN_POINT('',(0.10225,0.0316,0.));
#18972=CARTESIAN_POINT('',(0.10225,0.0316,0.0015));
#18973=CARTESIAN_POINT('',(0.10225,0.0316,0.0015));
#18974=CARTESIAN_POINT('',(0.10225,0.0381,0.0015));
#18975=CARTESIAN_POINT('',(0.10175,0.0316,0.0015));
#18976=CARTESIAN_POINT('',(0.10175,0.0316,0.));
#18977=CARTESIAN_POINT('',(0.10175,0.0311,0.));
#18978=CARTESIAN_POINT('',(0.10175,0.0311,0.0015));
#18979=CARTESIAN_POINT('',(0.10175,0.0311,0.0015));
#18980=CARTESIAN_POINT('',(0.10175,0.0316,0.0015));
#18981=CARTESIAN_POINT('',(0.09525,0.0311,0.0015));
#18982=CARTESIAN_POINT('',(0.09525,0.0311,0.));
#18983=CARTESIAN_POINT('',(0.08875,0.0311,0.));
#18984=CARTESIAN_POINT('',(0.08875,0.0311,0.0015));
#18985=CARTESIAN_POINT('',(0.08875,0.0311,0.0015));
#18986=CARTESIAN_POINT('',(0.09525,0.0311,0.0015));
#18987=CARTESIAN_POINT('',(0.08875,0.0316,0.0015));
#18988=CARTESIAN_POINT('',(0.08875,0.0316,0.));
#18989=CARTESIAN_POINT('',(0.08825,0.0316,0.));
#18990=CARTESIAN_POINT('',(0.08825,0.0316,0.0015));
#18991=CARTESIAN_POINT('',(0.08825,0.0316,0.0015));
#18992=CARTESIAN_POINT('',(0.08875,0.0316,0.0015));
#18993=CARTESIAN_POINT('',(0.0697,0.0446,0.0015));
#18994=CARTESIAN_POINT('',(0.0697,0.0446,0.));
#18995=CARTESIAN_POINT('',(0.0697,0.0451,0.));
#18996=CARTESIAN_POINT('',(0.0692,0.0446,0.));
#18997=CARTESIAN_POINT('',(0.0697,0.0451,0.0015));
#18998=CARTESIAN_POINT('',(0.0697,0.0451,0.0015));
#18999=CARTESIAN_POINT('',(0.0697,0.0446,0.0015));
#19000=CARTESIAN_POINT('',(0.0692,0.0446,0.0015));
#19001=CARTESIAN_POINT('',(0.0692,0.0446,0.0015));
#19002=CARTESIAN_POINT('',(0.0762,0.0451,0.0015));
#19003=CARTESIAN_POINT('',(0.0762,0.0451,0.));
#19004=CARTESIAN_POINT('',(0.0827,0.0451,0.));
#19005=CARTESIAN_POINT('',(0.0827,0.0451,0.0015));
#19006=CARTESIAN_POINT('',(0.0827,0.0451,0.0015));
#19007=CARTESIAN_POINT('',(0.0762,0.0451,0.0015));
#19008=CARTESIAN_POINT('',(0.0827,0.0446,0.0015));
#19009=CARTESIAN_POINT('',(0.0827,0.0446,0.));
#19010=CARTESIAN_POINT('',(0.0832,0.0446,0.));
#19011=CARTESIAN_POINT('',(0.0832,0.0446,0.0015));
#19012=CARTESIAN_POINT('',(0.0832,0.0446,0.0015));
#19013=CARTESIAN_POINT('',(0.0827,0.0446,0.0015));
#19014=CARTESIAN_POINT('',(0.0832,0.0381,0.0015));
#19015=CARTESIAN_POINT('',(0.0832,0.0381,0.));
#19016=CARTESIAN_POINT('',(0.0832,0.0316,0.));
#19017=CARTESIAN_POINT('',(0.0832,0.0316,0.0015));
#19018=CARTESIAN_POINT('',(0.0832,0.0316,0.0015));
#19019=CARTESIAN_POINT('',(0.0832,0.0381,0.0015));
#19020=CARTESIAN_POINT('',(0.0827,0.0316,0.0015));
#19021=CARTESIAN_POINT('',(0.0827,0.0316,0.));
#19022=CARTESIAN_POINT('',(0.0827,0.0311,0.));
#19023=CARTESIAN_POINT('',(0.0827,0.0311,0.0015));
#19024=CARTESIAN_POINT('',(0.0827,0.0311,0.0015));
#19025=CARTESIAN_POINT('',(0.0827,0.0316,0.0015));
#19026=CARTESIAN_POINT('',(0.0762,0.0311,0.0015));
#19027=CARTESIAN_POINT('',(0.0762,0.0311,0.));
#19028=CARTESIAN_POINT('',(0.0697,0.0311,0.));
#19029=CARTESIAN_POINT('',(0.0697,0.0311,0.0015));
#19030=CARTESIAN_POINT('',(0.0697,0.0311,0.0015));
#19031=CARTESIAN_POINT('',(0.0762,0.0311,0.0015));
#19032=CARTESIAN_POINT('',(0.0697,0.0316,0.0015));
#19033=CARTESIAN_POINT('',(0.0697,0.0316,0.));
#19034=CARTESIAN_POINT('',(0.0692,0.0316,0.));
#19035=CARTESIAN_POINT('',(0.0692,0.0316,0.0015));
#19036=CARTESIAN_POINT('',(0.0692,0.0316,0.0015));
#19037=CARTESIAN_POINT('',(0.0697,0.0316,0.0015));
#19038=CARTESIAN_POINT('',(0.05065,0.0446,0.0015));
#19039=CARTESIAN_POINT('',(0.05065,0.0446,0.));
#19040=CARTESIAN_POINT('',(0.05065,0.0451,0.));
#19041=CARTESIAN_POINT('',(0.05015,0.0446,0.));
#19042=CARTESIAN_POINT('',(0.05065,0.0451,0.0015));
#19043=CARTESIAN_POINT('',(0.05065,0.0451,0.0015));
#19044=CARTESIAN_POINT('',(0.05065,0.0446,0.0015));
#19045=CARTESIAN_POINT('',(0.05015,0.0446,0.0015));
#19046=CARTESIAN_POINT('',(0.05015,0.0446,0.0015));
#19047=CARTESIAN_POINT('',(0.05715,0.0451,0.0015));
#19048=CARTESIAN_POINT('',(0.05715,0.0451,0.));
#19049=CARTESIAN_POINT('',(0.06365,0.0451,0.));
#19050=CARTESIAN_POINT('',(0.06365,0.0451,0.0015));
#19051=CARTESIAN_POINT('',(0.06365,0.0451,0.0015));
#19052=CARTESIAN_POINT('',(0.05715,0.0451,0.0015));
#19053=CARTESIAN_POINT('',(0.06365,0.0446,0.0015));
#19054=CARTESIAN_POINT('',(0.06365,0.0446,0.));
#19055=CARTESIAN_POINT('',(0.06415,0.0446,0.));
#19056=CARTESIAN_POINT('',(0.06415,0.0446,0.0015));
#19057=CARTESIAN_POINT('',(0.06415,0.0446,0.0015));
#19058=CARTESIAN_POINT('',(0.06365,0.0446,0.0015));
#19059=CARTESIAN_POINT('',(0.06415,0.0381,0.0015));
#19060=CARTESIAN_POINT('',(0.06415,0.0381,0.));
#19061=CARTESIAN_POINT('',(0.06415,0.0316,0.));
#19062=CARTESIAN_POINT('',(0.06415,0.0316,0.0015));
#19063=CARTESIAN_POINT('',(0.06415,0.0316,0.0015));
#19064=CARTESIAN_POINT('',(0.06415,0.0381,0.0015));
#19065=CARTESIAN_POINT('',(0.06365,0.0316,0.0015));
#19066=CARTESIAN_POINT('',(0.06365,0.0316,0.));
#19067=CARTESIAN_POINT('',(0.06365,0.0311,0.));
#19068=CARTESIAN_POINT('',(0.06365,0.0311,0.0015));
#19069=CARTESIAN_POINT('',(0.06365,0.0311,0.0015));
#19070=CARTESIAN_POINT('',(0.06365,0.0316,0.0015));
#19071=CARTESIAN_POINT('',(0.05715,0.0311,0.0015));
#19072=CARTESIAN_POINT('',(0.05715,0.0311,0.));
#19073=CARTESIAN_POINT('',(0.05065,0.0311,0.));
#19074=CARTESIAN_POINT('',(0.05065,0.0311,0.0015));
#19075=CARTESIAN_POINT('',(0.05065,0.0311,0.0015));
#19076=CARTESIAN_POINT('',(0.05715,0.0311,0.0015));
#19077=CARTESIAN_POINT('',(0.05065,0.0316,0.0015));
#19078=CARTESIAN_POINT('',(0.05065,0.0316,0.));
#19079=CARTESIAN_POINT('',(0.05015,0.0316,0.));
#19080=CARTESIAN_POINT('',(0.05015,0.0316,0.0015));
#19081=CARTESIAN_POINT('',(0.05015,0.0316,0.0015));
#19082=CARTESIAN_POINT('',(0.05065,0.0316,0.0015));
#19083=CARTESIAN_POINT('',(0.0316,0.0446,0.0015));
#19084=CARTESIAN_POINT('',(0.0316,0.0446,0.));
#19085=CARTESIAN_POINT('',(0.0316,0.0451,0.));
#19086=CARTESIAN_POINT('',(0.0311,0.0446,0.));
#19087=CARTESIAN_POINT('',(0.0316,0.0451,0.0015));
#19088=CARTESIAN_POINT('',(0.0316,0.0451,0.0015));
#19089=CARTESIAN_POINT('',(0.0316,0.0446,0.0015));
#19090=CARTESIAN_POINT('',(0.0311,0.0446,0.0015));
#19091=CARTESIAN_POINT('',(0.0311,0.0446,0.0015));
#19092=CARTESIAN_POINT('',(0.0381,0.0451,0.0015));
#19093=CARTESIAN_POINT('',(0.0381,0.0451,0.));
#19094=CARTESIAN_POINT('',(0.0446,0.0451,0.));
#19095=CARTESIAN_POINT('',(0.0446,0.0451,0.0015));
#19096=CARTESIAN_POINT('',(0.0446,0.0451,0.0015));
#19097=CARTESIAN_POINT('',(0.0381,0.0451,0.0015));
#19098=CARTESIAN_POINT('',(0.0446,0.0446,0.0015));
#19099=CARTESIAN_POINT('',(0.0446,0.0446,0.));
#19100=CARTESIAN_POINT('',(0.0451,0.0446,0.));
#19101=CARTESIAN_POINT('',(0.0451,0.0446,0.0015));
#19102=CARTESIAN_POINT('',(0.0451,0.0446,0.0015));
#19103=CARTESIAN_POINT('',(0.0446,0.0446,0.0015));
#19104=CARTESIAN_POINT('',(0.0451,0.0381,0.0015));
#19105=CARTESIAN_POINT('',(0.0451,0.0381,0.));
#19106=CARTESIAN_POINT('',(0.0451,0.0316,0.));
#19107=CARTESIAN_POINT('',(0.0451,0.0316,0.0015));
#19108=CARTESIAN_POINT('',(0.0451,0.0316,0.0015));
#19109=CARTESIAN_POINT('',(0.0451,0.0381,0.0015));
#19110=CARTESIAN_POINT('',(0.0446,0.0316,0.0015));
#19111=CARTESIAN_POINT('',(0.0446,0.0316,0.));
#19112=CARTESIAN_POINT('',(0.0446,0.0311,0.));
#19113=CARTESIAN_POINT('',(0.0446,0.0311,0.0015));
#19114=CARTESIAN_POINT('',(0.0446,0.0311,0.0015));
#19115=CARTESIAN_POINT('',(0.0446,0.0316,0.0015));
#19116=CARTESIAN_POINT('',(0.0381,0.0311,0.0015));
#19117=CARTESIAN_POINT('',(0.0381,0.0311,0.));
#19118=CARTESIAN_POINT('',(0.0316,0.0311,0.));
#19119=CARTESIAN_POINT('',(0.0316,0.0311,0.0015));
#19120=CARTESIAN_POINT('',(0.0316,0.0311,0.0015));
#19121=CARTESIAN_POINT('',(0.0381,0.0311,0.0015));
#19122=CARTESIAN_POINT('',(0.0316,0.0316,0.0015));
#19123=CARTESIAN_POINT('',(0.0316,0.0316,0.));
#19124=CARTESIAN_POINT('',(0.0311,0.0316,0.));
#19125=CARTESIAN_POINT('',(0.0311,0.0316,0.0015));
#19126=CARTESIAN_POINT('',(0.0311,0.0316,0.0015));
#19127=CARTESIAN_POINT('',(0.0316,0.0316,0.0015));
#19128=CARTESIAN_POINT('',(0.01255,0.0446,0.0015));
#19129=CARTESIAN_POINT('',(0.01255,0.0446,0.));
#19130=CARTESIAN_POINT('',(0.01255,0.0451,0.));
#19131=CARTESIAN_POINT('',(0.01205,0.0446,0.));
#19132=CARTESIAN_POINT('',(0.01255,0.0451,0.0015));
#19133=CARTESIAN_POINT('',(0.01255,0.0451,0.0015));
#19134=CARTESIAN_POINT('',(0.01255,0.0446,0.0015));
#19135=CARTESIAN_POINT('',(0.01205,0.0446,0.0015));
#19136=CARTESIAN_POINT('',(0.01205,0.0446,0.0015));
#19137=CARTESIAN_POINT('',(0.01905,0.0451,0.0015));
#19138=CARTESIAN_POINT('',(0.01905,0.0451,0.));
#19139=CARTESIAN_POINT('',(0.02555,0.0451,0.));
#19140=CARTESIAN_POINT('',(0.02555,0.0451,0.0015));
#19141=CARTESIAN_POINT('',(0.02555,0.0451,0.0015));
#19142=CARTESIAN_POINT('',(0.01905,0.0451,0.0015));
#19143=CARTESIAN_POINT('',(0.02555,0.0446,0.0015));
#19144=CARTESIAN_POINT('',(0.02555,0.0446,0.));
#19145=CARTESIAN_POINT('',(0.02605,0.0446,0.));
#19146=CARTESIAN_POINT('',(0.02605,0.0446,0.0015));
#19147=CARTESIAN_POINT('',(0.02605,0.0446,0.0015));
#19148=CARTESIAN_POINT('',(0.02555,0.0446,0.0015));
#19149=CARTESIAN_POINT('',(0.02605,0.0381,0.0015));
#19150=CARTESIAN_POINT('',(0.02605,0.0381,0.));
#19151=CARTESIAN_POINT('',(0.02605,0.0316,0.));
#19152=CARTESIAN_POINT('',(0.02605,0.0316,0.0015));
#19153=CARTESIAN_POINT('',(0.02605,0.0316,0.0015));
#19154=CARTESIAN_POINT('',(0.02605,0.0381,0.0015));
#19155=CARTESIAN_POINT('',(0.02555,0.0316,0.0015));
#19156=CARTESIAN_POINT('',(0.02555,0.0316,0.));
#19157=CARTESIAN_POINT('',(0.02555,0.0311,0.));
#19158=CARTESIAN_POINT('',(0.02555,0.0311,0.0015));
#19159=CARTESIAN_POINT('',(0.02555,0.0311,0.0015));
#19160=CARTESIAN_POINT('',(0.02555,0.0316,0.0015));
#19161=CARTESIAN_POINT('',(0.01905,0.0311,0.0015));
#19162=CARTESIAN_POINT('',(0.01905,0.0311,0.));
#19163=CARTESIAN_POINT('',(0.01255,0.0311,0.));
#19164=CARTESIAN_POINT('',(0.01255,0.0311,0.0015));
#19165=CARTESIAN_POINT('',(0.01255,0.0311,0.0015));
#19166=CARTESIAN_POINT('',(0.01905,0.0311,0.0015));
#19167=CARTESIAN_POINT('',(0.01255,0.0316,0.0015));
#19168=CARTESIAN_POINT('',(0.01255,0.0316,0.));
#19169=CARTESIAN_POINT('',(0.01205,0.0316,0.));
#19170=CARTESIAN_POINT('',(0.01205,0.0316,0.0015));
#19171=CARTESIAN_POINT('',(0.01205,0.0316,0.0015));
#19172=CARTESIAN_POINT('',(0.01255,0.0316,0.0015));
#19173=CARTESIAN_POINT('',(-0.0065,0.0446,0.0015));
#19174=CARTESIAN_POINT('',(-0.0065,0.0446,0.));
#19175=CARTESIAN_POINT('',(-0.0065,0.0451,0.));
#19176=CARTESIAN_POINT('',(-0.007,0.0446,0.));
#19177=CARTESIAN_POINT('',(-0.0065,0.0451,0.0015));
#19178=CARTESIAN_POINT('',(-0.0065,0.0451,0.0015));
#19179=CARTESIAN_POINT('',(-0.0065,0.0446,0.0015));
#19180=CARTESIAN_POINT('',(-0.007,0.0446,0.0015));
#19181=CARTESIAN_POINT('',(-0.007,0.0446,0.0015));
#19182=CARTESIAN_POINT('',(0.,0.0451,0.0015));
#19183=CARTESIAN_POINT('',(0.,0.0451,0.));
#19184=CARTESIAN_POINT('',(0.0065,0.0451,0.));
#19185=CARTESIAN_POINT('',(0.0065,0.0451,0.0015));
#19186=CARTESIAN_POINT('',(0.0065,0.0451,0.0015));
#19187=CARTESIAN_POINT('',(0.,0.0451,0.0015));
#19188=CARTESIAN_POINT('',(0.0065,0.0446,0.0015));
#19189=CARTESIAN_POINT('',(0.0065,0.0446,0.));
#19190=CARTESIAN_POINT('',(0.007,0.0446,0.));
#19191=CARTESIAN_POINT('',(0.007,0.0446,0.0015));
#19192=CARTESIAN_POINT('',(0.007,0.0446,0.0015));
#19193=CARTESIAN_POINT('',(0.0065,0.0446,0.0015));
#19194=CARTESIAN_POINT('',(0.007,0.0381,0.0015));
#19195=CARTESIAN_POINT('',(0.007,0.0381,0.));
#19196=CARTESIAN_POINT('',(0.007,0.0316,0.));
#19197=CARTESIAN_POINT('',(0.007,0.0316,0.0015));
#19198=CARTESIAN_POINT('',(0.007,0.0316,0.0015));
#19199=CARTESIAN_POINT('',(0.007,0.0381,0.0015));
#19200=CARTESIAN_POINT('',(0.0065,0.0316,0.0015));
#19201=CARTESIAN_POINT('',(0.0065,0.0316,0.));
#19202=CARTESIAN_POINT('',(0.0065,0.0311,0.));
#19203=CARTESIAN_POINT('',(0.0065,0.0311,0.0015));
#19204=CARTESIAN_POINT('',(0.0065,0.0311,0.0015));
#19205=CARTESIAN_POINT('',(0.0065,0.0316,0.0015));
#19206=CARTESIAN_POINT('',(0.,0.0311,0.0015));
#19207=CARTESIAN_POINT('',(0.,0.0311,0.));
#19208=CARTESIAN_POINT('',(-0.0065,0.0311,0.));
#19209=CARTESIAN_POINT('',(-0.0065,0.0311,0.0015));
#19210=CARTESIAN_POINT('',(-0.0065,0.0311,0.0015));
#19211=CARTESIAN_POINT('',(0.,0.0311,0.0015));
#19212=CARTESIAN_POINT('',(-0.0065,0.0316,0.0015));
#19213=CARTESIAN_POINT('',(-0.0065,0.0316,0.));
#19214=CARTESIAN_POINT('',(-0.007,0.0316,0.));
#19215=CARTESIAN_POINT('',(-0.007,0.0316,0.0015));
#19216=CARTESIAN_POINT('',(-0.007,0.0316,0.0015));
#19217=CARTESIAN_POINT('',(-0.0065,0.0316,0.0015));
#19218=CARTESIAN_POINT('',(-0.02555,0.0446,0.0015));
#19219=CARTESIAN_POINT('',(-0.02555,0.0446,0.));
#19220=CARTESIAN_POINT('',(-0.02555,0.0451,0.));
#19221=CARTESIAN_POINT('',(-0.02605,0.0446,0.));
#19222=CARTESIAN_POINT('',(-0.02555,0.0451,0.0015));
#19223=CARTESIAN_POINT('',(-0.02555,0.0451,0.0015));
#19224=CARTESIAN_POINT('',(-0.02555,0.0446,0.0015));
#19225=CARTESIAN_POINT('',(-0.02605,0.0446,0.0015));
#19226=CARTESIAN_POINT('',(-0.02605,0.0446,0.0015));
#19227=CARTESIAN_POINT('',(-0.01905,0.0451,0.0015));
#19228=CARTESIAN_POINT('',(-0.01905,0.0451,0.));
#19229=CARTESIAN_POINT('',(-0.01255,0.0451,0.));
#19230=CARTESIAN_POINT('',(-0.01255,0.0451,0.0015));
#19231=CARTESIAN_POINT('',(-0.01255,0.0451,0.0015));
#19232=CARTESIAN_POINT('',(-0.01905,0.0451,0.0015));
#19233=CARTESIAN_POINT('',(-0.01255,0.0446,0.0015));
#19234=CARTESIAN_POINT('',(-0.01255,0.0446,0.));
#19235=CARTESIAN_POINT('',(-0.01205,0.0446,0.));
#19236=CARTESIAN_POINT('',(-0.01205,0.0446,0.0015));
#19237=CARTESIAN_POINT('',(-0.01205,0.0446,0.0015));
#19238=CARTESIAN_POINT('',(-0.01255,0.0446,0.0015));
#19239=CARTESIAN_POINT('',(-0.01205,0.0381,0.0015));
#19240=CARTESIAN_POINT('',(-0.01205,0.0381,0.));
#19241=CARTESIAN_POINT('',(-0.01205,0.0316,0.));
#19242=CARTESIAN_POINT('',(-0.01205,0.0316,0.0015));
#19243=CARTESIAN_POINT('',(-0.01205,0.0316,0.0015));
#19244=CARTESIAN_POINT('',(-0.01205,0.0381,0.0015));
#19245=CARTESIAN_POINT('',(-0.01255,0.0316,0.0015));
#19246=CARTESIAN_POINT('',(-0.01255,0.0316,0.));
#19247=CARTESIAN_POINT('',(-0.01255,0.0311,0.));
#19248=CARTESIAN_POINT('',(-0.01255,0.0311,0.0015));
#19249=CARTESIAN_POINT('',(-0.01255,0.0311,0.0015));
#19250=CARTESIAN_POINT('',(-0.01255,0.0316,0.0015));
#19251=CARTESIAN_POINT('',(-0.01905,0.0311,0.0015));
#19252=CARTESIAN_POINT('',(-0.01905,0.0311,0.));
#19253=CARTESIAN_POINT('',(-0.02555,0.0311,0.));
#19254=CARTESIAN_POINT('',(-0.02555,0.0311,0.0015));
#19255=CARTESIAN_POINT('',(-0.02555,0.0311,0.0015));
#19256=CARTESIAN_POINT('',(-0.01905,0.0311,0.0015));
#19257=CARTESIAN_POINT('',(-0.02555,0.0316,0.0015));
#19258=CARTESIAN_POINT('',(-0.02555,0.0316,0.));
#19259=CARTESIAN_POINT('',(-0.02605,0.0316,0.));
#19260=CARTESIAN_POINT('',(-0.02605,0.0316,0.0015));
#19261=CARTESIAN_POINT('',(-0.02605,0.0316,0.0015));
#19262=CARTESIAN_POINT('',(-0.02555,0.0316,0.0015));
#19263=CARTESIAN_POINT('',(-0.0446,0.0446,0.0015));
#19264=CARTESIAN_POINT('',(-0.0446,0.0446,0.));
#19265=CARTESIAN_POINT('',(-0.0446,0.0451,0.));
#19266=CARTESIAN_POINT('',(-0.0451,0.0446,0.));
#19267=CARTESIAN_POINT('',(-0.0446,0.0451,0.0015));
#19268=CARTESIAN_POINT('',(-0.0446,0.0451,0.0015));
#19269=CARTESIAN_POINT('',(-0.0446,0.0446,0.0015));
#19270=CARTESIAN_POINT('',(-0.0451,0.0446,0.0015));
#19271=CARTESIAN_POINT('',(-0.0451,0.0446,0.0015));
#19272=CARTESIAN_POINT('',(-0.0381,0.0451,0.0015));
#19273=CARTESIAN_POINT('',(-0.0381,0.0451,0.));
#19274=CARTESIAN_POINT('',(-0.0316,0.0451,0.));
#19275=CARTESIAN_POINT('',(-0.0316,0.0451,0.0015));
#19276=CARTESIAN_POINT('',(-0.0316,0.0451,0.0015));
#19277=CARTESIAN_POINT('',(-0.0381,0.0451,0.0015));
#19278=CARTESIAN_POINT('',(-0.0316,0.0446,0.0015));
#19279=CARTESIAN_POINT('',(-0.0316,0.0446,0.));
#19280=CARTESIAN_POINT('',(-0.0311,0.0446,0.));
#19281=CARTESIAN_POINT('',(-0.0311,0.0446,0.0015));
#19282=CARTESIAN_POINT('',(-0.0311,0.0446,0.0015));
#19283=CARTESIAN_POINT('',(-0.0316,0.0446,0.0015));
#19284=CARTESIAN_POINT('',(-0.0311,0.0381,0.0015));
#19285=CARTESIAN_POINT('',(-0.0311,0.0381,0.));
#19286=CARTESIAN_POINT('',(-0.0311,0.0316,0.));
#19287=CARTESIAN_POINT('',(-0.0311,0.0316,0.0015));
#19288=CARTESIAN_POINT('',(-0.0311,0.0316,0.0015));
#19289=CARTESIAN_POINT('',(-0.0311,0.0381,0.0015));
#19290=CARTESIAN_POINT('',(-0.0316,0.0316,0.0015));
#19291=CARTESIAN_POINT('',(-0.0316,0.0316,0.));
#19292=CARTESIAN_POINT('',(-0.0316,0.0311,0.));
#19293=CARTESIAN_POINT('',(-0.0316,0.0311,0.0015));
#19294=CARTESIAN_POINT('',(-0.0316,0.0311,0.0015));
#19295=CARTESIAN_POINT('',(-0.0316,0.0316,0.0015));
#19296=CARTESIAN_POINT('',(-0.0381,0.0311,0.0015));
#19297=CARTESIAN_POINT('',(-0.0381,0.0311,0.));
#19298=CARTESIAN_POINT('',(-0.0446,0.0311,0.));
#19299=CARTESIAN_POINT('',(-0.0446,0.0311,0.0015));
#19300=CARTESIAN_POINT('',(-0.0446,0.0311,0.0015));
#19301=CARTESIAN_POINT('',(-0.0381,0.0311,0.0015));
#19302=CARTESIAN_POINT('',(-0.0446,0.0316,0.0015));
#19303=CARTESIAN_POINT('',(-0.0446,0.0316,0.));
#19304=CARTESIAN_POINT('',(-0.0451,0.0316,0.));
#19305=CARTESIAN_POINT('',(-0.0451,0.0316,0.0015));
#19306=CARTESIAN_POINT('',(-0.0451,0.0316,0.0015));
#19307=CARTESIAN_POINT('',(-0.0446,0.0316,0.0015));
#19308=CARTESIAN_POINT('',(-0.06365,0.0446,0.0015));
#19309=CARTESIAN_POINT('',(-0.06365,0.0446,0.));
#19310=CARTESIAN_POINT('',(-0.06365,0.0451,0.));
#19311=CARTESIAN_POINT('',(-0.06415,0.0446,0.));
#19312=CARTESIAN_POINT('',(-0.06365,0.0451,0.0015));
#19313=CARTESIAN_POINT('',(-0.06365,0.0451,0.0015));
#19314=CARTESIAN_POINT('',(-0.06365,0.0446,0.0015));
#19315=CARTESIAN_POINT('',(-0.06415,0.0446,0.0015));
#19316=CARTESIAN_POINT('',(-0.06415,0.0446,0.0015));
#19317=CARTESIAN_POINT('',(-0.05715,0.0451,0.0015));
#19318=CARTESIAN_POINT('',(-0.05715,0.0451,0.));
#19319=CARTESIAN_POINT('',(-0.05065,0.0451,0.));
#19320=CARTESIAN_POINT('',(-0.05065,0.0451,0.0015));
#19321=CARTESIAN_POINT('',(-0.05065,0.0451,0.0015));
#19322=CARTESIAN_POINT('',(-0.05715,0.0451,0.0015));
#19323=CARTESIAN_POINT('',(-0.05065,0.0446,0.0015));
#19324=CARTESIAN_POINT('',(-0.05065,0.0446,0.));
#19325=CARTESIAN_POINT('',(-0.05015,0.0446,0.));
#19326=CARTESIAN_POINT('',(-0.05015,0.0446,0.0015));
#19327=CARTESIAN_POINT('',(-0.05015,0.0446,0.0015));
#19328=CARTESIAN_POINT('',(-0.05065,0.0446,0.0015));
#19329=CARTESIAN_POINT('',(-0.05015,0.0381,0.0015));
#19330=CARTESIAN_POINT('',(-0.05015,0.0381,0.));
#19331=CARTESIAN_POINT('',(-0.05015,0.0316,0.));
#19332=CARTESIAN_POINT('',(-0.05015,0.0316,0.0015));
#19333=CARTESIAN_POINT('',(-0.05015,0.0316,0.0015));
#19334=CARTESIAN_POINT('',(-0.05015,0.0381,0.0015));
#19335=CARTESIAN_POINT('',(-0.05065,0.0316,0.0015));
#19336=CARTESIAN_POINT('',(-0.05065,0.0316,0.));
#19337=CARTESIAN_POINT('',(-0.05065,0.0311,0.));
#19338=CARTESIAN_POINT('',(-0.05065,0.0311,0.0015));
#19339=CARTESIAN_POINT('',(-0.05065,0.0311,0.0015));
#19340=CARTESIAN_POINT('',(-0.05065,0.0316,0.0015));
#19341=CARTESIAN_POINT('',(-0.05715,0.0311,0.0015));
#19342=CARTESIAN_POINT('',(-0.05715,0.0311,0.));
#19343=CARTESIAN_POINT('',(-0.06365,0.0311,0.));
#19344=CARTESIAN_POINT('',(-0.06365,0.0311,0.0015));
#19345=CARTESIAN_POINT('',(-0.06365,0.0311,0.0015));
#19346=CARTESIAN_POINT('',(-0.05715,0.0311,0.0015));
#19347=CARTESIAN_POINT('',(-0.06365,0.0316,0.0015));
#19348=CARTESIAN_POINT('',(-0.06365,0.0316,0.));
#19349=CARTESIAN_POINT('',(-0.06415,0.0316,0.));
#19350=CARTESIAN_POINT('',(-0.06415,0.0316,0.0015));
#19351=CARTESIAN_POINT('',(-0.06415,0.0316,0.0015));
#19352=CARTESIAN_POINT('',(-0.06365,0.0316,0.0015));
#19353=CARTESIAN_POINT('',(-0.0827,0.0446,0.0015));
#19354=CARTESIAN_POINT('',(-0.0827,0.0446,0.));
#19355=CARTESIAN_POINT('',(-0.0827,0.0451,0.));
#19356=CARTESIAN_POINT('',(-0.0832,0.0446,0.));
#19357=CARTESIAN_POINT('',(-0.0827,0.0451,0.0015));
#19358=CARTESIAN_POINT('',(-0.0827,0.0451,0.0015));
#19359=CARTESIAN_POINT('',(-0.0827,0.0446,0.0015));
#19360=CARTESIAN_POINT('',(-0.0832,0.0446,0.0015));
#19361=CARTESIAN_POINT('',(-0.0832,0.0446,0.0015));
#19362=CARTESIAN_POINT('',(-0.0762,0.0451,0.0015));
#19363=CARTESIAN_POINT('',(-0.0762,0.0451,0.));
#19364=CARTESIAN_POINT('',(-0.0697,0.0451,0.));
#19365=CARTESIAN_POINT('',(-0.0697,0.0451,0.0015));
#19366=CARTESIAN_POINT('',(-0.0697,0.0451,0.0015));
#19367=CARTESIAN_POINT('',(-0.0762,0.0451,0.0015));
#19368=CARTESIAN_POINT('',(-0.0697,0.0446,0.0015));
#19369=CARTESIAN_POINT('',(-0.0697,0.0446,0.));
#19370=CARTESIAN_POINT('',(-0.0692,0.0446,0.));
#19371=CARTESIAN_POINT('',(-0.0692,0.0446,0.0015));
#19372=CARTESIAN_POINT('',(-0.0692,0.0446,0.0015));
#19373=CARTESIAN_POINT('',(-0.0697,0.0446,0.0015));
#19374=CARTESIAN_POINT('',(-0.0692,0.0381,0.0015));
#19375=CARTESIAN_POINT('',(-0.0692,0.0381,0.));
#19376=CARTESIAN_POINT('',(-0.0692,0.0316,0.));
#19377=CARTESIAN_POINT('',(-0.0692,0.0316,0.0015));
#19378=CARTESIAN_POINT('',(-0.0692,0.0316,0.0015));
#19379=CARTESIAN_POINT('',(-0.0692,0.0381,0.0015));
#19380=CARTESIAN_POINT('',(-0.0697,0.0316,0.0015));
#19381=CARTESIAN_POINT('',(-0.0697,0.0316,0.));
#19382=CARTESIAN_POINT('',(-0.0697,0.0311,0.));
#19383=CARTESIAN_POINT('',(-0.0697,0.0311,0.0015));
#19384=CARTESIAN_POINT('',(-0.0697,0.0311,0.0015));
#19385=CARTESIAN_POINT('',(-0.0697,0.0316,0.0015));
#19386=CARTESIAN_POINT('',(-0.0762,0.0311,0.0015));
#19387=CARTESIAN_POINT('',(-0.0762,0.0311,0.));
#19388=CARTESIAN_POINT('',(-0.0827,0.0311,0.));
#19389=CARTESIAN_POINT('',(-0.0827,0.0311,0.0015));
#19390=CARTESIAN_POINT('',(-0.0827,0.0311,0.0015));
#19391=CARTESIAN_POINT('',(-0.0762,0.0311,0.0015));
#19392=CARTESIAN_POINT('',(-0.0827,0.0316,0.0015));
#19393=CARTESIAN_POINT('',(-0.0827,0.0316,0.));
#19394=CARTESIAN_POINT('',(-0.0832,0.0316,0.));
#19395=CARTESIAN_POINT('',(-0.0832,0.0316,0.0015));
#19396=CARTESIAN_POINT('',(-0.0832,0.0316,0.0015));
#19397=CARTESIAN_POINT('',(-0.0827,0.0316,0.0015));
#19398=CARTESIAN_POINT('',(-0.10175,0.0446,0.0015));
#19399=CARTESIAN_POINT('',(-0.10175,0.0446,0.));
#19400=CARTESIAN_POINT('',(-0.10175,0.0451,0.));
#19401=CARTESIAN_POINT('',(-0.10225,0.0446,0.));
#19402=CARTESIAN_POINT('',(-0.10175,0.0451,0.0015));
#19403=CARTESIAN_POINT('',(-0.10175,0.0451,0.0015));
#19404=CARTESIAN_POINT('',(-0.10175,0.0446,0.0015));
#19405=CARTESIAN_POINT('',(-0.10225,0.0446,0.0015));
#19406=CARTESIAN_POINT('',(-0.10225,0.0446,0.0015));
#19407=CARTESIAN_POINT('',(-0.09525,0.0451,0.0015));
#19408=CARTESIAN_POINT('',(-0.09525,0.0451,0.));
#19409=CARTESIAN_POINT('',(-0.08875,0.0451,0.));
#19410=CARTESIAN_POINT('',(-0.08875,0.0451,0.0015));
#19411=CARTESIAN_POINT('',(-0.08875,0.0451,0.0015));
#19412=CARTESIAN_POINT('',(-0.09525,0.0451,0.0015));
#19413=CARTESIAN_POINT('',(-0.08875,0.0446,0.0015));
#19414=CARTESIAN_POINT('',(-0.08875,0.0446,0.));
#19415=CARTESIAN_POINT('',(-0.08825,0.0446,0.));
#19416=CARTESIAN_POINT('',(-0.08825,0.0446,0.0015));
#19417=CARTESIAN_POINT('',(-0.08825,0.0446,0.0015));
#19418=CARTESIAN_POINT('',(-0.08875,0.0446,0.0015));
#19419=CARTESIAN_POINT('',(-0.08825,0.0381,0.0015));
#19420=CARTESIAN_POINT('',(-0.08825,0.0381,0.));
#19421=CARTESIAN_POINT('',(-0.08825,0.0316,0.));
#19422=CARTESIAN_POINT('',(-0.08825,0.0316,0.0015));
#19423=CARTESIAN_POINT('',(-0.08825,0.0316,0.0015));
#19424=CARTESIAN_POINT('',(-0.08825,0.0381,0.0015));
#19425=CARTESIAN_POINT('',(-0.08875,0.0316,0.0015));
#19426=CARTESIAN_POINT('',(-0.08875,0.0316,0.));
#19427=CARTESIAN_POINT('',(-0.08875,0.0311,0.));
#19428=CARTESIAN_POINT('',(-0.08875,0.0311,0.0015));
#19429=CARTESIAN_POINT('',(-0.08875,0.0311,0.0015));
#19430=CARTESIAN_POINT('',(-0.08875,0.0316,0.0015));
#19431=CARTESIAN_POINT('',(-0.09525,0.0311,0.0015));
#19432=CARTESIAN_POINT('',(-0.09525,0.0311,0.));
#19433=CARTESIAN_POINT('',(-0.10175,0.0311,0.));
#19434=CARTESIAN_POINT('',(-0.10175,0.0311,0.0015));
#19435=CARTESIAN_POINT('',(-0.10175,0.0311,0.0015));
#19436=CARTESIAN_POINT('',(-0.09525,0.0311,0.0015));
#19437=CARTESIAN_POINT('',(-0.10175,0.0316,0.0015));
#19438=CARTESIAN_POINT('',(-0.10175,0.0316,0.));
#19439=CARTESIAN_POINT('',(-0.10225,0.0316,0.));
#19440=CARTESIAN_POINT('',(-0.10225,0.0316,0.0015));
#19441=CARTESIAN_POINT('',(-0.10225,0.0316,0.0015));
#19442=CARTESIAN_POINT('',(-0.10175,0.0316,0.0015));
#19443=CARTESIAN_POINT('',(-0.1208,0.0446,0.0015));
#19444=CARTESIAN_POINT('',(-0.1208,0.0446,0.));
#19445=CARTESIAN_POINT('',(-0.1208,0.0451,0.));
#19446=CARTESIAN_POINT('',(-0.1213,0.0446,0.));
#19447=CARTESIAN_POINT('',(-0.1208,0.0451,0.0015));
#19448=CARTESIAN_POINT('',(-0.1208,0.0451,0.0015));
#19449=CARTESIAN_POINT('',(-0.1208,0.0446,0.0015));
#19450=CARTESIAN_POINT('',(-0.1213,0.0446,0.0015));
#19451=CARTESIAN_POINT('',(-0.1213,0.0446,0.0015));
#19452=CARTESIAN_POINT('',(-0.1143,0.0451,0.0015));
#19453=CARTESIAN_POINT('',(-0.1143,0.0451,0.));
#19454=CARTESIAN_POINT('',(-0.1078,0.0451,0.));
#19455=CARTESIAN_POINT('',(-0.1078,0.0451,0.0015));
#19456=CARTESIAN_POINT('',(-0.1078,0.0451,0.0015));
#19457=CARTESIAN_POINT('',(-0.1143,0.0451,0.0015));
#19458=CARTESIAN_POINT('',(-0.1078,0.0446,0.0015));
#19459=CARTESIAN_POINT('',(-0.1078,0.0446,0.));
#19460=CARTESIAN_POINT('',(-0.1073,0.0446,0.));
#19461=CARTESIAN_POINT('',(-0.1073,0.0446,0.0015));
#19462=CARTESIAN_POINT('',(-0.1073,0.0446,0.0015));
#19463=CARTESIAN_POINT('',(-0.1078,0.0446,0.0015));
#19464=CARTESIAN_POINT('',(-0.1073,0.0381,0.0015));
#19465=CARTESIAN_POINT('',(-0.1073,0.0381,0.));
#19466=CARTESIAN_POINT('',(-0.1073,0.0316,0.));
#19467=CARTESIAN_POINT('',(-0.1073,0.0316,0.0015));
#19468=CARTESIAN_POINT('',(-0.1073,0.0316,0.0015));
#19469=CARTESIAN_POINT('',(-0.1073,0.0381,0.0015));
#19470=CARTESIAN_POINT('',(-0.1078,0.0316,0.0015));
#19471=CARTESIAN_POINT('',(-0.1078,0.0316,0.));
#19472=CARTESIAN_POINT('',(-0.1078,0.0311,0.));
#19473=CARTESIAN_POINT('',(-0.1078,0.0311,0.0015));
#19474=CARTESIAN_POINT('',(-0.1078,0.0311,0.0015));
#19475=CARTESIAN_POINT('',(-0.1078,0.0316,0.0015));
#19476=CARTESIAN_POINT('',(-0.1143,0.0311,0.0015));
#19477=CARTESIAN_POINT('',(-0.1143,0.0311,0.));
#19478=CARTESIAN_POINT('',(-0.1208,0.0311,0.));
#19479=CARTESIAN_POINT('',(-0.1208,0.0311,0.0015));
#19480=CARTESIAN_POINT('',(-0.1208,0.0311,0.0015));
#19481=CARTESIAN_POINT('',(-0.1143,0.0311,0.0015));
#19482=CARTESIAN_POINT('',(-0.1208,0.0316,0.0015));
#19483=CARTESIAN_POINT('',(-0.1208,0.0316,0.));
#19484=CARTESIAN_POINT('',(-0.1213,0.0316,0.));
#19485=CARTESIAN_POINT('',(-0.1213,0.0316,0.0015));
#19486=CARTESIAN_POINT('',(-0.1213,0.0316,0.0015));
#19487=CARTESIAN_POINT('',(-0.1208,0.0316,0.0015));
#19488=CARTESIAN_POINT('',(-0.13985,0.0446,0.0015));
#19489=CARTESIAN_POINT('',(-0.13985,0.0446,0.));
#19490=CARTESIAN_POINT('',(-0.13985,0.0451,0.));
#19491=CARTESIAN_POINT('',(-0.14035,0.0446,0.));
#19492=CARTESIAN_POINT('',(-0.13985,0.0451,0.0015));
#19493=CARTESIAN_POINT('',(-0.13985,0.0451,0.0015));
#19494=CARTESIAN_POINT('',(-0.13985,0.0446,0.0015));
#19495=CARTESIAN_POINT('',(-0.14035,0.0446,0.0015));
#19496=CARTESIAN_POINT('',(-0.14035,0.0446,0.0015));
#19497=CARTESIAN_POINT('',(-0.13335,0.0451,0.0015));
#19498=CARTESIAN_POINT('',(-0.13335,0.0451,0.));
#19499=CARTESIAN_POINT('',(-0.12685,0.0451,0.));
#19500=CARTESIAN_POINT('',(-0.12685,0.0451,0.0015));
#19501=CARTESIAN_POINT('',(-0.12685,0.0451,0.0015));
#19502=CARTESIAN_POINT('',(-0.13335,0.0451,0.0015));
#19503=CARTESIAN_POINT('',(-0.12685,0.0446,0.0015));
#19504=CARTESIAN_POINT('',(-0.12685,0.0446,0.));
#19505=CARTESIAN_POINT('',(-0.12635,0.0446,0.));
#19506=CARTESIAN_POINT('',(-0.12635,0.0446,0.0015));
#19507=CARTESIAN_POINT('',(-0.12635,0.0446,0.0015));
#19508=CARTESIAN_POINT('',(-0.12685,0.0446,0.0015));
#19509=CARTESIAN_POINT('',(-0.12635,0.0381,0.0015));
#19510=CARTESIAN_POINT('',(-0.12635,0.0381,0.));
#19511=CARTESIAN_POINT('',(-0.12635,0.0316,0.));
#19512=CARTESIAN_POINT('',(-0.12635,0.0316,0.0015));
#19513=CARTESIAN_POINT('',(-0.12635,0.0316,0.0015));
#19514=CARTESIAN_POINT('',(-0.12635,0.0381,0.0015));
#19515=CARTESIAN_POINT('',(-0.12685,0.0316,0.0015));
#19516=CARTESIAN_POINT('',(-0.12685,0.0316,0.));
#19517=CARTESIAN_POINT('',(-0.12685,0.0311,0.));
#19518=CARTESIAN_POINT('',(-0.12685,0.0311,0.0015));
#19519=CARTESIAN_POINT('',(-0.12685,0.0311,0.0015));
#19520=CARTESIAN_POINT('',(-0.12685,0.0316,0.0015));
#19521=CARTESIAN_POINT('',(-0.13335,0.0311,0.0015));
#19522=CARTESIAN_POINT('',(-0.13335,0.0311,0.));
#19523=CARTESIAN_POINT('',(-0.13985,0.0311,0.));
#19524=CARTESIAN_POINT('',(-0.13985,0.0311,0.0015));
#19525=CARTESIAN_POINT('',(-0.13985,0.0311,0.0015));
#19526=CARTESIAN_POINT('',(-0.13335,0.0311,0.0015));
#19527=CARTESIAN_POINT('',(-0.13985,0.0316,0.0015));
#19528=CARTESIAN_POINT('',(-0.13985,0.0316,0.));
#19529=CARTESIAN_POINT('',(-0.14035,0.0316,0.));
#19530=CARTESIAN_POINT('',(-0.14035,0.0316,0.0015));
#19531=CARTESIAN_POINT('',(-0.14035,0.0316,0.0015));
#19532=CARTESIAN_POINT('',(-0.13985,0.0316,0.0015));
#19533=CARTESIAN_POINT('',(0.12396875,-0.0381,0.0015));
#19534=CARTESIAN_POINT('',(0.12396875,-0.0381,0.));
#19535=CARTESIAN_POINT('',(0.12396875,-0.0381,0.0015));
#19536=CARTESIAN_POINT('',(0.10015625,-0.0381,0.0015));
#19537=CARTESIAN_POINT('',(0.10015625,-0.0381,0.));
#19538=CARTESIAN_POINT('',(0.10015625,-0.0381,0.0015));
#19539=CARTESIAN_POINT('',(0.07634375,-0.0381,0.0015));
#19540=CARTESIAN_POINT('',(0.07634375,-0.0381,0.));
#19541=CARTESIAN_POINT('',(0.07634375,-0.0381,0.0015));
#19542=CARTESIAN_POINT('',(0.05253125,-0.0381,0.0015));
#19543=CARTESIAN_POINT('',(0.05253125,-0.0381,0.));
#19544=CARTESIAN_POINT('',(0.05253125,-0.0381,0.0015));
#19545=CARTESIAN_POINT('',(0.03459375,-0.0396,0.0015));
#19546=CARTESIAN_POINT('',(0.03459375,-0.0396,0.));
#19547=CARTESIAN_POINT('',(0.03459375,-0.0396,0.0015));
#19548=CARTESIAN_POINT('',(-0.06540625,-0.0396,0.0015));
#19549=CARTESIAN_POINT('',(-0.06540625,-0.0396,0.));
#19550=CARTESIAN_POINT('',(-0.06540625,-0.0396,0.0015));
#19551=CARTESIAN_POINT('',(-0.01890625,-0.0381,0.0015));
#19552=CARTESIAN_POINT('',(-0.01890625,-0.0381,0.));
#19553=CARTESIAN_POINT('',(-0.01890625,-0.0381,0.0015));
#19554=CARTESIAN_POINT('',(-0.09034375,-0.0381,0.0015));
#19555=CARTESIAN_POINT('',(-0.09034375,-0.0381,0.));
#19556=CARTESIAN_POINT('',(-0.09034375,-0.0381,0.0015));
#19557=CARTESIAN_POINT('',(-0.11415625,-0.0381,0.0015));
#19558=CARTESIAN_POINT('',(-0.11415625,-0.0381,0.));
#19559=CARTESIAN_POINT('',(-0.11415625,-0.0381,0.0015));
#19560=CARTESIAN_POINT('',(-0.13796875,-0.0381,0.0015));
#19561=CARTESIAN_POINT('',(-0.13796875,-0.0381,0.));
#19562=CARTESIAN_POINT('',(-0.13796875,-0.0381,0.0015));
#19563=CARTESIAN_POINT('',(0.12511925,-0.02055,0.0015));
#19564=CARTESIAN_POINT('',(0.12511925,-0.02055,0.));
#19565=CARTESIAN_POINT('',(0.12511925,-0.02055,0.0015));
#19566=CARTESIAN_POINT('',(0.10124325,-0.02055,0.0015));
#19567=CARTESIAN_POINT('',(0.10124325,-0.02055,0.));
#19568=CARTESIAN_POINT('',(0.10124325,-0.02055,0.0015));
#19569=CARTESIAN_POINT('',(0.10968125,-0.01905,0.0015));
#19570=CARTESIAN_POINT('',(0.10968125,-0.01905,0.));
#19571=CARTESIAN_POINT('',(0.10968125,-0.01905,0.0015));
#19572=CARTESIAN_POINT('',(0.0739625,-0.01905,0.0015));
#19573=CARTESIAN_POINT('',(0.0739625,-0.01905,0.));
#19574=CARTESIAN_POINT('',(0.0739625,-0.01905,0.0015));
#19575=CARTESIAN_POINT('',(0.0549125,-0.01905,0.0015));
#19576=CARTESIAN_POINT('',(0.0549125,-0.01905,0.));
#19577=CARTESIAN_POINT('',(0.0549125,-0.01905,0.0015));
#19578=CARTESIAN_POINT('',(0.0358625,-0.01905,0.0015));
#19579=CARTESIAN_POINT('',(0.0358625,-0.01905,0.));
#19580=CARTESIAN_POINT('',(0.0358625,-0.01905,0.0015));
#19581=CARTESIAN_POINT('',(0.0168125,-0.01905,0.0015));
#19582=CARTESIAN_POINT('',(0.0168125,-0.01905,0.));
#19583=CARTESIAN_POINT('',(0.0168125,-0.01905,0.0015));
#19584=CARTESIAN_POINT('',(-0.0022375,-0.01905,0.0015));
#19585=CARTESIAN_POINT('',(-0.0022375,-0.01905,0.));
#19586=CARTESIAN_POINT('',(-0.0022375,-0.01905,0.0015));
#19587=CARTESIAN_POINT('',(-0.0212875,-0.01905,0.0015));
#19588=CARTESIAN_POINT('',(-0.0212875,-0.01905,0.));
#19589=CARTESIAN_POINT('',(-0.0212875,-0.01905,0.0015));
#19590=CARTESIAN_POINT('',(-0.0403375,-0.01905,0.0015));
#19591=CARTESIAN_POINT('',(-0.0403375,-0.01905,0.));
#19592=CARTESIAN_POINT('',(-0.0403375,-0.01905,0.0015));
#19593=CARTESIAN_POINT('',(-0.0593875,-0.01905,0.0015));
#19594=CARTESIAN_POINT('',(-0.0593875,-0.01905,0.));
#19595=CARTESIAN_POINT('',(-0.0593875,-0.01905,0.0015));
#19596=CARTESIAN_POINT('',(-0.0784375,-0.01905,0.0015));
#19597=CARTESIAN_POINT('',(-0.0784375,-0.01905,0.));
#19598=CARTESIAN_POINT('',(-0.0784375,-0.01905,0.0015));
#19599=CARTESIAN_POINT('',(-0.0974875,-0.01905,0.0015));
#19600=CARTESIAN_POINT('',(-0.0974875,-0.01905,0.));
#19601=CARTESIAN_POINT('',(-0.0974875,-0.01905,0.0015));
#19602=CARTESIAN_POINT('',(-0.11300575,-0.02055,0.0015));
#19603=CARTESIAN_POINT('',(-0.11300575,-0.02055,0.));
#19604=CARTESIAN_POINT('',(-0.11300575,-0.02055,0.0015));
#19605=CARTESIAN_POINT('',(-0.13688175,-0.02055,0.0015));
#19606=CARTESIAN_POINT('',(-0.13688175,-0.02055,0.));
#19607=CARTESIAN_POINT('',(-0.13688175,-0.02055,0.0015));
#19608=CARTESIAN_POINT('',(-0.12844375,-0.01905,0.0015));
#19609=CARTESIAN_POINT('',(-0.12844375,-0.01905,0.));
#19610=CARTESIAN_POINT('',(-0.12844375,-0.01905,0.0015));
#19611=CARTESIAN_POINT('',(0.12988175,-0.0015,0.0015));
#19612=CARTESIAN_POINT('',(0.12988175,-0.0015,0.));
#19613=CARTESIAN_POINT('',(0.12988175,-0.0015,0.0015));
#19614=CARTESIAN_POINT('',(0.10600575,-0.0015,0.0015));
#19615=CARTESIAN_POINT('',(0.10600575,-0.0015,0.));
#19616=CARTESIAN_POINT('',(0.10600575,-0.0015,0.0015));
#19617=CARTESIAN_POINT('',(0.11444375,0.,0.0015));
#19618=CARTESIAN_POINT('',(0.11444375,0.,0.));
#19619=CARTESIAN_POINT('',(0.11444375,0.,0.0015));
#19620=CARTESIAN_POINT('',(0.0834875,0.,0.0015));
#19621=CARTESIAN_POINT('',(0.0834875,0.,0.));
#19622=CARTESIAN_POINT('',(0.0834875,0.,0.0015));
#19623=CARTESIAN_POINT('',(0.0644375,0.,0.0015));
#19624=CARTESIAN_POINT('',(0.0644375,0.,0.));
#19625=CARTESIAN_POINT('',(0.0644375,0.,0.0015));
#19626=CARTESIAN_POINT('',(0.0453875,0.,0.0015));
#19627=CARTESIAN_POINT('',(0.0453875,0.,0.));
#19628=CARTESIAN_POINT('',(0.0453875,0.,0.0015));
#19629=CARTESIAN_POINT('',(0.0263375,0.,0.0015));
#19630=CARTESIAN_POINT('',(0.0263375,0.,0.));
#19631=CARTESIAN_POINT('',(0.0263375,0.,0.0015));
#19632=CARTESIAN_POINT('',(0.0072875,0.,0.0015));
#19633=CARTESIAN_POINT('',(0.0072875,0.,0.));
#19634=CARTESIAN_POINT('',(0.0072875,0.,0.0015));
#19635=CARTESIAN_POINT('',(-0.0117625,0.,0.0015));
#19636=CARTESIAN_POINT('',(-0.0117625,0.,0.));
#19637=CARTESIAN_POINT('',(-0.0117625,0.,0.0015));
#19638=CARTESIAN_POINT('',(-0.0308125,0.,0.0015));
#19639=CARTESIAN_POINT('',(-0.0308125,0.,0.));
#19640=CARTESIAN_POINT('',(-0.0308125,0.,0.0015));
#19641=CARTESIAN_POINT('',(-0.0498625,0.,0.0015));
#19642=CARTESIAN_POINT('',(-0.0498625,0.,0.));
#19643=CARTESIAN_POINT('',(-0.0498625,0.,0.0015));
#19644=CARTESIAN_POINT('',(-0.0689125,0.,0.0015));
#19645=CARTESIAN_POINT('',(-0.0689125,0.,0.));
#19646=CARTESIAN_POINT('',(-0.0689125,0.,0.0015));
#19647=CARTESIAN_POINT('',(-0.0879625,0.,0.0015));
#19648=CARTESIAN_POINT('',(-0.0879625,0.,0.));
#19649=CARTESIAN_POINT('',(-0.0879625,0.,0.0015));
#19650=CARTESIAN_POINT('',(-0.1070125,0.,0.0015));
#19651=CARTESIAN_POINT('',(-0.1070125,0.,0.));
#19652=CARTESIAN_POINT('',(-0.1070125,0.,0.0015));
#19653=CARTESIAN_POINT('',(-0.13320625,0.,0.0015));
#19654=CARTESIAN_POINT('',(-0.13320625,0.,0.));
#19655=CARTESIAN_POINT('',(-0.13320625,0.,0.0015));
#19656=CARTESIAN_POINT('',(0.1215875,0.01905,0.0015));
#19657=CARTESIAN_POINT('',(0.1215875,0.01905,0.));
#19658=CARTESIAN_POINT('',(0.1215875,0.01905,0.0015));
#19659=CARTESIAN_POINT('',(0.097775,0.01905,0.0015));
#19660=CARTESIAN_POINT('',(0.097775,0.01905,0.));
#19661=CARTESIAN_POINT('',(0.097775,0.01905,0.0015));
#19662=CARTESIAN_POINT('',(0.078725,0.01905,0.0015));
#19663=CARTESIAN_POINT('',(0.078725,0.01905,0.));
#19664=CARTESIAN_POINT('',(0.078725,0.01905,0.0015));
#19665=CARTESIAN_POINT('',(0.059675,0.01905,0.0015));
#19666=CARTESIAN_POINT('',(0.059675,0.01905,0.));
#19667=CARTESIAN_POINT('',(0.059675,0.01905,0.0015));
#19668=CARTESIAN_POINT('',(0.040625,0.01905,0.0015));
#19669=CARTESIAN_POINT('',(0.040625,0.01905,0.));
#19670=CARTESIAN_POINT('',(0.040625,0.01905,0.0015));
#19671=CARTESIAN_POINT('',(0.021575,0.01905,0.0015));
#19672=CARTESIAN_POINT('',(0.021575,0.01905,0.));
#19673=CARTESIAN_POINT('',(0.021575,0.01905,0.0015));
#19674=CARTESIAN_POINT('',(0.002525,0.01905,0.0015));
#19675=CARTESIAN_POINT('',(0.002525,0.01905,0.));
#19676=CARTESIAN_POINT('',(0.002525,0.01905,0.0015));
#19677=CARTESIAN_POINT('',(-0.016525,0.01905,0.0015));
#19678=CARTESIAN_POINT('',(-0.016525,0.01905,0.));
#19679=CARTESIAN_POINT('',(-0.016525,0.01905,0.0015));
#19680=CARTESIAN_POINT('',(-0.035575,0.01905,0.0015));
#19681=CARTESIAN_POINT('',(-0.035575,0.01905,0.));
#19682=CARTESIAN_POINT('',(-0.035575,0.01905,0.0015));
#19683=CARTESIAN_POINT('',(-0.054625,0.01905,0.0015));
#19684=CARTESIAN_POINT('',(-0.054625,0.01905,0.));
#19685=CARTESIAN_POINT('',(-0.054625,0.01905,0.0015));
#19686=CARTESIAN_POINT('',(-0.073675,0.01905,0.0015));
#19687=CARTESIAN_POINT('',(-0.073675,0.01905,0.));
#19688=CARTESIAN_POINT('',(-0.073675,0.01905,0.0015));
#19689=CARTESIAN_POINT('',(-0.092725,0.01905,0.0015));
#19690=CARTESIAN_POINT('',(-0.092725,0.01905,0.));
#19691=CARTESIAN_POINT('',(-0.092725,0.01905,0.0015));
#19692=CARTESIAN_POINT('',(-0.111775,0.01905,0.0015));
#19693=CARTESIAN_POINT('',(-0.111775,0.01905,0.));
#19694=CARTESIAN_POINT('',(-0.111775,0.01905,0.0015));
#19695=CARTESIAN_POINT('',(-0.1355875,0.01905,0.0015));
#19696=CARTESIAN_POINT('',(-0.1355875,0.01905,0.));
#19697=CARTESIAN_POINT('',(-0.1355875,0.01905,0.0015));
#19698=CARTESIAN_POINT('',(0.132263,0.0366,0.0015));
#19699=CARTESIAN_POINT('',(0.132263,0.0366,0.));
#19700=CARTESIAN_POINT('',(0.132263,0.0366,0.0015));
#19701=CARTESIAN_POINT('',(0.108387,0.0366,0.0015));
#19702=CARTESIAN_POINT('',(0.108387,0.0366,0.));
#19703=CARTESIAN_POINT('',(0.108387,0.0366,0.0015));
#19704=CARTESIAN_POINT('',(0.116825,0.0381,0.0015));
#19705=CARTESIAN_POINT('',(0.116825,0.0381,0.));
#19706=CARTESIAN_POINT('',(0.116825,0.0381,0.0015));
#19707=CARTESIAN_POINT('',(0.08825,0.0381,0.0015));
#19708=CARTESIAN_POINT('',(0.08825,0.0381,0.));
#19709=CARTESIAN_POINT('',(0.08825,0.0381,0.0015));
#19710=CARTESIAN_POINT('',(0.0692,0.0381,0.0015));
#19711=CARTESIAN_POINT('',(0.0692,0.0381,0.));
#19712=CARTESIAN_POINT('',(0.0692,0.0381,0.0015));
#19713=CARTESIAN_POINT('',(0.05015,0.0381,0.0015));
#19714=CARTESIAN_POINT('',(0.05015,0.0381,0.));
#19715=CARTESIAN_POINT('',(0.05015,0.0381,0.0015));
#19716=CARTESIAN_POINT('',(0.0311,0.0381,0.0015));
#19717=CARTESIAN_POINT('',(0.0311,0.0381,0.));
#19718=CARTESIAN_POINT('',(0.0311,0.0381,0.0015));
#19719=CARTESIAN_POINT('',(0.01205,0.0381,0.0015));
#19720=CARTESIAN_POINT('',(0.01205,0.0381,0.));
#19721=CARTESIAN_POINT('',(0.01205,0.0381,0.0015));
#19722=CARTESIAN_POINT('',(-0.007,0.0381,0.0015));
#19723=CARTESIAN_POINT('',(-0.007,0.0381,0.));
#19724=CARTESIAN_POINT('',(-0.007,0.0381,0.0015));
#19725=CARTESIAN_POINT('',(-0.02605,0.0381,0.0015));
#19726=CARTESIAN_POINT('',(-0.02605,0.0381,0.));
#19727=CARTESIAN_POINT('',(-0.02605,0.0381,0.0015));
#19728=CARTESIAN_POINT('',(-0.0451,0.0381,0.0015));
#19729=CARTESIAN_POINT('',(-0.0451,0.0381,0.));
#19730=CARTESIAN_POINT('',(-0.0451,0.0381,0.0015));
#19731=CARTESIAN_POINT('',(-0.06415,0.0381,0.0015));
#19732=CARTESIAN_POINT('',(-0.06415,0.0381,0.));
#19733=CARTESIAN_POINT('',(-0.06415,0.0381,0.0015));
#19734=CARTESIAN_POINT('',(-0.0832,0.0381,0.0015));
#19735=CARTESIAN_POINT('',(-0.0832,0.0381,0.));
#19736=CARTESIAN_POINT('',(-0.0832,0.0381,0.0015));
#19737=CARTESIAN_POINT('',(-0.10225,0.0381,0.0015));
#19738=CARTESIAN_POINT('',(-0.10225,0.0381,0.));
#19739=CARTESIAN_POINT('',(-0.10225,0.0381,0.0015));
#19740=CARTESIAN_POINT('',(-0.1213,0.0381,0.0015));
#19741=CARTESIAN_POINT('',(-0.1213,0.0381,0.));
#19742=CARTESIAN_POINT('',(-0.1213,0.0381,0.0015));
#19743=CARTESIAN_POINT('',(-0.14035,0.0381,0.0015));
#19744=CARTESIAN_POINT('',(-0.14035,0.0381,0.));
#19745=CARTESIAN_POINT('',(-0.14035,0.0381,0.0015));
#19746=CARTESIAN_POINT('',(0.,0.,0.0015));
#19747=CARTESIAN_POINT('',(0.,0.071625,0.0015));
#19748=CARTESIAN_POINT('',(-0.148875,0.071625,0.0015));
#19749=CARTESIAN_POINT('',(0.151125,0.071625,0.0015));
#19750=CARTESIAN_POINT('',(-0.148875,0.,0.0015));
#19751=CARTESIAN_POINT('',(-0.148875,-0.053375,0.0015));
#19752=CARTESIAN_POINT('',(0.,-0.053375,0.0015));
#19753=CARTESIAN_POINT('',(0.151125,-0.053375,0.0015));
#19754=CARTESIAN_POINT('',(0.151125,0.,0.0015));
#19755=CARTESIAN_POINT('',(0.,0.,0.));
#19756=CARTESIAN_POINT('',(0.151125,0.,0.));
#19757=CARTESIAN_POINT('',(0.151125,-0.053375,0.));
#19758=CARTESIAN_POINT('',(0.151125,0.071625,0.));
#19759=CARTESIAN_POINT('',(0.,-0.053375,0.));
#19760=CARTESIAN_POINT('',(-0.148875,-0.053375,0.));
#19761=CARTESIAN_POINT('',(-0.148875,0.,0.));
#19762=CARTESIAN_POINT('',(-0.148875,0.071625,0.));
#19763=CARTESIAN_POINT('',(0.,0.071625,0.));
#19764=CARTESIAN_POINT('',(0.,0.071625,0.0015));
#19765=CARTESIAN_POINT('',(-0.148875,0.071625,0.0015));
#19766=CARTESIAN_POINT('',(0.151125,0.071625,0.0015));
#19767=CARTESIAN_POINT('',(-0.148875,0.,0.0015));
#19768=CARTESIAN_POINT('',(-0.148875,-0.053375,0.0015));
#19769=CARTESIAN_POINT('',(0.151125,0.,0.0015));
#19770=CARTESIAN_POINT('',(0.151125,-0.053375,0.0015));
#19771=CARTESIAN_POINT('',(0.,-0.053375,0.0015));
#19772=MECHANICAL_DESIGN_GEOMETRIC_PRESENTATION_REPRESENTATION('',(#11749),
#19773);
#19773=(
GEOMETRIC_REPRESENTATION_CONTEXT(3)
GLOBAL_UNCERTAINTY_ASSIGNED_CONTEXT((#19774))
GLOBAL_UNIT_ASSIGNED_CONTEXT((#19777,#19776,#19775))
REPRESENTATION_CONTEXT('Plate','TOP_LEVEL_ASSEMBLY_PART')
);
#19774=UNCERTAINTY_MEASURE_WITH_UNIT(LENGTH_MEASURE(1.E-8),#19777,
'DISTANCE_ACCURACY_VALUE','Maximum Tolerance applied to model');
#19775=(
NAMED_UNIT(*)
SI_UNIT($,.STERADIAN.)
SOLID_ANGLE_UNIT()
);
#19776=(
NAMED_UNIT(*)
PLANE_ANGLE_UNIT()
SI_UNIT($,.RADIAN.)
);
#19777=(
LENGTH_UNIT()
NAMED_UNIT(*)
SI_UNIT($,.METRE.)
);
#19778=PRODUCT_DEFINITION_SHAPE('','',#19779);
#19779=PRODUCT_DEFINITION('','',#19781,#19780);
#19780=PRODUCT_DEFINITION_CONTEXT('',#19787,'design');
#19781=PRODUCT_DEFINITION_FORMATION_WITH_SPECIFIED_SOURCE('','',#19783,
 .NOT_KNOWN.);
#19782=PRODUCT_RELATED_PRODUCT_CATEGORY('','',(#19783));
#19783=PRODUCT('Plate','Plate','Plate',(#19785));
#19784=PRODUCT_CATEGORY('','');
#19785=PRODUCT_CONTEXT('',#19787,'mechanical');
#19786=APPLICATION_PROTOCOL_DEFINITION('international standard',
'ap242_managed_model_based_3d_engineering',2020,#19787);
#19787=APPLICATION_CONTEXT('managed model based 3d engineering');
ENDSEC;
END-ISO-10303-21;
