ISO-10303-21;
HEADER;
/*Generated by software containing ST-Developer
 * from STEP Tools, Inc. (www.steptools.com) 
 */
/*OPTION: using custom renumber hook */
/*description */
/*implementation_level */
FILE_DESCRIPTION(('STEP AP242 Edition 2','STEP AP242 Edition 2''CAx-IF Rec.Pracs.---Representation and Presentation of Product Manufa
cturing Information (PMI)---4.0---2014-10-13','STEP AP242 Edition 2''CAx-IF Rec.Pracs.---Representation and Presentation of Product Manufa
cturing Information (PMI)---4.0---2014-10-13''CAx-IF Rec.Pracs.---3D Tessellated Geometry---0.4---2014-09-14','STEP AP242 Edition 2''CAx-IF Rec.Pracs.---Representation and Presentation of Product Manufa
cturing Information (PMI)---4.0---2014-10-13''CAx-IF Rec.Pracs.---3D Tessellated Geometry---0.4---2014-09-14''2;1','STEP AP242 Edition 2''CAx-IF Rec.Pracs.---Representation and Presentation of Product Manufa
cturing Information (PMI)---4.0---2014-10-13''CAx-IF Rec.Pracs.---3D Tessellated Geometry---0.4---2014-09-14''2;1''CAx-IF Rec.Pracs.---User Defined Attributes---1.5---2016-08-15'),'2;1');
/*name */
/*time_stamp */
/*author */
/*organization */
/*preprocessor_version */
/*originating_system */
/*authorisation */
FILE_NAME('/vol/tmp/translate-8920437637995170924/Case - Top Case.step','2026-04-23T14:46:29',(''),(''),'ST-DEVELOPER v20','ONSHAPE BY PTC INC, 1.213','  ');
FILE_SCHEMA(('AP242_MANAGED_MODEL_BASED_3D_ENGINEERING_MIM_LF { 1 0 10303 442 3 1 4 }'));
ENDSEC;
DATA;
#10=SHAPE_REPRESENTATION_RELATIONSHIP('','',#1866,#11);
#11=ADVANCED_BREP_SHAPE_REPRESENTATION('',(#1864),#2924);
#12=CIRCLE('',#1915,0.0014);
#13=CIRCLE('',#1916,0.0014);
#14=CIRCLE('',#1918,0.0014);
#15=CIRCLE('',#1919,0.0014);
#16=CIRCLE('',#1926,0.003);
#17=CIRCLE('',#1928,0.003);
#18=CYLINDRICAL_SURFACE('',#1914,0.0014);
#19=CYLINDRICAL_SURFACE('',#1917,0.0014);
#20=CYLINDRICAL_SURFACE('',#1921,0.003);
#21=CYLINDRICAL_SURFACE('',#1924,0.003);
#22=CYLINDRICAL_SURFACE('',#1927,0.003);
#23=CYLINDRICAL_SURFACE('',#1931,0.003);
#24=ELLIPSE('',#1903,0.00516139516022558,0.003);
#25=ELLIPSE('',#1904,0.00516139516022558,0.003);
#26=ELLIPSE('',#1922,0.00325058711387854,0.003);
#27=ELLIPSE('',#1923,0.00426423187331409,0.003);
#28=ELLIPSE('',#1925,0.00516139516022556,0.003);
#29=ELLIPSE('',#1929,0.00516139516022558,0.003);
#30=ELLIPSE('',#1930,0.00325058711387854,0.003);
#31=ELLIPSE('',#1932,0.00426423187331409,0.003);
#32=OVER_RIDING_STYLED_ITEM('',(#1797),#1709,#1795);
#33=OVER_RIDING_STYLED_ITEM('',(#1798),#1710,#1795);
#34=OVER_RIDING_STYLED_ITEM('',(#1799),#1737,#1795);
#35=OVER_RIDING_STYLED_ITEM('',(#1800),#1759,#1795);
#36=OVER_RIDING_STYLED_ITEM('',(#1801),#1763,#1795);
#37=OVER_RIDING_STYLED_ITEM('',(#1802),#1765,#1795);
#38=OVER_RIDING_STYLED_ITEM('',(#1803),#1770,#1795);
#39=OVER_RIDING_STYLED_ITEM('',(#1804),#1783,#1795);
#40=OVER_RIDING_STYLED_ITEM('',(#1805),#1785,#1795);
#41=OVER_RIDING_STYLED_ITEM('',(#1806),#1791,#1795);
#42=ORIENTED_EDGE('',*,*,#542,.T.);
#43=ORIENTED_EDGE('',*,*,#543,.T.);
#44=ORIENTED_EDGE('',*,*,#544,.T.);
#45=ORIENTED_EDGE('',*,*,#545,.T.);
#46=ORIENTED_EDGE('',*,*,#546,.T.);
#47=ORIENTED_EDGE('',*,*,#547,.T.);
#48=ORIENTED_EDGE('',*,*,#548,.F.);
#49=ORIENTED_EDGE('',*,*,#549,.T.);
#50=ORIENTED_EDGE('',*,*,#548,.T.);
#51=ORIENTED_EDGE('',*,*,#550,.T.);
#52=ORIENTED_EDGE('',*,*,#551,.F.);
#53=ORIENTED_EDGE('',*,*,#552,.T.);
#54=ORIENTED_EDGE('',*,*,#553,.F.);
#55=ORIENTED_EDGE('',*,*,#554,.T.);
#56=ORIENTED_EDGE('',*,*,#555,.T.);
#57=ORIENTED_EDGE('',*,*,#556,.T.);
#58=ORIENTED_EDGE('',*,*,#557,.T.);
#59=ORIENTED_EDGE('',*,*,#558,.T.);
#60=ORIENTED_EDGE('',*,*,#559,.T.);
#61=ORIENTED_EDGE('',*,*,#560,.T.);
#62=ORIENTED_EDGE('',*,*,#561,.T.);
#63=ORIENTED_EDGE('',*,*,#562,.T.);
#64=ORIENTED_EDGE('',*,*,#563,.T.);
#65=ORIENTED_EDGE('',*,*,#564,.T.);
#66=ORIENTED_EDGE('',*,*,#565,.T.);
#67=ORIENTED_EDGE('',*,*,#566,.T.);
#68=ORIENTED_EDGE('',*,*,#567,.T.);
#69=ORIENTED_EDGE('',*,*,#568,.T.);
#70=ORIENTED_EDGE('',*,*,#569,.T.);
#71=ORIENTED_EDGE('',*,*,#570,.F.);
#72=ORIENTED_EDGE('',*,*,#571,.F.);
#73=ORIENTED_EDGE('',*,*,#572,.F.);
#74=ORIENTED_EDGE('',*,*,#573,.T.);
#75=ORIENTED_EDGE('',*,*,#574,.F.);
#76=ORIENTED_EDGE('',*,*,#549,.F.);
#77=ORIENTED_EDGE('',*,*,#552,.F.);
#78=ORIENTED_EDGE('',*,*,#575,.T.);
#79=ORIENTED_EDGE('',*,*,#576,.T.);
#80=ORIENTED_EDGE('',*,*,#546,.F.);
#81=ORIENTED_EDGE('',*,*,#574,.T.);
#82=ORIENTED_EDGE('',*,*,#577,.F.);
#83=ORIENTED_EDGE('',*,*,#578,.F.);
#84=ORIENTED_EDGE('',*,*,#579,.F.);
#85=ORIENTED_EDGE('',*,*,#580,.T.);
#86=ORIENTED_EDGE('',*,*,#581,.F.);
#87=ORIENTED_EDGE('',*,*,#580,.F.);
#88=ORIENTED_EDGE('',*,*,#582,.F.);
#89=ORIENTED_EDGE('',*,*,#583,.T.);
#90=ORIENTED_EDGE('',*,*,#551,.T.);
#91=ORIENTED_EDGE('',*,*,#584,.T.);
#92=ORIENTED_EDGE('',*,*,#583,.F.);
#93=ORIENTED_EDGE('',*,*,#585,.T.);
#94=ORIENTED_EDGE('',*,*,#586,.F.);
#95=ORIENTED_EDGE('',*,*,#570,.T.);
#96=ORIENTED_EDGE('',*,*,#586,.T.);
#97=ORIENTED_EDGE('',*,*,#587,.T.);
#98=ORIENTED_EDGE('',*,*,#588,.F.);
#99=ORIENTED_EDGE('',*,*,#571,.T.);
#100=ORIENTED_EDGE('',*,*,#588,.T.);
#101=ORIENTED_EDGE('',*,*,#589,.T.);
#102=ORIENTED_EDGE('',*,*,#590,.F.);
#103=ORIENTED_EDGE('',*,*,#572,.T.);
#104=ORIENTED_EDGE('',*,*,#591,.F.);
#105=ORIENTED_EDGE('',*,*,#592,.F.);
#106=ORIENTED_EDGE('',*,*,#593,.F.);
#107=ORIENTED_EDGE('',*,*,#594,.T.);
#108=ORIENTED_EDGE('',*,*,#595,.F.);
#109=ORIENTED_EDGE('',*,*,#596,.F.);
#110=ORIENTED_EDGE('',*,*,#597,.F.);
#111=ORIENTED_EDGE('',*,*,#592,.T.);
#112=ORIENTED_EDGE('',*,*,#598,.F.);
#113=ORIENTED_EDGE('',*,*,#599,.F.);
#114=ORIENTED_EDGE('',*,*,#600,.F.);
#115=ORIENTED_EDGE('',*,*,#596,.T.);
#116=ORIENTED_EDGE('',*,*,#563,.F.);
#117=ORIENTED_EDGE('',*,*,#601,.F.);
#118=ORIENTED_EDGE('',*,*,#602,.F.);
#119=ORIENTED_EDGE('',*,*,#603,.T.);
#120=ORIENTED_EDGE('',*,*,#542,.F.);
#121=ORIENTED_EDGE('',*,*,#603,.F.);
#122=ORIENTED_EDGE('',*,*,#604,.F.);
#123=ORIENTED_EDGE('',*,*,#605,.T.);
#124=ORIENTED_EDGE('',*,*,#543,.F.);
#125=ORIENTED_EDGE('',*,*,#605,.F.);
#126=ORIENTED_EDGE('',*,*,#606,.F.);
#127=ORIENTED_EDGE('',*,*,#607,.T.);
#128=ORIENTED_EDGE('',*,*,#608,.F.);
#129=ORIENTED_EDGE('',*,*,#609,.F.);
#130=ORIENTED_EDGE('',*,*,#610,.F.);
#131=ORIENTED_EDGE('',*,*,#611,.T.);
#132=ORIENTED_EDGE('',*,*,#612,.F.);
#133=ORIENTED_EDGE('',*,*,#611,.F.);
#134=ORIENTED_EDGE('',*,*,#613,.F.);
#135=ORIENTED_EDGE('',*,*,#614,.T.);
#136=ORIENTED_EDGE('',*,*,#566,.F.);
#137=ORIENTED_EDGE('',*,*,#615,.F.);
#138=ORIENTED_EDGE('',*,*,#614,.F.);
#139=ORIENTED_EDGE('',*,*,#616,.F.);
#140=ORIENTED_EDGE('',*,*,#617,.T.);
#141=ORIENTED_EDGE('',*,*,#560,.F.);
#142=ORIENTED_EDGE('',*,*,#618,.F.);
#143=ORIENTED_EDGE('',*,*,#619,.F.);
#144=ORIENTED_EDGE('',*,*,#620,.T.);
#145=ORIENTED_EDGE('',*,*,#561,.F.);
#146=ORIENTED_EDGE('',*,*,#620,.F.);
#147=ORIENTED_EDGE('',*,*,#621,.F.);
#148=ORIENTED_EDGE('',*,*,#622,.T.);
#149=ORIENTED_EDGE('',*,*,#562,.F.);
#150=ORIENTED_EDGE('',*,*,#622,.F.);
#151=ORIENTED_EDGE('',*,*,#623,.F.);
#152=ORIENTED_EDGE('',*,*,#601,.T.);
#153=ORIENTED_EDGE('',*,*,#624,.F.);
#154=ORIENTED_EDGE('',*,*,#625,.F.);
#155=ORIENTED_EDGE('',*,*,#556,.F.);
#156=ORIENTED_EDGE('',*,*,#626,.T.);
#157=ORIENTED_EDGE('',*,*,#627,.F.);
#158=ORIENTED_EDGE('',*,*,#628,.F.);
#159=ORIENTED_EDGE('',*,*,#557,.F.);
#160=ORIENTED_EDGE('',*,*,#625,.T.);
#161=ORIENTED_EDGE('',*,*,#629,.F.);
#162=ORIENTED_EDGE('',*,*,#630,.F.);
#163=ORIENTED_EDGE('',*,*,#558,.F.);
#164=ORIENTED_EDGE('',*,*,#628,.T.);
#165=ORIENTED_EDGE('',*,*,#544,.F.);
#166=ORIENTED_EDGE('',*,*,#607,.F.);
#167=ORIENTED_EDGE('',*,*,#631,.F.);
#168=ORIENTED_EDGE('',*,*,#632,.T.);
#169=ORIENTED_EDGE('',*,*,#633,.F.);
#170=ORIENTED_EDGE('',*,*,#634,.F.);
#171=ORIENTED_EDGE('',*,*,#635,.F.);
#172=ORIENTED_EDGE('',*,*,#636,.F.);
#173=ORIENTED_EDGE('',*,*,#545,.F.);
#174=ORIENTED_EDGE('',*,*,#634,.T.);
#175=ORIENTED_EDGE('',*,*,#637,.F.);
#176=ORIENTED_EDGE('',*,*,#638,.F.);
#177=ORIENTED_EDGE('',*,*,#564,.F.);
#178=ORIENTED_EDGE('',*,*,#636,.T.);
#179=ORIENTED_EDGE('',*,*,#639,.F.);
#180=ORIENTED_EDGE('',*,*,#640,.F.);
#181=ORIENTED_EDGE('',*,*,#554,.F.);
#182=ORIENTED_EDGE('',*,*,#641,.T.);
#183=ORIENTED_EDGE('',*,*,#642,.F.);
#184=ORIENTED_EDGE('',*,*,#626,.F.);
#185=ORIENTED_EDGE('',*,*,#555,.F.);
#186=ORIENTED_EDGE('',*,*,#640,.T.);
#187=ORIENTED_EDGE('',*,*,#643,.F.);
#188=ORIENTED_EDGE('',*,*,#644,.T.);
#189=ORIENTED_EDGE('',*,*,#577,.T.);
#190=ORIENTED_EDGE('',*,*,#581,.T.);
#191=ORIENTED_EDGE('',*,*,#584,.F.);
#192=ORIENTED_EDGE('',*,*,#550,.F.);
#193=ORIENTED_EDGE('',*,*,#547,.F.);
#194=ORIENTED_EDGE('',*,*,#576,.F.);
#195=ORIENTED_EDGE('',*,*,#645,.T.);
#196=ORIENTED_EDGE('',*,*,#646,.F.);
#197=ORIENTED_EDGE('',*,*,#647,.T.);
#198=ORIENTED_EDGE('',*,*,#648,.T.);
#199=ORIENTED_EDGE('',*,*,#649,.F.);
#200=ORIENTED_EDGE('',*,*,#650,.T.);
#201=ORIENTED_EDGE('',*,*,#651,.T.);
#202=ORIENTED_EDGE('',*,*,#652,.F.);
#203=ORIENTED_EDGE('',*,*,#653,.F.);
#204=ORIENTED_EDGE('',*,*,#654,.T.);
#205=ORIENTED_EDGE('',*,*,#655,.T.);
#206=ORIENTED_EDGE('',*,*,#653,.T.);
#207=ORIENTED_EDGE('',*,*,#656,.F.);
#208=ORIENTED_EDGE('',*,*,#657,.F.);
#209=ORIENTED_EDGE('',*,*,#658,.T.);
#210=ORIENTED_EDGE('',*,*,#641,.F.);
#211=ORIENTED_EDGE('',*,*,#553,.T.);
#212=ORIENTED_EDGE('',*,*,#630,.T.);
#213=ORIENTED_EDGE('',*,*,#659,.T.);
#214=ORIENTED_EDGE('',*,*,#660,.F.);
#215=ORIENTED_EDGE('',*,*,#661,.F.);
#216=ORIENTED_EDGE('',*,*,#662,.T.);
#217=ORIENTED_EDGE('',*,*,#657,.T.);
#218=ORIENTED_EDGE('',*,*,#617,.F.);
#219=ORIENTED_EDGE('',*,*,#663,.F.);
#220=ORIENTED_EDGE('',*,*,#618,.T.);
#221=ORIENTED_EDGE('',*,*,#559,.F.);
#222=ORIENTED_EDGE('',*,*,#638,.T.);
#223=ORIENTED_EDGE('',*,*,#661,.T.);
#224=ORIENTED_EDGE('',*,*,#664,.T.);
#225=ORIENTED_EDGE('',*,*,#665,.F.);
#226=ORIENTED_EDGE('',*,*,#666,.T.);
#227=ORIENTED_EDGE('',*,*,#667,.F.);
#228=ORIENTED_EDGE('',*,*,#567,.F.);
#229=ORIENTED_EDGE('',*,*,#665,.T.);
#230=ORIENTED_EDGE('',*,*,#668,.T.);
#231=ORIENTED_EDGE('',*,*,#669,.F.);
#232=ORIENTED_EDGE('',*,*,#568,.F.);
#233=ORIENTED_EDGE('',*,*,#667,.T.);
#234=ORIENTED_EDGE('',*,*,#670,.T.);
#235=ORIENTED_EDGE('',*,*,#671,.F.);
#236=ORIENTED_EDGE('',*,*,#569,.F.);
#237=ORIENTED_EDGE('',*,*,#669,.T.);
#238=ORIENTED_EDGE('',*,*,#575,.F.);
#239=ORIENTED_EDGE('',*,*,#573,.F.);
#240=ORIENTED_EDGE('',*,*,#590,.T.);
#241=ORIENTED_EDGE('',*,*,#672,.F.);
#242=ORIENTED_EDGE('',*,*,#615,.T.);
#243=ORIENTED_EDGE('',*,*,#565,.F.);
#244=ORIENTED_EDGE('',*,*,#671,.T.);
#245=ORIENTED_EDGE('',*,*,#673,.T.);
#246=ORIENTED_EDGE('',*,*,#674,.F.);
#247=ORIENTED_EDGE('',*,*,#649,.T.);
#248=ORIENTED_EDGE('',*,*,#675,.T.);
#249=ORIENTED_EDGE('',*,*,#676,.T.);
#250=ORIENTED_EDGE('',*,*,#677,.T.);
#251=ORIENTED_EDGE('',*,*,#678,.F.);
#252=ORIENTED_EDGE('',*,*,#679,.T.);
#253=ORIENTED_EDGE('',*,*,#680,.F.);
#254=ORIENTED_EDGE('',*,*,#681,.T.);
#255=ORIENTED_EDGE('',*,*,#682,.F.);
#256=ORIENTED_EDGE('',*,*,#683,.F.);
#257=ORIENTED_EDGE('',*,*,#684,.T.);
#258=ORIENTED_EDGE('',*,*,#685,.T.);
#259=ORIENTED_EDGE('',*,*,#686,.T.);
#260=ORIENTED_EDGE('',*,*,#647,.F.);
#261=ORIENTED_EDGE('',*,*,#687,.F.);
#262=ORIENTED_EDGE('',*,*,#688,.F.);
#263=ORIENTED_EDGE('',*,*,#675,.F.);
#264=ORIENTED_EDGE('',*,*,#648,.F.);
#265=ORIENTED_EDGE('',*,*,#686,.F.);
#266=ORIENTED_EDGE('',*,*,#689,.F.);
#267=ORIENTED_EDGE('',*,*,#690,.F.);
#268=ORIENTED_EDGE('',*,*,#691,.F.);
#269=ORIENTED_EDGE('',*,*,#650,.F.);
#270=ORIENTED_EDGE('',*,*,#677,.F.);
#271=ORIENTED_EDGE('',*,*,#692,.F.);
#272=ORIENTED_EDGE('',*,*,#693,.F.);
#273=ORIENTED_EDGE('',*,*,#694,.F.);
#274=ORIENTED_EDGE('',*,*,#695,.T.);
#275=ORIENTED_EDGE('',*,*,#696,.F.);
#276=ORIENTED_EDGE('',*,*,#651,.F.);
#277=ORIENTED_EDGE('',*,*,#695,.F.);
#278=ORIENTED_EDGE('',*,*,#697,.F.);
#279=ORIENTED_EDGE('',*,*,#698,.T.);
#280=ORIENTED_EDGE('',*,*,#699,.F.);
#281=ORIENTED_EDGE('',*,*,#645,.F.);
#282=ORIENTED_EDGE('',*,*,#674,.T.);
#283=ORIENTED_EDGE('',*,*,#700,.F.);
#284=ORIENTED_EDGE('',*,*,#701,.F.);
#285=ORIENTED_EDGE('',*,*,#702,.T.);
#286=ORIENTED_EDGE('',*,*,#703,.F.);
#287=ORIENTED_EDGE('',*,*,#704,.T.);
#288=ORIENTED_EDGE('',*,*,#705,.F.);
#289=ORIENTED_EDGE('',*,*,#644,.F.);
#290=ORIENTED_EDGE('',*,*,#706,.T.);
#291=ORIENTED_EDGE('',*,*,#707,.F.);
#292=ORIENTED_EDGE('',*,*,#708,.F.);
#293=ORIENTED_EDGE('',*,*,#599,.T.);
#294=ORIENTED_EDGE('',*,*,#709,.F.);
#295=ORIENTED_EDGE('',*,*,#578,.T.);
#296=ORIENTED_EDGE('',*,*,#705,.T.);
#297=ORIENTED_EDGE('',*,*,#710,.T.);
#298=ORIENTED_EDGE('',*,*,#711,.F.);
#299=ORIENTED_EDGE('',*,*,#712,.F.);
#300=ORIENTED_EDGE('',*,*,#600,.T.);
#301=ORIENTED_EDGE('',*,*,#708,.T.);
#302=ORIENTED_EDGE('',*,*,#713,.T.);
#303=ORIENTED_EDGE('',*,*,#714,.T.);
#304=ORIENTED_EDGE('',*,*,#593,.T.);
#305=ORIENTED_EDGE('',*,*,#597,.T.);
#306=ORIENTED_EDGE('',*,*,#715,.F.);
#307=ORIENTED_EDGE('',*,*,#594,.F.);
#308=ORIENTED_EDGE('',*,*,#714,.F.);
#309=ORIENTED_EDGE('',*,*,#716,.T.);
#310=ORIENTED_EDGE('',*,*,#709,.T.);
#311=ORIENTED_EDGE('',*,*,#598,.T.);
#312=ORIENTED_EDGE('',*,*,#595,.T.);
#313=ORIENTED_EDGE('',*,*,#591,.T.);
#314=ORIENTED_EDGE('',*,*,#715,.T.);
#315=ORIENTED_EDGE('',*,*,#717,.F.);
#316=ORIENTED_EDGE('',*,*,#718,.T.);
#317=ORIENTED_EDGE('',*,*,#608,.T.);
#318=ORIENTED_EDGE('',*,*,#612,.T.);
#319=ORIENTED_EDGE('',*,*,#672,.T.);
#320=ORIENTED_EDGE('',*,*,#589,.F.);
#321=ORIENTED_EDGE('',*,*,#587,.F.);
#322=ORIENTED_EDGE('',*,*,#585,.F.);
#323=ORIENTED_EDGE('',*,*,#582,.T.);
#324=ORIENTED_EDGE('',*,*,#579,.T.);
#325=ORIENTED_EDGE('',*,*,#718,.F.);
#326=ORIENTED_EDGE('',*,*,#719,.F.);
#327=ORIENTED_EDGE('',*,*,#720,.F.);
#328=ORIENTED_EDGE('',*,*,#609,.T.);
#329=ORIENTED_EDGE('',*,*,#623,.T.);
#330=ORIENTED_EDGE('',*,*,#621,.T.);
#331=ORIENTED_EDGE('',*,*,#619,.T.);
#332=ORIENTED_EDGE('',*,*,#663,.T.);
#333=ORIENTED_EDGE('',*,*,#616,.T.);
#334=ORIENTED_EDGE('',*,*,#613,.T.);
#335=ORIENTED_EDGE('',*,*,#610,.T.);
#336=ORIENTED_EDGE('',*,*,#720,.T.);
#337=ORIENTED_EDGE('',*,*,#721,.T.);
#338=ORIENTED_EDGE('',*,*,#722,.T.);
#339=ORIENTED_EDGE('',*,*,#631,.T.);
#340=ORIENTED_EDGE('',*,*,#606,.T.);
#341=ORIENTED_EDGE('',*,*,#604,.T.);
#342=ORIENTED_EDGE('',*,*,#602,.T.);
#343=ORIENTED_EDGE('',*,*,#723,.F.);
#344=ORIENTED_EDGE('',*,*,#632,.F.);
#345=ORIENTED_EDGE('',*,*,#722,.F.);
#346=ORIENTED_EDGE('',*,*,#724,.T.);
#347=ORIENTED_EDGE('',*,*,#642,.T.);
#348=ORIENTED_EDGE('',*,*,#639,.T.);
#349=ORIENTED_EDGE('',*,*,#658,.F.);
#350=ORIENTED_EDGE('',*,*,#662,.F.);
#351=ORIENTED_EDGE('',*,*,#637,.T.);
#352=ORIENTED_EDGE('',*,*,#635,.T.);
#353=ORIENTED_EDGE('',*,*,#633,.T.);
#354=ORIENTED_EDGE('',*,*,#723,.T.);
#355=ORIENTED_EDGE('',*,*,#725,.T.);
#356=ORIENTED_EDGE('',*,*,#726,.F.);
#357=ORIENTED_EDGE('',*,*,#654,.F.);
#358=ORIENTED_EDGE('',*,*,#659,.F.);
#359=ORIENTED_EDGE('',*,*,#629,.T.);
#360=ORIENTED_EDGE('',*,*,#627,.T.);
#361=ORIENTED_EDGE('',*,*,#624,.T.);
#362=ORIENTED_EDGE('',*,*,#727,.F.);
#363=ORIENTED_EDGE('',*,*,#655,.F.);
#364=ORIENTED_EDGE('',*,*,#726,.T.);
#365=ORIENTED_EDGE('',*,*,#728,.T.);
#366=ORIENTED_EDGE('',*,*,#729,.T.);
#367=ORIENTED_EDGE('',*,*,#703,.T.);
#368=ORIENTED_EDGE('',*,*,#730,.F.);
#369=ORIENTED_EDGE('',*,*,#731,.T.);
#370=ORIENTED_EDGE('',*,*,#732,.T.);
#371=ORIENTED_EDGE('',*,*,#700,.T.);
#372=ORIENTED_EDGE('',*,*,#729,.F.);
#373=ORIENTED_EDGE('',*,*,#733,.T.);
#374=ORIENTED_EDGE('',*,*,#643,.T.);
#375=ORIENTED_EDGE('',*,*,#734,.F.);
#376=ORIENTED_EDGE('',*,*,#701,.T.);
#377=ORIENTED_EDGE('',*,*,#732,.F.);
#378=ORIENTED_EDGE('',*,*,#735,.T.);
#379=ORIENTED_EDGE('',*,*,#736,.T.);
#380=ORIENTED_EDGE('',*,*,#737,.F.);
#381=ORIENTED_EDGE('',*,*,#738,.F.);
#382=ORIENTED_EDGE('',*,*,#739,.F.);
#383=ORIENTED_EDGE('',*,*,#740,.F.);
#384=ORIENTED_EDGE('',*,*,#741,.T.);
#385=ORIENTED_EDGE('',*,*,#742,.F.);
#386=ORIENTED_EDGE('',*,*,#738,.T.);
#387=ORIENTED_EDGE('',*,*,#743,.F.);
#388=ORIENTED_EDGE('',*,*,#744,.F.);
#389=ORIENTED_EDGE('',*,*,#745,.F.);
#390=ORIENTED_EDGE('',*,*,#741,.F.);
#391=ORIENTED_EDGE('',*,*,#746,.F.);
#392=ORIENTED_EDGE('',*,*,#747,.T.);
#393=ORIENTED_EDGE('',*,*,#748,.F.);
#394=ORIENTED_EDGE('',*,*,#744,.T.);
#395=ORIENTED_EDGE('',*,*,#749,.F.);
#396=ORIENTED_EDGE('',*,*,#739,.T.);
#397=ORIENTED_EDGE('',*,*,#742,.T.);
#398=ORIENTED_EDGE('',*,*,#745,.T.);
#399=ORIENTED_EDGE('',*,*,#748,.T.);
#400=ORIENTED_EDGE('',*,*,#750,.T.);
#401=ORIENTED_EDGE('',*,*,#751,.F.);
#402=ORIENTED_EDGE('',*,*,#752,.F.);
#403=ORIENTED_EDGE('',*,*,#697,.T.);
#404=ORIENTED_EDGE('',*,*,#694,.T.);
#405=ORIENTED_EDGE('',*,*,#753,.F.);
#406=ORIENTED_EDGE('',*,*,#754,.T.);
#407=ORIENTED_EDGE('',*,*,#755,.T.);
#408=ORIENTED_EDGE('',*,*,#753,.T.);
#409=ORIENTED_EDGE('',*,*,#693,.T.);
#410=ORIENTED_EDGE('',*,*,#756,.F.);
#411=ORIENTED_EDGE('',*,*,#757,.F.);
#412=ORIENTED_EDGE('',*,*,#685,.F.);
#413=ORIENTED_EDGE('',*,*,#758,.T.);
#414=ORIENTED_EDGE('',*,*,#759,.T.);
#415=ORIENTED_EDGE('',*,*,#760,.T.);
#416=ORIENTED_EDGE('',*,*,#761,.F.);
#417=ORIENTED_EDGE('',*,*,#683,.T.);
#418=ORIENTED_EDGE('',*,*,#762,.F.);
#419=ORIENTED_EDGE('',*,*,#763,.T.);
#420=ORIENTED_EDGE('',*,*,#764,.T.);
#421=ORIENTED_EDGE('',*,*,#728,.F.);
#422=ORIENTED_EDGE('',*,*,#725,.F.);
#423=ORIENTED_EDGE('',*,*,#724,.F.);
#424=ORIENTED_EDGE('',*,*,#721,.F.);
#425=ORIENTED_EDGE('',*,*,#719,.T.);
#426=ORIENTED_EDGE('',*,*,#717,.T.);
#427=ORIENTED_EDGE('',*,*,#716,.F.);
#428=ORIENTED_EDGE('',*,*,#713,.F.);
#429=ORIENTED_EDGE('',*,*,#707,.T.);
#430=ORIENTED_EDGE('',*,*,#765,.F.);
#431=ORIENTED_EDGE('',*,*,#766,.F.);
#432=ORIENTED_EDGE('',*,*,#689,.T.);
#433=ORIENTED_EDGE('',*,*,#688,.T.);
#434=ORIENTED_EDGE('',*,*,#767,.F.);
#435=ORIENTED_EDGE('',*,*,#764,.F.);
#436=ORIENTED_EDGE('',*,*,#768,.F.);
#437=ORIENTED_EDGE('',*,*,#769,.F.);
#438=ORIENTED_EDGE('',*,*,#690,.T.);
#439=ORIENTED_EDGE('',*,*,#766,.T.);
#440=ORIENTED_EDGE('',*,*,#681,.F.);
#441=ORIENTED_EDGE('',*,*,#679,.F.);
#442=ORIENTED_EDGE('',*,*,#769,.T.);
#443=ORIENTED_EDGE('',*,*,#770,.T.);
#444=ORIENTED_EDGE('',*,*,#759,.F.);
#445=ORIENTED_EDGE('',*,*,#682,.T.);
#446=ORIENTED_EDGE('',*,*,#757,.T.);
#447=ORIENTED_EDGE('',*,*,#771,.T.);
#448=ORIENTED_EDGE('',*,*,#754,.F.);
#449=ORIENTED_EDGE('',*,*,#692,.T.);
#450=ORIENTED_EDGE('',*,*,#676,.F.);
#451=ORIENTED_EDGE('',*,*,#691,.T.);
#452=ORIENTED_EDGE('',*,*,#772,.F.);
#453=ORIENTED_EDGE('',*,*,#773,.T.);
#454=ORIENTED_EDGE('',*,*,#735,.F.);
#455=ORIENTED_EDGE('',*,*,#733,.F.);
#456=ORIENTED_EDGE('',*,*,#731,.F.);
#457=ORIENTED_EDGE('',*,*,#774,.F.);
#458=ORIENTED_EDGE('',*,*,#775,.F.);
#459=ORIENTED_EDGE('',*,*,#774,.T.);
#460=ORIENTED_EDGE('',*,*,#730,.T.);
#461=ORIENTED_EDGE('',*,*,#776,.T.);
#462=ORIENTED_EDGE('',*,*,#777,.T.);
#463=ORIENTED_EDGE('',*,*,#778,.F.);
#464=ORIENTED_EDGE('',*,*,#777,.F.);
#465=ORIENTED_EDGE('',*,*,#779,.T.);
#466=ORIENTED_EDGE('',*,*,#773,.F.);
#467=ORIENTED_EDGE('',*,*,#780,.T.);
#468=ORIENTED_EDGE('',*,*,#781,.T.);
#469=ORIENTED_EDGE('',*,*,#706,.F.);
#470=ORIENTED_EDGE('',*,*,#736,.F.);
#471=ORIENTED_EDGE('',*,*,#782,.T.);
#472=ORIENTED_EDGE('',*,*,#783,.T.);
#473=ORIENTED_EDGE('',*,*,#779,.F.);
#474=ORIENTED_EDGE('',*,*,#776,.F.);
#475=ORIENTED_EDGE('',*,*,#702,.F.);
#476=ORIENTED_EDGE('',*,*,#734,.T.);
#477=ORIENTED_EDGE('',*,*,#699,.T.);
#478=ORIENTED_EDGE('',*,*,#784,.F.);
#479=ORIENTED_EDGE('',*,*,#782,.F.);
#480=ORIENTED_EDGE('',*,*,#698,.F.);
#481=ORIENTED_EDGE('',*,*,#673,.F.);
#482=ORIENTED_EDGE('',*,*,#670,.F.);
#483=ORIENTED_EDGE('',*,*,#668,.F.);
#484=ORIENTED_EDGE('',*,*,#666,.F.);
#485=ORIENTED_EDGE('',*,*,#664,.F.);
#486=ORIENTED_EDGE('',*,*,#660,.T.);
#487=ORIENTED_EDGE('',*,*,#656,.T.);
#488=ORIENTED_EDGE('',*,*,#652,.T.);
#489=ORIENTED_EDGE('',*,*,#727,.T.);
#490=ORIENTED_EDGE('',*,*,#767,.T.);
#491=ORIENTED_EDGE('',*,*,#687,.T.);
#492=ORIENTED_EDGE('',*,*,#646,.T.);
#493=ORIENTED_EDGE('',*,*,#696,.T.);
#494=ORIENTED_EDGE('',*,*,#752,.T.);
#495=ORIENTED_EDGE('',*,*,#785,.F.);
#496=ORIENTED_EDGE('',*,*,#758,.F.);
#497=ORIENTED_EDGE('',*,*,#684,.F.);
#498=ORIENTED_EDGE('',*,*,#761,.T.);
#499=ORIENTED_EDGE('',*,*,#678,.T.);
#500=ORIENTED_EDGE('',*,*,#680,.T.);
#501=ORIENTED_EDGE('',*,*,#786,.T.);
#502=ORIENTED_EDGE('',*,*,#787,.T.);
#503=ORIENTED_EDGE('',*,*,#788,.F.);
#504=ORIENTED_EDGE('',*,*,#711,.T.);
#505=ORIENTED_EDGE('',*,*,#789,.F.);
#506=ORIENTED_EDGE('',*,*,#786,.F.);
#507=ORIENTED_EDGE('',*,*,#710,.F.);
#508=ORIENTED_EDGE('',*,*,#704,.F.);
#509=ORIENTED_EDGE('',*,*,#781,.F.);
#510=ORIENTED_EDGE('',*,*,#790,.F.);
#511=ORIENTED_EDGE('',*,*,#762,.T.);
#512=ORIENTED_EDGE('',*,*,#712,.T.);
#513=ORIENTED_EDGE('',*,*,#788,.T.);
#514=ORIENTED_EDGE('',*,*,#791,.F.);
#515=ORIENTED_EDGE('',*,*,#750,.F.);
#516=ORIENTED_EDGE('',*,*,#747,.F.);
#517=ORIENTED_EDGE('',*,*,#784,.T.);
#518=ORIENTED_EDGE('',*,*,#760,.F.);
#519=ORIENTED_EDGE('',*,*,#770,.F.);
#520=ORIENTED_EDGE('',*,*,#768,.T.);
#521=ORIENTED_EDGE('',*,*,#765,.T.);
#522=ORIENTED_EDGE('',*,*,#763,.F.);
#523=ORIENTED_EDGE('',*,*,#790,.T.);
#524=ORIENTED_EDGE('',*,*,#746,.T.);
#525=ORIENTED_EDGE('',*,*,#743,.T.);
#526=ORIENTED_EDGE('',*,*,#740,.T.);
#527=ORIENTED_EDGE('',*,*,#737,.T.);
#528=ORIENTED_EDGE('',*,*,#749,.T.);
#529=ORIENTED_EDGE('',*,*,#791,.T.);
#530=ORIENTED_EDGE('',*,*,#787,.F.);
#531=ORIENTED_EDGE('',*,*,#789,.T.);
#532=ORIENTED_EDGE('',*,*,#780,.F.);
#533=ORIENTED_EDGE('',*,*,#772,.T.);
#534=ORIENTED_EDGE('',*,*,#775,.T.);
#535=ORIENTED_EDGE('',*,*,#778,.T.);
#536=ORIENTED_EDGE('',*,*,#783,.F.);
#537=ORIENTED_EDGE('',*,*,#756,.T.);
#538=ORIENTED_EDGE('',*,*,#785,.T.);
#539=ORIENTED_EDGE('',*,*,#751,.T.);
#540=ORIENTED_EDGE('',*,*,#755,.F.);
#541=ORIENTED_EDGE('',*,*,#771,.F.);
#542=EDGE_CURVE('',#792,#793,#956,.T.);
#543=EDGE_CURVE('',#793,#794,#957,.T.);
#544=EDGE_CURVE('',#794,#795,#958,.T.);
#545=EDGE_CURVE('',#795,#792,#959,.T.);
#546=EDGE_CURVE('',#796,#797,#960,.T.);
#547=EDGE_CURVE('',#797,#798,#961,.T.);
#548=EDGE_CURVE('',#799,#798,#962,.T.);
#549=EDGE_CURVE('',#799,#796,#963,.T.);
#550=EDGE_CURVE('',#798,#800,#964,.T.);
#551=EDGE_CURVE('',#801,#800,#965,.T.);
#552=EDGE_CURVE('',#801,#799,#966,.T.);
#553=EDGE_CURVE('',#802,#803,#967,.T.);
#554=EDGE_CURVE('',#802,#804,#968,.T.);
#555=EDGE_CURVE('',#804,#805,#969,.T.);
#556=EDGE_CURVE('',#805,#806,#970,.T.);
#557=EDGE_CURVE('',#806,#807,#971,.T.);
#558=EDGE_CURVE('',#807,#803,#972,.T.);
#559=EDGE_CURVE('',#808,#809,#973,.T.);
#560=EDGE_CURVE('',#809,#810,#974,.T.);
#561=EDGE_CURVE('',#810,#811,#975,.T.);
#562=EDGE_CURVE('',#811,#812,#976,.T.);
#563=EDGE_CURVE('',#812,#792,#977,.T.);
#564=EDGE_CURVE('',#792,#808,#978,.T.);
#565=EDGE_CURVE('',#813,#814,#979,.T.);
#566=EDGE_CURVE('',#814,#815,#980,.T.);
#567=EDGE_CURVE('',#815,#816,#981,.T.);
#568=EDGE_CURVE('',#816,#817,#982,.T.);
#569=EDGE_CURVE('',#817,#813,#983,.T.);
#570=EDGE_CURVE('',#818,#801,#984,.T.);
#571=EDGE_CURVE('',#819,#818,#985,.T.);
#572=EDGE_CURVE('',#820,#819,#986,.T.);
#573=EDGE_CURVE('',#820,#821,#987,.T.);
#574=EDGE_CURVE('',#796,#821,#988,.T.);
#575=EDGE_CURVE('',#821,#822,#989,.T.);
#576=EDGE_CURVE('',#822,#797,#990,.T.);
#577=EDGE_CURVE('',#823,#824,#991,.T.);
#578=EDGE_CURVE('',#825,#823,#992,.T.);
#579=EDGE_CURVE('',#826,#825,#993,.T.);
#580=EDGE_CURVE('',#826,#824,#994,.T.);
#581=EDGE_CURVE('',#824,#827,#995,.T.);
#582=EDGE_CURVE('',#828,#826,#996,.T.);
#583=EDGE_CURVE('',#828,#827,#997,.T.);
#584=EDGE_CURVE('',#800,#827,#998,.T.);
#585=EDGE_CURVE('',#828,#829,#999,.T.);
#586=EDGE_CURVE('',#818,#829,#1000,.T.);
#587=EDGE_CURVE('',#829,#830,#1001,.T.);
#588=EDGE_CURVE('',#819,#830,#1002,.T.);
#589=EDGE_CURVE('',#830,#831,#1003,.T.);
#590=EDGE_CURVE('',#820,#831,#1004,.T.);
#591=EDGE_CURVE('',#832,#833,#1005,.T.);
#592=EDGE_CURVE('',#834,#832,#1006,.T.);
#593=EDGE_CURVE('',#835,#834,#1007,.T.);
#594=EDGE_CURVE('',#835,#833,#1008,.T.);
#595=EDGE_CURVE('',#836,#832,#1009,.T.);
#596=EDGE_CURVE('',#837,#836,#1010,.T.);
#597=EDGE_CURVE('',#834,#837,#1011,.T.);
#598=EDGE_CURVE('',#838,#836,#1012,.T.);
#599=EDGE_CURVE('',#839,#838,#1013,.T.);
#600=EDGE_CURVE('',#837,#839,#1014,.T.);
#601=EDGE_CURVE('',#840,#812,#1015,.T.);
#602=EDGE_CURVE('',#841,#840,#1016,.T.);
#603=EDGE_CURVE('',#841,#792,#1017,.T.);
#604=EDGE_CURVE('',#842,#841,#1018,.T.);
#605=EDGE_CURVE('',#842,#793,#1019,.T.);
#606=EDGE_CURVE('',#843,#842,#1020,.T.);
#607=EDGE_CURVE('',#843,#794,#1021,.T.);
#608=EDGE_CURVE('',#844,#845,#1022,.T.);
#609=EDGE_CURVE('',#846,#844,#1023,.T.);
#610=EDGE_CURVE('',#847,#846,#1024,.T.);
#611=EDGE_CURVE('',#847,#845,#1025,.T.);
#612=EDGE_CURVE('',#845,#848,#1026,.T.);
#613=EDGE_CURVE('',#849,#847,#1027,.T.);
#614=EDGE_CURVE('',#849,#848,#1028,.T.);
#615=EDGE_CURVE('',#848,#814,#1029,.T.);
#616=EDGE_CURVE('',#850,#849,#1030,.T.);
#617=EDGE_CURVE('',#850,#815,#1031,.T.);
#618=EDGE_CURVE('',#851,#809,#1032,.T.);
#619=EDGE_CURVE('',#852,#851,#1033,.T.);
#620=EDGE_CURVE('',#852,#810,#1034,.T.);
#621=EDGE_CURVE('',#853,#852,#1035,.T.);
#622=EDGE_CURVE('',#853,#811,#1036,.T.);
#623=EDGE_CURVE('',#840,#853,#1037,.T.);
#624=EDGE_CURVE('',#854,#855,#1038,.T.);
#625=EDGE_CURVE('',#806,#854,#1039,.T.);
#626=EDGE_CURVE('',#805,#855,#1040,.T.);
#627=EDGE_CURVE('',#856,#854,#1041,.T.);
#628=EDGE_CURVE('',#807,#856,#1042,.T.);
#629=EDGE_CURVE('',#857,#856,#1043,.T.);
#630=EDGE_CURVE('',#803,#857,#1044,.T.);
#631=EDGE_CURVE('',#858,#843,#1045,.T.);
#632=EDGE_CURVE('',#858,#859,#1046,.T.);
#633=EDGE_CURVE('',#860,#859,#1047,.T.);
#634=EDGE_CURVE('',#795,#860,#1048,.T.);
#635=EDGE_CURVE('',#861,#860,#1049,.T.);
#636=EDGE_CURVE('',#792,#861,#1050,.T.);
#637=EDGE_CURVE('',#862,#861,#1051,.T.);
#638=EDGE_CURVE('',#808,#862,#1052,.T.);
#639=EDGE_CURVE('',#863,#864,#1053,.T.);
#640=EDGE_CURVE('',#804,#863,#1054,.T.);
#641=EDGE_CURVE('',#802,#864,#1055,.T.);
#642=EDGE_CURVE('',#855,#863,#1056,.T.);
#643=EDGE_CURVE('',#865,#866,#1057,.T.);
#644=EDGE_CURVE('',#865,#823,#1058,.T.);
#645=EDGE_CURVE('',#822,#866,#1059,.T.);
#646=EDGE_CURVE('',#867,#868,#1060,.T.);
#647=EDGE_CURVE('',#867,#869,#1061,.T.);
#648=EDGE_CURVE('',#869,#870,#24,.T.);
#649=EDGE_CURVE('',#871,#870,#1062,.T.);
#650=EDGE_CURVE('',#871,#872,#25,.T.);
#651=EDGE_CURVE('',#872,#868,#1063,.F.);
#652=EDGE_CURVE('',#873,#874,#1064,.T.);
#653=EDGE_CURVE('',#875,#873,#1065,.T.);
#654=EDGE_CURVE('',#875,#876,#1066,.T.);
#655=EDGE_CURVE('',#876,#874,#1067,.T.);
#656=EDGE_CURVE('',#877,#873,#1068,.T.);
#657=EDGE_CURVE('',#878,#877,#1069,.T.);
#658=EDGE_CURVE('',#878,#864,#1070,.T.);
#659=EDGE_CURVE('',#857,#875,#1071,.T.);
#660=EDGE_CURVE('',#879,#877,#1072,.T.);
#661=EDGE_CURVE('',#862,#879,#1073,.T.);
#662=EDGE_CURVE('',#862,#878,#1074,.T.);
#663=EDGE_CURVE('',#851,#850,#1075,.T.);
#664=EDGE_CURVE('',#879,#880,#1076,.T.);
#665=EDGE_CURVE('',#815,#880,#1077,.T.);
#666=EDGE_CURVE('',#880,#881,#1078,.T.);
#667=EDGE_CURVE('',#816,#881,#1079,.T.);
#668=EDGE_CURVE('',#881,#882,#1080,.T.);
#669=EDGE_CURVE('',#817,#882,#1081,.T.);
#670=EDGE_CURVE('',#882,#883,#1082,.T.);
#671=EDGE_CURVE('',#813,#883,#1083,.T.);
#672=EDGE_CURVE('',#848,#831,#1084,.T.);
#673=EDGE_CURVE('',#883,#884,#1085,.T.);
#674=EDGE_CURVE('',#822,#884,#1086,.T.);
#675=EDGE_CURVE('',#870,#885,#1087,.T.);
#676=EDGE_CURVE('',#885,#886,#1088,.T.);
#677=EDGE_CURVE('',#886,#871,#1089,.F.);
#678=EDGE_CURVE('',#887,#887,#12,.T.);
#679=EDGE_CURVE('',#888,#888,#13,.F.);
#680=EDGE_CURVE('',#889,#889,#14,.T.);
#681=EDGE_CURVE('',#890,#890,#15,.F.);
#682=EDGE_CURVE('',#891,#892,#1090,.T.);
#683=EDGE_CURVE('',#893,#891,#1091,.T.);
#684=EDGE_CURVE('',#893,#894,#1092,.T.);
#685=EDGE_CURVE('',#894,#892,#1093,.T.);
#686=EDGE_CURVE('',#895,#869,#26,.T.);
#687=EDGE_CURVE('',#896,#867,#27,.T.);
#688=EDGE_CURVE('',#895,#896,#1094,.T.);
#689=EDGE_CURVE('',#897,#895,#28,.F.);
#690=EDGE_CURVE('',#898,#897,#1095,.F.);
#691=EDGE_CURVE('',#885,#898,#16,.F.);
#692=EDGE_CURVE('',#899,#886,#17,.F.);
#693=EDGE_CURVE('',#900,#899,#1096,.T.);
#694=EDGE_CURVE('',#901,#900,#29,.T.);
#695=EDGE_CURVE('',#901,#872,#30,.T.);
#696=EDGE_CURVE('',#868,#902,#31,.T.);
#697=EDGE_CURVE('',#902,#901,#1097,.T.);
#698=EDGE_CURVE('',#884,#903,#1098,.T.);
#699=EDGE_CURVE('',#866,#903,#1099,.T.);
#700=EDGE_CURVE('',#904,#905,#1100,.T.);
#701=EDGE_CURVE('',#906,#904,#1101,.T.);
#702=EDGE_CURVE('',#906,#907,#1102,.T.);
#703=EDGE_CURVE('',#905,#907,#1103,.T.);
#704=EDGE_CURVE('',#908,#909,#1104,.T.);
#705=EDGE_CURVE('',#823,#909,#1105,.T.);
#706=EDGE_CURVE('',#865,#908,#1106,.T.);
#707=EDGE_CURVE('',#910,#911,#1107,.T.);
#708=EDGE_CURVE('',#839,#910,#1108,.T.);
#709=EDGE_CURVE('',#825,#838,#1109,.T.);
#710=EDGE_CURVE('',#909,#912,#1110,.T.);
#711=EDGE_CURVE('',#913,#912,#1111,.T.);
#712=EDGE_CURVE('',#911,#913,#1112,.T.);
#713=EDGE_CURVE('',#910,#914,#1113,.T.);
#714=EDGE_CURVE('',#914,#835,#1114,.T.);
#715=EDGE_CURVE('',#833,#915,#1115,.T.);
#716=EDGE_CURVE('',#914,#915,#1116,.T.);
#717=EDGE_CURVE('',#916,#915,#1117,.T.);
#718=EDGE_CURVE('',#916,#844,#1118,.T.);
#719=EDGE_CURVE('',#917,#916,#1119,.T.);
#720=EDGE_CURVE('',#846,#917,#1120,.T.);
#721=EDGE_CURVE('',#917,#918,#1121,.T.);
#722=EDGE_CURVE('',#918,#858,#1122,.T.);
#723=EDGE_CURVE('',#859,#919,#1123,.T.);
#724=EDGE_CURVE('',#918,#919,#1124,.T.);
#725=EDGE_CURVE('',#919,#920,#1125,.T.);
#726=EDGE_CURVE('',#876,#920,#1126,.T.);
#727=EDGE_CURVE('',#874,#921,#1127,.T.);
#728=EDGE_CURVE('',#920,#921,#1128,.T.);
#729=EDGE_CURVE('',#922,#905,#1129,.T.);
#730=EDGE_CURVE('',#923,#907,#1130,.T.);
#731=EDGE_CURVE('',#923,#922,#1131,.T.);
#732=EDGE_CURVE('',#924,#904,#1132,.T.);
#733=EDGE_CURVE('',#922,#924,#1133,.T.);
#734=EDGE_CURVE('',#906,#866,#1134,.T.);
#735=EDGE_CURVE('',#924,#925,#1135,.T.);
#736=EDGE_CURVE('',#925,#865,#1136,.T.);
#737=EDGE_CURVE('',#926,#927,#1137,.T.);
#738=EDGE_CURVE('',#928,#926,#1138,.T.);
#739=EDGE_CURVE('',#927,#928,#1139,.T.);
#740=EDGE_CURVE('',#929,#926,#1140,.T.);
#741=EDGE_CURVE('',#929,#930,#1141,.T.);
#742=EDGE_CURVE('',#928,#930,#1142,.T.);
#743=EDGE_CURVE('',#931,#929,#1143,.T.);
#744=EDGE_CURVE('',#932,#931,#1144,.T.);
#745=EDGE_CURVE('',#930,#932,#1145,.T.);
#746=EDGE_CURVE('',#933,#931,#1146,.T.);
#747=EDGE_CURVE('',#933,#934,#1147,.T.);
#748=EDGE_CURVE('',#932,#934,#1148,.T.);
#749=EDGE_CURVE('',#927,#935,#1149,.T.);
#750=EDGE_CURVE('',#934,#935,#1150,.T.);
#751=EDGE_CURVE('',#936,#937,#1151,.T.);
#752=EDGE_CURVE('',#902,#936,#1152,.T.);
#753=EDGE_CURVE('',#937,#900,#1153,.T.);
#754=EDGE_CURVE('',#899,#938,#1154,.T.);
#755=EDGE_CURVE('',#938,#937,#1155,.T.);
#756=EDGE_CURVE('',#939,#940,#1156,.T.);
#757=EDGE_CURVE('',#892,#939,#1157,.T.);
#758=EDGE_CURVE('',#894,#940,#1158,.T.);
#759=EDGE_CURVE('',#891,#941,#1159,.T.);
#760=EDGE_CURVE('',#941,#942,#1160,.T.);
#761=EDGE_CURVE('',#893,#942,#1161,.T.);
#762=EDGE_CURVE('',#943,#911,#1162,.T.);
#763=EDGE_CURVE('',#943,#944,#1163,.T.);
#764=EDGE_CURVE('',#944,#921,#1164,.T.);
#765=EDGE_CURVE('',#945,#944,#1165,.F.);
#766=EDGE_CURVE('',#897,#945,#1166,.T.);
#767=EDGE_CURVE('',#921,#896,#1167,.T.);
#768=EDGE_CURVE('',#946,#945,#1168,.T.);
#769=EDGE_CURVE('',#898,#946,#1169,.T.);
#770=EDGE_CURVE('',#946,#941,#1170,.T.);
#771=EDGE_CURVE('',#939,#938,#1171,.T.);
#772=EDGE_CURVE('',#947,#948,#1172,.T.);
#773=EDGE_CURVE('',#947,#925,#1173,.T.);
#774=EDGE_CURVE('',#948,#923,#1174,.T.);
#775=EDGE_CURVE('',#948,#949,#1175,.T.);
#776=EDGE_CURVE('',#907,#950,#1176,.T.);
#777=EDGE_CURVE('',#950,#949,#1177,.T.);
#778=EDGE_CURVE('',#949,#951,#1178,.T.);
#779=EDGE_CURVE('',#950,#951,#1179,.T.);
#780=EDGE_CURVE('',#947,#952,#1180,.T.);
#781=EDGE_CURVE('',#952,#908,#1181,.T.);
#782=EDGE_CURVE('',#903,#953,#1182,.T.);
#783=EDGE_CURVE('',#953,#951,#1183,.T.);
#784=EDGE_CURVE('',#953,#942,#1184,.T.);
#785=EDGE_CURVE('',#940,#936,#1185,.T.);
#786=EDGE_CURVE('',#912,#954,#1186,.T.);
#787=EDGE_CURVE('',#954,#955,#1187,.T.);
#788=EDGE_CURVE('',#913,#955,#1188,.T.);
#789=EDGE_CURVE('',#954,#952,#1189,.T.);
#790=EDGE_CURVE('',#943,#933,#1190,.T.);
#791=EDGE_CURVE('',#935,#955,#1191,.T.);
#792=VERTEX_POINT('',#2421);
#793=VERTEX_POINT('',#2422);
#794=VERTEX_POINT('',#2424);
#795=VERTEX_POINT('',#2426);
#796=VERTEX_POINT('',#2430);
#797=VERTEX_POINT('',#2431);
#798=VERTEX_POINT('',#2433);
#799=VERTEX_POINT('',#2435);
#800=VERTEX_POINT('',#2439);
#801=VERTEX_POINT('',#2441);
#802=VERTEX_POINT('',#2445);
#803=VERTEX_POINT('',#2446);
#804=VERTEX_POINT('',#2448);
#805=VERTEX_POINT('',#2450);
#806=VERTEX_POINT('',#2452);
#807=VERTEX_POINT('',#2454);
#808=VERTEX_POINT('',#2458);
#809=VERTEX_POINT('',#2459);
#810=VERTEX_POINT('',#2461);
#811=VERTEX_POINT('',#2463);
#812=VERTEX_POINT('',#2465);
#813=VERTEX_POINT('',#2470);
#814=VERTEX_POINT('',#2471);
#815=VERTEX_POINT('',#2473);
#816=VERTEX_POINT('',#2475);
#817=VERTEX_POINT('',#2477);
#818=VERTEX_POINT('',#2481);
#819=VERTEX_POINT('',#2483);
#820=VERTEX_POINT('',#2485);
#821=VERTEX_POINT('',#2487);
#822=VERTEX_POINT('',#2491);
#823=VERTEX_POINT('',#2495);
#824=VERTEX_POINT('',#2496);
#825=VERTEX_POINT('',#2498);
#826=VERTEX_POINT('',#2500);
#827=VERTEX_POINT('',#2504);
#828=VERTEX_POINT('',#2506);
#829=VERTEX_POINT('',#2511);
#830=VERTEX_POINT('',#2515);
#831=VERTEX_POINT('',#2519);
#832=VERTEX_POINT('',#2523);
#833=VERTEX_POINT('',#2524);
#834=VERTEX_POINT('',#2526);
#835=VERTEX_POINT('',#2528);
#836=VERTEX_POINT('',#2532);
#837=VERTEX_POINT('',#2534);
#838=VERTEX_POINT('',#2538);
#839=VERTEX_POINT('',#2540);
#840=VERTEX_POINT('',#2544);
#841=VERTEX_POINT('',#2546);
#842=VERTEX_POINT('',#2550);
#843=VERTEX_POINT('',#2554);
#844=VERTEX_POINT('',#2558);
#845=VERTEX_POINT('',#2559);
#846=VERTEX_POINT('',#2561);
#847=VERTEX_POINT('',#2563);
#848=VERTEX_POINT('',#2567);
#849=VERTEX_POINT('',#2569);
#850=VERTEX_POINT('',#2574);
#851=VERTEX_POINT('',#2578);
#852=VERTEX_POINT('',#2580);
#853=VERTEX_POINT('',#2584);
#854=VERTEX_POINT('',#2590);
#855=VERTEX_POINT('',#2591);
#856=VERTEX_POINT('',#2596);
#857=VERTEX_POINT('',#2600);
#858=VERTEX_POINT('',#2604);
#859=VERTEX_POINT('',#2606);
#860=VERTEX_POINT('',#2608);
#861=VERTEX_POINT('',#2612);
#862=VERTEX_POINT('',#2616);
#863=VERTEX_POINT('',#2620);
#864=VERTEX_POINT('',#2621);
#865=VERTEX_POINT('',#2628);
#866=VERTEX_POINT('',#2629);
#867=VERTEX_POINT('',#2634);
#868=VERTEX_POINT('',#2635);
#869=VERTEX_POINT('',#2637);
#870=VERTEX_POINT('',#2639);
#871=VERTEX_POINT('',#2641);
#872=VERTEX_POINT('',#2643);
#873=VERTEX_POINT('',#2647);
#874=VERTEX_POINT('',#2648);
#875=VERTEX_POINT('',#2650);
#876=VERTEX_POINT('',#2652);
#877=VERTEX_POINT('',#2656);
#878=VERTEX_POINT('',#2658);
#879=VERTEX_POINT('',#2663);
#880=VERTEX_POINT('',#2669);
#881=VERTEX_POINT('',#2673);
#882=VERTEX_POINT('',#2677);
#883=VERTEX_POINT('',#2681);
#884=VERTEX_POINT('',#2686);
#885=VERTEX_POINT('',#2690);
#886=VERTEX_POINT('',#2692);
#887=VERTEX_POINT('',#2696);
#888=VERTEX_POINT('',#2698);
#889=VERTEX_POINT('',#2701);
#890=VERTEX_POINT('',#2703);
#891=VERTEX_POINT('',#2706);
#892=VERTEX_POINT('',#2707);
#893=VERTEX_POINT('',#2709);
#894=VERTEX_POINT('',#2711);
#895=VERTEX_POINT('',#2715);
#896=VERTEX_POINT('',#2717);
#897=VERTEX_POINT('',#2721);
#898=VERTEX_POINT('',#2723);
#899=VERTEX_POINT('',#2727);
#900=VERTEX_POINT('',#2729);
#901=VERTEX_POINT('',#2731);
#902=VERTEX_POINT('',#2735);
#903=VERTEX_POINT('',#2739);
#904=VERTEX_POINT('',#2743);
#905=VERTEX_POINT('',#2744);
#906=VERTEX_POINT('',#2746);
#907=VERTEX_POINT('',#2748);
#908=VERTEX_POINT('',#2752);
#909=VERTEX_POINT('',#2753);
#910=VERTEX_POINT('',#2758);
#911=VERTEX_POINT('',#2759);
#912=VERTEX_POINT('',#2763);
#913=VERTEX_POINT('',#2765);
#914=VERTEX_POINT('',#2769);
#915=VERTEX_POINT('',#2773);
#916=VERTEX_POINT('',#2777);
#917=VERTEX_POINT('',#2781);
#918=VERTEX_POINT('',#2785);
#919=VERTEX_POINT('',#2789);
#920=VERTEX_POINT('',#2793);
#921=VERTEX_POINT('',#2797);
#922=VERTEX_POINT('',#2801);
#923=VERTEX_POINT('',#2803);
#924=VERTEX_POINT('',#2807);
#925=VERTEX_POINT('',#2812);
#926=VERTEX_POINT('',#2816);
#927=VERTEX_POINT('',#2817);
#928=VERTEX_POINT('',#2819);
#929=VERTEX_POINT('',#2823);
#930=VERTEX_POINT('',#2825);
#931=VERTEX_POINT('',#2829);
#932=VERTEX_POINT('',#2831);
#933=VERTEX_POINT('',#2835);
#934=VERTEX_POINT('',#2837);
#935=VERTEX_POINT('',#2841);
#936=VERTEX_POINT('',#2845);
#937=VERTEX_POINT('',#2846);
#938=VERTEX_POINT('',#2851);
#939=VERTEX_POINT('',#2855);
#940=VERTEX_POINT('',#2856);
#941=VERTEX_POINT('',#2861);
#942=VERTEX_POINT('',#2863);
#943=VERTEX_POINT('',#2867);
#944=VERTEX_POINT('',#2869);
#945=VERTEX_POINT('',#2873);
#946=VERTEX_POINT('',#2878);
#947=VERTEX_POINT('',#2885);
#948=VERTEX_POINT('',#2886);
#949=VERTEX_POINT('',#2891);
#950=VERTEX_POINT('',#2893);
#951=VERTEX_POINT('',#2897);
#952=VERTEX_POINT('',#2901);
#953=VERTEX_POINT('',#2905);
#954=VERTEX_POINT('',#2912);
#955=VERTEX_POINT('',#2914);
#956=LINE('',#2420,#1192);
#957=LINE('',#2423,#1193);
#958=LINE('',#2425,#1194);
#959=LINE('',#2427,#1195);
#960=LINE('',#2429,#1196);
#961=LINE('',#2432,#1197);
#962=LINE('',#2434,#1198);
#963=LINE('',#2436,#1199);
#964=LINE('',#2438,#1200);
#965=LINE('',#2440,#1201);
#966=LINE('',#2442,#1202);
#967=LINE('',#2444,#1203);
#968=LINE('',#2447,#1204);
#969=LINE('',#2449,#1205);
#970=LINE('',#2451,#1206);
#971=LINE('',#2453,#1207);
#972=LINE('',#2455,#1208);
#973=LINE('',#2457,#1209);
#974=LINE('',#2460,#1210);
#975=LINE('',#2462,#1211);
#976=LINE('',#2464,#1212);
#977=LINE('',#2466,#1213);
#978=LINE('',#2467,#1214);
#979=LINE('',#2469,#1215);
#980=LINE('',#2472,#1216);
#981=LINE('',#2474,#1217);
#982=LINE('',#2476,#1218);
#983=LINE('',#2478,#1219);
#984=LINE('',#2480,#1220);
#985=LINE('',#2482,#1221);
#986=LINE('',#2484,#1222);
#987=LINE('',#2486,#1223);
#988=LINE('',#2488,#1224);
#989=LINE('',#2490,#1225);
#990=LINE('',#2492,#1226);
#991=LINE('',#2494,#1227);
#992=LINE('',#2497,#1228);
#993=LINE('',#2499,#1229);
#994=LINE('',#2501,#1230);
#995=LINE('',#2503,#1231);
#996=LINE('',#2505,#1232);
#997=LINE('',#2507,#1233);
#998=LINE('',#2509,#1234);
#999=LINE('',#2510,#1235);
#1000=LINE('',#2512,#1236);
#1001=LINE('',#2514,#1237);
#1002=LINE('',#2516,#1238);
#1003=LINE('',#2518,#1239);
#1004=LINE('',#2520,#1240);
#1005=LINE('',#2522,#1241);
#1006=LINE('',#2525,#1242);
#1007=LINE('',#2527,#1243);
#1008=LINE('',#2529,#1244);
#1009=LINE('',#2531,#1245);
#1010=LINE('',#2533,#1246);
#1011=LINE('',#2535,#1247);
#1012=LINE('',#2537,#1248);
#1013=LINE('',#2539,#1249);
#1014=LINE('',#2541,#1250);
#1015=LINE('',#2543,#1251);
#1016=LINE('',#2545,#1252);
#1017=LINE('',#2547,#1253);
#1018=LINE('',#2549,#1254);
#1019=LINE('',#2551,#1255);
#1020=LINE('',#2553,#1256);
#1021=LINE('',#2555,#1257);
#1022=LINE('',#2557,#1258);
#1023=LINE('',#2560,#1259);
#1024=LINE('',#2562,#1260);
#1025=LINE('',#2564,#1261);
#1026=LINE('',#2566,#1262);
#1027=LINE('',#2568,#1263);
#1028=LINE('',#2570,#1264);
#1029=LINE('',#2572,#1265);
#1030=LINE('',#2573,#1266);
#1031=LINE('',#2575,#1267);
#1032=LINE('',#2577,#1268);
#1033=LINE('',#2579,#1269);
#1034=LINE('',#2581,#1270);
#1035=LINE('',#2583,#1271);
#1036=LINE('',#2585,#1272);
#1037=LINE('',#2587,#1273);
#1038=LINE('',#2589,#1274);
#1039=LINE('',#2592,#1275);
#1040=LINE('',#2593,#1276);
#1041=LINE('',#2595,#1277);
#1042=LINE('',#2597,#1278);
#1043=LINE('',#2599,#1279);
#1044=LINE('',#2601,#1280);
#1045=LINE('',#2603,#1281);
#1046=LINE('',#2605,#1282);
#1047=LINE('',#2607,#1283);
#1048=LINE('',#2609,#1284);
#1049=LINE('',#2611,#1285);
#1050=LINE('',#2613,#1286);
#1051=LINE('',#2615,#1287);
#1052=LINE('',#2617,#1288);
#1053=LINE('',#2619,#1289);
#1054=LINE('',#2622,#1290);
#1055=LINE('',#2623,#1291);
#1056=LINE('',#2625,#1292);
#1057=LINE('',#2627,#1293);
#1058=LINE('',#2630,#1294);
#1059=LINE('',#2631,#1295);
#1060=LINE('',#2633,#1296);
#1061=LINE('',#2636,#1297);
#1062=LINE('',#2640,#1298);
#1063=LINE('',#2644,#1299);
#1064=LINE('',#2646,#1300);
#1065=LINE('',#2649,#1301);
#1066=LINE('',#2651,#1302);
#1067=LINE('',#2653,#1303);
#1068=LINE('',#2655,#1304);
#1069=LINE('',#2657,#1305);
#1070=LINE('',#2659,#1306);
#1071=LINE('',#2660,#1307);
#1072=LINE('',#2662,#1308);
#1073=LINE('',#2664,#1309);
#1074=LINE('',#2665,#1310);
#1075=LINE('',#2667,#1311);
#1076=LINE('',#2668,#1312);
#1077=LINE('',#2670,#1313);
#1078=LINE('',#2672,#1314);
#1079=LINE('',#2674,#1315);
#1080=LINE('',#2676,#1316);
#1081=LINE('',#2678,#1317);
#1082=LINE('',#2680,#1318);
#1083=LINE('',#2682,#1319);
#1084=LINE('',#2684,#1320);
#1085=LINE('',#2685,#1321);
#1086=LINE('',#2687,#1322);
#1087=LINE('',#2689,#1323);
#1088=LINE('',#2691,#1324);
#1089=LINE('',#2693,#1325);
#1090=LINE('',#2705,#1326);
#1091=LINE('',#2708,#1327);
#1092=LINE('',#2710,#1328);
#1093=LINE('',#2712,#1329);
#1094=LINE('',#2718,#1330);
#1095=LINE('',#2722,#1331);
#1096=LINE('',#2728,#1332);
#1097=LINE('',#2736,#1333);
#1098=LINE('',#2738,#1334);
#1099=LINE('',#2740,#1335);
#1100=LINE('',#2742,#1336);
#1101=LINE('',#2745,#1337);
#1102=LINE('',#2747,#1338);
#1103=LINE('',#2749,#1339);
#1104=LINE('',#2751,#1340);
#1105=LINE('',#2754,#1341);
#1106=LINE('',#2755,#1342);
#1107=LINE('',#2757,#1343);
#1108=LINE('',#2760,#1344);
#1109=LINE('',#2761,#1345);
#1110=LINE('',#2762,#1346);
#1111=LINE('',#2764,#1347);
#1112=LINE('',#2766,#1348);
#1113=LINE('',#2768,#1349);
#1114=LINE('',#2770,#1350);
#1115=LINE('',#2772,#1351);
#1116=LINE('',#2774,#1352);
#1117=LINE('',#2776,#1353);
#1118=LINE('',#2778,#1354);
#1119=LINE('',#2780,#1355);
#1120=LINE('',#2782,#1356);
#1121=LINE('',#2784,#1357);
#1122=LINE('',#2786,#1358);
#1123=LINE('',#2788,#1359);
#1124=LINE('',#2790,#1360);
#1125=LINE('',#2792,#1361);
#1126=LINE('',#2794,#1362);
#1127=LINE('',#2796,#1363);
#1128=LINE('',#2798,#1364);
#1129=LINE('',#2800,#1365);
#1130=LINE('',#2802,#1366);
#1131=LINE('',#2804,#1367);
#1132=LINE('',#2806,#1368);
#1133=LINE('',#2808,#1369);
#1134=LINE('',#2810,#1370);
#1135=LINE('',#2811,#1371);
#1136=LINE('',#2813,#1372);
#1137=LINE('',#2815,#1373);
#1138=LINE('',#2818,#1374);
#1139=LINE('',#2820,#1375);
#1140=LINE('',#2822,#1376);
#1141=LINE('',#2824,#1377);
#1142=LINE('',#2826,#1378);
#1143=LINE('',#2828,#1379);
#1144=LINE('',#2830,#1380);
#1145=LINE('',#2832,#1381);
#1146=LINE('',#2834,#1382);
#1147=LINE('',#2836,#1383);
#1148=LINE('',#2838,#1384);
#1149=LINE('',#2840,#1385);
#1150=LINE('',#2842,#1386);
#1151=LINE('',#2844,#1387);
#1152=LINE('',#2847,#1388);
#1153=LINE('',#2848,#1389);
#1154=LINE('',#2850,#1390);
#1155=LINE('',#2852,#1391);
#1156=LINE('',#2854,#1392);
#1157=LINE('',#2857,#1393);
#1158=LINE('',#2858,#1394);
#1159=LINE('',#2860,#1395);
#1160=LINE('',#2862,#1396);
#1161=LINE('',#2864,#1397);
#1162=LINE('',#2866,#1398);
#1163=LINE('',#2868,#1399);
#1164=LINE('',#2870,#1400);
#1165=LINE('',#2872,#1401);
#1166=LINE('',#2874,#1402);
#1167=LINE('',#2875,#1403);
#1168=LINE('',#2877,#1404);
#1169=LINE('',#2879,#1405);
#1170=LINE('',#2881,#1406);
#1171=LINE('',#2882,#1407);
#1172=LINE('',#2884,#1408);
#1173=LINE('',#2887,#1409);
#1174=LINE('',#2888,#1410);
#1175=LINE('',#2890,#1411);
#1176=LINE('',#2892,#1412);
#1177=LINE('',#2894,#1413);
#1178=LINE('',#2896,#1414);
#1179=LINE('',#2898,#1415);
#1180=LINE('',#2900,#1416);
#1181=LINE('',#2902,#1417);
#1182=LINE('',#2904,#1418);
#1183=LINE('',#2906,#1419);
#1184=LINE('',#2908,#1420);
#1185=LINE('',#2909,#1421);
#1186=LINE('',#2911,#1422);
#1187=LINE('',#2913,#1423);
#1188=LINE('',#2915,#1424);
#1189=LINE('',#2917,#1425);
#1190=LINE('',#2919,#1426);
#1191=LINE('',#2920,#1427);
#1192=VECTOR('',#1976,1.);
#1193=VECTOR('',#1977,1.);
#1194=VECTOR('',#1978,1.);
#1195=VECTOR('',#1979,1.);
#1196=VECTOR('',#1982,1.);
#1197=VECTOR('',#1983,1.);
#1198=VECTOR('',#1984,1.);
#1199=VECTOR('',#1985,1.);
#1200=VECTOR('',#1988,1.);
#1201=VECTOR('',#1989,1.);
#1202=VECTOR('',#1990,1.);
#1203=VECTOR('',#1993,1.);
#1204=VECTOR('',#1994,1.);
#1205=VECTOR('',#1995,1.);
#1206=VECTOR('',#1996,1.);
#1207=VECTOR('',#1997,1.);
#1208=VECTOR('',#1998,1.);
#1209=VECTOR('',#2001,1.);
#1210=VECTOR('',#2002,1.);
#1211=VECTOR('',#2003,1.);
#1212=VECTOR('',#2004,1.);
#1213=VECTOR('',#2005,1.);
#1214=VECTOR('',#2006,1.);
#1215=VECTOR('',#2009,1.);
#1216=VECTOR('',#2010,1.);
#1217=VECTOR('',#2011,1.);
#1218=VECTOR('',#2012,1.);
#1219=VECTOR('',#2013,1.);
#1220=VECTOR('',#2016,1.);
#1221=VECTOR('',#2017,1.);
#1222=VECTOR('',#2018,1.);
#1223=VECTOR('',#2019,1.);
#1224=VECTOR('',#2020,1.);
#1225=VECTOR('',#2023,1.);
#1226=VECTOR('',#2024,1.);
#1227=VECTOR('',#2027,1.);
#1228=VECTOR('',#2028,1.);
#1229=VECTOR('',#2029,1.);
#1230=VECTOR('',#2030,1.);
#1231=VECTOR('',#2033,1.);
#1232=VECTOR('',#2034,1.);
#1233=VECTOR('',#2035,1.);
#1234=VECTOR('',#2038,1.);
#1235=VECTOR('',#2039,1.);
#1236=VECTOR('',#2040,1.);
#1237=VECTOR('',#2043,1.);
#1238=VECTOR('',#2044,1.);
#1239=VECTOR('',#2047,1.);
#1240=VECTOR('',#2048,1.);
#1241=VECTOR('',#2051,1.);
#1242=VECTOR('',#2052,1.);
#1243=VECTOR('',#2053,1.);
#1244=VECTOR('',#2054,1.);
#1245=VECTOR('',#2057,1.);
#1246=VECTOR('',#2058,1.);
#1247=VECTOR('',#2059,1.);
#1248=VECTOR('',#2062,1.);
#1249=VECTOR('',#2063,1.);
#1250=VECTOR('',#2064,1.);
#1251=VECTOR('',#2067,1.);
#1252=VECTOR('',#2068,1.);
#1253=VECTOR('',#2069,1.);
#1254=VECTOR('',#2072,1.);
#1255=VECTOR('',#2073,1.);
#1256=VECTOR('',#2076,1.);
#1257=VECTOR('',#2077,1.);
#1258=VECTOR('',#2080,1.);
#1259=VECTOR('',#2081,1.);
#1260=VECTOR('',#2082,1.);
#1261=VECTOR('',#2083,1.);
#1262=VECTOR('',#2086,1.);
#1263=VECTOR('',#2087,1.);
#1264=VECTOR('',#2088,1.);
#1265=VECTOR('',#2091,1.);
#1266=VECTOR('',#2092,1.);
#1267=VECTOR('',#2093,1.);
#1268=VECTOR('',#2096,1.);
#1269=VECTOR('',#2097,1.);
#1270=VECTOR('',#2098,1.);
#1271=VECTOR('',#2101,1.);
#1272=VECTOR('',#2102,1.);
#1273=VECTOR('',#2105,1.);
#1274=VECTOR('',#2108,1.);
#1275=VECTOR('',#2109,1.);
#1276=VECTOR('',#2110,1.);
#1277=VECTOR('',#2113,1.);
#1278=VECTOR('',#2114,1.);
#1279=VECTOR('',#2117,1.);
#1280=VECTOR('',#2118,1.);
#1281=VECTOR('',#2121,1.);
#1282=VECTOR('',#2122,1.);
#1283=VECTOR('',#2123,1.);
#1284=VECTOR('',#2124,1.);
#1285=VECTOR('',#2127,1.);
#1286=VECTOR('',#2128,1.);
#1287=VECTOR('',#2131,1.);
#1288=VECTOR('',#2132,1.);
#1289=VECTOR('',#2135,1.);
#1290=VECTOR('',#2136,1.);
#1291=VECTOR('',#2137,1.);
#1292=VECTOR('',#2140,1.);
#1293=VECTOR('',#2143,1.);
#1294=VECTOR('',#2144,1.);
#1295=VECTOR('',#2145,1.);
#1296=VECTOR('',#2148,1.);
#1297=VECTOR('',#2149,1.);
#1298=VECTOR('',#2152,1.);
#1299=VECTOR('',#2155,1.);
#1300=VECTOR('',#2158,1.);
#1301=VECTOR('',#2159,1.);
#1302=VECTOR('',#2160,1.);
#1303=VECTOR('',#2161,1.);
#1304=VECTOR('',#2164,1.);
#1305=VECTOR('',#2165,1.);
#1306=VECTOR('',#2166,1.);
#1307=VECTOR('',#2167,1.);
#1308=VECTOR('',#2170,1.);
#1309=VECTOR('',#2171,1.);
#1310=VECTOR('',#2172,1.);
#1311=VECTOR('',#2175,1.);
#1312=VECTOR('',#2176,1.);
#1313=VECTOR('',#2177,1.);
#1314=VECTOR('',#2180,1.);
#1315=VECTOR('',#2181,1.);
#1316=VECTOR('',#2184,1.);
#1317=VECTOR('',#2185,1.);
#1318=VECTOR('',#2188,1.);
#1319=VECTOR('',#2189,1.);
#1320=VECTOR('',#2192,1.);
#1321=VECTOR('',#2193,1.);
#1322=VECTOR('',#2194,1.);
#1323=VECTOR('',#2197,1.);
#1324=VECTOR('',#2198,1.);
#1325=VECTOR('',#2199,1.);
#1326=VECTOR('',#2214,1.);
#1327=VECTOR('',#2215,1.);
#1328=VECTOR('',#2216,1.);
#1329=VECTOR('',#2217,1.);
#1330=VECTOR('',#2224,1.);
#1331=VECTOR('',#2229,1.);
#1332=VECTOR('',#2236,1.);
#1333=VECTOR('',#2245,1.);
#1334=VECTOR('',#2248,1.);
#1335=VECTOR('',#2249,1.);
#1336=VECTOR('',#2252,1.);
#1337=VECTOR('',#2253,1.);
#1338=VECTOR('',#2254,1.);
#1339=VECTOR('',#2255,1.);
#1340=VECTOR('',#2258,1.);
#1341=VECTOR('',#2259,1.);
#1342=VECTOR('',#2260,1.);
#1343=VECTOR('',#2263,1.);
#1344=VECTOR('',#2264,1.);
#1345=VECTOR('',#2265,1.);
#1346=VECTOR('',#2266,1.);
#1347=VECTOR('',#2267,1.);
#1348=VECTOR('',#2268,1.);
#1349=VECTOR('',#2271,1.);
#1350=VECTOR('',#2272,1.);
#1351=VECTOR('',#2275,1.);
#1352=VECTOR('',#2276,1.);
#1353=VECTOR('',#2279,1.);
#1354=VECTOR('',#2280,1.);
#1355=VECTOR('',#2283,1.);
#1356=VECTOR('',#2284,1.);
#1357=VECTOR('',#2287,1.);
#1358=VECTOR('',#2288,1.);
#1359=VECTOR('',#2291,1.);
#1360=VECTOR('',#2292,1.);
#1361=VECTOR('',#2295,1.);
#1362=VECTOR('',#2296,1.);
#1363=VECTOR('',#2299,1.);
#1364=VECTOR('',#2300,1.);
#1365=VECTOR('',#2303,1.);
#1366=VECTOR('',#2304,1.);
#1367=VECTOR('',#2305,1.);
#1368=VECTOR('',#2308,1.);
#1369=VECTOR('',#2309,1.);
#1370=VECTOR('',#2312,1.);
#1371=VECTOR('',#2313,1.);
#1372=VECTOR('',#2314,1.);
#1373=VECTOR('',#2317,1.);
#1374=VECTOR('',#2318,1.);
#1375=VECTOR('',#2319,1.);
#1376=VECTOR('',#2322,1.);
#1377=VECTOR('',#2323,1.);
#1378=VECTOR('',#2324,1.);
#1379=VECTOR('',#2327,1.);
#1380=VECTOR('',#2328,1.);
#1381=VECTOR('',#2329,1.);
#1382=VECTOR('',#2332,1.);
#1383=VECTOR('',#2333,1.);
#1384=VECTOR('',#2334,1.);
#1385=VECTOR('',#2337,1.);
#1386=VECTOR('',#2338,1.);
#1387=VECTOR('',#2341,1.);
#1388=VECTOR('',#2342,1.);
#1389=VECTOR('',#2343,1.);
#1390=VECTOR('',#2346,1.);
#1391=VECTOR('',#2347,1.);
#1392=VECTOR('',#2350,1.);
#1393=VECTOR('',#2351,1.);
#1394=VECTOR('',#2352,1.);
#1395=VECTOR('',#2355,1.);
#1396=VECTOR('',#2356,1.);
#1397=VECTOR('',#2357,1.);
#1398=VECTOR('',#2360,1.);
#1399=VECTOR('',#2361,1.);
#1400=VECTOR('',#2362,1.);
#1401=VECTOR('',#2365,1.);
#1402=VECTOR('',#2366,1.);
#1403=VECTOR('',#2367,1.);
#1404=VECTOR('',#2370,1.);
#1405=VECTOR('',#2371,1.);
#1406=VECTOR('',#2374,1.);
#1407=VECTOR('',#2375,1.);
#1408=VECTOR('',#2378,1.);
#1409=VECTOR('',#2379,1.);
#1410=VECTOR('',#2380,1.);
#1411=VECTOR('',#2383,1.);
#1412=VECTOR('',#2384,1.);
#1413=VECTOR('',#2385,1.);
#1414=VECTOR('',#2388,1.);
#1415=VECTOR('',#2389,1.);
#1416=VECTOR('',#2392,1.);
#1417=VECTOR('',#2393,1.);
#1418=VECTOR('',#2396,1.);
#1419=VECTOR('',#2397,1.);
#1420=VECTOR('',#2400,1.);
#1421=VECTOR('',#2401,1.);
#1422=VECTOR('',#2404,1.);
#1423=VECTOR('',#2405,1.);
#1424=VECTOR('',#2406,1.);
#1425=VECTOR('',#2409,1.);
#1426=VECTOR('',#2412,1.);
#1427=VECTOR('',#2413,1.);
#1428=EDGE_LOOP('',(#42,#43,#44,#45));
#1429=EDGE_LOOP('',(#46,#47,#48,#49));
#1430=EDGE_LOOP('',(#50,#51,#52,#53));
#1431=EDGE_LOOP('',(#54,#55,#56,#57,#58,#59));
#1432=EDGE_LOOP('',(#60,#61,#62,#63,#64,#65));
#1433=EDGE_LOOP('',(#66,#67,#68,#69,#70));
#1434=EDGE_LOOP('',(#71,#72,#73,#74,#75,#76,#77));
#1435=EDGE_LOOP('',(#78,#79,#80,#81));
#1436=EDGE_LOOP('',(#82,#83,#84,#85));
#1437=EDGE_LOOP('',(#86,#87,#88,#89));
#1438=EDGE_LOOP('',(#90,#91,#92,#93,#94,#95));
#1439=EDGE_LOOP('',(#96,#97,#98,#99));
#1440=EDGE_LOOP('',(#100,#101,#102,#103));
#1441=EDGE_LOOP('',(#104,#105,#106,#107));
#1442=EDGE_LOOP('',(#108,#109,#110,#111));
#1443=EDGE_LOOP('',(#112,#113,#114,#115));
#1444=EDGE_LOOP('',(#116,#117,#118,#119));
#1445=EDGE_LOOP('',(#120,#121,#122,#123));
#1446=EDGE_LOOP('',(#124,#125,#126,#127));
#1447=EDGE_LOOP('',(#128,#129,#130,#131));
#1448=EDGE_LOOP('',(#132,#133,#134,#135));
#1449=EDGE_LOOP('',(#136,#137,#138,#139,#140));
#1450=EDGE_LOOP('',(#141,#142,#143,#144));
#1451=EDGE_LOOP('',(#145,#146,#147,#148));
#1452=EDGE_LOOP('',(#149,#150,#151,#152));
#1453=EDGE_LOOP('',(#153,#154,#155,#156));
#1454=EDGE_LOOP('',(#157,#158,#159,#160));
#1455=EDGE_LOOP('',(#161,#162,#163,#164));
#1456=EDGE_LOOP('',(#165,#166,#167,#168,#169,#170));
#1457=EDGE_LOOP('',(#171,#172,#173,#174));
#1458=EDGE_LOOP('',(#175,#176,#177,#178));
#1459=EDGE_LOOP('',(#179,#180,#181,#182));
#1460=EDGE_LOOP('',(#183,#184,#185,#186));
#1461=EDGE_LOOP('',(#187,#188,#189,#190,#191,#192,#193,#194,#195));
#1462=EDGE_LOOP('',(#196,#197,#198,#199,#200,#201));
#1463=EDGE_LOOP('',(#202,#203,#204,#205));
#1464=EDGE_LOOP('',(#206,#207,#208,#209,#210,#211,#212,#213));
#1465=EDGE_LOOP('',(#214,#215,#216,#217));
#1466=EDGE_LOOP('',(#218,#219,#220,#221,#222,#223,#224,#225));
#1467=EDGE_LOOP('',(#226,#227,#228,#229));
#1468=EDGE_LOOP('',(#230,#231,#232,#233));
#1469=EDGE_LOOP('',(#234,#235,#236,#237));
#1470=EDGE_LOOP('',(#238,#239,#240,#241,#242,#243,#244,#245,#246));
#1471=EDGE_LOOP('',(#247,#248,#249,#250));
#1472=EDGE_LOOP('',(#251));
#1473=EDGE_LOOP('',(#252));
#1474=EDGE_LOOP('',(#253));
#1475=EDGE_LOOP('',(#254));
#1476=EDGE_LOOP('',(#255,#256,#257,#258));
#1477=EDGE_LOOP('',(#259,#260,#261,#262));
#1478=EDGE_LOOP('',(#263,#264,#265,#266,#267,#268));
#1479=EDGE_LOOP('',(#269,#270,#271,#272,#273,#274));
#1480=EDGE_LOOP('',(#275,#276,#277,#278));
#1481=EDGE_LOOP('',(#279,#280,#281,#282));
#1482=EDGE_LOOP('',(#283,#284,#285,#286));
#1483=EDGE_LOOP('',(#287,#288,#289,#290));
#1484=EDGE_LOOP('',(#291,#292,#293,#294,#295,#296,#297,#298,#299));
#1485=EDGE_LOOP('',(#300,#301,#302,#303,#304,#305));
#1486=EDGE_LOOP('',(#306,#307,#308,#309));
#1487=EDGE_LOOP('',(#310,#311,#312,#313,#314,#315,#316,#317,#318,#319,#320,#321,#322,#323,#324));
#1488=EDGE_LOOP('',(#325,#326,#327,#328));
#1489=EDGE_LOOP('',(#329,#330,#331,#332,#333,#334,#335,#336,#337,#338,#339,#340,#341,#342));
#1490=EDGE_LOOP('',(#343,#344,#345,#346));
#1491=EDGE_LOOP('',(#347,#348,#349,#350,#351,#352,#353,#354,#355,#356,#357,#358,#359,#360,#361));
#1492=EDGE_LOOP('',(#362,#363,#364,#365));
#1493=EDGE_LOOP('',(#366,#367,#368,#369));
#1494=EDGE_LOOP('',(#370,#371,#372,#373));
#1495=EDGE_LOOP('',(#374,#375,#376,#377,#378,#379));
#1496=EDGE_LOOP('',(#380,#381,#382));
#1497=EDGE_LOOP('',(#383,#384,#385,#386));
#1498=EDGE_LOOP('',(#387,#388,#389,#390));
#1499=EDGE_LOOP('',(#391,#392,#393,#394));
#1500=EDGE_LOOP('',(#395,#396,#397,#398,#399,#400));
#1501=EDGE_LOOP('',(#401,#402,#403,#404,#405));
#1502=EDGE_LOOP('',(#406,#407,#408,#409));
#1503=EDGE_LOOP('',(#410,#411,#412,#413));
#1504=EDGE_LOOP('',(#414,#415,#416,#417));
#1505=EDGE_LOOP('',(#418,#419,#420,#421,#422,#423,#424,#425,#426,#427,#428,#429));
#1506=EDGE_LOOP('',(#430,#431,#432,#433,#434,#435));
#1507=EDGE_LOOP('',(#436,#437,#438,#439));
#1508=EDGE_LOOP('',(#440));
#1509=EDGE_LOOP('',(#441));
#1510=EDGE_LOOP('',(#442,#443,#444,#445,#446,#447,#448,#449,#450,#451));
#1511=EDGE_LOOP('',(#452,#453,#454,#455,#456,#457));
#1512=EDGE_LOOP('',(#458,#459,#460,#461,#462));
#1513=EDGE_LOOP('',(#463,#464,#465));
#1514=EDGE_LOOP('',(#466,#467,#468,#469,#470));
#1515=EDGE_LOOP('',(#471,#472,#473,#474,#475,#476,#477));
#1516=EDGE_LOOP('',(#478,#479,#480,#481,#482,#483,#484,#485,#486,#487,#488,#489,#490,#491,#492,#493,#494,#495,#496,#497,#498));
#1517=EDGE_LOOP('',(#499));
#1518=EDGE_LOOP('',(#500));
#1519=EDGE_LOOP('',(#501,#502,#503,#504));
#1520=EDGE_LOOP('',(#505,#506,#507,#508,#509));
#1521=EDGE_LOOP('',(#510,#511,#512,#513,#514,#515,#516));
#1522=EDGE_LOOP('',(#517,#518,#519,#520,#521,#522,#523,#524,#525,#526,#527,#528,#529,#530,#531,#532,#533,#534,#535,#536));
#1523=EDGE_LOOP('',(#537,#538,#539,#540,#541));
#1524=FACE_BOUND('',#1428,.T.);
#1525=FACE_BOUND('',#1429,.T.);
#1526=FACE_BOUND('',#1430,.T.);
#1527=FACE_BOUND('',#1431,.T.);
#1528=FACE_BOUND('',#1432,.T.);
#1529=FACE_BOUND('',#1433,.T.);
#1530=FACE_BOUND('',#1434,.T.);
#1531=FACE_BOUND('',#1435,.T.);
#1532=FACE_BOUND('',#1436,.T.);
#1533=FACE_BOUND('',#1437,.T.);
#1534=FACE_BOUND('',#1438,.T.);
#1535=FACE_BOUND('',#1439,.T.);
#1536=FACE_BOUND('',#1440,.T.);
#1537=FACE_BOUND('',#1441,.T.);
#1538=FACE_BOUND('',#1442,.T.);
#1539=FACE_BOUND('',#1443,.T.);
#1540=FACE_BOUND('',#1444,.T.);
#1541=FACE_BOUND('',#1445,.T.);
#1542=FACE_BOUND('',#1446,.T.);
#1543=FACE_BOUND('',#1447,.T.);
#1544=FACE_BOUND('',#1448,.T.);
#1545=FACE_BOUND('',#1449,.T.);
#1546=FACE_BOUND('',#1450,.T.);
#1547=FACE_BOUND('',#1451,.T.);
#1548=FACE_BOUND('',#1452,.T.);
#1549=FACE_BOUND('',#1453,.T.);
#1550=FACE_BOUND('',#1454,.T.);
#1551=FACE_BOUND('',#1455,.T.);
#1552=FACE_BOUND('',#1456,.T.);
#1553=FACE_BOUND('',#1457,.T.);
#1554=FACE_BOUND('',#1458,.T.);
#1555=FACE_BOUND('',#1459,.T.);
#1556=FACE_BOUND('',#1460,.T.);
#1557=FACE_BOUND('',#1461,.T.);
#1558=FACE_BOUND('',#1462,.T.);
#1559=FACE_BOUND('',#1463,.T.);
#1560=FACE_BOUND('',#1464,.T.);
#1561=FACE_BOUND('',#1465,.T.);
#1562=FACE_BOUND('',#1466,.T.);
#1563=FACE_BOUND('',#1467,.T.);
#1564=FACE_BOUND('',#1468,.T.);
#1565=FACE_BOUND('',#1469,.T.);
#1566=FACE_BOUND('',#1470,.T.);
#1567=FACE_BOUND('',#1471,.T.);
#1568=FACE_BOUND('',#1472,.T.);
#1569=FACE_BOUND('',#1473,.T.);
#1570=FACE_BOUND('',#1474,.T.);
#1571=FACE_BOUND('',#1475,.T.);
#1572=FACE_BOUND('',#1476,.T.);
#1573=FACE_BOUND('',#1477,.T.);
#1574=FACE_BOUND('',#1478,.T.);
#1575=FACE_BOUND('',#1479,.T.);
#1576=FACE_BOUND('',#1480,.T.);
#1577=FACE_BOUND('',#1481,.T.);
#1578=FACE_BOUND('',#1482,.T.);
#1579=FACE_BOUND('',#1483,.T.);
#1580=FACE_BOUND('',#1484,.T.);
#1581=FACE_BOUND('',#1485,.T.);
#1582=FACE_BOUND('',#1486,.T.);
#1583=FACE_BOUND('',#1487,.T.);
#1584=FACE_BOUND('',#1488,.T.);
#1585=FACE_BOUND('',#1489,.T.);
#1586=FACE_BOUND('',#1490,.T.);
#1587=FACE_BOUND('',#1491,.T.);
#1588=FACE_BOUND('',#1492,.T.);
#1589=FACE_BOUND('',#1493,.T.);
#1590=FACE_BOUND('',#1494,.T.);
#1591=FACE_BOUND('',#1495,.T.);
#1592=FACE_BOUND('',#1496,.T.);
#1593=FACE_BOUND('',#1497,.T.);
#1594=FACE_BOUND('',#1498,.T.);
#1595=FACE_BOUND('',#1499,.T.);
#1596=FACE_BOUND('',#1500,.T.);
#1597=FACE_BOUND('',#1501,.T.);
#1598=FACE_BOUND('',#1502,.T.);
#1599=FACE_BOUND('',#1503,.T.);
#1600=FACE_BOUND('',#1504,.T.);
#1601=FACE_BOUND('',#1505,.T.);
#1602=FACE_BOUND('',#1506,.T.);
#1603=FACE_BOUND('',#1507,.T.);
#1604=FACE_BOUND('',#1508,.T.);
#1605=FACE_BOUND('',#1509,.T.);
#1606=FACE_BOUND('',#1510,.T.);
#1607=FACE_BOUND('',#1511,.T.);
#1608=FACE_BOUND('',#1512,.T.);
#1609=FACE_BOUND('',#1513,.T.);
#1610=FACE_BOUND('',#1514,.T.);
#1611=FACE_BOUND('',#1515,.T.);
#1612=FACE_BOUND('',#1516,.T.);
#1613=FACE_BOUND('',#1517,.T.);
#1614=FACE_BOUND('',#1518,.T.);
#1615=FACE_BOUND('',#1519,.T.);
#1616=FACE_BOUND('',#1520,.T.);
#1617=FACE_BOUND('',#1521,.T.);
#1618=FACE_BOUND('',#1522,.T.);
#1619=FACE_BOUND('',#1523,.T.);
#1620=PLANE('',#1868);
#1621=PLANE('',#1869);
#1622=PLANE('',#1870);
#1623=PLANE('',#1871);
#1624=PLANE('',#1872);
#1625=PLANE('',#1873);
#1626=PLANE('',#1874);
#1627=PLANE('',#1875);
#1628=PLANE('',#1876);
#1629=PLANE('',#1877);
#1630=PLANE('',#1878);
#1631=PLANE('',#1879);
#1632=PLANE('',#1880);
#1633=PLANE('',#1881);
#1634=PLANE('',#1882);
#1635=PLANE('',#1883);
#1636=PLANE('',#1884);
#1637=PLANE('',#1885);
#1638=PLANE('',#1886);
#1639=PLANE('',#1887);
#1640=PLANE('',#1888);
#1641=PLANE('',#1889);
#1642=PLANE('',#1890);
#1643=PLANE('',#1891);
#1644=PLANE('',#1892);
#1645=PLANE('',#1893);
#1646=PLANE('',#1894);
#1647=PLANE('',#1895);
#1648=PLANE('',#1896);
#1649=PLANE('',#1897);
#1650=PLANE('',#1898);
#1651=PLANE('',#1899);
#1652=PLANE('',#1900);
#1653=PLANE('',#1901);
#1654=PLANE('',#1902);
#1655=PLANE('',#1905);
#1656=PLANE('',#1906);
#1657=PLANE('',#1907);
#1658=PLANE('',#1908);
#1659=PLANE('',#1909);
#1660=PLANE('',#1910);
#1661=PLANE('',#1911);
#1662=PLANE('',#1912);
#1663=PLANE('',#1913);
#1664=PLANE('',#1920);
#1665=PLANE('',#1933);
#1666=PLANE('',#1934);
#1667=PLANE('',#1935);
#1668=PLANE('',#1936);
#1669=PLANE('',#1937);
#1670=PLANE('',#1938);
#1671=PLANE('',#1939);
#1672=PLANE('',#1940);
#1673=PLANE('',#1941);
#1674=PLANE('',#1942);
#1675=PLANE('',#1943);
#1676=PLANE('',#1944);
#1677=PLANE('',#1945);
#1678=PLANE('',#1946);
#1679=PLANE('',#1947);
#1680=PLANE('',#1948);
#1681=PLANE('',#1949);
#1682=PLANE('',#1950);
#1683=PLANE('',#1951);
#1684=PLANE('',#1952);
#1685=PLANE('',#1953);
#1686=PLANE('',#1954);
#1687=PLANE('',#1955);
#1688=PLANE('',#1956);
#1689=PLANE('',#1957);
#1690=PLANE('',#1958);
#1691=PLANE('',#1959);
#1692=PLANE('',#1960);
#1693=PLANE('',#1961);
#1694=PLANE('',#1962);
#1695=PLANE('',#1963);
#1696=PLANE('',#1964);
#1697=PLANE('',#1965);
#1698=PLANE('',#1966);
#1699=PLANE('',#1967);
#1700=PLANE('',#1968);
#1701=PLANE('',#1969);
#1702=PLANE('',#1970);
#1703=PLANE('',#1971);
#1704=ADVANCED_FACE('',(#1524),#1620,.T.);
#1705=ADVANCED_FACE('',(#1525),#1621,.T.);
#1706=ADVANCED_FACE('',(#1526),#1622,.T.);
#1707=ADVANCED_FACE('',(#1527),#1623,.T.);
#1708=ADVANCED_FACE('',(#1528),#1624,.T.);
#1709=ADVANCED_FACE('Face appearance 2',(#1529),#1625,.T.);
#1710=ADVANCED_FACE('Face appearance 3',(#1530),#1626,.T.);
#1711=ADVANCED_FACE('',(#1531),#1627,.T.);
#1712=ADVANCED_FACE('',(#1532),#1628,.F.);
#1713=ADVANCED_FACE('',(#1533),#1629,.F.);
#1714=ADVANCED_FACE('',(#1534),#1630,.T.);
#1715=ADVANCED_FACE('',(#1535),#1631,.T.);
#1716=ADVANCED_FACE('',(#1536),#1632,.T.);
#1717=ADVANCED_FACE('',(#1537),#1633,.F.);
#1718=ADVANCED_FACE('',(#1538),#1634,.F.);
#1719=ADVANCED_FACE('',(#1539),#1635,.F.);
#1720=ADVANCED_FACE('',(#1540),#1636,.F.);
#1721=ADVANCED_FACE('',(#1541),#1637,.F.);
#1722=ADVANCED_FACE('',(#1542),#1638,.F.);
#1723=ADVANCED_FACE('',(#1543),#1639,.F.);
#1724=ADVANCED_FACE('',(#1544),#1640,.F.);
#1725=ADVANCED_FACE('',(#1545),#1641,.F.);
#1726=ADVANCED_FACE('',(#1546),#1642,.F.);
#1727=ADVANCED_FACE('',(#1547),#1643,.F.);
#1728=ADVANCED_FACE('',(#1548),#1644,.F.);
#1729=ADVANCED_FACE('',(#1549),#1645,.F.);
#1730=ADVANCED_FACE('',(#1550),#1646,.F.);
#1731=ADVANCED_FACE('',(#1551),#1647,.F.);
#1732=ADVANCED_FACE('',(#1552),#1648,.F.);
#1733=ADVANCED_FACE('',(#1553),#1649,.F.);
#1734=ADVANCED_FACE('',(#1554),#1650,.F.);
#1735=ADVANCED_FACE('',(#1555),#1651,.F.);
#1736=ADVANCED_FACE('',(#1556),#1652,.F.);
#1737=ADVANCED_FACE('Face appearance 2',(#1557),#1653,.T.);
#1738=ADVANCED_FACE('',(#1558),#1654,.T.);
#1739=ADVANCED_FACE('',(#1559),#1655,.T.);
#1740=ADVANCED_FACE('',(#1560),#1656,.T.);
#1741=ADVANCED_FACE('',(#1561),#1657,.T.);
#1742=ADVANCED_FACE('',(#1562),#1658,.F.);
#1743=ADVANCED_FACE('',(#1563),#1659,.F.);
#1744=ADVANCED_FACE('',(#1564),#1660,.F.);
#1745=ADVANCED_FACE('',(#1565),#1661,.F.);
#1746=ADVANCED_FACE('',(#1566),#1662,.F.);
#1747=ADVANCED_FACE('',(#1567),#1663,.F.);
#1748=ADVANCED_FACE('',(#1568,#1569),#18,.F.);
#1749=ADVANCED_FACE('',(#1570,#1571),#19,.F.);
#1750=ADVANCED_FACE('',(#1572),#1664,.T.);
#1751=ADVANCED_FACE('',(#1573),#20,.T.);
#1752=ADVANCED_FACE('',(#1574),#21,.T.);
#1753=ADVANCED_FACE('',(#1575),#22,.T.);
#1754=ADVANCED_FACE('',(#1576),#23,.T.);
#1755=ADVANCED_FACE('',(#1577),#1665,.F.);
#1756=ADVANCED_FACE('',(#1578),#1666,.T.);
#1757=ADVANCED_FACE('',(#1579),#1667,.F.);
#1758=ADVANCED_FACE('',(#1580),#1668,.F.);
#1759=ADVANCED_FACE('Face appearance 3',(#1581),#1669,.T.);
#1760=ADVANCED_FACE('',(#1582),#1670,.F.);
#1761=ADVANCED_FACE('',(#1583),#1671,.T.);
#1762=ADVANCED_FACE('',(#1584),#1672,.F.);
#1763=ADVANCED_FACE('Face appearance 3',(#1585),#1673,.T.);
#1764=ADVANCED_FACE('',(#1586),#1674,.F.);
#1765=ADVANCED_FACE('Face appearance 2',(#1587),#1675,.T.);
#1766=ADVANCED_FACE('',(#1588),#1676,.T.);
#1767=ADVANCED_FACE('',(#1589),#1677,.T.);
#1768=ADVANCED_FACE('',(#1590),#1678,.T.);
#1769=ADVANCED_FACE('',(#1591),#1679,.T.);
#1770=ADVANCED_FACE('Face appearance 3',(#1592),#1680,.T.);
#1771=ADVANCED_FACE('',(#1593),#1681,.T.);
#1772=ADVANCED_FACE('',(#1594),#1682,.T.);
#1773=ADVANCED_FACE('',(#1595),#1683,.T.);
#1774=ADVANCED_FACE('',(#1596),#1684,.T.);
#1775=ADVANCED_FACE('',(#1597),#1685,.T.);
#1776=ADVANCED_FACE('',(#1598),#1686,.F.);
#1777=ADVANCED_FACE('',(#1599),#1687,.T.);
#1778=ADVANCED_FACE('',(#1600),#1688,.F.);
#1779=ADVANCED_FACE('',(#1601),#1689,.F.);
#1780=ADVANCED_FACE('',(#1602),#1690,.F.);
#1781=ADVANCED_FACE('',(#1603),#1691,.T.);
#1782=ADVANCED_FACE('',(#1604,#1605,#1606),#1692,.F.);
#1783=ADVANCED_FACE('Face appearance 3',(#1607),#1693,.T.);
#1784=ADVANCED_FACE('',(#1608),#1694,.T.);
#1785=ADVANCED_FACE('Face appearance 2',(#1609),#1695,.T.);
#1786=ADVANCED_FACE('',(#1610),#1696,.F.);
#1787=ADVANCED_FACE('',(#1611),#1697,.F.);
#1788=ADVANCED_FACE('',(#1612,#1613,#1614),#1698,.T.);
#1789=ADVANCED_FACE('',(#1615),#1699,.F.);
#1790=ADVANCED_FACE('',(#1616),#1700,.T.);
#1791=ADVANCED_FACE('Face appearance 2',(#1617),#1701,.T.);
#1792=ADVANCED_FACE('',(#1618),#1702,.F.);
#1793=ADVANCED_FACE('',(#1619),#1703,.F.);
#1794=CLOSED_SHELL('',(#1704,#1705,#1706,#1707,#1708,#1709,#1710,#1711,#1712,#1713,#1714,#1715,#1716,#1717,#1718,#1719,#1720,#1721,#1722,#1723,#1724,#1725,#1726,#1727,#1728,#1729,#1730,#1731,#1732,#1733,#1734,#1735,#1736,#1737,#1738,#1739,#1740,#1741,#1742,#1743,#1744,#1745,#1746,#1747,#1748,#1749,#1750,#1751,#1752,#1753,#1754,#1755,#1756,#1757,#1758,#1759,#1760,#1761,#1762,#1763,#1764,#1765,#1766,#1767,#1768,#1769,#1770,#1771,#1772,#1773,#1774,#1775,#1776,#1777,#1778,#1779,#1780,#1781,#1782,#1783,#1784,#1785,#1786,#1787,#1788,#1789,#1790,#1791,#1792,#1793));
#1795=STYLED_ITEM('',(#1796),#1864);
#1796=PRESENTATION_STYLE_ASSIGNMENT((#1807));
#1797=PRESENTATION_STYLE_ASSIGNMENT((#1808));
#1798=PRESENTATION_STYLE_ASSIGNMENT((#1809));
#1799=PRESENTATION_STYLE_ASSIGNMENT((#1810));
#1800=PRESENTATION_STYLE_ASSIGNMENT((#1811));
#1801=PRESENTATION_STYLE_ASSIGNMENT((#1812));
#1802=PRESENTATION_STYLE_ASSIGNMENT((#1813));
#1803=PRESENTATION_STYLE_ASSIGNMENT((#1814));
#1804=PRESENTATION_STYLE_ASSIGNMENT((#1815));
#1805=PRESENTATION_STYLE_ASSIGNMENT((#1816));
#1806=PRESENTATION_STYLE_ASSIGNMENT((#1817));
#1807=SURFACE_STYLE_USAGE(.BOTH.,#1818);
#1808=SURFACE_STYLE_USAGE(.BOTH.,#1819);
#1809=SURFACE_STYLE_USAGE(.BOTH.,#1820);
#1810=SURFACE_STYLE_USAGE(.BOTH.,#1821);
#1811=SURFACE_STYLE_USAGE(.BOTH.,#1822);
#1812=SURFACE_STYLE_USAGE(.BOTH.,#1823);
#1813=SURFACE_STYLE_USAGE(.BOTH.,#1824);
#1814=SURFACE_STYLE_USAGE(.BOTH.,#1825);
#1815=SURFACE_STYLE_USAGE(.BOTH.,#1826);
#1816=SURFACE_STYLE_USAGE(.BOTH.,#1827);
#1817=SURFACE_STYLE_USAGE(.BOTH.,#1828);
#1818=SURFACE_SIDE_STYLE('',(#1829));
#1819=SURFACE_SIDE_STYLE('',(#1830));
#1820=SURFACE_SIDE_STYLE('',(#1831));
#1821=SURFACE_SIDE_STYLE('',(#1832));
#1822=SURFACE_SIDE_STYLE('',(#1833));
#1823=SURFACE_SIDE_STYLE('',(#1834));
#1824=SURFACE_SIDE_STYLE('',(#1835));
#1825=SURFACE_SIDE_STYLE('',(#1836));
#1826=SURFACE_SIDE_STYLE('',(#1837));
#1827=SURFACE_SIDE_STYLE('',(#1838));
#1828=SURFACE_SIDE_STYLE('',(#1839));
#1829=SURFACE_STYLE_FILL_AREA(#1840);
#1830=SURFACE_STYLE_FILL_AREA(#1841);
#1831=SURFACE_STYLE_FILL_AREA(#1842);
#1832=SURFACE_STYLE_FILL_AREA(#1843);
#1833=SURFACE_STYLE_FILL_AREA(#1844);
#1834=SURFACE_STYLE_FILL_AREA(#1845);
#1835=SURFACE_STYLE_FILL_AREA(#1846);
#1836=SURFACE_STYLE_FILL_AREA(#1847);
#1837=SURFACE_STYLE_FILL_AREA(#1848);
#1838=SURFACE_STYLE_FILL_AREA(#1849);
#1839=SURFACE_STYLE_FILL_AREA(#1850);
#1840=FILL_AREA_STYLE('',(#1851));
#1841=FILL_AREA_STYLE('',(#1852));
#1842=FILL_AREA_STYLE('',(#1853));
#1843=FILL_AREA_STYLE('',(#1854));
#1844=FILL_AREA_STYLE('',(#1855));
#1845=FILL_AREA_STYLE('',(#1856));
#1846=FILL_AREA_STYLE('',(#1857));
#1847=FILL_AREA_STYLE('',(#1858));
#1848=FILL_AREA_STYLE('',(#1859));
#1849=FILL_AREA_STYLE('',(#1860));
#1850=FILL_AREA_STYLE('',(#1861));
#1851=FILL_AREA_STYLE_COLOUR('',#1862);
#1852=FILL_AREA_STYLE_COLOUR('',#1863);
#1853=FILL_AREA_STYLE_COLOUR('',#1863);
#1854=FILL_AREA_STYLE_COLOUR('',#1863);
#1855=FILL_AREA_STYLE_COLOUR('',#1863);
#1856=FILL_AREA_STYLE_COLOUR('',#1863);
#1857=FILL_AREA_STYLE_COLOUR('',#1863);
#1858=FILL_AREA_STYLE_COLOUR('',#1863);
#1859=FILL_AREA_STYLE_COLOUR('',#1863);
#1860=FILL_AREA_STYLE_COLOUR('',#1863);
#1861=FILL_AREA_STYLE_COLOUR('',#1863);
#1862=COLOUR_RGB('',0.0823529411764706,0.0823529411764706,0.0823529411764706);
#1863=COLOUR_RGB('',0.329411764705883,0.898039215686275,0.435294117647059);
#1864=MANIFOLD_SOLID_BREP('Top Case',#1794);
#1865=SHAPE_DEFINITION_REPRESENTATION(#2929,#1866);
#1866=SHAPE_REPRESENTATION('Top Case',(#1867),#2924);
#1867=AXIS2_PLACEMENT_3D('',#2418,#1972,#1973);
#1868=AXIS2_PLACEMENT_3D('',#2419,#1974,#1975);
#1869=AXIS2_PLACEMENT_3D('',#2428,#1980,#1981);
#1870=AXIS2_PLACEMENT_3D('',#2437,#1986,#1987);
#1871=AXIS2_PLACEMENT_3D('',#2443,#1991,#1992);
#1872=AXIS2_PLACEMENT_3D('',#2456,#1999,#2000);
#1873=AXIS2_PLACEMENT_3D('',#2468,#2007,#2008);
#1874=AXIS2_PLACEMENT_3D('',#2479,#2014,#2015);
#1875=AXIS2_PLACEMENT_3D('',#2489,#2021,#2022);
#1876=AXIS2_PLACEMENT_3D('',#2493,#2025,#2026);
#1877=AXIS2_PLACEMENT_3D('',#2502,#2031,#2032);
#1878=AXIS2_PLACEMENT_3D('',#2508,#2036,#2037);
#1879=AXIS2_PLACEMENT_3D('',#2513,#2041,#2042);
#1880=AXIS2_PLACEMENT_3D('',#2517,#2045,#2046);
#1881=AXIS2_PLACEMENT_3D('',#2521,#2049,#2050);
#1882=AXIS2_PLACEMENT_3D('',#2530,#2055,#2056);
#1883=AXIS2_PLACEMENT_3D('',#2536,#2060,#2061);
#1884=AXIS2_PLACEMENT_3D('',#2542,#2065,#2066);
#1885=AXIS2_PLACEMENT_3D('',#2548,#2070,#2071);
#1886=AXIS2_PLACEMENT_3D('',#2552,#2074,#2075);
#1887=AXIS2_PLACEMENT_3D('',#2556,#2078,#2079);
#1888=AXIS2_PLACEMENT_3D('',#2565,#2084,#2085);
#1889=AXIS2_PLACEMENT_3D('',#2571,#2089,#2090);
#1890=AXIS2_PLACEMENT_3D('',#2576,#2094,#2095);
#1891=AXIS2_PLACEMENT_3D('',#2582,#2099,#2100);
#1892=AXIS2_PLACEMENT_3D('',#2586,#2103,#2104);
#1893=AXIS2_PLACEMENT_3D('',#2588,#2106,#2107);
#1894=AXIS2_PLACEMENT_3D('',#2594,#2111,#2112);
#1895=AXIS2_PLACEMENT_3D('',#2598,#2115,#2116);
#1896=AXIS2_PLACEMENT_3D('',#2602,#2119,#2120);
#1897=AXIS2_PLACEMENT_3D('',#2610,#2125,#2126);
#1898=AXIS2_PLACEMENT_3D('',#2614,#2129,#2130);
#1899=AXIS2_PLACEMENT_3D('',#2618,#2133,#2134);
#1900=AXIS2_PLACEMENT_3D('',#2624,#2138,#2139);
#1901=AXIS2_PLACEMENT_3D('',#2626,#2141,#2142);
#1902=AXIS2_PLACEMENT_3D('',#2632,#2146,#2147);
#1903=AXIS2_PLACEMENT_3D('',#2638,#2150,#2151);
#1904=AXIS2_PLACEMENT_3D('',#2642,#2153,#2154);
#1905=AXIS2_PLACEMENT_3D('',#2645,#2156,#2157);
#1906=AXIS2_PLACEMENT_3D('',#2654,#2162,#2163);
#1907=AXIS2_PLACEMENT_3D('',#2661,#2168,#2169);
#1908=AXIS2_PLACEMENT_3D('',#2666,#2173,#2174);
#1909=AXIS2_PLACEMENT_3D('',#2671,#2178,#2179);
#1910=AXIS2_PLACEMENT_3D('',#2675,#2182,#2183);
#1911=AXIS2_PLACEMENT_3D('',#2679,#2186,#2187);
#1912=AXIS2_PLACEMENT_3D('',#2683,#2190,#2191);
#1913=AXIS2_PLACEMENT_3D('',#2688,#2195,#2196);
#1914=AXIS2_PLACEMENT_3D('',#2694,#2200,#2201);
#1915=AXIS2_PLACEMENT_3D('',#2695,#2202,#2203);
#1916=AXIS2_PLACEMENT_3D('',#2697,#2204,#2205);
#1917=AXIS2_PLACEMENT_3D('',#2699,#2206,#2207);
#1918=AXIS2_PLACEMENT_3D('',#2700,#2208,#2209);
#1919=AXIS2_PLACEMENT_3D('',#2702,#2210,#2211);
#1920=AXIS2_PLACEMENT_3D('',#2704,#2212,#2213);
#1921=AXIS2_PLACEMENT_3D('',#2713,#2218,#2219);
#1922=AXIS2_PLACEMENT_3D('',#2714,#2220,#2221);
#1923=AXIS2_PLACEMENT_3D('',#2716,#2222,#2223);
#1924=AXIS2_PLACEMENT_3D('',#2719,#2225,#2226);
#1925=AXIS2_PLACEMENT_3D('',#2720,#2227,#2228);
#1926=AXIS2_PLACEMENT_3D('',#2724,#2230,#2231);
#1927=AXIS2_PLACEMENT_3D('',#2725,#2232,#2233);
#1928=AXIS2_PLACEMENT_3D('',#2726,#2234,#2235);
#1929=AXIS2_PLACEMENT_3D('',#2730,#2237,#2238);
#1930=AXIS2_PLACEMENT_3D('',#2732,#2239,#2240);
#1931=AXIS2_PLACEMENT_3D('',#2733,#2241,#2242);
#1932=AXIS2_PLACEMENT_3D('',#2734,#2243,#2244);
#1933=AXIS2_PLACEMENT_3D('',#2737,#2246,#2247);
#1934=AXIS2_PLACEMENT_3D('',#2741,#2250,#2251);
#1935=AXIS2_PLACEMENT_3D('',#2750,#2256,#2257);
#1936=AXIS2_PLACEMENT_3D('',#2756,#2261,#2262);
#1937=AXIS2_PLACEMENT_3D('',#2767,#2269,#2270);
#1938=AXIS2_PLACEMENT_3D('',#2771,#2273,#2274);
#1939=AXIS2_PLACEMENT_3D('',#2775,#2277,#2278);
#1940=AXIS2_PLACEMENT_3D('',#2779,#2281,#2282);
#1941=AXIS2_PLACEMENT_3D('',#2783,#2285,#2286);
#1942=AXIS2_PLACEMENT_3D('',#2787,#2289,#2290);
#1943=AXIS2_PLACEMENT_3D('',#2791,#2293,#2294);
#1944=AXIS2_PLACEMENT_3D('',#2795,#2297,#2298);
#1945=AXIS2_PLACEMENT_3D('',#2799,#2301,#2302);
#1946=AXIS2_PLACEMENT_3D('',#2805,#2306,#2307);
#1947=AXIS2_PLACEMENT_3D('',#2809,#2310,#2311);
#1948=AXIS2_PLACEMENT_3D('',#2814,#2315,#2316);
#1949=AXIS2_PLACEMENT_3D('',#2821,#2320,#2321);
#1950=AXIS2_PLACEMENT_3D('',#2827,#2325,#2326);
#1951=AXIS2_PLACEMENT_3D('',#2833,#2330,#2331);
#1952=AXIS2_PLACEMENT_3D('',#2839,#2335,#2336);
#1953=AXIS2_PLACEMENT_3D('',#2843,#2339,#2340);
#1954=AXIS2_PLACEMENT_3D('',#2849,#2344,#2345);
#1955=AXIS2_PLACEMENT_3D('',#2853,#2348,#2349);
#1956=AXIS2_PLACEMENT_3D('',#2859,#2353,#2354);
#1957=AXIS2_PLACEMENT_3D('',#2865,#2358,#2359);
#1958=AXIS2_PLACEMENT_3D('',#2871,#2363,#2364);
#1959=AXIS2_PLACEMENT_3D('',#2876,#2368,#2369);
#1960=AXIS2_PLACEMENT_3D('',#2880,#2372,#2373);
#1961=AXIS2_PLACEMENT_3D('',#2883,#2376,#2377);
#1962=AXIS2_PLACEMENT_3D('',#2889,#2381,#2382);
#1963=AXIS2_PLACEMENT_3D('',#2895,#2386,#2387);
#1964=AXIS2_PLACEMENT_3D('',#2899,#2390,#2391);
#1965=AXIS2_PLACEMENT_3D('',#2903,#2394,#2395);
#1966=AXIS2_PLACEMENT_3D('',#2907,#2398,#2399);
#1967=AXIS2_PLACEMENT_3D('',#2910,#2402,#2403);
#1968=AXIS2_PLACEMENT_3D('',#2916,#2407,#2408);
#1969=AXIS2_PLACEMENT_3D('',#2918,#2410,#2411);
#1970=AXIS2_PLACEMENT_3D('',#2921,#2414,#2415);
#1971=AXIS2_PLACEMENT_3D('',#2922,#2416,#2417);
#1972=DIRECTION('',(0.,0.,1.));
#1973=DIRECTION('',(1.,0.,0.));
#1974=DIRECTION('',(0.,0.,1.));
#1975=DIRECTION('',(1.,0.,0.));
#1976=DIRECTION('',(-1.,0.,0.));
#1977=DIRECTION('',(-0.612634552741616,-0.790366310508666,0.));
#1978=DIRECTION('',(0.903768430055494,-0.428021757431824,0.));
#1979=DIRECTION('',(0.839722084643877,0.543016409108731,0.));
#1980=DIRECTION('',(0.734812393603617,-0.678270407880605,0.));
#1981=DIRECTION('',(0.678270407880605,0.734812393603617,0.));
#1982=DIRECTION('',(0.,0.,-1.));
#1983=DIRECTION('',(0.678270407880605,0.734812393603617,0.));
#1984=DIRECTION('',(0.,0.,-1.));
#1985=DIRECTION('',(-0.678270407880605,-0.734812393603617,0.));
#1986=DIRECTION('',(1.,0.,0.));
#1987=DIRECTION('',(0.,0.,-1.));
#1988=DIRECTION('',(0.,1.,0.));
#1989=DIRECTION('',(0.,0.,-1.));
#1990=DIRECTION('',(0.,-1.,0.));
#1991=DIRECTION('',(0.,0.,1.));
#1992=DIRECTION('',(1.,0.,0.));
#1993=DIRECTION('',(-1.,0.,0.));
#1994=DIRECTION('',(0.626317980769897,0.779567692355397,0.));
#1995=DIRECTION('',(-0.543016409108731,0.839722084643877,0.));
#1996=DIRECTION('',(-1.,0.,0.));
#1997=DIRECTION('',(-0.626317980769896,-0.779567692355398,0.));
#1998=DIRECTION('',(0.478180641488231,-0.878261506674353,0.));
#1999=DIRECTION('',(0.,0.,1.));
#2000=DIRECTION('',(1.,0.,0.));
#2001=DIRECTION('',(0.0985594819563448,-0.995131161463903,0.));
#2002=DIRECTION('',(1.,0.,0.));
#2003=DIRECTION('',(0.48102426252677,0.876707282312961,0.));
#2004=DIRECTION('',(-0.543016409108731,0.839722084643878,0.));
#2005=DIRECTION('',(-0.977879944593788,-0.209166952364016,0.));
#2006=DIRECTION('',(0.543016409108731,-0.839722084643878,0.));
#2007=DIRECTION('',(0.,0.,1.));
#2008=DIRECTION('',(1.,0.,0.));
#2009=DIRECTION('',(-0.734812393603616,0.678270407880606,0.));
#2010=DIRECTION('',(-0.636104810174719,-0.771602663598685,0.));
#2011=DIRECTION('',(0.995131161463903,0.0985594819563459,0.));
#2012=DIRECTION('',(0.528166044585599,0.84914111274087,0.));
#2013=DIRECTION('',(0.957304569298132,0.289081237026753,0.));
#2014=DIRECTION('',(0.,0.,1.));
#2015=DIRECTION('',(1.,0.,0.));
#2016=DIRECTION('',(0.496607400974379,-0.867975281501422,0.));
#2017=DIRECTION('',(1.,0.,0.));
#2018=DIRECTION('',(0.678270407880606,0.734812393603617,0.));
#2019=DIRECTION('',(0.734812393603616,-0.678270407880606,0.));
#2020=DIRECTION('',(-0.899951560150659,-0.435989895963651,0.));
#2021=DIRECTION('',(0.435989895963651,-0.899951560150659,0.));
#2022=DIRECTION('',(0.899951560150659,0.435989895963651,0.));
#2023=DIRECTION('',(0.,0.,-1.));
#2024=DIRECTION('',(0.899951560150659,0.435989895963651,0.));
#2025=DIRECTION('',(-0.521843673739163,0.853041136275628,0.));
#2026=DIRECTION('',(-0.853041136275628,-0.521843673739163,0.));
#2027=DIRECTION('',(-0.853041136275628,-0.521843673739163,0.));
#2028=DIRECTION('',(0.,0.,-1.));
#2029=DIRECTION('',(0.853041136275628,0.521843673739163,0.));
#2030=DIRECTION('',(0.,0.,-1.));
#2031=DIRECTION('',(0.333105298216388,0.942889633149167,0.));
#2032=DIRECTION('',(-0.942889633149167,0.333105298216388,0.));
#2033=DIRECTION('',(-0.942889633149167,0.333105298216388,0.));
#2034=DIRECTION('',(0.942889633149167,-0.333105298216388,0.));
#2035=DIRECTION('',(0.,0.,-1.));
#2036=DIRECTION('',(0.867975281501422,0.496607400974379,0.));
#2037=DIRECTION('',(-0.496607400974379,0.867975281501422,0.));
#2038=DIRECTION('',(-0.496607400974379,0.867975281501422,0.));
#2039=DIRECTION('',(-0.496607400974379,0.867975281501422,0.));
#2040=DIRECTION('',(0.,0.,-1.));
#2041=DIRECTION('',(0.,1.,0.));
#2042=DIRECTION('',(0.,0.,1.));
#2043=DIRECTION('',(-1.,0.,0.));
#2044=DIRECTION('',(0.,0.,-1.));
#2045=DIRECTION('',(-0.734812393603617,0.678270407880606,0.));
#2046=DIRECTION('',(-0.678270407880606,-0.734812393603617,0.));
#2047=DIRECTION('',(-0.678270407880606,-0.734812393603617,0.));
#2048=DIRECTION('',(0.,0.,-1.));
#2049=DIRECTION('',(0.96737234387014,0.253358931784913,0.));
#2050=DIRECTION('',(-0.253358931784913,0.96737234387014,0.));
#2051=DIRECTION('',(-0.253358931784913,0.96737234387014,0.));
#2052=DIRECTION('',(0.,0.,-1.));
#2053=DIRECTION('',(0.253358931784913,-0.96737234387014,0.));
#2054=DIRECTION('',(0.,0.,-1.));
#2055=DIRECTION('',(0.371389488723512,0.928477165936615,0.));
#2056=DIRECTION('',(-0.928477165936615,0.371389488723513,0.));
#2057=DIRECTION('',(-0.928477165936615,0.371389488723513,0.));
#2058=DIRECTION('',(0.,0.,-1.));
#2059=DIRECTION('',(0.928477165936615,-0.371389488723513,0.));
#2060=DIRECTION('',(-0.519107905240498,0.85470871220365,0.));
#2061=DIRECTION('',(-0.85470871220365,-0.519107905240498,0.));
#2062=DIRECTION('',(-0.85470871220365,-0.519107905240498,0.));
#2063=DIRECTION('',(0.,0.,-1.));
#2064=DIRECTION('',(0.85470871220365,0.519107905240498,0.));
#2065=DIRECTION('',(-0.209166952364016,0.977879944593788,0.));
#2066=DIRECTION('',(-0.977879944593788,-0.209166952364016,0.));
#2067=DIRECTION('',(0.,0.,-1.));
#2068=DIRECTION('',(0.977879944593788,0.209166952364016,0.));
#2069=DIRECTION('',(0.,0.,-1.));
#2070=DIRECTION('',(0.,1.,0.));
#2071=DIRECTION('',(0.,0.,1.));
#2072=DIRECTION('',(1.,0.,0.));
#2073=DIRECTION('',(0.,0.,-1.));
#2074=DIRECTION('',(-0.790366310508666,0.612634552741616,0.));
#2075=DIRECTION('',(-0.612634552741616,-0.790366310508666,0.));
#2076=DIRECTION('',(0.612634552741616,0.790366310508666,0.));
#2077=DIRECTION('',(0.,0.,-1.));
#2078=DIRECTION('',(-0.777630016300864,0.628722162602782,0.));
#2079=DIRECTION('',(-0.628722162602782,-0.777630016300864,0.));
#2080=DIRECTION('',(-0.628722162602782,-0.777630016300864,0.));
#2081=DIRECTION('',(0.,0.,-1.));
#2082=DIRECTION('',(0.628722162602782,0.777630016300864,0.));
#2083=DIRECTION('',(0.,0.,-1.));
#2084=DIRECTION('',(-0.443789273242618,0.896131173966618,0.));
#2085=DIRECTION('',(-0.896131173966618,-0.443789273242618,0.));
#2086=DIRECTION('',(-0.896131173966618,-0.443789273242618,0.));
#2087=DIRECTION('',(0.896131173966618,0.443789273242618,0.));
#2088=DIRECTION('',(0.,0.,-1.));
#2089=DIRECTION('',(-0.771602663598685,0.636104810174719,0.));
#2090=DIRECTION('',(-0.636104810174719,-0.771602663598685,0.));
#2091=DIRECTION('',(0.,0.,-1.));
#2092=DIRECTION('',(0.636104810174719,0.771602663598685,0.));
#2093=DIRECTION('',(0.,0.,-1.));
#2094=DIRECTION('',(0.,-1.,0.));
#2095=DIRECTION('',(0.,0.,-1.));
#2096=DIRECTION('',(0.,0.,-1.));
#2097=DIRECTION('',(-1.,0.,0.));
#2098=DIRECTION('',(0.,0.,-1.));
#2099=DIRECTION('',(0.876707282312961,-0.48102426252677,0.));
#2100=DIRECTION('',(0.48102426252677,0.876707282312961,0.));
#2101=DIRECTION('',(-0.48102426252677,-0.876707282312961,0.));
#2102=DIRECTION('',(0.,0.,-1.));
#2103=DIRECTION('',(0.839722084643878,0.543016409108731,0.));
#2104=DIRECTION('',(-0.543016409108731,0.839722084643878,0.));
#2105=DIRECTION('',(0.543016409108731,-0.839722084643878,0.));
#2106=DIRECTION('',(0.,-1.,0.));
#2107=DIRECTION('',(0.,0.,-1.));
#2108=DIRECTION('',(1.,0.,0.));
#2109=DIRECTION('',(0.,0.,-1.));
#2110=DIRECTION('',(0.,0.,-1.));
#2111=DIRECTION('',(0.779567692355398,-0.626317980769896,0.));
#2112=DIRECTION('',(0.626317980769896,0.779567692355398,0.));
#2113=DIRECTION('',(0.626317980769896,0.779567692355398,0.));
#2114=DIRECTION('',(0.,0.,-1.));
#2115=DIRECTION('',(0.878261506674353,0.478180641488231,0.));
#2116=DIRECTION('',(-0.478180641488231,0.878261506674353,0.));
#2117=DIRECTION('',(-0.478180641488231,0.878261506674353,0.));
#2118=DIRECTION('',(0.,0.,-1.));
#2119=DIRECTION('',(0.428021757431824,0.903768430055494,0.));
#2120=DIRECTION('',(-0.903768430055494,0.428021757431824,0.));
#2121=DIRECTION('',(0.903768430055494,-0.428021757431824,0.));
#2122=DIRECTION('',(0.,0.,-1.));
#2123=DIRECTION('',(-0.903768430055494,0.428021757431824,0.));
#2124=DIRECTION('',(0.,0.,-1.));
#2125=DIRECTION('',(-0.543016409108731,0.839722084643877,0.));
#2126=DIRECTION('',(-0.839722084643877,-0.543016409108731,0.));
#2127=DIRECTION('',(-0.839722084643877,-0.543016409108731,0.));
#2128=DIRECTION('',(0.,0.,-1.));
#2129=DIRECTION('',(0.839722084643877,0.543016409108731,0.));
#2130=DIRECTION('',(-0.543016409108731,0.839722084643878,0.));
#2131=DIRECTION('',(-0.543016409108731,0.839722084643878,0.));
#2132=DIRECTION('',(0.,0.,-1.));
#2133=DIRECTION('',(-0.779567692355397,0.626317980769897,0.));
#2134=DIRECTION('',(-0.626317980769897,-0.779567692355397,0.));
#2135=DIRECTION('',(-0.626317980769897,-0.779567692355397,0.));
#2136=DIRECTION('',(0.,0.,-1.));
#2137=DIRECTION('',(0.,0.,-1.));
#2138=DIRECTION('',(-0.839722084643877,-0.543016409108731,0.));
#2139=DIRECTION('',(0.543016409108731,-0.839722084643877,0.));
#2140=DIRECTION('',(0.543016409108731,-0.839722084643877,0.));
#2141=DIRECTION('',(0.,0.,1.));
#2142=DIRECTION('',(1.,0.,0.));
#2143=DIRECTION('',(-0.439594077351031,-0.898196552630824,0.));
#2144=DIRECTION('',(0.439594077351029,0.898196552630825,0.));
#2145=DIRECTION('',(0.995157848771617,0.0982896537192409,0.));
#2146=DIRECTION('',(-0.813733471206735,0.,0.581238193719097));
#2147=DIRECTION('',(0.,1.,0.));
#2148=DIRECTION('',(0.,-1.,0.));
#2149=DIRECTION('',(-0.502518907629606,0.502518907629608,-0.703526470681448));
#2150=DIRECTION('',(-0.813733471206735,0.,0.581238193719097));
#2151=DIRECTION('',(0.581238193719097,0.,0.813733471206735));
#2152=DIRECTION('',(0.,1.,0.));
#2153=DIRECTION('',(-0.813733471206735,0.,0.581238193719097));
#2154=DIRECTION('',(-0.581238193719097,0.,-0.813733471206735));
#2155=DIRECTION('',(-0.502518907629606,-0.502518907629606,-0.703526470681448));
#2156=DIRECTION('',(-0.707753913788056,-0.706459055797071,0.));
#2157=DIRECTION('',(0.706459055797071,-0.707753913788056,0.));
#2158=DIRECTION('',(-0.706459055797071,0.707753913788056,0.));
#2159=DIRECTION('',(0.,0.,-1.));
#2160=DIRECTION('',(-0.706459055797071,0.707753913788056,0.));
#2161=DIRECTION('',(0.,0.,-1.));
#2162=DIRECTION('',(0.,-1.,0.));
#2163=DIRECTION('',(0.,0.,-1.));
#2164=DIRECTION('',(-1.,0.,0.));
#2165=DIRECTION('',(0.,0.,-1.));
#2166=DIRECTION('',(-1.,0.,0.));
#2167=DIRECTION('',(-1.,0.,0.));
#2168=DIRECTION('',(0.779567692355398,-0.626317980769897,0.));
#2169=DIRECTION('',(0.626317980769897,0.779567692355398,0.));
#2170=DIRECTION('',(-0.626317980769897,-0.779567692355398,0.));
#2171=DIRECTION('',(0.,0.,-1.));
#2172=DIRECTION('',(-0.626317980769897,-0.779567692355398,0.));
#2173=DIRECTION('',(0.995131161463903,0.0985594819563448,0.));
#2174=DIRECTION('',(-0.0985594819563448,0.995131161463903,0.));
#2175=DIRECTION('',(0.0985594819563448,-0.995131161463903,0.));
#2176=DIRECTION('',(0.0985594819563448,-0.995131161463903,0.));
#2177=DIRECTION('',(0.,0.,-1.));
#2178=DIRECTION('',(-0.098559481956346,0.995131161463903,0.));
#2179=DIRECTION('',(-0.995131161463903,-0.0985594819563459,0.));
#2180=DIRECTION('',(0.995131161463903,0.0985594819563459,0.));
#2181=DIRECTION('',(0.,0.,-1.));
#2182=DIRECTION('',(-0.84914111274087,0.528166044585599,0.));
#2183=DIRECTION('',(-0.528166044585599,-0.84914111274087,0.));
#2184=DIRECTION('',(0.528166044585599,0.84914111274087,0.));
#2185=DIRECTION('',(0.,0.,-1.));
#2186=DIRECTION('',(-0.289081237026753,0.957304569298132,0.));
#2187=DIRECTION('',(-0.957304569298132,-0.289081237026753,0.));
#2188=DIRECTION('',(0.957304569298132,0.289081237026753,0.));
#2189=DIRECTION('',(0.,0.,-1.));
#2190=DIRECTION('',(0.678270407880606,0.734812393603616,0.));
#2191=DIRECTION('',(-0.734812393603616,0.678270407880606,0.));
#2192=DIRECTION('',(0.734812393603616,-0.678270407880606,0.));
#2193=DIRECTION('',(0.734812393603616,-0.678270407880606,0.));
#2194=DIRECTION('',(0.,0.,-1.));
#2195=DIRECTION('',(1.,0.,0.));
#2196=DIRECTION('',(0.,0.,-1.));
#2197=DIRECTION('',(0.,0.,-1.));
#2198=DIRECTION('',(0.,-1.,0.));
#2199=DIRECTION('',(0.,0.,-1.));
#2200=DIRECTION('',(0.,0.,-1.));
#2201=DIRECTION('',(-1.,0.,0.));
#2202=DIRECTION('',(0.,0.,-1.));
#2203=DIRECTION('',(-1.,0.,0.));
#2204=DIRECTION('',(0.,0.,1.));
#2205=DIRECTION('',(1.,0.,0.));
#2206=DIRECTION('',(0.,0.,-1.));
#2207=DIRECTION('',(-1.,0.,0.));
#2208=DIRECTION('',(0.,0.,-1.));
#2209=DIRECTION('',(-1.,0.,0.));
#2210=DIRECTION('',(0.,0.,1.));
#2211=DIRECTION('',(1.,0.,0.));
#2212=DIRECTION('',(1.,0.,0.));
#2213=DIRECTION('',(0.,0.,-1.));
#2214=DIRECTION('',(0.,-1.,0.));
#2215=DIRECTION('',(0.,0.,-1.));
#2216=DIRECTION('',(0.,-1.,0.));
#2217=DIRECTION('',(0.,0.,-1.));
#2218=DIRECTION('',(-0.502518907629606,0.502518907629608,-0.703526470681448));
#2219=DIRECTION('',(0.,0.813733471206734,0.581238193719098));
#2220=DIRECTION('',(0.272246914270185,-0.272246914270186,0.922910198958016));
#2221=DIRECTION('',(-0.652596060109437,0.65259606010944,0.385015278475123));
#2222=DIRECTION('',(0.,0.,1.));
#2223=DIRECTION('',(-0.707106781186546,0.707106781186549,0.));
#2224=DIRECTION('',(0.502518907629606,-0.502518907629608,0.703526470681448));
#2225=DIRECTION('',(0.,0.,1.));
#2226=DIRECTION('',(1.,0.,0.));
#2227=DIRECTION('',(0.,-0.813733471206734,-0.581238193719098));
#2228=DIRECTION('',(0.,-0.581238193719098,0.813733471206734));
#2229=DIRECTION('',(0.,0.,-1.));
#2230=DIRECTION('',(0.,0.,1.));
#2231=DIRECTION('',(1.,0.,0.));
#2232=DIRECTION('',(0.,0.,-1.));
#2233=DIRECTION('',(-1.,0.,0.));
#2234=DIRECTION('',(0.,0.,1.));
#2235=DIRECTION('',(1.,0.,0.));
#2236=DIRECTION('',(0.,0.,-1.));
#2237=DIRECTION('',(0.,-0.813733471206735,0.581238193719097));
#2238=DIRECTION('',(0.,-0.581238193719097,-0.813733471206735));
#2239=DIRECTION('',(-0.272246914270186,-0.272246914270186,-0.922910198958016));
#2240=DIRECTION('',(-0.652596060109439,-0.652596060109439,0.385015278475122));
#2241=DIRECTION('',(-0.502518907629606,-0.502518907629606,-0.703526470681448));
#2242=DIRECTION('',(-0.813733471206735,0.,0.581238193719097));
#2243=DIRECTION('',(0.,0.,1.));
#2244=DIRECTION('',(-0.707106781186548,-0.707106781186548,0.));
#2245=DIRECTION('',(-0.502518907629606,-0.502518907629606,-0.703526470681448));
#2246=DIRECTION('',(-0.0982896537192409,0.995157848771617,0.));
#2247=DIRECTION('',(-0.995157848771617,-0.0982896537192409,0.));
#2248=DIRECTION('',(0.995157848771617,0.0982896537192409,0.));
#2249=DIRECTION('',(0.,0.,-1.));
#2250=DIRECTION('',(0.,0.,1.));
#2251=DIRECTION('',(1.,0.,0.));
#2252=DIRECTION('',(0.448118050174748,-0.893974391751566,0.));
#2253=DIRECTION('',(0.439594077351031,0.898196552630824,0.));
#2254=DIRECTION('',(0.997493623969525,-0.0707564141272315,0.));
#2255=DIRECTION('',(0.956558229514592,-0.291541341061452,0.));
#2256=DIRECTION('',(-0.898196552630825,0.439594077351029,0.));
#2257=DIRECTION('',(-0.439594077351029,-0.898196552630825,0.));
#2258=DIRECTION('',(0.439594077351029,0.898196552630825,0.));
#2259=DIRECTION('',(0.,0.,-1.));
#2260=DIRECTION('',(0.,0.,-1.));
#2261=DIRECTION('',(-0.963753501153398,-0.266794282199915,0.));
#2262=DIRECTION('',(0.266794282199915,-0.963753501153398,0.));
#2263=DIRECTION('',(0.,0.,-1.));
#2264=DIRECTION('',(-0.266794282199915,0.963753501153398,0.));
#2265=DIRECTION('',(-0.266794282199915,0.963753501153398,0.));
#2266=DIRECTION('',(-0.266794282199915,0.963753501153398,0.));
#2267=DIRECTION('',(0.,0.,-1.));
#2268=DIRECTION('',(0.266794282199915,-0.963753501153398,0.));
#2269=DIRECTION('',(0.,0.,1.));
#2270=DIRECTION('',(1.,0.,0.));
#2271=DIRECTION('',(-1.,0.,0.));
#2272=DIRECTION('',(-0.347994017492166,-0.937496754015534,0.));
#2273=DIRECTION('',(0.937496754015534,-0.347994017492166,0.));
#2274=DIRECTION('',(0.347994017492166,0.937496754015534,0.));
#2275=DIRECTION('',(0.347994017492166,0.937496754015534,0.));
#2276=DIRECTION('',(0.,0.,-1.));
#2277=DIRECTION('',(0.,0.,1.));
#2278=DIRECTION('',(1.,0.,0.));
#2279=DIRECTION('',(1.,0.,0.));
#2280=DIRECTION('',(-0.398352222883397,-0.917232525875449,0.));
#2281=DIRECTION('',(-0.917232525875449,0.398352222883397,0.));
#2282=DIRECTION('',(-0.398352222883397,-0.917232525875449,0.));
#2283=DIRECTION('',(0.,0.,-1.));
#2284=DIRECTION('',(0.398352222883397,0.917232525875449,0.));
#2285=DIRECTION('',(0.,0.,1.));
#2286=DIRECTION('',(1.,0.,0.));
#2287=DIRECTION('',(-1.,0.,0.));
#2288=DIRECTION('',(-0.257769224541548,-0.966206513577325,0.));
#2289=DIRECTION('',(0.966206513577325,-0.257769224541548,0.));
#2290=DIRECTION('',(0.257769224541548,0.966206513577325,0.));
#2291=DIRECTION('',(0.257769224541548,0.966206513577325,0.));
#2292=DIRECTION('',(0.,0.,-1.));
#2293=DIRECTION('',(0.,0.,1.));
#2294=DIRECTION('',(1.,0.,0.));
#2295=DIRECTION('',(-1.,0.,0.));
#2296=DIRECTION('',(0.626317980769896,0.779567692355398,0.));
#2297=DIRECTION('',(-0.779567692355398,0.626317980769896,0.));
#2298=DIRECTION('',(-0.626317980769896,-0.779567692355398,0.));
#2299=DIRECTION('',(0.626317980769896,0.779567692355398,0.));
#2300=DIRECTION('',(0.,0.,-1.));
#2301=DIRECTION('',(-0.291541341061452,-0.956558229514592,0.));
#2302=DIRECTION('',(0.956558229514592,-0.291541341061452,0.));
#2303=DIRECTION('',(0.,0.,-1.));
#2304=DIRECTION('',(0.,0.,-1.));
#2305=DIRECTION('',(-0.956558229514592,0.291541341061452,0.));
#2306=DIRECTION('',(-0.893974391751566,-0.448118050174748,0.));
#2307=DIRECTION('',(0.448118050174748,-0.893974391751566,0.));
#2308=DIRECTION('',(0.,0.,-1.));
#2309=DIRECTION('',(-0.448118050174748,0.893974391751566,0.));
#2310=DIRECTION('',(-0.898196552630824,0.439594077351031,0.));
#2311=DIRECTION('',(-0.439594077351031,-0.898196552630824,0.));
#2312=DIRECTION('',(0.,0.,-1.));
#2313=DIRECTION('',(0.439594077351031,0.898196552630824,0.));
#2314=DIRECTION('',(0.,0.,-1.));
#2315=DIRECTION('',(0.,0.,1.));
#2316=DIRECTION('',(1.,0.,0.));
#2317=DIRECTION('',(0.,-1.,0.));
#2318=DIRECTION('',(0.86797528150142,0.496607400974382,0.));
#2319=DIRECTION('',(-0.496607400974382,0.86797528150142,0.));
#2320=DIRECTION('',(-0.496607400974382,0.86797528150142,0.));
#2321=DIRECTION('',(-0.86797528150142,-0.496607400974382,0.));
#2322=DIRECTION('',(0.,0.,1.));
#2323=DIRECTION('',(-0.86797528150142,-0.496607400974382,0.));
#2324=DIRECTION('',(0.,0.,-1.));
#2325=DIRECTION('',(0.,0.,1.));
#2326=DIRECTION('',(1.,0.,0.));
#2327=DIRECTION('',(0.,-1.,0.));
#2328=DIRECTION('',(0.734556521529237,0.678547505101056,0.));
#2329=DIRECTION('',(-0.496607400974382,0.86797528150142,0.));
#2330=DIRECTION('',(-0.678547505101056,0.734556521529237,0.));
#2331=DIRECTION('',(-0.734556521529237,-0.678547505101056,0.));
#2332=DIRECTION('',(0.,0.,1.));
#2333=DIRECTION('',(-0.734556521529237,-0.678547505101056,0.));
#2334=DIRECTION('',(0.,0.,-1.));
#2335=DIRECTION('',(-0.86797528150142,-0.496607400974382,0.));
#2336=DIRECTION('',(0.496607400974382,-0.86797528150142,0.));
#2337=DIRECTION('',(0.,0.,-1.));
#2338=DIRECTION('',(0.496607400974382,-0.86797528150142,0.));
#2339=DIRECTION('',(0.,-0.813733471206735,0.581238193719097));
#2340=DIRECTION('',(-1.,0.,0.));
#2341=DIRECTION('',(0.,-0.581238193719097,-0.813733471206735));
#2342=DIRECTION('',(1.,0.,0.));
#2343=DIRECTION('',(-1.,0.,0.));
#2344=DIRECTION('',(0.,1.,0.));
#2345=DIRECTION('',(0.,0.,1.));
#2346=DIRECTION('',(1.,0.,0.));
#2347=DIRECTION('',(0.,0.,1.));
#2348=DIRECTION('',(0.,1.,0.));
#2349=DIRECTION('',(0.,0.,1.));
#2350=DIRECTION('',(0.,0.,1.));
#2351=DIRECTION('',(1.,0.,0.));
#2352=DIRECTION('',(1.,0.,0.));
#2353=DIRECTION('',(0.,1.,0.));
#2354=DIRECTION('',(0.,0.,1.));
#2355=DIRECTION('',(1.,0.,0.));
#2356=DIRECTION('',(0.,0.,1.));
#2357=DIRECTION('',(1.,0.,0.));
#2358=DIRECTION('',(0.,-1.,0.));
#2359=DIRECTION('',(0.,0.,-1.));
#2360=DIRECTION('',(-1.,0.,0.));
#2361=DIRECTION('',(0.,0.,-1.));
#2362=DIRECTION('',(-1.,0.,0.));
#2363=DIRECTION('',(0.,-0.813733471206734,-0.581238193719098));
#2364=DIRECTION('',(1.,0.,0.));
#2365=DIRECTION('',(0.,0.581238193719098,-0.813733471206734));
#2366=DIRECTION('',(1.,0.,0.));
#2367=DIRECTION('',(-1.,0.,0.));
#2368=DIRECTION('',(0.,1.,0.));
#2369=DIRECTION('',(0.,0.,1.));
#2370=DIRECTION('',(0.,0.,1.));
#2371=DIRECTION('',(1.,0.,0.));
#2372=DIRECTION('',(0.,0.,1.));
#2373=DIRECTION('',(1.,0.,0.));
#2374=DIRECTION('',(0.,-1.,0.));
#2375=DIRECTION('',(0.,-1.,0.));
#2376=DIRECTION('',(0.,0.,1.));
#2377=DIRECTION('',(1.,0.,0.));
#2378=DIRECTION('',(0.,-1.,0.));
#2379=DIRECTION('',(-0.898196552630825,0.439594077351029,0.));
#2380=DIRECTION('',(-0.685583934036669,-0.727993591586358,0.));
#2381=DIRECTION('',(0.727993591586358,-0.685583934036669,0.));
#2382=DIRECTION('',(0.685583934036669,0.727993591586358,0.));
#2383=DIRECTION('',(0.,0.,-1.));
#2384=DIRECTION('',(0.,0.,-1.));
#2385=DIRECTION('',(0.685583934036669,0.727993591586358,0.));
#2386=DIRECTION('',(0.,0.,1.));
#2387=DIRECTION('',(1.,0.,0.));
#2388=DIRECTION('',(0.,-1.,0.));
#2389=DIRECTION('',(0.997493623969525,-0.070756414127232,0.));
#2390=DIRECTION('',(-0.439594077351029,-0.898196552630825,0.));
#2391=DIRECTION('',(0.898196552630825,-0.439594077351029,0.));
#2392=DIRECTION('',(0.,0.,-1.));
#2393=DIRECTION('',(-0.898196552630825,0.439594077351029,0.));
#2394=DIRECTION('',(0.070756414127232,0.997493623969525,0.));
#2395=DIRECTION('',(-0.997493623969525,0.070756414127232,0.));
#2396=DIRECTION('',(0.997493623969525,-0.070756414127232,0.));
#2397=DIRECTION('',(0.,0.,1.));
#2398=DIRECTION('',(0.,0.,1.));
#2399=DIRECTION('',(1.,0.,0.));
#2400=DIRECTION('',(0.,-1.,0.));
#2401=DIRECTION('',(0.,-1.,0.));
#2402=DIRECTION('',(0.435833632933997,0.900027246478436,0.));
#2403=DIRECTION('',(-0.900027246478436,0.435833632933997,0.));
#2404=DIRECTION('',(0.900027246478436,-0.435833632933997,0.));
#2405=DIRECTION('',(0.,0.,1.));
#2406=DIRECTION('',(0.900027246478436,-0.435833632933997,0.));
#2407=DIRECTION('',(0.,0.,1.));
#2408=DIRECTION('',(1.,0.,0.));
#2409=DIRECTION('',(0.,-1.,0.));
#2410=DIRECTION('',(0.,0.,1.));
#2411=DIRECTION('',(1.,0.,0.));
#2412=DIRECTION('',(0.,-1.,0.));
#2413=DIRECTION('',(0.,-1.,0.));
#2414=DIRECTION('',(-1.,0.,0.));
#2415=DIRECTION('',(0.,-1.,0.));
#2416=DIRECTION('',(-1.,0.,0.));
#2417=DIRECTION('',(0.,-1.,0.));
#2418=CARTESIAN_POINT('',(0.,0.,0.));
#2419=CARTESIAN_POINT('',(0.148366835469668,-0.0427663914638758,0.01094));
#2420=CARTESIAN_POINT('',(0.148366835469668,-0.0364910231539672,0.01094));
#2421=CARTESIAN_POINT('',(0.0382953514644116,-0.0364910231539672,0.01094));
#2422=CARTESIAN_POINT('',(0.0300603999994731,-0.0364910231539672,0.01094));
#2423=CARTESIAN_POINT('',(0.0714247317557155,0.0168735383624092,0.01094));
#2424=CARTESIAN_POINT('',(0.0274882281611058,-0.0398094092240754,0.01094));
#2425=CARTESIAN_POINT('',(0.0241525880054715,-0.0382296610119287,0.01094));
#2426=CARTESIAN_POINT('',(0.0307644091667647,-0.0413609977782593,0.01094));
#2427=CARTESIAN_POINT('',(0.0345298803155882,-0.0389260104661132,0.01094));
#2428=CARTESIAN_POINT('',(0.0664433804280648,-0.0527756829752334,0.01094));
#2429=CARTESIAN_POINT('',(0.0656325304760714,-0.0536541270104663,0.01094));
#2430=CARTESIAN_POINT('',(0.0656325304760714,-0.0536541270104663,0.01194));
#2431=CARTESIAN_POINT('',(0.0656325304760714,-0.0536541270104663,0.00894));
#2432=CARTESIAN_POINT('',(0.109120972974239,-0.00654040045703357,0.00894));
#2433=CARTESIAN_POINT('',(0.0672542303800583,-0.0518972389400005,0.00894));
#2434=CARTESIAN_POINT('',(0.0672542303800583,-0.0518972389400005,0.01094));
#2435=CARTESIAN_POINT('',(0.0672542303800583,-0.0518972389400005,0.01194));
#2436=CARTESIAN_POINT('',(0.0664433804280648,-0.0527756829752334,0.01194));
#2437=CARTESIAN_POINT('',(0.0672542303800583,-0.0506921112537384,0.01094));
#2438=CARTESIAN_POINT('',(0.0672542303800583,-0.0427663914638758,0.00894));
#2439=CARTESIAN_POINT('',(0.0672542303800583,-0.0494869835674763,0.00894));
#2440=CARTESIAN_POINT('',(0.0672542303800583,-0.0494869835674763,0.01094));
#2441=CARTESIAN_POINT('',(0.0672542303800583,-0.0494869835674763,0.01194));
#2442=CARTESIAN_POINT('',(0.0672542303800583,-0.0506921112537384,0.01194));
#2443=CARTESIAN_POINT('',(0.148366835469668,-0.0427663914638758,0.01094));
#2444=CARTESIAN_POINT('',(0.0208049014561898,-0.0494776703634652,0.01094));
#2445=CARTESIAN_POINT('',(0.0231786371477833,-0.0494776703634652,0.01094));
#2446=CARTESIAN_POINT('',(0.0184311657645962,-0.0494776703634652,0.01094));
#2447=CARTESIAN_POINT('',(0.0248654430266195,-0.0473781308215868,0.01094));
#2448=CARTESIAN_POINT('',(0.0265522489054555,-0.0452785912797085,0.01094));
#2449=CARTESIAN_POINT('',(0.0247838926510935,-0.042544000251892,0.01094));
#2450=CARTESIAN_POINT('',(0.0230155363967315,-0.0398094092240754,0.01094));
#2451=CARTESIAN_POINT('',(0.0206816969793008,-0.0398094092240754,0.01094));
#2452=CARTESIAN_POINT('',(0.0183478575618701,-0.0398094092240754,0.01094));
#2453=CARTESIAN_POINT('',(0.0168038540013394,-0.0417312050684032,0.01094));
#2454=CARTESIAN_POINT('',(0.0152598504408088,-0.043653000912731,0.01094));
#2455=CARTESIAN_POINT('',(0.0168455081027025,-0.0465653356380981,0.01094));
#2456=CARTESIAN_POINT('',(0.148366835469668,-0.0427663914638758,0.01094));
#2457=CARTESIAN_POINT('',(0.0415354580079813,-0.0508576059662852,0.01094));
#2458=CARTESIAN_POINT('',(0.0404412258206764,-0.0398094092240754,0.01094));
#2459=CARTESIAN_POINT('',(0.0411009069368974,-0.0464700493,0.01094));
#2460=CARTESIAN_POINT('',(0.148366835469668,-0.0464700493,0.01094));
#2461=CARTESIAN_POINT('',(0.0467846633023682,-0.0464700493,0.01094));
#2462=CARTESIAN_POINT('',(0.0718510845077486,-0.000784382849738585,0.01094));
#2463=CARTESIAN_POINT('',(0.0504391664017667,-0.0398094092240753,0.01094));
#2464=CARTESIAN_POINT('',(0.0806631200761579,-0.0865478152094418,0.01094));
#2465=CARTESIAN_POINT('',(0.0470784184265283,-0.0346123392122098,0.01094));
#2466=CARTESIAN_POINT('',(0.142267553563472,-0.0142515358182596,0.01094));
#2467=CARTESIAN_POINT('',(0.039368288642544,-0.0381502161890213,0.01094));
#2468=CARTESIAN_POINT('',(0.148366835469668,-0.0427663914638758,0.00894));
#2469=CARTESIAN_POINT('',(0.102574544063818,-0.0923760204047421,0.00894));
#2470=CARTESIAN_POINT('',(0.0565622258124225,-0.0499042355797004,0.00894));
#2471=CARTESIAN_POINT('',(0.050776068335724,-0.0445633085268305,0.00894));
#2472=CARTESIAN_POINT('',(0.0911461181400719,0.00440603970068961,0.00894));
#2473=CARTESIAN_POINT('',(0.0419700090790654,-0.0552451626325704,0.00894));
#2474=CARTESIAN_POINT('',(0.0459026824051508,-0.0548556639808024,0.00894));
#2475=CARTESIAN_POINT('',(0.0498353557312363,-0.0544661653290344,0.00894));
#2476=CARTESIAN_POINT('',(0.0508043789901485,-0.0529082509254491,0.00894));
#2477=CARTESIAN_POINT('',(0.0517734022490608,-0.0513503365218639,0.00894));
#2478=CARTESIAN_POINT('',(0.0541678140307416,-0.0506272860507822,0.00894));
#2479=CARTESIAN_POINT('',(0.148366835469668,-0.0427663914638758,0.01194));
#2480=CARTESIAN_POINT('',(0.0664451874870916,-0.0480729304716269,0.01194));
#2481=CARTESIAN_POINT('',(0.065326027572155,-0.0461168518060529,0.01194));
#2482=CARTESIAN_POINT('',(0.0626921036992865,-0.0461168518060529,0.01194));
#2483=CARTESIAN_POINT('',(0.0600581798264181,-0.0461168518060529,0.01194));
#2484=CARTESIAN_POINT('',(0.0583102028194203,-0.0480105436928767,0.01194));
#2485=CARTESIAN_POINT('',(0.0565622258124225,-0.0499042355797004,0.01194));
#2486=CARTESIAN_POINT('',(0.0594553045507717,-0.0525746991061354,0.01194));
#2487=CARTESIAN_POINT('',(0.0623483832891209,-0.0552451626325704,0.01194));
#2488=CARTESIAN_POINT('',(0.0639904568825962,-0.0544496448215183,0.01194));
#2489=CARTESIAN_POINT('',(0.0639904568825962,-0.0544496448215183,0.01094));
#2490=CARTESIAN_POINT('',(0.0623483832891209,-0.0552451626325704,0.01094));
#2491=CARTESIAN_POINT('',(0.0623483832891209,-0.0552451626325704,0.00894));
#2492=CARTESIAN_POINT('',(0.136912122446155,-0.0191220663269271,0.00894));
#2493=CARTESIAN_POINT('',(0.0792049958305458,-0.0460834796815453,0.01094));
#2494=CARTESIAN_POINT('',(0.131009242086615,-0.0143924896085642,0.00894));
#2495=CARTESIAN_POINT('',(0.0847685946021278,-0.0426799757956143,0.00894));
#2496=CARTESIAN_POINT('',(0.0736413970589638,-0.0494869835674763,0.00894));
#2497=CARTESIAN_POINT('',(0.0847685946021278,-0.0426799757956143,0.01094));
#2498=CARTESIAN_POINT('',(0.0847685946021278,-0.0426799757956143,0.01094));
#2499=CARTESIAN_POINT('',(0.0792049958305458,-0.0460834796815453,0.01094));
#2500=CARTESIAN_POINT('',(0.0736413970589638,-0.0494869835674763,0.01094));
#2501=CARTESIAN_POINT('',(0.0736413970589638,-0.0494869835674763,0.01094));
#2502=CARTESIAN_POINT('',(0.0696387708265443,-0.0480729304716269,0.01094));
#2503=CARTESIAN_POINT('',(0.137964551243153,-0.0722111526573206,0.00894));
#2504=CARTESIAN_POINT('',(0.0656361445941248,-0.0466588773757776,0.00894));
#2505=CARTESIAN_POINT('',(0.0696387708265443,-0.0480729304716269,0.01094));
#2506=CARTESIAN_POINT('',(0.0656361445941248,-0.0466588773757776,0.01094));
#2507=CARTESIAN_POINT('',(0.0656361445941248,-0.0466588773757776,0.01094));
#2508=CARTESIAN_POINT('',(0.0664451874870916,-0.0480729304716269,0.01094));
#2509=CARTESIAN_POINT('',(0.0843612688544492,-0.0793868330387716,0.00894));
#2510=CARTESIAN_POINT('',(0.0843612688544492,-0.0793868330387716,0.01094));
#2511=CARTESIAN_POINT('',(0.065326027572155,-0.0461168518060529,0.01094));
#2512=CARTESIAN_POINT('',(0.065326027572155,-0.0461168518060529,0.01194));
#2513=CARTESIAN_POINT('',(0.0626921036992865,-0.0461168518060529,0.01194));
#2514=CARTESIAN_POINT('',(0.148366835469668,-0.0461168518060529,0.01094));
#2515=CARTESIAN_POINT('',(0.0600581798264181,-0.0461168518060529,0.01094));
#2516=CARTESIAN_POINT('',(0.0600581798264181,-0.0461168518060529,0.01194));
#2517=CARTESIAN_POINT('',(0.0583102028194203,-0.0480105436928767,0.01194));
#2518=CARTESIAN_POINT('',(0.102354517218272,-0.000294606638834086,0.01094));
#2519=CARTESIAN_POINT('',(0.0565622258124225,-0.0499042355797004,0.01094));
#2520=CARTESIAN_POINT('',(0.0565622258124225,-0.0499042355797004,0.01194));
#2521=CARTESIAN_POINT('',(0.071050375699997,-0.0363511051982641,0.01194));
#2522=CARTESIAN_POINT('',(0.0775857151691411,-0.0613042679532292,0.01094));
#2523=CARTESIAN_POINT('',(0.0717131942510605,-0.0388818718492985,0.01094));
#2524=CARTESIAN_POINT('',(0.0703875571489334,-0.0338203385472297,0.01094));
#2525=CARTESIAN_POINT('',(0.0717131942510605,-0.0388818718492985,0.01194));
#2526=CARTESIAN_POINT('',(0.0717131942510605,-0.0388818718492985,0.01194));
#2527=CARTESIAN_POINT('',(0.071050375699997,-0.0363511051982641,0.01194));
#2528=CARTESIAN_POINT('',(0.0703875571489334,-0.0338203385472297,0.01194));
#2529=CARTESIAN_POINT('',(0.0703875571489334,-0.0338203385472297,0.01194));
#2530=CARTESIAN_POINT('',(0.0732196047902107,-0.0394844338297844,0.01194));
#2531=CARTESIAN_POINT('',(0.139133472983606,-0.0658498833057979,0.01094));
#2532=CARTESIAN_POINT('',(0.074726015329361,-0.0400869958102703,0.01094));
#2533=CARTESIAN_POINT('',(0.074726015329361,-0.0400869958102703,0.01194));
#2534=CARTESIAN_POINT('',(0.074726015329361,-0.0400869958102703,0.01194));
#2535=CARTESIAN_POINT('',(0.0732196047902107,-0.0394844338297844,0.01194));
#2536=CARTESIAN_POINT('',(0.0787173321971639,-0.0376628668540388,0.01194));
#2537=CARTESIAN_POINT('',(0.127333810999506,-0.00813561609490562,0.01094));
#2538=CARTESIAN_POINT('',(0.0827086490649668,-0.0352387378978073,0.01094));
#2539=CARTESIAN_POINT('',(0.0827086490649668,-0.0352387378978073,0.01194));
#2540=CARTESIAN_POINT('',(0.0827086490649668,-0.0352387378978073,0.01194));
#2541=CARTESIAN_POINT('',(0.0787173321971639,-0.0376628668540388,0.01194));
#2542=CARTESIAN_POINT('',(0.0426868849454699,-0.0355516811830885,0.01194));
#2543=CARTESIAN_POINT('',(0.0470784184265283,-0.0346123392122098,0.01194));
#2544=CARTESIAN_POINT('',(0.0470784184265283,-0.0346123392122098,0.01194));
#2545=CARTESIAN_POINT('',(0.0426868849454699,-0.0355516811830885,0.01194));
#2546=CARTESIAN_POINT('',(0.0382953514644116,-0.0364910231539672,0.01194));
#2547=CARTESIAN_POINT('',(0.0382953514644116,-0.0364910231539672,0.01194));
#2548=CARTESIAN_POINT('',(0.0341778757319424,-0.0364910231539672,0.01194));
#2549=CARTESIAN_POINT('',(0.0341778757319424,-0.0364910231539672,0.01194));
#2550=CARTESIAN_POINT('',(0.0300603999994731,-0.0364910231539672,0.01194));
#2551=CARTESIAN_POINT('',(0.0300603999994731,-0.0364910231539672,0.01194));
#2552=CARTESIAN_POINT('',(0.0287743140802894,-0.0381502161890213,0.01194));
#2553=CARTESIAN_POINT('',(0.0287743140802894,-0.0381502161890213,0.01194));
#2554=CARTESIAN_POINT('',(0.0274882281611058,-0.0398094092240754,0.01194));
#2555=CARTESIAN_POINT('',(0.0274882281611058,-0.0398094092240754,0.01194));
#2556=CARTESIAN_POINT('',(0.0586978271603584,-0.0389421265572309,0.01194));
#2557=CARTESIAN_POINT('',(0.0922734954457778,0.0025856722530023,0.01094));
#2558=CARTESIAN_POINT('',(0.0609875693917275,-0.0361100770533085,0.01094));
#2559=CARTESIAN_POINT('',(0.0564080849289894,-0.0417741760611534,0.01094));
#2560=CARTESIAN_POINT('',(0.0609875693917275,-0.0361100770533085,0.01194));
#2561=CARTESIAN_POINT('',(0.0609875693917275,-0.0361100770533085,0.01194));
#2562=CARTESIAN_POINT('',(0.0586978271603584,-0.0389421265572309,0.01194));
#2563=CARTESIAN_POINT('',(0.0564080849289894,-0.0417741760611534,0.01194));
#2564=CARTESIAN_POINT('',(0.0564080849289894,-0.0417741760611534,0.01194));
#2565=CARTESIAN_POINT('',(0.0535920766323567,-0.043168742293992,0.01194));
#2566=CARTESIAN_POINT('',(0.129861061434487,-0.00539820342693276,0.01094));
#2567=CARTESIAN_POINT('',(0.050776068335724,-0.0445633085268305,0.01094));
#2568=CARTESIAN_POINT('',(0.0535920766323567,-0.043168742293992,0.01194));
#2569=CARTESIAN_POINT('',(0.050776068335724,-0.0445633085268305,0.01194));
#2570=CARTESIAN_POINT('',(0.050776068335724,-0.0445633085268305,0.01194));
#2571=CARTESIAN_POINT('',(0.0463730387073947,-0.0499042355797004,0.01094));
#2572=CARTESIAN_POINT('',(0.050776068335724,-0.0445633085268305,0.01094));
#2573=CARTESIAN_POINT('',(0.0463730387073947,-0.0499042355797004,0.01194));
#2574=CARTESIAN_POINT('',(0.0419700090790654,-0.0552451626325704,0.01194));
#2575=CARTESIAN_POINT('',(0.0419700090790654,-0.0552451626325704,0.01094));
#2576=CARTESIAN_POINT('',(0.0439427851196328,-0.0464700493,0.01194));
#2577=CARTESIAN_POINT('',(0.0411009069368974,-0.0464700493,0.01194));
#2578=CARTESIAN_POINT('',(0.0411009069368974,-0.0464700493,0.01194));
#2579=CARTESIAN_POINT('',(0.0439427851196328,-0.0464700493,0.01194));
#2580=CARTESIAN_POINT('',(0.0467846633023682,-0.0464700493,0.01194));
#2581=CARTESIAN_POINT('',(0.0467846633023682,-0.0464700493,0.01194));
#2582=CARTESIAN_POINT('',(0.0486119148520675,-0.0431397292620377,0.01194));
#2583=CARTESIAN_POINT('',(0.0486119148520675,-0.0431397292620377,0.01194));
#2584=CARTESIAN_POINT('',(0.0504391664017667,-0.0398094092240753,0.01194));
#2585=CARTESIAN_POINT('',(0.0504391664017667,-0.0398094092240753,0.01194));
#2586=CARTESIAN_POINT('',(0.0487587924141475,-0.0372108742181426,0.01194));
#2587=CARTESIAN_POINT('',(0.0487587924141475,-0.0372108742181426,0.01194));
#2588=CARTESIAN_POINT('',(0.0206816969793008,-0.0398094092240754,0.01094));
#2589=CARTESIAN_POINT('',(0.148366835469668,-0.0398094092240754,0.00894));
#2590=CARTESIAN_POINT('',(0.0183478575618701,-0.0398094092240754,0.00894));
#2591=CARTESIAN_POINT('',(0.0230155363967315,-0.0398094092240754,0.00894));
#2592=CARTESIAN_POINT('',(0.0183478575618701,-0.0398094092240754,0.01094));
#2593=CARTESIAN_POINT('',(0.0230155363967315,-0.0398094092240754,0.01094));
#2594=CARTESIAN_POINT('',(0.0168038540013394,-0.0417312050684032,0.01094));
#2595=CARTESIAN_POINT('',(0.06790718174536,0.021876266701953,0.00894));
#2596=CARTESIAN_POINT('',(0.0152598504408088,-0.043653000912731,0.00894));
#2597=CARTESIAN_POINT('',(0.0152598504408088,-0.043653000912731,0.01094));
#2598=CARTESIAN_POINT('',(0.0168455081027025,-0.0465653356380981,0.01094));
#2599=CARTESIAN_POINT('',(0.0453233105438572,-0.0988697484660663,0.00894));
#2600=CARTESIAN_POINT('',(0.0184311657645962,-0.0494776703634652,0.00894));
#2601=CARTESIAN_POINT('',(0.0184311657645962,-0.0494776703634652,0.01094));
#2602=CARTESIAN_POINT('',(0.0241525880054715,-0.0382296610119287,0.01094));
#2603=CARTESIAN_POINT('',(0.0241525880054715,-0.0382296610119287,0.01194));
#2604=CARTESIAN_POINT('',(0.0208169478498371,-0.036649912799782,0.01194));
#2605=CARTESIAN_POINT('',(0.0208169478498371,-0.036649912799782,0.01094));
#2606=CARTESIAN_POINT('',(0.0208169478498371,-0.036649912799782,0.00894));
#2607=CARTESIAN_POINT('',(0.12736541430962,-0.0871109162483997,0.00894));
#2608=CARTESIAN_POINT('',(0.0307644091667647,-0.0413609977782593,0.00894));
#2609=CARTESIAN_POINT('',(0.0307644091667647,-0.0413609977782593,0.01094));
#2610=CARTESIAN_POINT('',(0.0345298803155882,-0.0389260104661132,0.01094));
#2611=CARTESIAN_POINT('',(0.113048946487705,0.0118492902423778,0.00894));
#2612=CARTESIAN_POINT('',(0.0382953514644116,-0.0364910231539672,0.00894));
#2613=CARTESIAN_POINT('',(0.0382953514644116,-0.0364910231539672,0.01094));
#2614=CARTESIAN_POINT('',(0.039368288642544,-0.0381502161890213,0.01094));
#2615=CARTESIAN_POINT('',(0.0736132404463748,-0.0911067048602208,0.00894));
#2616=CARTESIAN_POINT('',(0.0404412258206764,-0.0398094092240754,0.00894));
#2617=CARTESIAN_POINT('',(0.0404412258206764,-0.0398094092240754,0.01094));
#2618=CARTESIAN_POINT('',(0.0248654430266195,-0.0473781308215868,0.01094));
#2619=CARTESIAN_POINT('',(0.0755635697922597,0.0157249939535452,0.00894));
#2620=CARTESIAN_POINT('',(0.0265522489054555,-0.0452785912797085,0.00894));
#2621=CARTESIAN_POINT('',(0.0231786371477833,-0.0494776703634652,0.00894));
#2622=CARTESIAN_POINT('',(0.0265522489054555,-0.0452785912797085,0.01094));
#2623=CARTESIAN_POINT('',(0.0231786371477833,-0.0494776703634652,0.01094));
#2624=CARTESIAN_POINT('',(0.0247838926510935,-0.042544000251892,0.01094));
#2625=CARTESIAN_POINT('',(0.061325808658958,-0.0990525207538225,0.00894));
#2626=CARTESIAN_POINT('',(0.148366835469668,-0.0427663914638758,0.00894));
#2627=CARTESIAN_POINT('',(0.0970243859375993,-0.0176384429487266,0.00894));
#2628=CARTESIAN_POINT('',(0.0836687910862775,-0.0449271392070522,0.00894));
#2629=CARTESIAN_POINT('',(0.079445409270293,-0.0535565252315866,0.00894));
#2630=CARTESIAN_POINT('',(0.0842186928442027,-0.0438035575013333,0.00894));
#2631=CARTESIAN_POINT('',(0.0708968962797069,-0.0544008439320785,0.00894));
#2632=CARTESIAN_POINT('',(-0.00639,-0.0954975,0.00794));
#2633=CARTESIAN_POINT('',(-0.00639,-0.1641975,0.00794));
#2634=CARTESIAN_POINT('',(-0.00639,-0.0302387004136202,0.00794));
#2635=CARTESIAN_POINT('',(-0.00639,-0.16075629958638,0.00794));
#2636=CARTESIAN_POINT('',(0.0100894948450454,-0.0467181952586658,0.0310112927830636));
#2637=CARTESIAN_POINT('',(-0.00734557430896128,-0.029283126104659,0.00660219596745426));
#2638=CARTESIAN_POINT('',(-0.00439,-0.0297975,0.01074));
#2639=CARTESIAN_POINT('',(-0.00739,-0.0297975,0.00654));
#2640=CARTESIAN_POINT('',(-0.00739,-0.0267975,0.00654));
#2641=CARTESIAN_POINT('',(-0.00739,-0.1611975,0.00654));
#2642=CARTESIAN_POINT('',(-0.00439,-0.1611975,0.01074));
#2643=CARTESIAN_POINT('',(-0.00734557430896128,-0.161711873895341,0.00660219596745426));
#2644=CARTESIAN_POINT('',(0.0100894948450454,-0.144276804741334,0.0310112927830635));
#2645=CARTESIAN_POINT('',(0.00885840800526179,-0.0446435397937702,0.00894));
#2646=CARTESIAN_POINT('',(0.00885840800526179,-0.0446435397937702,0.00794));
#2647=CARTESIAN_POINT('',(0.013683694381409,-0.0494776703634652,0.00794));
#2648=CARTESIAN_POINT('',(0.00403312162911449,-0.0398094092240754,0.00794));
#2649=CARTESIAN_POINT('',(0.0136836943814091,-0.0494776703634652,0.00894));
#2650=CARTESIAN_POINT('',(0.0136836943814091,-0.0494776703634652,0.00894));
#2651=CARTESIAN_POINT('',(0.00885840800526179,-0.0446435397937702,0.00894));
#2652=CARTESIAN_POINT('',(0.00403312162911451,-0.0398094092240754,0.00894));
#2653=CARTESIAN_POINT('',(0.00403312162911451,-0.0398094092240754,0.00894));
#2654=CARTESIAN_POINT('',(0.0208049014561898,-0.0494776703634652,0.00894));
#2655=CARTESIAN_POINT('',(0.0208049014561898,-0.0494776703634652,0.00794));
#2656=CARTESIAN_POINT('',(0.0326735799141576,-0.0494776703634652,0.00794));
#2657=CARTESIAN_POINT('',(0.0326735799141576,-0.0494776703634652,0.00894));
#2658=CARTESIAN_POINT('',(0.0326735799141576,-0.0494776703634652,0.00894));
#2659=CARTESIAN_POINT('',(0.0208049014561898,-0.0494776703634652,0.00894));
#2660=CARTESIAN_POINT('',(0.0208049014561898,-0.0494776703634652,0.00894));
#2661=CARTESIAN_POINT('',(0.036557402867417,-0.0446435397937702,0.00894));
#2662=CARTESIAN_POINT('',(0.036557402867417,-0.0446435397937702,0.00794));
#2663=CARTESIAN_POINT('',(0.0404412258206764,-0.0398094092240754,0.00794));
#2664=CARTESIAN_POINT('',(0.0404412258206764,-0.0398094092240754,0.00894));
#2665=CARTESIAN_POINT('',(0.036557402867417,-0.0446435397937702,0.00894));
#2666=CARTESIAN_POINT('',(0.0415354580079813,-0.0508576059662852,0.00894));
#2667=CARTESIAN_POINT('',(0.0415354580079813,-0.0508576059662852,0.01194));
#2668=CARTESIAN_POINT('',(0.0415354580079813,-0.0508576059662852,0.00794));
#2669=CARTESIAN_POINT('',(0.0419700090790653,-0.0552451626325704,0.00794));
#2670=CARTESIAN_POINT('',(0.0419700090790654,-0.0552451626325704,0.00894));
#2671=CARTESIAN_POINT('',(0.0459026824051508,-0.0548556639808024,0.00894));
#2672=CARTESIAN_POINT('',(0.0459026824051508,-0.0548556639808024,0.00794));
#2673=CARTESIAN_POINT('',(0.0498353557312363,-0.0544661653290344,0.00794));
#2674=CARTESIAN_POINT('',(0.0498353557312363,-0.0544661653290344,0.00894));
#2675=CARTESIAN_POINT('',(0.0508043789901485,-0.0529082509254491,0.00894));
#2676=CARTESIAN_POINT('',(0.0508043789901485,-0.0529082509254491,0.00794));
#2677=CARTESIAN_POINT('',(0.0517734022490608,-0.0513503365218639,0.00794));
#2678=CARTESIAN_POINT('',(0.0517734022490608,-0.0513503365218639,0.00894));
#2679=CARTESIAN_POINT('',(0.0541678140307416,-0.0506272860507822,0.00894));
#2680=CARTESIAN_POINT('',(0.0541678140307416,-0.0506272860507822,0.00794));
#2681=CARTESIAN_POINT('',(0.0565622258124225,-0.0499042355797004,0.00794));
#2682=CARTESIAN_POINT('',(0.0565622258124225,-0.0499042355797004,0.00894));
#2683=CARTESIAN_POINT('',(0.0594553045507717,-0.0525746991061354,0.00894));
#2684=CARTESIAN_POINT('',(0.0594553045507717,-0.0525746991061354,0.01094));
#2685=CARTESIAN_POINT('',(0.0594553045507717,-0.0525746991061354,0.00794));
#2686=CARTESIAN_POINT('',(0.0623483832891209,-0.0552451626325704,0.00794));
#2687=CARTESIAN_POINT('',(0.0623483832891209,-0.0552451626325704,0.00894));
#2688=CARTESIAN_POINT('',(-0.00739,-0.0954975,0.00794));
#2689=CARTESIAN_POINT('',(-0.00739,-0.0297975,0.00634));
#2690=CARTESIAN_POINT('',(-0.00739,-0.0297975,0.00634));
#2691=CARTESIAN_POINT('',(-0.00739,-0.0954975,0.00634));
#2692=CARTESIAN_POINT('',(-0.00739,-0.1611975,0.00634));
#2693=CARTESIAN_POINT('',(-0.00739,-0.1611975,0.00794));
#2694=CARTESIAN_POINT('',(-0.00389141884180264,-0.0300369753237257,0.00794));
#2695=CARTESIAN_POINT('',(-0.00389141884180264,-0.0300369753237257,0.00794));
#2696=CARTESIAN_POINT('',(-0.00529141884180264,-0.0300369753237257,0.00794));
#2697=CARTESIAN_POINT('',(-0.00389141884180264,-0.0300369753237257,0.00634));
#2698=CARTESIAN_POINT('',(-0.00249141884180264,-0.0300369753237257,0.00634));
#2699=CARTESIAN_POINT('',(-0.00389141884180264,-0.160996659774631,0.00794));
#2700=CARTESIAN_POINT('',(-0.00389141884180264,-0.160996659774631,0.00794));
#2701=CARTESIAN_POINT('',(-0.00529141884180264,-0.160996659774631,0.00794));
#2702=CARTESIAN_POINT('',(-0.00389141884180264,-0.160996659774631,0.00634));
#2703=CARTESIAN_POINT('',(-0.00249141884180264,-0.160996659774631,0.00634));
#2704=CARTESIAN_POINT('',(0.00284414691850543,-0.10581730492413,0.00794));
#2705=CARTESIAN_POINT('',(0.00284414691850543,-0.10581730492413,0.00634));
#2706=CARTESIAN_POINT('',(0.00284414691850543,-0.0577352829277515,0.00634));
#2707=CARTESIAN_POINT('',(0.00284414691850543,-0.15389932692051,0.00634));
#2708=CARTESIAN_POINT('',(0.00284414691850543,-0.0577352829277515,0.00794));
#2709=CARTESIAN_POINT('',(0.00284414691850543,-0.0577352829277515,0.00794));
#2710=CARTESIAN_POINT('',(0.00284414691850543,-0.10581730492413,0.00794));
#2711=CARTESIAN_POINT('',(0.00284414691850543,-0.15389932692051,0.00794));
#2712=CARTESIAN_POINT('',(0.00284414691850543,-0.15389932692051,0.00794));
#2713=CARTESIAN_POINT('',(0.0338791801071504,-0.0680666801071506,0.059155456989785));
#2714=CARTESIAN_POINT('',(-0.00439,-0.0297975,0.00557860483977447));
#2715=CARTESIAN_POINT('',(-0.00490437389534109,-0.0268419256910388,0.00660219596745425));
#2716=CARTESIAN_POINT('',(-0.00270328917126752,-0.0314842108287326,0.00794));
#2717=CARTESIAN_POINT('',(-0.00394879958637987,-0.0277975,0.00794));
#2718=CARTESIAN_POINT('',(0.0338791801071504,-0.0656254796935304,0.0608991715709423));
#2719=CARTESIAN_POINT('',(-0.00439,-0.0297975,0.00794));
#2720=CARTESIAN_POINT('',(-0.00439,-0.0297975,0.01074));
#2721=CARTESIAN_POINT('',(-0.00439,-0.0267975,0.00654));
#2722=CARTESIAN_POINT('',(-0.00439,-0.0267975,0.00654));
#2723=CARTESIAN_POINT('',(-0.00439,-0.0267975,0.00634));
#2724=CARTESIAN_POINT('',(-0.00439,-0.0297975,0.00634));
#2725=CARTESIAN_POINT('',(-0.00439,-0.1611975,0.00794));
#2726=CARTESIAN_POINT('',(-0.00439,-0.1611975,0.00634));
#2727=CARTESIAN_POINT('',(-0.00439,-0.1641975,0.00634));
#2728=CARTESIAN_POINT('',(-0.00439,-0.1641975,0.00794));
#2729=CARTESIAN_POINT('',(-0.00439,-0.1641975,0.00654));
#2730=CARTESIAN_POINT('',(-0.00439,-0.1611975,0.01074));
#2731=CARTESIAN_POINT('',(-0.00490437389534108,-0.164153074308962,0.00660219596745428));
#2732=CARTESIAN_POINT('',(-0.00439,-0.1611975,0.00557860483977444));
#2733=CARTESIAN_POINT('',(0.0346266548546252,-0.122180845145375,0.0602019216362497));
#2734=CARTESIAN_POINT('',(-0.00270328917126749,-0.159510789171267,0.00794));
#2735=CARTESIAN_POINT('',(-0.00394879958637983,-0.1631975,0.00794));
#2736=CARTESIAN_POINT('',(0.0346266548546252,-0.124622045558995,0.061945636217407));
#2737=CARTESIAN_POINT('',(0.0708968962797069,-0.0544008439320785,0.00894));
#2738=CARTESIAN_POINT('',(0.0708968962797069,-0.0544008439320785,0.00794));
#2739=CARTESIAN_POINT('',(0.079445409270293,-0.0535565252315866,0.00794));
#2740=CARTESIAN_POINT('',(0.079445409270293,-0.0535565252315866,0.00894));
#2741=CARTESIAN_POINT('',(0.148366835469668,-0.0427663914638758,0.01094));
#2742=CARTESIAN_POINT('',(0.0927489017879356,-0.0706457135408473,0.01094));
#2743=CARTESIAN_POINT('',(0.0817857260273794,-0.0487746945573745,0.01094));
#2744=CARTESIAN_POINT('',(0.0837498530745506,-0.052693035453558,0.01094));
#2745=CARTESIAN_POINT('',(0.0827272585568285,-0.0468509168822134,0.01094));
#2746=CARTESIAN_POINT('',(0.079445409270293,-0.0535565252315866,0.01094));
#2747=CARTESIAN_POINT('',(0.0840967440727795,-0.0538864639536202,0.01094));
#2748=CARTESIAN_POINT('',(0.0887480788752661,-0.0542164026756538,0.01094));
#2749=CARTESIAN_POINT('',(0.140106322148922,-0.0698694498781854,0.01094));
#2750=CARTESIAN_POINT('',(0.0842186928442027,-0.0438035575013333,0.00894));
#2751=CARTESIAN_POINT('',(0.0842186928442027,-0.0438035575013333,0.00794));
#2752=CARTESIAN_POINT('',(0.0836687910862775,-0.0449271392070522,0.00794));
#2753=CARTESIAN_POINT('',(0.0847685946021279,-0.0426799757956143,0.00794));
#2754=CARTESIAN_POINT('',(0.0847685946021278,-0.0426799757956143,0.00894));
#2755=CARTESIAN_POINT('',(0.0836687910862775,-0.0449271392070522,0.00894));
#2756=CARTESIAN_POINT('',(0.0837386218335474,-0.0389593568467108,0.00894));
#2757=CARTESIAN_POINT('',(0.0806487035278058,-0.0277975,0.01094));
#2758=CARTESIAN_POINT('',(0.0806487035278058,-0.0277975,0.01194));
#2759=CARTESIAN_POINT('',(0.0806487035278058,-0.0277975,0.00894));
#2760=CARTESIAN_POINT('',(0.0816786762963864,-0.0315181189489036,0.01194));
#2761=CARTESIAN_POINT('',(0.0837386218335474,-0.0389593568467108,0.01094));
#2762=CARTESIAN_POINT('',(0.0837386218335474,-0.0389593568467108,0.00794));
#2763=CARTESIAN_POINT('',(0.0827086490649669,-0.0352387378978073,0.00794));
#2764=CARTESIAN_POINT('',(0.0827086490649668,-0.0352387378978073,0.00894));
#2765=CARTESIAN_POINT('',(0.0827086490649669,-0.0352387378978072,0.00894));
#2766=CARTESIAN_POINT('',(0.0893176853455129,-0.0591128696899317,0.00894));
#2767=CARTESIAN_POINT('',(0.148366835469668,-0.0427663914638758,0.01194));
#2768=CARTESIAN_POINT('',(0.0766359538261736,-0.0277975,0.01194));
#2769=CARTESIAN_POINT('',(0.0726232041245414,-0.0277975,0.01194));
#2770=CARTESIAN_POINT('',(0.0715053806367374,-0.0308089192736149,0.01194));
#2771=CARTESIAN_POINT('',(0.0715053806367374,-0.0308089192736149,0.01194));
#2772=CARTESIAN_POINT('',(0.0769122454974721,-0.0162428118075476,0.01094));
#2773=CARTESIAN_POINT('',(0.0726232041245414,-0.0277975,0.01094));
#2774=CARTESIAN_POINT('',(0.0726232041245414,-0.0277975,0.01194));
#2775=CARTESIAN_POINT('',(0.148366835469668,-0.0427663914638758,0.01094));
#2776=CARTESIAN_POINT('',(0.0279261085309705,-0.0277975,0.01094));
#2777=CARTESIAN_POINT('',(0.064597704721277,-0.0277975,0.01094));
#2778=CARTESIAN_POINT('',(0.0724212090564583,-0.00978336017516379,0.01094));
#2779=CARTESIAN_POINT('',(0.0627926370565022,-0.0319537885266543,0.01194));
#2780=CARTESIAN_POINT('',(0.064597704721277,-0.0277975,0.01194));
#2781=CARTESIAN_POINT('',(0.064597704721277,-0.0277975,0.01194));
#2782=CARTESIAN_POINT('',(0.0627926370565022,-0.0319537885266543,0.01194));
#2783=CARTESIAN_POINT('',(0.148366835469668,-0.0427663914638758,0.01194));
#2784=CARTESIAN_POINT('',(0.0486356423177173,-0.0277975,0.01194));
#2785=CARTESIAN_POINT('',(0.0231786371477833,-0.0277975,0.01194));
#2786=CARTESIAN_POINT('',(0.0219977924988103,-0.032223706399891,0.01194));
#2787=CARTESIAN_POINT('',(0.0219977924988103,-0.032223706399891,0.01094));
#2788=CARTESIAN_POINT('',(0.0277686369032783,-0.0105926235491159,0.00894));
#2789=CARTESIAN_POINT('',(0.0231786371477833,-0.0277975,0.00894));
#2790=CARTESIAN_POINT('',(0.0231786371477833,-0.0277975,0.01094));
#2791=CARTESIAN_POINT('',(0.148366835469668,-0.0427663914638758,0.00894));
#2792=CARTESIAN_POINT('',(0.104551177232117,-0.0277975,0.00894));
#2793=CARTESIAN_POINT('',(0.0136836943814091,-0.0277975,0.00894));
#2794=CARTESIAN_POINT('',(0.00885840800526179,-0.0338034546120377,0.00894));
#2795=CARTESIAN_POINT('',(0.00885840800526179,-0.0338034546120377,0.00894));
#2796=CARTESIAN_POINT('',(0.00885840800526179,-0.0338034546120377,0.00794));
#2797=CARTESIAN_POINT('',(0.0136836943814091,-0.0277975,0.00794));
#2798=CARTESIAN_POINT('',(0.0136836943814091,-0.0277975,0.00894));
#2799=CARTESIAN_POINT('',(0.0862489659749084,-0.0534547190646059,0.01194));
#2800=CARTESIAN_POINT('',(0.0837498530745506,-0.052693035453558,0.01194));
#2801=CARTESIAN_POINT('',(0.0837498530745506,-0.052693035453558,0.01194));
#2802=CARTESIAN_POINT('',(0.0887480788752661,-0.0542164026756538,0.01194));
#2803=CARTESIAN_POINT('',(0.0887480788752661,-0.0542164026756538,0.01194));
#2804=CARTESIAN_POINT('',(0.0862489659749084,-0.0534547190646059,0.01194));
#2805=CARTESIAN_POINT('',(0.082767789550965,-0.0507338650054662,0.01194));
#2806=CARTESIAN_POINT('',(0.0817857260273794,-0.0487746945573745,0.01194));
#2807=CARTESIAN_POINT('',(0.0817857260273794,-0.0487746945573745,0.01194));
#2808=CARTESIAN_POINT('',(0.082767789550965,-0.0507338650054662,0.01194));
#2809=CARTESIAN_POINT('',(0.0827272585568285,-0.0468509168822134,0.01094));
#2810=CARTESIAN_POINT('',(0.079445409270293,-0.0535565252315866,0.01094));
#2811=CARTESIAN_POINT('',(0.0827272585568285,-0.0468509168822134,0.01194));
#2812=CARTESIAN_POINT('',(0.0836687910862775,-0.0449271392070522,0.01194));
#2813=CARTESIAN_POINT('',(0.0836687910862775,-0.0449271392070522,0.01094));
#2814=CARTESIAN_POINT('',(0.148366835469668,-0.0427663914638758,0.01194));
#2815=CARTESIAN_POINT('',(0.08891,-0.0427663914638758,0.01194));
#2816=CARTESIAN_POINT('',(0.08891,-0.0330656360632657,0.01194));
#2817=CARTESIAN_POINT('',(0.08891,-0.036866085713421,0.01194));
#2818=CARTESIAN_POINT('',(0.0886352643170109,-0.033222824610442,0.01194));
#2819=CARTESIAN_POINT('',(0.0872718429765767,-0.0340028988161667,0.01194));
#2820=CARTESIAN_POINT('',(0.0886352643170109,-0.0363858999946559,0.01194));
#2821=CARTESIAN_POINT('',(0.0886352643170109,-0.033222824610442,0.01194));
#2822=CARTESIAN_POINT('',(0.08891,-0.0330656360632657,0.01194));
#2823=CARTESIAN_POINT('',(0.08891,-0.0330656360632657,0.01094));
#2824=CARTESIAN_POINT('',(0.129522213260245,-0.0098295761145298,0.01094));
#2825=CARTESIAN_POINT('',(0.0872718429765767,-0.0340028988161667,0.01094));
#2826=CARTESIAN_POINT('',(0.0872718429765767,-0.0340028988161667,0.01194));
#2827=CARTESIAN_POINT('',(0.148366835469668,-0.0427663914638758,0.01094));
#2828=CARTESIAN_POINT('',(0.08891,-0.0427663914638758,0.01094));
#2829=CARTESIAN_POINT('',(0.08891,-0.0300366870077483,0.01094));
#2830=CARTESIAN_POINT('',(0.0888438412461013,-0.0300978012393735,0.01094));
#2831=CARTESIAN_POINT('',(0.0863536673612059,-0.032398102478747,0.01094));
#2832=CARTESIAN_POINT('',(0.0886352643170109,-0.0363858999946559,0.01094));
#2833=CARTESIAN_POINT('',(0.0888438412461013,-0.0300978012393735,0.01094));
#2834=CARTESIAN_POINT('',(0.08891,-0.0300366870077483,0.01094));
#2835=CARTESIAN_POINT('',(0.08891,-0.0300366870077483,0.00894));
#2836=CARTESIAN_POINT('',(0.114646434306776,-0.00626262364131849,0.00894));
#2837=CARTESIAN_POINT('',(0.0863536673612059,-0.032398102478747,0.00894));
#2838=CARTESIAN_POINT('',(0.0863536673612059,-0.032398102478747,0.01094));
#2839=CARTESIAN_POINT('',(0.0886352643170109,-0.0363858999946559,0.01094));
#2840=CARTESIAN_POINT('',(0.08891,-0.036866085713421,0.01094));
#2841=CARTESIAN_POINT('',(0.08891,-0.036866085713421,0.00894));
#2842=CARTESIAN_POINT('',(0.106116465186,-0.0669397141655127,0.00894));
#2843=CARTESIAN_POINT('',(0.14881,-0.1631975,0.00794));
#2844=CARTESIAN_POINT('',(0.08891,-0.1631975,0.00794));
#2845=CARTESIAN_POINT('',(0.08891,-0.1631975,0.00794));
#2846=CARTESIAN_POINT('',(0.08891,-0.1641975,0.00654));
#2847=CARTESIAN_POINT('',(0.30501,-0.1631975,0.00794));
#2848=CARTESIAN_POINT('',(-0.00739,-0.1641975,0.00654));
#2849=CARTESIAN_POINT('',(0.14881,-0.1641975,0.00794));
#2850=CARTESIAN_POINT('',(0.14881,-0.1641975,0.00634));
#2851=CARTESIAN_POINT('',(0.08891,-0.1641975,0.00634));
#2852=CARTESIAN_POINT('',(0.08891,-0.1641975,0.00794));
#2853=CARTESIAN_POINT('',(0.148236732697114,-0.15389932692051,0.00794));
#2854=CARTESIAN_POINT('',(0.08891,-0.15389932692051,0.00794));
#2855=CARTESIAN_POINT('',(0.08891,-0.15389932692051,0.00634));
#2856=CARTESIAN_POINT('',(0.08891,-0.15389932692051,0.00794));
#2857=CARTESIAN_POINT('',(0.148236732697114,-0.15389932692051,0.00634));
#2858=CARTESIAN_POINT('',(0.148236732697114,-0.15389932692051,0.00794));
#2859=CARTESIAN_POINT('',(0.148236732697114,-0.0577352829277515,0.00794));
#2860=CARTESIAN_POINT('',(0.148236732697114,-0.0577352829277515,0.00634));
#2861=CARTESIAN_POINT('',(0.08891,-0.0577352829277515,0.00634));
#2862=CARTESIAN_POINT('',(0.08891,-0.0577352829277515,0.00794));
#2863=CARTESIAN_POINT('',(0.08891,-0.0577352829277515,0.00794));
#2864=CARTESIAN_POINT('',(0.148236732697114,-0.0577352829277515,0.00794));
#2865=CARTESIAN_POINT('',(0.104551177232117,-0.0277975,0.00894));
#2866=CARTESIAN_POINT('',(0.104551177232117,-0.0277975,0.00894));
#2867=CARTESIAN_POINT('',(0.08891,-0.0277975,0.00894));
#2868=CARTESIAN_POINT('',(0.08891,-0.0277975,0.00894));
#2869=CARTESIAN_POINT('',(0.08891,-0.0277975,0.00794));
#2870=CARTESIAN_POINT('',(0.104551177232117,-0.0277975,0.00794));
#2871=CARTESIAN_POINT('',(0.14881,-0.0267975,0.00654));
#2872=CARTESIAN_POINT('',(0.08891,-0.0267975,0.00654));
#2873=CARTESIAN_POINT('',(0.08891,-0.0267975,0.00654));
#2874=CARTESIAN_POINT('',(0.14881,-0.0267975,0.00654));
#2875=CARTESIAN_POINT('',(0.14881,-0.0277975,0.00794));
#2876=CARTESIAN_POINT('',(0.14881,-0.0267975,0.00794));
#2877=CARTESIAN_POINT('',(0.08891,-0.0267975,0.00794));
#2878=CARTESIAN_POINT('',(0.08891,-0.0267975,0.00634));
#2879=CARTESIAN_POINT('',(0.14881,-0.0267975,0.00634));
#2880=CARTESIAN_POINT('',(0.14881,-0.0954975,0.00634));
#2881=CARTESIAN_POINT('',(0.08891,-0.0954975,0.00634));
#2882=CARTESIAN_POINT('',(0.08891,-0.0954975,0.00634));
#2883=CARTESIAN_POINT('',(0.148366835469668,-0.0427663914638758,0.01194));
#2884=CARTESIAN_POINT('',(0.08891,-0.0427663914638758,0.01194));
#2885=CARTESIAN_POINT('',(0.08891,-0.0474922842077577,0.01194));
#2886=CARTESIAN_POINT('',(0.08891,-0.0540444652434933,0.01194));
#2887=CARTESIAN_POINT('',(0.0884012613992943,-0.0472432980864739,0.01194));
#2888=CARTESIAN_POINT('',(0.0909409052937886,-0.0518879298207746,0.01194));
#2889=CARTESIAN_POINT('',(0.0909409052937886,-0.0518879298207746,0.01094));
#2890=CARTESIAN_POINT('',(0.08891,-0.0540444652434933,0.01094));
#2891=CARTESIAN_POINT('',(0.08891,-0.0540444652434933,0.00894));
#2892=CARTESIAN_POINT('',(0.0887480788752661,-0.0542164026756538,0.01094));
#2893=CARTESIAN_POINT('',(0.0887480788752661,-0.0542164026756538,0.00894));
#2894=CARTESIAN_POINT('',(0.122485113384784,-0.0183924229953722,0.00894));
#2895=CARTESIAN_POINT('',(0.148366835469668,-0.0427663914638758,0.00894));
#2896=CARTESIAN_POINT('',(0.08891,-0.0427663914638758,0.00894));
#2897=CARTESIAN_POINT('',(0.08891,-0.0542278884214093,0.00894));
#2898=CARTESIAN_POINT('',(0.0959995875213529,-0.0547307826541121,0.00894));
#2899=CARTESIAN_POINT('',(0.0884012613992943,-0.0472432980864739,0.00894));
#2900=CARTESIAN_POINT('',(0.08891,-0.0474922842077577,0.00894));
#2901=CARTESIAN_POINT('',(0.08891,-0.0474922842077577,0.00794));
#2902=CARTESIAN_POINT('',(0.0884012613992943,-0.0472432980864739,0.00794));
#2903=CARTESIAN_POINT('',(0.0959995875213529,-0.0547307826541121,0.00894));
#2904=CARTESIAN_POINT('',(0.0959995875213529,-0.0547307826541121,0.00794));
#2905=CARTESIAN_POINT('',(0.08891,-0.0542278884214093,0.00794));
#2906=CARTESIAN_POINT('',(0.08891,-0.0542278884214093,0.00894));
#2907=CARTESIAN_POINT('',(0.14881,-0.0954975,0.00794));
#2908=CARTESIAN_POINT('',(0.08891,-0.0954975,0.00794));
#2909=CARTESIAN_POINT('',(0.08891,-0.0954975,0.00794));
#2910=CARTESIAN_POINT('',(0.0863536673612059,-0.0370038195354761,0.00894));
#2911=CARTESIAN_POINT('',(0.0863536673612059,-0.0370038195354761,0.00794));
#2912=CARTESIAN_POINT('',(0.08891,-0.0382417106607866,0.00794));
#2913=CARTESIAN_POINT('',(0.08891,-0.0382417106607866,0.00894));
#2914=CARTESIAN_POINT('',(0.08891,-0.0382417106607866,0.00894));
#2915=CARTESIAN_POINT('',(0.0863536673612059,-0.0370038195354761,0.00894));
#2916=CARTESIAN_POINT('',(0.14881,-0.0954975,0.00794));
#2917=CARTESIAN_POINT('',(0.08891,-0.0954975,0.00794));
#2918=CARTESIAN_POINT('',(0.148366835469668,-0.0427663914638758,0.00894));
#2919=CARTESIAN_POINT('',(0.08891,-0.0427663914638758,0.00894));
#2920=CARTESIAN_POINT('',(0.08891,-0.0427663914638758,0.00894));
#2921=CARTESIAN_POINT('',(0.08891,-0.0954975,-0.00361295962883536));
#2922=CARTESIAN_POINT('',(0.08891,-0.0954975,-0.00361295962883536));
#2923=MECHANICAL_DESIGN_GEOMETRIC_PRESENTATION_REPRESENTATION('',(#1795,#32,#33,#34,#35,#36,#37,#38,#39,#40,#41),#2924);
#2924=(
GEOMETRIC_REPRESENTATION_CONTEXT(3)
GLOBAL_UNCERTAINTY_ASSIGNED_CONTEXT((#2925))
GLOBAL_UNIT_ASSIGNED_CONTEXT((#2928,#2927,#2926))
REPRESENTATION_CONTEXT('Top Case','TOP_LEVEL_ASSEMBLY_PART')
);
#2925=UNCERTAINTY_MEASURE_WITH_UNIT(LENGTH_MEASURE(1.E-08),#2928,'DISTANCE_ACCURACY_VALUE','Maximum Tolerance applied to model');
#2926=(
NAMED_UNIT(*)
SI_UNIT($,.STERADIAN.)
SOLID_ANGLE_UNIT()
);
#2927=(
NAMED_UNIT(*)
PLANE_ANGLE_UNIT()
SI_UNIT($,.RADIAN.)
);
#2928=(
LENGTH_UNIT()
NAMED_UNIT(*)
SI_UNIT($,.METRE.)
);
#2929=PRODUCT_DEFINITION_SHAPE('','',#2930);
#2930=PRODUCT_DEFINITION('','',#2932,#2931);
#2931=PRODUCT_DEFINITION_CONTEXT('',#2938,'design');
#2932=PRODUCT_DEFINITION_FORMATION_WITH_SPECIFIED_SOURCE('','',#2934,.NOT_KNOWN.);
#2933=PRODUCT_RELATED_PRODUCT_CATEGORY('','',(#2934));
#2934=PRODUCT('Top Case','Top Case','Top Case',(#2936));
#2935=PRODUCT_CATEGORY('','');
#2936=PRODUCT_CONTEXT('',#2938,'mechanical');
#2937=APPLICATION_PROTOCOL_DEFINITION('international standard','ap242_managed_model_based_3d_engineering',2020,#2938);
#2938=APPLICATION_CONTEXT('managed model based 3d engineering');
#2939=COMPOSITE_SHAPE_ASPECT('hole_callout.F69Byp7Wz7CtbqK_2.RYBL.1',$,#2929,$);
#2940=SHAPE_ASPECT('hole_callout.F69Byp7Wz7CtbqK_2.RYBL.1',$,#2929,.T.);
#2941=GEOMETRIC_ITEM_SPECIFIC_USAGE('','',#2940,#11,#1749);
#2942=SHAPE_ASPECT_RELATIONSHIP('','',#2939,#2940);
#2943=SHAPE_ASPECT('hole_callout.F69Byp7Wz7CtbqK_2.RYBL.1',$,#2929,.T.);
#2944=GEOMETRIC_ITEM_SPECIFIC_USAGE('','',#2943,#11,#1748);
#2945=SHAPE_ASPECT_RELATIONSHIP('','',#2939,#2943);
#2946=DIMENSIONAL_SIZE(#2939,'diameter');
#2947=(
LENGTH_UNIT()
NAMED_UNIT(*)
SI_UNIT(.MILLI.,.METRE.)
);
#2949=PRECISION_QUALIFIER(3);
#2948=(
LENGTH_MEASURE_WITH_UNIT()
MEASURE_REPRESENTATION_ITEM()
MEASURE_WITH_UNIT(POSITIVE_LENGTH_MEASURE(2.8),#2947)
QUALIFIED_REPRESENTATION_ITEM((#2949))
REPRESENTATION_ITEM('nominal value')
);
#2950=COMPOUND_REPRESENTATION_ITEM('modifiers',SET_REPRESENTATION_ITEM((#2951)));
#2951=DESCRIPTIVE_REPRESENTATION_ITEM('dimensional note','diameter');
#2952=SHAPE_DIMENSION_REPRESENTATION('',(#2948,#2950),#2924);
#2953=DIMENSIONAL_CHARACTERISTIC_REPRESENTATION(#2946,#2952);
#2954=PRESENTATION_STYLE_ASSIGNMENT((NULL_STYLE(.NULL.)));
#2955=CARTESIAN_POINT('',(-0.00389141884180264,-0.160996659774632,0.00794));
#2956=DIRECTION('',(0.,0.,1.));
#2957=DIRECTION('',(1.,0.,0.));
#2958=AXIS2_PLACEMENT_3D('',#2955,#2956,#2957);
#2959=PLANE('',#2958);
#2960=ANNOTATION_PLANE('',(#2954),#2959,(#2987));
#2961=CARTESIAN_POINT('',(0.,0.,0.));
#2962=DIRECTION('',(0.,0.,1.));
#2963=DIRECTION('',(1.,0.,0.));
#2964=AXIS2_PLACEMENT_3D('',#2961,#2962,#2963);
#2965=CARTESIAN_POINT('',(0.,0.,0.));
#2966=DIRECTION('',(0.,0.,1.));
#2967=DIRECTION('',(1.,0.,0.));
#2968=AXIS2_PLACEMENT_3D('',#2965,#2966,#2967);
#2969=SHAPE_REPRESENTATION('',(#2968,#1864),#2924);
#2970=REPRESENTATION_MAP(#2964,#2969);
#2971=MAPPED_ITEM('',#2970,#2964);
#2972=PRESENTATION_STYLE_ASSIGNMENT((NULL_STYLE(.NULL.)));
#2973=STYLED_ITEM('',(#2972),#2971);
#2974=DRAUGHTING_MODEL('',(#2960,#2964,#2971,#2973),#2924);
#2975=DRAUGHTING_PRE_DEFINED_CURVE_FONT('continuous');
#2976=COLOUR_RGB('',0.,0.,0.);
#2977=CURVE_STYLE('',#2975,POSITIVE_LENGTH_MEASURE(0.02),#2976);
#2978=PRESENTATION_STYLE_ASSIGNMENT((#2977));
#2979=COORDINATES_LIST('coordinates',2127,((-0.0029015,-0.1600067,0.0079400),(-0.0014873,-0.1571783,0.0079400),(-0.0000730,-0.1585925,0.0079400),(0.0075146,-0.1531230,0.0079400),(0.0076116,-0.1531637,0.0079400),(0.0077096,-0.1531989,0.0079400),(0.0075146,-0.1531230,0.0079400),(0.0077096,-0.1531989,0.0079400),(0.0078086,-0.1532287,0.0079400),(0.0075146,-0.1531230,0.0079400),(0.0078086,-0.1532287,0.0079400),(0.0079085,-0.1532532,0.0079400),(0.0075146,-0.1531230,0.0079400),(0.0079085,-0.1532532,0.0079400),(0.0080094,-0.1532721,0.0079400),(0.0075146,-0.1531230,0.0079400),(0.0080094,-0.1532721,0.0079400),(0.0081113,-0.1532857,0.0079400),(0.0075146,-0.1531230,0.0079400),(0.0081113,-0.1532857,0.0079400),(0.0082141,-0.1532938,0.0079400),(0.0075146,-0.1531230,0.0079400),(0.0082141,-0.1532938,0.0079400),(0.0083178,-0.1532965,0.0079400),(0.0075146,-0.1531230,0.0079400),(0.0083178,-0.1532965,0.0079400),(0.0084536,-0.1532922,0.0079400),(0.0075146,-0.1531230,0.0079400),(0.0084536,-0.1532922,0.0079400),(0.0085868,-0.1532793,0.0079400),(0.0075146,-0.1531230,0.0079400),(0.0085868,-0.1532793,0.0079400),(0.0087175,-0.1532577,0.0079400),(0.0075146,-0.1531230,0.0079400),(0.0087175,-0.1532577,0.0079400),(0.0088457,-0.1532275,0.0079400),(0.0075146,-0.1531230,0.0079400),(0.0088457,-0.1532275,0.0079400),(0.0089713,-0.1531886,0.0079400),(0.0075146,-0.1531230,0.0079400),(0.0089713,-0.1531886,0.0079400),(0.0090943,-0.1531412,0.0079400),(0.0075146,-0.1531230,0.0079400),(0.0090943,-0.1531412,0.0079400),(0.0092148,-0.1530851,0.0079400),(0.0075146,-0.1531230,0.0079400),(0.0092148,-0.1530851,0.0079400),(0.0093328,-0.1530203,0.0079400),(0.0075146,-0.1531230,0.0079400),(0.0093328,-0.1530203,0.0079400),(0.0094463,-0.1529479,0.0079400),(0.0075146,-0.1531230,0.0079400),(0.0094463,-0.1529479,0.0079400),(0.0095537,-0.1528694,0.0079400),(0.0075146,-0.1531230,0.0079400),(0.0095537,-0.1528694,0.0079400),(0.0096548,-0.1527847,0.0079400),(0.0075146,-0.1531230,0.0079400),(0.0096548,-0.1527847,0.0079400),(0.0097498,-0.1526938,0.0079400),(0.0075146,-0.1531230,0.0079400),(0.0097498,-0.1526938,0.0079400),(0.0098385,-0.1525968,0.0079400),(0.0098385,-0.1525968,0.0079400),(0.0099209,-0.1524937,0.0079400),(0.0099972,-0.1523844,0.0079400),(0.0098385,-0.1525968,0.0079400),(0.0099972,-0.1523844,0.0079400),(0.0100673,-0.1522689,0.0079400),(0.0098385,-0.1525968,0.0079400),(0.0100673,-0.1522689,0.0079400),(0.0101303,-0.1521491,0.0079400),(0.0098385,-0.1525968,0.0079400),(0.0101303,-0.1521491,0.0079400),(0.0101849,-0.1520269,0.0079400),(0.0098385,-0.1525968,0.0079400),(0.0101849,-0.1520269,0.0079400),(0.0102311,-0.1519021,0.0079400),(0.0098385,-0.1525968,0.0079400),(0.0102311,-0.1519021,0.0079400),(0.0102689,-0.1517749,0.0079400),(0.0098385,-0.1525968,0.0079400),(0.0102689,-0.1517749,0.0079400),(0.0102983,-0.1516452,0.0079400),(0.0098385,-0.1525968,0.0079400),(0.0102983,-0.1516452,0.0079400),(0.0103193,-0.1515131,0.0079400),(0.0098385,-0.1525968,0.0079400),(0.0103193,-0.1515131,0.0079400),(0.0103319,-0.1513784,0.0079400),(0.0098385,-0.1525968,0.0079400),(0.0103319,-0.1513784,0.0079400),(0.0103361,-0.1512413,0.0079400),(0.0098385,-0.1525968,0.0079400),(0.0103361,-0.1512413,0.0079400),(0.0103319,-0.1511096,0.0079400),(0.0098385,-0.1525968,0.0079400),(0.0103319,-0.1511096,0.0079400),(0.0103193,-0.1509788,0.0079400),(0.0098385,-0.1525968,0.0079400),(0.0103193,-0.1509788,0.0079400),(0.0102983,-0.1508488,0.0079400),(0.0098385,-0.1525968,0.0079400),(0.0102983,-0.1508488,0.0079400),(0.0102689,-0.1507195,0.0079400),(0.0098385,-0.1525968,0.0079400),(0.0102689,-0.1507195,0.0079400),(0.0102311,-0.1505910,0.0079400),(0.0098385,-0.1525968,0.0079400),(0.0102311,-0.1505910,0.0079400),(0.0101849,-0.1504634,0.0079400),(0.0101849,-0.1504634,0.0079400),(0.0097931,-0.1506049,0.0079400),(0.0098296,-0.1507028,0.0079400),(0.0101849,-0.1504634,0.0079400),(0.0098296,-0.1507028,0.0079400),(0.0098596,-0.1508039,0.0079400),(0.0101849,-0.1504634,0.0079400),(0.0098596,-0.1508039,0.0079400),(0.0098828,-0.1509083,0.0079400),(0.0101849,-0.1504634,0.0079400),(0.0098828,-0.1509083,0.0079400),(0.0098994,-0.1510160,0.0079400),(0.0101849,-0.1504634,0.0079400),(0.0098994,-0.1510160,0.0079400),(0.0099094,-0.1511270,0.0079400),(0.0101849,-0.1504634,0.0079400),(0.0099094,-0.1511270,0.0079400),(0.0099127,-0.1512413,0.0079400),(0.0101849,-0.1504634,0.0079400),(0.0099127,-0.1512413,0.0079400),(0.0099094,-0.1513513,0.0079400),(0.0098385,-0.1525968,0.0079400),(0.0101849,-0.1504634,0.0079400),(0.0099094,-0.1513513,0.0079400),(0.0098385,-0.1525968,0.0079400),(0.0099094,-0.1513513,0.0079400),(0.0098993,-0.1514591,0.0079400),(0.0098385,-0.1525968,0.0079400),(0.0098993,-0.1514591,0.0079400),(0.0098825,-0.1515648,0.0079400),(0.0098385,-0.1525968,0.0079400),(0.0098825,-0.1515648,0.0079400),(0.0098590,-0.1516683,0.0079400),(0.0098385,-0.1525968,0.0079400),(0.0098590,-0.1516683,0.0079400),(0.0098288,-0.1517696,0.0079400),(0.0098385,-0.1525968,0.0079400),(0.0098288,-0.1517696,0.0079400),(0.0097919,-0.1518687,0.0079400),(0.0098385,-0.1525968,0.0079400),(0.0097919,-0.1518687,0.0079400),(0.0097483,-0.1519657,0.0079400),(0.0098385,-0.1525968,0.0079400),(0.0097483,-0.1519657,0.0079400),(0.0096979,-0.1520604,0.0079400),(0.0098385,-0.1525968,0.0079400),(0.0096979,-0.1520604,0.0079400),(0.0096421,-0.1521516,0.0079400),(0.0098385,-0.1525968,0.0079400),(0.0096421,-0.1521516,0.0079400),(0.0095814,-0.1522379,0.0079400),(0.0098385,-0.1525968,0.0079400),(0.0095814,-0.1522379,0.0079400),(0.0095160,-0.1523194,0.0079400),(0.0098385,-0.1525968,0.0079400),(0.0095160,-0.1523194,0.0079400),(0.0094457,-0.1523959,0.0079400),(0.0098385,-0.1525968,0.0079400),(0.0094457,-0.1523959,0.0079400),(0.0093707,-0.1524675,0.0079400),(0.0098385,-0.1525968,0.0079400),(0.0093707,-0.1524675,0.0079400),(0.0092909,-0.1525343,0.0079400),(0.0098385,-0.1525968,0.0079400),(0.0092909,-0.1525343,0.0079400),(0.0092063,-0.1525961,0.0079400),(0.0098385,-0.1525968,0.0079400),(0.0092063,-0.1525961,0.0079400),(0.0091169,-0.1526531,0.0079400),(0.0098385,-0.1525968,0.0079400),(0.0091169,-0.1526531,0.0079400),(0.0090243,-0.1527042,0.0079400),(0.0098385,-0.1525968,0.0079400),(0.0090243,-0.1527042,0.0079400),(0.0089296,-0.1527485,0.0079400),(0.0098385,-0.1525968,0.0079400),(0.0089296,-0.1527485,0.0079400),(0.0088329,-0.1527859,0.0079400),(0.0098385,-0.1525968,0.0079400),(0.0088329,-0.1527859,0.0079400),(0.0087340,-0.1528166,0.0079400),(0.0075146,-0.1531230,0.0079400),(0.0098385,-0.1525968,0.0079400),(0.0087340,-0.1528166,0.0079400),(0.0075146,-0.1531230,0.0079400),(0.0087340,-0.1528166,0.0079400),(0.0086331,-0.1528404,0.0079400),(0.0075146,-0.1531230,0.0079400),(0.0086331,-0.1528404,0.0079400),(0.0085301,-0.1528575,0.0079400),(0.0075146,-0.1531230,0.0079400),(0.0085301,-0.1528575,0.0079400),(0.0084250,-0.1528677,0.0079400),(0.0075146,-0.1531230,0.0079400),(0.0084250,-0.1528677,0.0079400),(0.0083178,-0.1528711,0.0079400),(0.0075146,-0.1531230,0.0079400),(0.0083178,-0.1528711,0.0079400),(0.0081642,-0.1528640,0.0079400),(0.0075146,-0.1531230,0.0079400),(0.0081642,-0.1528640,0.0079400),(0.0080146,-0.1528428,0.0079400),(0.0075146,-0.1531230,0.0079400),(0.0080146,-0.1528428,0.0079400),(0.0078690,-0.1528074,0.0079400),(0.0075146,-0.1531230,0.0079400),(0.0078690,-0.1528074,0.0079400),(0.0077273,-0.1527579,0.0079400),(0.0075146,-0.1531230,0.0079400),(0.0077273,-0.1527579,0.0079400),(0.0093243,-0.1499744,0.0079400),(0.0069536,-0.1540977,0.0079400),(0.0075146,-0.1531230,0.0079400),(0.0093243,-0.1499744,0.0079400),(0.0097499,-0.1505103,0.0079400),(0.0097931,-0.1506049,0.0079400),(0.0101849,-0.1504634,0.0079400),(0.0097000,-0.1504189,0.0079400),(0.0097499,-0.1505103,0.0079400),(0.0101849,-0.1504634,0.0079400),(0.0096321,-0.1503150,0.0079400),(0.0097000,-0.1504189,0.0079400),(0.0101849,-0.1504634,0.0079400),(0.0095468,-0.1502062,0.0079400),(0.0096321,-0.1503150,0.0079400),(0.0101849,-0.1504634,0.0079400),(0.0094977,-0.1501501,0.0079400),(0.0095468,-0.1502062,0.0079400),(0.0101849,-0.1504634,0.0079400),(0.0094442,-0.1500927,0.0079400),(0.0094977,-0.1501501,0.0079400),(0.0101849,-0.1504634,0.0079400),(0.0093864,-0.1500342,0.0079400),(0.0094442,-0.1500927,0.0079400),(0.0101849,-0.1504634,0.0079400),(0.0093243,-0.1499744,0.0079400),(0.0093864,-0.1500342,0.0079400),(0.0101849,-0.1504634,0.0079400),(0.0093243,-0.1499744,0.0079400),(0.0101849,-0.1504634,0.0079400),(0.0101303,-0.1503365,0.0079400),(0.0093243,-0.1499744,0.0079400),(0.0101303,-0.1503365,0.0079400),(0.0100673,-0.1502104,0.0079400),(0.0093243,-0.1499744,0.0079400),(0.0100673,-0.1502104,0.0079400),(0.0100171,-0.1501237,0.0079400),(0.0093243,-0.1499744,0.0079400),(0.0100171,-0.1501237,0.0079400),(0.0099623,-0.1500403,0.0079400),(0.0093243,-0.1499744,0.0079400),(0.0099623,-0.1500403,0.0079400),(0.0099029,-0.1499602,0.0079400),(0.0093243,-0.1499744,0.0079400),(0.0099029,-0.1499602,0.0079400),(0.0098389,-0.1498834,0.0079400),(0.0093243,-0.1499744,0.0079400),(0.0098389,-0.1498834,0.0079400),(0.0097703,-0.1498099,0.0079400),(0.0093243,-0.1499744,0.0079400),(0.0097703,-0.1498099,0.0079400),(0.0096972,-0.1497397,0.0079400),(0.0093243,-0.1499744,0.0079400),(0.0096972,-0.1497397,0.0079400),(0.0096194,-0.1496729,0.0079400),(0.0093243,-0.1499744,0.0079400),(0.0096194,-0.1496729,0.0079400),(0.0095370,-0.1496093,0.0079400),(0.0093243,-0.1499744,0.0079400),(0.0095370,-0.1496093,0.0079400),(0.0100789,-0.1486568,0.0079400),(0.0069536,-0.1540977,0.0079400),(0.0093243,-0.1499744,0.0079400),(0.0100789,-0.1486568,0.0079400),(0.0069536,-0.1540977,0.0079400),(0.0100789,-0.1486568,0.0079400),(0.0101075,-0.1485531,0.0079400),(0.0069536,-0.1540977,0.0079400),(0.0101075,-0.1485531,0.0079400),(0.0101001,-0.1484928,0.0079400),(0.0069536,-0.1540977,0.0079400),(0.0101001,-0.1484928,0.0079400),(0.0100614,-0.1484176,0.0079400),(0.0069536,-0.1540977,0.0079400),(0.0100614,-0.1484176,0.0079400),(0.0099963,-0.1483637,0.0079400),(0.0069536,-0.1540977,0.0079400),(0.0099963,-0.1483637,0.0079400),(0.0098937,-0.1483330,0.0079400),(0.0069536,-0.1540977,0.0079400),(0.0098937,-0.1483330,0.0079400),(0.0098334,-0.1483404,0.0079400),(0.0069536,-0.1540977,0.0079400),(0.0098334,-0.1483404,0.0079400),(0.0097577,-0.1483790,0.0079400),(0.0069536,-0.1540977,0.0079400),(0.0097577,-0.1483790,0.0079400),(0.0097021,-0.1484441,0.0079400),(0.0069536,-0.1540977,0.0079400),(0.0097021,-0.1484441,0.0079400),(0.0091666,-0.1493722,0.0079400),(0.0091666,-0.1493722,0.0079400),(0.0090660,-0.1493278,0.0079400),(0.0089621,-0.1492894,0.0079400),(0.0091666,-0.1493722,0.0079400),(0.0089621,-0.1492894,0.0079400),(0.0088549,-0.1492568,0.0079400),(0.0091666,-0.1493722,0.0079400),(0.0088549,-0.1492568,0.0079400),(0.0087443,-0.1492302,0.0079400),(0.0091666,-0.1493722,0.0079400),(0.0087443,-0.1492302,0.0079400),(0.0086305,-0.1492094,0.0079400),(0.0091666,-0.1493722,0.0079400),(0.0086305,-0.1492094,0.0079400),(0.0085134,-0.1491946,0.0079400),(0.0091666,-0.1493722,0.0079400),(0.0085134,-0.1491946,0.0079400),(0.0083929,-0.1491858,0.0079400),(0.0091666,-0.1493722,0.0079400),(0.0083929,-0.1491858,0.0079400),(0.0082691,-0.1491828,0.0079400),(0.0091666,-0.1493722,0.0079400),(0.0082691,-0.1491828,0.0079400),(0.0081445,-0.1491871,0.0079400),(0.0091666,-0.1493722,0.0079400),(0.0081445,-0.1491871,0.0079400),(0.0080210,-0.1492001,0.0079400),(0.0091666,-0.1493722,0.0079400),(0.0080210,-0.1492001,0.0079400),(0.0078986,-0.1492218,0.0079400),(0.0091666,-0.1493722,0.0079400),(0.0078986,-0.1492218,0.0079400),(0.0077773,-0.1492521,0.0079400),(0.0091666,-0.1493722,0.0079400),(0.0077773,-0.1492521,0.0079400),(0.0076571,-0.1492911,0.0079400),(0.0091666,-0.1493722,0.0079400),(0.0076571,-0.1492911,0.0079400),(0.0075379,-0.1493388,0.0079400),(0.0091666,-0.1493722,0.0079400),(0.0075379,-0.1493388,0.0079400),(0.0074199,-0.1493951,0.0079400),(0.0091666,-0.1493722,0.0079400),(0.0074199,-0.1493951,0.0079400),(0.0073029,-0.1494601,0.0079400),(0.0091666,-0.1493722,0.0079400),(0.0073029,-0.1494601,0.0079400),(0.0071898,-0.1495323,0.0079400),(0.0091666,-0.1493722,0.0079400),(0.0071898,-0.1495323,0.0079400),(0.0070828,-0.1496106,0.0079400),(0.0091666,-0.1493722,0.0079400),(0.0070828,-0.1496106,0.0079400),(0.0069818,-0.1496952,0.0079400),(0.0091666,-0.1493722,0.0079400),(0.0069818,-0.1496952,0.0079400),(0.0068870,-0.1497861,0.0079400),(0.0091666,-0.1493722,0.0079400),(0.0068870,-0.1497861,0.0079400),(0.0067982,-0.1498831,0.0079400),(0.0067982,-0.1498831,0.0079400),(0.0067155,-0.1499863,0.0079400),(0.0066389,-0.1500958,0.0079400),(0.0067982,-0.1498831,0.0079400),(0.0066389,-0.1500958,0.0079400),(0.0065684,-0.1502115,0.0079400),(0.0067982,-0.1498831,0.0079400),(0.0065684,-0.1502115,0.0079400),(0.0065052,-0.1503313,0.0079400),(0.0067982,-0.1498831,0.0079400),(0.0065052,-0.1503313,0.0079400),(0.0064503,-0.1504537,0.0079400),(0.0067982,-0.1498831,0.0079400),(0.0064503,-0.1504537,0.0079400),(0.0064040,-0.1505786,0.0079400),(0.0067982,-0.1498831,0.0079400),(0.0064040,-0.1505786,0.0079400),(0.0063660,-0.1507060,0.0079400),(0.0067982,-0.1498831,0.0079400),(0.0063660,-0.1507060,0.0079400),(0.0063365,-0.1508360,0.0079400),(0.0067982,-0.1498831,0.0079400),(0.0063365,-0.1508360,0.0079400),(0.0063154,-0.1509685,0.0079400),(0.0067982,-0.1498831,0.0079400),(0.0063154,-0.1509685,0.0079400),(0.0063027,-0.1511036,0.0079400),(0.0067982,-0.1498831,0.0079400),(0.0063027,-0.1511036,0.0079400),(0.0062985,-0.1512413,0.0079400),(0.0067982,-0.1498831,0.0079400),(0.0062985,-0.1512413,0.0079400),(0.0063027,-0.1513793,0.0079400),(0.0067982,-0.1498831,0.0079400),(0.0063027,-0.1513793,0.0079400),(0.0063153,-0.1515146,0.0079400),(0.0067982,-0.1498831,0.0079400),(0.0063153,-0.1515146,0.0079400),(0.0063363,-0.1516472,0.0079400),(0.0067982,-0.1498831,0.0079400),(0.0063363,-0.1516472,0.0079400),(0.0063657,-0.1517770,0.0079400),(0.0067982,-0.1498831,0.0079400),(0.0063657,-0.1517770,0.0079400),(0.0064035,-0.1519041,0.0079400),(0.0067982,-0.1498831,0.0079400),(0.0064035,-0.1519041,0.0079400),(0.0064497,-0.1520285,0.0079400),(0.0067982,-0.1498831,0.0079400),(0.0064497,-0.1520285,0.0079400),(0.0065043,-0.1521501,0.0079400),(0.0067982,-0.1498831,0.0079400),(0.0065043,-0.1521501,0.0079400),(0.0065673,-0.1522689,0.0079400),(0.0065673,-0.1522689,0.0079400),(0.0069356,-0.1520604,0.0079400),(0.0068863,-0.1519657,0.0079400),(0.0065673,-0.1522689,0.0079400),(0.0068863,-0.1519657,0.0079400),(0.0068435,-0.1518688,0.0079400),(0.0065673,-0.1522689,0.0079400),(0.0068435,-0.1518688,0.0079400),(0.0068073,-0.1517697,0.0079400),(0.0065673,-0.1522689,0.0079400),(0.0068073,-0.1517697,0.0079400),(0.0067777,-0.1516686,0.0079400),(0.0065673,-0.1522689,0.0079400),(0.0067777,-0.1516686,0.0079400),(0.0067547,-0.1515652,0.0079400),(0.0065673,-0.1522689,0.0079400),(0.0067547,-0.1515652,0.0079400),(0.0067382,-0.1514597,0.0079400),(0.0065673,-0.1522689,0.0079400),(0.0067382,-0.1514597,0.0079400),(0.0067283,-0.1513521,0.0079400),(0.0065673,-0.1522689,0.0079400),(0.0067283,-0.1513521,0.0079400),(0.0067250,-0.1512423,0.0079400),(0.0065673,-0.1522689,0.0079400),(0.0067250,-0.1512423,0.0079400),(0.0067284,-0.1511325,0.0079400),(0.0067982,-0.1498831,0.0079400),(0.0065673,-0.1522689,0.0079400),(0.0067284,-0.1511325,0.0079400),(0.0067982,-0.1498831,0.0079400),(0.0067284,-0.1511325,0.0079400),(0.0067384,-0.1510248,0.0079400),(0.0067982,-0.1498831,0.0079400),(0.0067384,-0.1510248,0.0079400),(0.0067551,-0.1509191,0.0079400),(0.0067982,-0.1498831,0.0079400),(0.0067551,-0.1509191,0.0079400),(0.0067785,-0.1508155,0.0079400),(0.0067982,-0.1498831,0.0079400),(0.0067785,-0.1508155,0.0079400),(0.0068085,-0.1507141,0.0079400),(0.0067982,-0.1498831,0.0079400),(0.0068085,-0.1507141,0.0079400),(0.0068453,-0.1506147,0.0079400),(0.0067982,-0.1498831,0.0079400),(0.0068453,-0.1506147,0.0079400),(0.0068887,-0.1505173,0.0079400),(0.0067982,-0.1498831,0.0079400),(0.0068887,-0.1505173,0.0079400),(0.0069388,-0.1504221,0.0079400),(0.0067982,-0.1498831,0.0079400),(0.0069388,-0.1504221,0.0079400),(0.0069947,-0.1503302,0.0079400),(0.0067982,-0.1498831,0.0079400),(0.0069947,-0.1503302,0.0079400),(0.0070553,-0.1502433,0.0079400),(0.0067982,-0.1498831,0.0079400),(0.0070553,-0.1502433,0.0079400),(0.0071207,-0.1501614,0.0079400),(0.0067982,-0.1498831,0.0079400),(0.0071207,-0.1501614,0.0079400),(0.0071910,-0.1500845,0.0079400),(0.0067982,-0.1498831,0.0079400),(0.0071910,-0.1500845,0.0079400),(0.0072660,-0.1500127,0.0079400),(0.0067982,-0.1498831,0.0079400),(0.0072660,-0.1500127,0.0079400),(0.0073458,-0.1499459,0.0079400),(0.0067982,-0.1498831,0.0079400),(0.0073458,-0.1499459,0.0079400),(0.0074304,-0.1498841,0.0079400),(0.0067982,-0.1498831,0.0079400),(0.0074304,-0.1498841,0.0079400),(0.0075198,-0.1498273,0.0079400),(0.0067982,-0.1498831,0.0079400),(0.0075198,-0.1498273,0.0079400),(0.0076119,-0.1497762,0.0079400),(0.0067982,-0.1498831,0.0079400),(0.0076119,-0.1497762,0.0079400),(0.0077045,-0.1497319,0.0079400),(0.0067982,-0.1498831,0.0079400),(0.0077045,-0.1497319,0.0079400),(0.0077977,-0.1496945,0.0079400),(0.0067982,-0.1498831,0.0079400),(0.0077977,-0.1496945,0.0079400),(0.0078913,-0.1496638,0.0079400),(0.0067982,-0.1498831,0.0079400),(0.0078913,-0.1496638,0.0079400),(0.0079855,-0.1496400,0.0079400),(0.0091666,-0.1493722,0.0079400),(0.0067982,-0.1498831,0.0079400),(0.0079855,-0.1496400,0.0079400),(0.0091666,-0.1493722,0.0079400),(0.0079855,-0.1496400,0.0079400),(0.0080802,-0.1496229,0.0079400),(0.0091666,-0.1493722,0.0079400),(0.0080802,-0.1496229,0.0079400),(0.0081755,-0.1496127,0.0079400),(0.0091666,-0.1493722,0.0079400),(0.0081755,-0.1496127,0.0079400),(0.0082713,-0.1496093,0.0079400),(0.0091666,-0.1493722,0.0079400),(0.0082713,-0.1496093,0.0079400),(0.0082776,-0.1496093,0.0079400),(0.0091666,-0.1493722,0.0079400),(0.0082776,-0.1496093,0.0079400),(0.0083713,-0.1496114,0.0079400),(0.0091666,-0.1493722,0.0079400),(0.0083713,-0.1496114,0.0079400),(0.0084625,-0.1496176,0.0079400),(0.0091666,-0.1493722,0.0079400),(0.0084625,-0.1496176,0.0079400),(0.0085511,-0.1496281,0.0079400),(0.0091666,-0.1493722,0.0079400),(0.0085511,-0.1496281,0.0079400),(0.0086372,-0.1496426,0.0079400),(0.0091666,-0.1493722,0.0079400),(0.0086372,-0.1496426,0.0079400),(0.0087207,-0.1496614,0.0079400),(0.0091666,-0.1493722,0.0079400),(0.0087207,-0.1496614,0.0079400),(0.0088017,-0.1496843,0.0079400),(0.0091666,-0.1493722,0.0079400),(0.0088017,-0.1496843,0.0079400),(0.0088801,-0.1497114,0.0079400),(0.0091666,-0.1493722,0.0079400),(0.0088801,-0.1497114,0.0079400),(0.0089560,-0.1497427,0.0079400),(0.0069536,-0.1540977,0.0079400),(0.0091666,-0.1493722,0.0079400),(0.0089560,-0.1497427,0.0079400),(0.0069536,-0.1540977,0.0079400),(0.0089560,-0.1497427,0.0079400),(0.0073516,-0.1525377,0.0079400),(0.0069536,-0.1540977,0.0079400),(0.0073516,-0.1525377,0.0079400),(0.0072311,-0.1524349,0.0079400),(0.0069780,-0.1521297,0.0079400),(0.0069356,-0.1520604,0.0079400),(0.0065673,-0.1522689,0.0079400),(0.0070232,-0.1521962,0.0079400),(0.0069780,-0.1521297,0.0079400),(0.0065673,-0.1522689,0.0079400),(0.0071216,-0.1523210,0.0079400),(0.0070232,-0.1521962,0.0079400),(0.0065673,-0.1522689,0.0079400),(0.0072311,-0.1524349,0.0079400),(0.0071216,-0.1523210,0.0079400),(0.0065673,-0.1522689,0.0079400),(0.0072311,-0.1524349,0.0079400),(0.0065673,-0.1522689,0.0079400),(0.0066253,-0.1523640,0.0079400),(0.0072311,-0.1524349,0.0079400),(0.0066253,-0.1523640,0.0079400),(0.0066869,-0.1524549,0.0079400),(0.0072311,-0.1524349,0.0079400),(0.0066869,-0.1524549,0.0079400),(0.0067523,-0.1525418,0.0079400),(0.0072311,-0.1524349,0.0079400),(0.0067523,-0.1525418,0.0079400),(0.0068213,-0.1526245,0.0079400),(0.0072311,-0.1524349,0.0079400),(0.0068213,-0.1526245,0.0079400),(0.0068941,-0.1527031,0.0079400),(0.0072311,-0.1524349,0.0079400),(0.0068941,-0.1527031,0.0079400),(0.0069706,-0.1527777,0.0079400),(0.0072311,-0.1524349,0.0079400),(0.0069706,-0.1527777,0.0079400),(0.0070507,-0.1528481,0.0079400),(0.0072311,-0.1524349,0.0079400),(0.0070507,-0.1528481,0.0079400),(0.0071346,-0.1529145,0.0079400),(0.0069536,-0.1540977,0.0079400),(0.0072311,-0.1524349,0.0079400),(0.0071346,-0.1529145,0.0079400),(0.0069536,-0.1540977,0.0079400),(0.0071346,-0.1529145,0.0079400),(0.0065790,-0.1538850,0.0079400),(0.0069536,-0.1540977,0.0079400),(0.0065790,-0.1538850,0.0079400),(0.0065515,-0.1539866,0.0079400),(0.0069536,-0.1540977,0.0079400),(0.0065515,-0.1539866,0.0079400),(0.0065578,-0.1540469,0.0079400),(0.0069536,-0.1540977,0.0079400),(0.0065578,-0.1540469,0.0079400),(0.0065970,-0.1541239,0.0079400),(0.0069536,-0.1540977,0.0079400),(0.0065970,-0.1541239,0.0079400),(0.0066594,-0.1541792,0.0079400),(0.0069536,-0.1540977,0.0079400),(0.0066594,-0.1541792,0.0079400),(0.0067642,-0.1542067,0.0079400),(0.0069536,-0.1540977,0.0079400),(0.0067642,-0.1542067,0.0079400),(0.0068245,-0.1541993,0.0079400),(0.0069536,-0.1540977,0.0079400),(0.0068245,-0.1541993,0.0079400),(0.0068970,-0.1541638,0.0079400),(0.0149015,-0.1494026,0.0079400),(0.0148393,-0.1494686,0.0079400),(0.0147832,-0.1495412,0.0079400),(0.0149015,-0.1494026,0.0079400),(0.0147832,-0.1495412,0.0079400),(0.0147346,-0.1496183,0.0079400),(0.0149015,-0.1494026,0.0079400),(0.0147346,-0.1496183,0.0079400),(0.0146935,-0.1496999,0.0079400),(0.0149015,-0.1494026,0.0079400),(0.0146935,-0.1496999,0.0079400),(0.0146599,-0.1497861,0.0079400),(0.0149015,-0.1494026,0.0079400),(0.0146599,-0.1497861,0.0079400),(0.0146337,-0.1498767,0.0079400),(0.0149015,-0.1494026,0.0079400),(0.0146337,-0.1498767,0.0079400),(0.0146150,-0.1499718,0.0079400),(0.0149015,-0.1494026,0.0079400),(0.0146150,-0.1499718,0.0079400),(0.0146038,-0.1500714,0.0079400),(0.0149015,-0.1494026,0.0079400),(0.0146038,-0.1500714,0.0079400),(0.0146001,-0.1501755,0.0079400),(0.0149015,-0.1494026,0.0079400),(0.0146001,-0.1501755,0.0079400),(0.0146038,-0.1502797,0.0079400),(0.0149015,-0.1494026,0.0079400),(0.0146038,-0.1502797,0.0079400),(0.0146150,-0.1503801,0.0079400),(0.0149015,-0.1494026,0.0079400),(0.0146150,-0.1503801,0.0079400),(0.0146336,-0.1504767,0.0079400),(0.0149015,-0.1494026,0.0079400),(0.0146336,-0.1504767,0.0079400),(0.0146596,-0.1505695,0.0079400),(0.0149015,-0.1494026,0.0079400),(0.0146596,-0.1505695,0.0079400),(0.0146931,-0.1506585,0.0079400),(0.0149015,-0.1494026,0.0079400),(0.0146931,-0.1506585,0.0079400),(0.0147340,-0.1507436,0.0079400),(0.0147340,-0.1507436,0.0079400),(0.0150946,-0.1505216,0.0079400),(0.0150562,-0.1504189,0.0079400),(0.0147340,-0.1507436,0.0079400),(0.0150562,-0.1504189,0.0079400),(0.0150332,-0.1503036,0.0079400),(0.0149015,-0.1494026,0.0079400),(0.0147340,-0.1507436,0.0079400),(0.0150332,-0.1503036,0.0079400),(0.0149015,-0.1494026,0.0079400),(0.0150332,-0.1503036,0.0079400),(0.0150255,-0.1501755,0.0079400),(0.0149015,-0.1494026,0.0079400),(0.0150255,-0.1501755,0.0079400),(0.0150333,-0.1500500,0.0079400),(0.0149015,-0.1494026,0.0079400),(0.0150333,-0.1500500,0.0079400),(0.0150565,-0.1499392,0.0079400),(0.0149015,-0.1494026,0.0079400),(0.0150565,-0.1499392,0.0079400),(0.0150952,-0.1498431,0.0079400),(0.0149015,-0.1494026,0.0079400),(0.0150952,-0.1498431,0.0079400),(0.0151494,-0.1497617,0.0079400),(0.0149015,-0.1494026,0.0079400),(0.0151494,-0.1497617,0.0079400),(0.0152159,-0.1496969,0.0079400),(0.0149015,-0.1494026,0.0079400),(0.0152159,-0.1496969,0.0079400),(0.0152917,-0.1496506,0.0079400),(0.0149015,-0.1494026,0.0079400),(0.0152917,-0.1496506,0.0079400),(0.0153768,-0.1496228,0.0079400),(0.0149015,-0.1494026,0.0079400),(0.0153768,-0.1496228,0.0079400),(0.0154711,-0.1496135,0.0079400),(0.0149015,-0.1494026,0.0079400),(0.0154711,-0.1496135,0.0079400),(0.0155654,-0.1496228,0.0079400),(0.0149015,-0.1494026,0.0079400),(0.0155654,-0.1496228,0.0079400),(0.0156505,-0.1496506,0.0079400),(0.0151483,-0.1506116,0.0079400),(0.0150946,-0.1505216,0.0079400),(0.0147340,-0.1507436,0.0079400),(0.0152110,-0.1506764,0.0079400),(0.0151483,-0.1506116,0.0079400),(0.0147340,-0.1507436,0.0079400),(0.0152806,-0.1507227,0.0079400),(0.0152110,-0.1506764,0.0079400),(0.0147340,-0.1507436,0.0079400),(0.0153571,-0.1507505,0.0079400),(0.0152806,-0.1507227,0.0079400),(0.0147340,-0.1507436,0.0079400),(0.0154404,-0.1507597,0.0079400),(0.0153571,-0.1507505,0.0079400),(0.0147340,-0.1507436,0.0079400),(0.0154404,-0.1507597,0.0079400),(0.0147340,-0.1507436,0.0079400),(0.0147824,-0.1508250,0.0079400),(0.0155029,-0.1507597,0.0079400),(0.0154404,-0.1507597,0.0079400),(0.0147824,-0.1508250,0.0079400),(0.0155029,-0.1507597,0.0079400),(0.0147824,-0.1508250,0.0079400),(0.0148382,-0.1509026,0.0079400),(0.0155877,-0.1507505,0.0079400),(0.0155029,-0.1507597,0.0079400),(0.0148382,-0.1509026,0.0079400),(0.0155877,-0.1507505,0.0079400),(0.0148382,-0.1509026,0.0079400),(0.0148869,-0.1509513,0.0079400),(0.0155877,-0.1507505,0.0079400),(0.0148869,-0.1509513,0.0079400),(0.0148017,-0.1510275,0.0079400),(0.0155877,-0.1507505,0.0079400),(0.0148017,-0.1510275,0.0079400),(0.0147176,-0.1511206,0.0079400),(0.0156645,-0.1507227,0.0079400),(0.0155877,-0.1507505,0.0079400),(0.0147176,-0.1511206,0.0079400),(0.0156645,-0.1507227,0.0079400),(0.0147176,-0.1511206,0.0079400),(0.0146504,-0.1512129,0.0079400),(0.0156645,-0.1507227,0.0079400),(0.0146504,-0.1512129,0.0079400),(0.0145921,-0.1513106,0.0079400),(0.0156645,-0.1507227,0.0079400),(0.0145921,-0.1513106,0.0079400),(0.0145428,-0.1514135,0.0079400),(0.0156645,-0.1507227,0.0079400),(0.0145428,-0.1514135,0.0079400),(0.0145025,-0.1515217,0.0079400),(0.0157332,-0.1506764,0.0079400),(0.0156645,-0.1507227,0.0079400),(0.0145025,-0.1515217,0.0079400),(0.0157332,-0.1506764,0.0079400),(0.0145025,-0.1515217,0.0079400),(0.0144711,-0.1516352,0.0079400),(0.0157332,-0.1506764,0.0079400),(0.0144711,-0.1516352,0.0079400),(0.0144487,-0.1517540,0.0079400),(0.0157332,-0.1506764,0.0079400),(0.0144487,-0.1517540,0.0079400),(0.0144352,-0.1518781,0.0079400),(0.0157332,-0.1506764,0.0079400),(0.0144352,-0.1518781,0.0079400),(0.0144308,-0.1520075,0.0079400),(0.0144308,-0.1520075,0.0079400),(0.0144353,-0.1521356,0.0079400),(0.0144488,-0.1522584,0.0079400),(0.0144308,-0.1520075,0.0079400),(0.0144488,-0.1522584,0.0079400),(0.0144714,-0.1523759,0.0079400),(0.0144308,-0.1520075,0.0079400),(0.0144714,-0.1523759,0.0079400),(0.0145030,-0.1524882,0.0079400),(0.0144308,-0.1520075,0.0079400),(0.0145030,-0.1524882,0.0079400),(0.0145436,-0.1525953,0.0079400),(0.0144308,-0.1520075,0.0079400),(0.0145436,-0.1525953,0.0079400),(0.0145933,-0.1526971,0.0079400),(0.0144308,-0.1520075,0.0079400),(0.0145933,-0.1526971,0.0079400),(0.0146520,-0.1527936,0.0079400),(0.0144308,-0.1520075,0.0079400),(0.0146520,-0.1527936,0.0079400),(0.0147197,-0.1528849,0.0079400),(0.0144308,-0.1520075,0.0079400),(0.0147197,-0.1528849,0.0079400),(0.0147944,-0.1529672,0.0079400),(0.0144308,-0.1520075,0.0079400),(0.0147944,-0.1529672,0.0079400),(0.0148746,-0.1530386,0.0079400),(0.0144308,-0.1520075,0.0079400),(0.0148746,-0.1530386,0.0079400),(0.0149603,-0.1530990,0.0079400),(0.0144308,-0.1520075,0.0079400),(0.0149603,-0.1530990,0.0079400),(0.0150515,-0.1531484,0.0079400),(0.0144308,-0.1520075,0.0079400),(0.0150515,-0.1531484,0.0079400),(0.0151481,-0.1531868,0.0079400),(0.0144308,-0.1520075,0.0079400),(0.0151481,-0.1531868,0.0079400),(0.0152503,-0.1532143,0.0079400),(0.0144308,-0.1520075,0.0079400),(0.0152503,-0.1532143,0.0079400),(0.0153580,-0.1532307,0.0079400),(0.0144308,-0.1520075,0.0079400),(0.0153580,-0.1532307,0.0079400),(0.0154711,-0.1532362,0.0079400),(0.0144308,-0.1520075,0.0079400),(0.0154711,-0.1532362,0.0079400),(0.0155845,-0.1532307,0.0079400),(0.0155845,-0.1532307,0.0079400),(0.0156923,-0.1532143,0.0079400),(0.0157946,-0.1531868,0.0079400),(0.0155845,-0.1532307,0.0079400),(0.0157946,-0.1531868,0.0079400),(0.0158913,-0.1531484,0.0079400),(0.0155845,-0.1532307,0.0079400),(0.0158913,-0.1531484,0.0079400),(0.0159824,-0.1530990,0.0079400),(0.0155845,-0.1532307,0.0079400),(0.0159824,-0.1530990,0.0079400),(0.0160680,-0.1530386,0.0079400),(0.0155845,-0.1532307,0.0079400),(0.0160680,-0.1530386,0.0079400),(0.0161480,-0.1529672,0.0079400),(0.0155845,-0.1532307,0.0079400),(0.0161480,-0.1529672,0.0079400),(0.0162225,-0.1528849,0.0079400),(0.0155845,-0.1532307,0.0079400),(0.0162225,-0.1528849,0.0079400),(0.0162902,-0.1527936,0.0079400),(0.0155845,-0.1532307,0.0079400),(0.0162902,-0.1527936,0.0079400),(0.0163489,-0.1526971,0.0079400),(0.0155845,-0.1532307,0.0079400),(0.0163489,-0.1526971,0.0079400),(0.0163986,-0.1525953,0.0079400),(0.0155845,-0.1532307,0.0079400),(0.0163986,-0.1525953,0.0079400),(0.0164392,-0.1524882,0.0079400),(0.0155845,-0.1532307,0.0079400),(0.0164392,-0.1524882,0.0079400),(0.0164708,-0.1523759,0.0079400),(0.0155845,-0.1532307,0.0079400),(0.0164708,-0.1523759,0.0079400),(0.0164934,-0.1522584,0.0079400),(0.0155845,-0.1532307,0.0079400),(0.0164934,-0.1522584,0.0079400),(0.0165069,-0.1521356,0.0079400),(0.0155845,-0.1532307,0.0079400),(0.0165069,-0.1521356,0.0079400),(0.0165114,-0.1520075,0.0079400),(0.0155845,-0.1532307,0.0079400),(0.0165114,-0.1520075,0.0079400),(0.0165070,-0.1518781,0.0079400),(0.0155845,-0.1532307,0.0079400),(0.0165070,-0.1518781,0.0079400),(0.0164935,-0.1517540,0.0079400),(0.0155845,-0.1532307,0.0079400),(0.0164935,-0.1517540,0.0079400),(0.0164711,-0.1516352,0.0079400),(0.0164711,-0.1516352,0.0079400),(0.0164397,-0.1515217,0.0079400),(0.0163994,-0.1514135,0.0079400),(0.0164711,-0.1516352,0.0079400),(0.0163994,-0.1514135,0.0079400),(0.0163501,-0.1513106,0.0079400),(0.0164711,-0.1516352,0.0079400),(0.0163501,-0.1513106,0.0079400),(0.0159862,-0.1515303,0.0079400),(0.0164711,-0.1516352,0.0079400),(0.0159862,-0.1515303,0.0079400),(0.0160405,-0.1516712,0.0079400),(0.0164711,-0.1516352,0.0079400),(0.0160405,-0.1516712,0.0079400),(0.0160730,-0.1518303,0.0079400),(0.0164711,-0.1516352,0.0079400),(0.0160730,-0.1518303,0.0079400),(0.0160812,-0.1519166,0.0079400),(0.0164711,-0.1516352,0.0079400),(0.0160812,-0.1519166,0.0079400),(0.0160839,-0.1520075,0.0079400),(0.0164711,-0.1516352,0.0079400),(0.0160839,-0.1520075,0.0079400),(0.0160811,-0.1520982,0.0079400),(0.0164711,-0.1516352,0.0079400),(0.0160811,-0.1520982,0.0079400),(0.0160728,-0.1521840,0.0079400),(0.0164711,-0.1516352,0.0079400),(0.0160728,-0.1521840,0.0079400),(0.0160589,-0.1522649,0.0079400),(0.0164711,-0.1516352,0.0079400),(0.0160589,-0.1522649,0.0079400),(0.0160394,-0.1523409,0.0079400),(0.0164711,-0.1516352,0.0079400),(0.0160394,-0.1523409,0.0079400),(0.0159839,-0.1524782,0.0079400),(0.0155845,-0.1532307,0.0079400),(0.0164711,-0.1516352,0.0079400),(0.0159839,-0.1524782,0.0079400),(0.0155845,-0.1532307,0.0079400),(0.0159839,-0.1524782,0.0079400),(0.0159061,-0.1525959,0.0079400),(0.0155845,-0.1532307,0.0079400),(0.0159061,-0.1525959,0.0079400),(0.0158126,-0.1526899,0.0079400),(0.0155845,-0.1532307,0.0079400),(0.0158126,-0.1526899,0.0079400),(0.0157090,-0.1527571,0.0079400),(0.0155845,-0.1532307,0.0079400),(0.0157090,-0.1527571,0.0079400),(0.0155951,-0.1527973,0.0079400),(0.0155845,-0.1532307,0.0079400),(0.0155951,-0.1527973,0.0079400),(0.0154711,-0.1528108,0.0079400),(0.0155845,-0.1532307,0.0079400),(0.0154711,-0.1528108,0.0079400),(0.0153471,-0.1527973,0.0079400),(0.0155845,-0.1532307,0.0079400),(0.0153471,-0.1527973,0.0079400),(0.0152332,-0.1527571,0.0079400),(0.0155845,-0.1532307,0.0079400),(0.0152332,-0.1527571,0.0079400),(0.0151296,-0.1526899,0.0079400),(0.0144308,-0.1520075,0.0079400),(0.0155845,-0.1532307,0.0079400),(0.0151296,-0.1526899,0.0079400),(0.0144308,-0.1520075,0.0079400),(0.0151296,-0.1526899,0.0079400),(0.0150361,-0.1525959,0.0079400),(0.0144308,-0.1520075,0.0079400),(0.0150361,-0.1525959,0.0079400),(0.0149588,-0.1524782,0.0079400),(0.0144308,-0.1520075,0.0079400),(0.0149588,-0.1524782,0.0079400),(0.0149036,-0.1523409,0.0079400),(0.0144308,-0.1520075,0.0079400),(0.0149036,-0.1523409,0.0079400),(0.0148704,-0.1521840,0.0079400),(0.0144308,-0.1520075,0.0079400),(0.0148704,-0.1521840,0.0079400),(0.0148622,-0.1520982,0.0079400),(0.0144308,-0.1520075,0.0079400),(0.0148622,-0.1520982,0.0079400),(0.0148594,-0.1520075,0.0079400),(0.0144308,-0.1520075,0.0079400),(0.0148594,-0.1520075,0.0079400),(0.0148621,-0.1519166,0.0079400),(0.0144308,-0.1520075,0.0079400),(0.0148621,-0.1519166,0.0079400),(0.0148702,-0.1518303,0.0079400),(0.0144308,-0.1520075,0.0079400),(0.0148702,-0.1518303,0.0079400),(0.0148838,-0.1517485,0.0079400),(0.0144308,-0.1520075,0.0079400),(0.0148838,-0.1517485,0.0079400),(0.0149028,-0.1516712,0.0079400),(0.0144308,-0.1520075,0.0079400),(0.0149028,-0.1516712,0.0079400),(0.0149570,-0.1515303,0.0079400),(0.0144308,-0.1520075,0.0079400),(0.0149570,-0.1515303,0.0079400),(0.0150330,-0.1514074,0.0079400),(0.0144308,-0.1520075,0.0079400),(0.0150330,-0.1514074,0.0079400),(0.0151254,-0.1513102,0.0079400),(0.0157332,-0.1506764,0.0079400),(0.0144308,-0.1520075,0.0079400),(0.0151254,-0.1513102,0.0079400),(0.0157332,-0.1506764,0.0079400),(0.0151254,-0.1513102,0.0079400),(0.0152293,-0.1512407,0.0079400),(0.0157939,-0.1506116,0.0079400),(0.0157332,-0.1506764,0.0079400),(0.0152293,-0.1512407,0.0079400),(0.0157939,-0.1506116,0.0079400),(0.0152293,-0.1512407,0.0079400),(0.0153445,-0.1511991,0.0079400),(0.0157939,-0.1506116,0.0079400),(0.0153445,-0.1511991,0.0079400),(0.0154711,-0.1511852,0.0079400),(0.0158476,-0.1505216,0.0079400),(0.0157939,-0.1506116,0.0079400),(0.0154711,-0.1511852,0.0079400),(0.0158476,-0.1505216,0.0079400),(0.0154711,-0.1511852,0.0079400),(0.0155982,-0.1511991,0.0079400),(0.0158860,-0.1504189,0.0079400),(0.0158476,-0.1505216,0.0079400),(0.0155982,-0.1511991,0.0079400),(0.0158860,-0.1504189,0.0079400),(0.0155982,-0.1511991,0.0079400),(0.0157137,-0.1512407,0.0079400),(0.0158860,-0.1504189,0.0079400),(0.0157137,-0.1512407,0.0079400),(0.0158178,-0.1513102,0.0079400),(0.0159090,-0.1503036,0.0079400),(0.0158860,-0.1504189,0.0079400),(0.0158178,-0.1513102,0.0079400),(0.0159090,-0.1503036,0.0079400),(0.0158178,-0.1513102,0.0079400),(0.0159103,-0.1514074,0.0079400),(0.0159167,-0.1501755,0.0079400),(0.0159090,-0.1503036,0.0079400),(0.0159103,-0.1514074,0.0079400),(0.0159167,-0.1501755,0.0079400),(0.0159103,-0.1514074,0.0079400),(0.0159862,-0.1515303,0.0079400),(0.0159862,-0.1515303,0.0079400),(0.0163501,-0.1513106,0.0079400),(0.0162919,-0.1512129,0.0079400),(0.0159862,-0.1515303,0.0079400),(0.0162919,-0.1512129,0.0079400),(0.0162246,-0.1511206,0.0079400),(0.0159862,-0.1515303,0.0079400),(0.0162246,-0.1511206,0.0079400),(0.0161408,-0.1510275,0.0079400),(0.0159862,-0.1515303,0.0079400),(0.0161408,-0.1510275,0.0079400),(0.0160564,-0.1509513,0.0079400),(0.0159167,-0.1501755,0.0079400),(0.0159862,-0.1515303,0.0079400),(0.0160564,-0.1509513,0.0079400),(0.0159089,-0.1500500,0.0079400),(0.0159167,-0.1501755,0.0079400),(0.0160564,-0.1509513,0.0079400),(0.0159089,-0.1500500,0.0079400),(0.0160564,-0.1509513,0.0079400),(0.0161040,-0.1509026,0.0079400),(0.0158857,-0.1499392,0.0079400),(0.0159089,-0.1500500,0.0079400),(0.0161040,-0.1509026,0.0079400),(0.0158857,-0.1499392,0.0079400),(0.0161040,-0.1509026,0.0079400),(0.0161600,-0.1508250,0.0079400),(0.0158857,-0.1499392,0.0079400),(0.0161600,-0.1508250,0.0079400),(0.0162086,-0.1507436,0.0079400),(0.0158857,-0.1499392,0.0079400),(0.0162086,-0.1507436,0.0079400),(0.0162497,-0.1506585,0.0079400),(0.0158470,-0.1498431,0.0079400),(0.0158857,-0.1499392,0.0079400),(0.0162497,-0.1506585,0.0079400),(0.0158470,-0.1498431,0.0079400),(0.0162497,-0.1506585,0.0079400),(0.0162834,-0.1505695,0.0079400),(0.0158470,-0.1498431,0.0079400),(0.0162834,-0.1505695,0.0079400),(0.0163095,-0.1504767,0.0079400),(0.0157928,-0.1497617,0.0079400),(0.0158470,-0.1498431,0.0079400),(0.0163095,-0.1504767,0.0079400),(0.0157928,-0.1497617,0.0079400),(0.0163095,-0.1504767,0.0079400),(0.0163282,-0.1503801,0.0079400),(0.0157928,-0.1497617,0.0079400),(0.0163282,-0.1503801,0.0079400),(0.0163394,-0.1502797,0.0079400),(0.0157263,-0.1496969,0.0079400),(0.0157928,-0.1497617,0.0079400),(0.0163394,-0.1502797,0.0079400),(0.0157263,-0.1496969,0.0079400),(0.0163394,-0.1502797,0.0079400),(0.0163432,-0.1501755,0.0079400),(0.0157263,-0.1496969,0.0079400),(0.0163432,-0.1501755,0.0079400),(0.0163394,-0.1500714,0.0079400),(0.0157263,-0.1496969,0.0079400),(0.0163394,-0.1500714,0.0079400),(0.0163282,-0.1499718,0.0079400),(0.0156505,-0.1496506,0.0079400),(0.0157263,-0.1496969,0.0079400),(0.0163282,-0.1499718,0.0079400),(0.0156505,-0.1496506,0.0079400),(0.0163282,-0.1499718,0.0079400),(0.0163094,-0.1498767,0.0079400),(0.0156505,-0.1496506,0.0079400),(0.0163094,-0.1498767,0.0079400),(0.0162831,-0.1497861,0.0079400),(0.0149015,-0.1494026,0.0079400),(0.0156505,-0.1496506,0.0079400),(0.0162831,-0.1497861,0.0079400),(0.0149015,-0.1494026,0.0079400),(0.0162831,-0.1497861,0.0079400),(0.0162493,-0.1496999,0.0079400),(0.0149015,-0.1494026,0.0079400),(0.0162493,-0.1496999,0.0079400),(0.0162080,-0.1496183,0.0079400),(0.0149015,-0.1494026,0.0079400),(0.0162080,-0.1496183,0.0079400),(0.0161592,-0.1495412,0.0079400),(0.0149015,-0.1494026,0.0079400),(0.0161592,-0.1495412,0.0079400),(0.0161029,-0.1494686,0.0079400),(0.0149015,-0.1494026,0.0079400),(0.0161029,-0.1494686,0.0079400),(0.0160407,-0.1494026,0.0079400),(0.0149015,-0.1494026,0.0079400),(0.0160407,-0.1494026,0.0079400),(0.0159737,-0.1493454,0.0079400),(0.0149015,-0.1494026,0.0079400),(0.0159737,-0.1493454,0.0079400),(0.0159020,-0.1492970,0.0079400),(0.0149015,-0.1494026,0.0079400),(0.0159020,-0.1492970,0.0079400),(0.0158254,-0.1492574,0.0079400),(0.0149015,-0.1494026,0.0079400),(0.0158254,-0.1492574,0.0079400),(0.0157440,-0.1492266,0.0079400),(0.0149015,-0.1494026,0.0079400),(0.0157440,-0.1492266,0.0079400),(0.0156578,-0.1492046,0.0079400),(0.0149015,-0.1494026,0.0079400),(0.0156578,-0.1492046,0.0079400),(0.0155669,-0.1491914,0.0079400),(0.0149015,-0.1494026,0.0079400),(0.0155669,-0.1491914,0.0079400),(0.0154711,-0.1491870,0.0079400),(0.0149015,-0.1494026,0.0079400),(0.0154711,-0.1491870,0.0079400),(0.0153753,-0.1491914,0.0079400),(0.0149015,-0.1494026,0.0079400),(0.0153753,-0.1491914,0.0079400),(0.0152844,-0.1492046,0.0079400),(0.0149015,-0.1494026,0.0079400),(0.0152844,-0.1492046,0.0079400),(0.0151982,-0.1492266,0.0079400),(0.0149015,-0.1494026,0.0079400),(0.0151982,-0.1492266,0.0079400),(0.0151168,-0.1492574,0.0079400),(0.0149015,-0.1494026,0.0079400),(0.0151168,-0.1492574,0.0079400),(0.0150402,-0.1492970,0.0079400),(0.0149015,-0.1494026,0.0079400),(0.0150402,-0.1492970,0.0079400),(0.0149685,-0.1493454,0.0079400),(0.0114748,-0.1528150,0.0079400),(0.0126464,-0.1512243,0.0079400),(0.0127109,-0.1511306,0.0079400),(0.0114748,-0.1528150,0.0079400),(0.0127109,-0.1511306,0.0079400),(0.0127668,-0.1510330,0.0079400),(0.0114748,-0.1528150,0.0079400),(0.0127668,-0.1510330,0.0079400),(0.0128141,-0.1509315,0.0079400),(0.0114748,-0.1528150,0.0079400),(0.0128141,-0.1509315,0.0079400),(0.0128528,-0.1508261,0.0079400),(0.0114748,-0.1528150,0.0079400),(0.0128528,-0.1508261,0.0079400),(0.0128829,-0.1507169,0.0079400),(0.0114748,-0.1528150,0.0079400),(0.0128829,-0.1507169,0.0079400),(0.0129044,-0.1506038,0.0079400),(0.0114748,-0.1528150,0.0079400),(0.0129044,-0.1506038,0.0079400),(0.0129173,-0.1504869,0.0079400),(0.0114748,-0.1528150,0.0079400),(0.0129173,-0.1504869,0.0079400),(0.0129216,-0.1503660,0.0079400),(0.0114748,-0.1528150,0.0079400),(0.0129216,-0.1503660,0.0079400),(0.0129165,-0.1502411,0.0079400),(0.0114748,-0.1528150,0.0079400),(0.0129165,-0.1502411,0.0079400),(0.0129011,-0.1501207,0.0079400),(0.0114748,-0.1528150,0.0079400),(0.0129011,-0.1501207,0.0079400),(0.0128754,-0.1500049,0.0079400),(0.0114748,-0.1528150,0.0079400),(0.0128754,-0.1500049,0.0079400),(0.0128396,-0.1498937,0.0079400),(0.0128396,-0.1498937,0.0079400),(0.0127934,-0.1497872,0.0079400),(0.0127370,-0.1496852,0.0079400),(0.0128396,-0.1498937,0.0079400),(0.0127370,-0.1496852,0.0079400),(0.0126704,-0.1495878,0.0079400),(0.0128396,-0.1498937,0.0079400),(0.0126704,-0.1495878,0.0079400),(0.0125935,-0.1494950,0.0079400),(0.0128396,-0.1498937,0.0079400),(0.0125935,-0.1494950,0.0079400),(0.0125206,-0.1494218,0.0079400),(0.0128396,-0.1498937,0.0079400),(0.0125206,-0.1494218,0.0079400),(0.0124432,-0.1493584,0.0079400),(0.0128396,-0.1498937,0.0079400),(0.0124432,-0.1493584,0.0079400),(0.0123613,-0.1493048,0.0079400),(0.0128396,-0.1498937,0.0079400),(0.0123613,-0.1493048,0.0079400),(0.0122749,-0.1492609,0.0079400),(0.0128396,-0.1498937,0.0079400),(0.0122749,-0.1492609,0.0079400),(0.0121841,-0.1492267,0.0079400),(0.0128396,-0.1498937,0.0079400),(0.0121841,-0.1492267,0.0079400),(0.0120887,-0.1492023,0.0079400),(0.0128396,-0.1498937,0.0079400),(0.0120887,-0.1492023,0.0079400),(0.0119888,-0.1491877,0.0079400),(0.0128396,-0.1498937,0.0079400),(0.0119888,-0.1491877,0.0079400),(0.0118844,-0.1491828,0.0079400),(0.0128396,-0.1498937,0.0079400),(0.0118844,-0.1491828,0.0079400),(0.0117859,-0.1491876,0.0079400),(0.0128396,-0.1498937,0.0079400),(0.0117859,-0.1491876,0.0079400),(0.0116904,-0.1492019,0.0079400),(0.0128396,-0.1498937,0.0079400),(0.0116904,-0.1492019,0.0079400),(0.0115979,-0.1492258,0.0079400),(0.0128396,-0.1498937,0.0079400),(0.0115979,-0.1492258,0.0079400),(0.0115084,-0.1492593,0.0079400),(0.0128396,-0.1498937,0.0079400),(0.0115084,-0.1492593,0.0079400),(0.0114220,-0.1493023,0.0079400),(0.0128396,-0.1498937,0.0079400),(0.0114220,-0.1493023,0.0079400),(0.0113385,-0.1493548,0.0079400),(0.0113385,-0.1493548,0.0079400),(0.0112581,-0.1494170,0.0079400),(0.0111806,-0.1494887,0.0079400),(0.0113385,-0.1493548,0.0079400),(0.0111806,-0.1494887,0.0079400),(0.0111015,-0.1495752,0.0079400),(0.0113385,-0.1493548,0.0079400),(0.0111015,-0.1495752,0.0079400),(0.0110329,-0.1496680,0.0079400),(0.0113385,-0.1493548,0.0079400),(0.0110329,-0.1496680,0.0079400),(0.0109749,-0.1497673,0.0079400),(0.0113385,-0.1493548,0.0079400),(0.0109749,-0.1497673,0.0079400),(0.0109274,-0.1498728,0.0079400),(0.0113385,-0.1493548,0.0079400),(0.0109274,-0.1498728,0.0079400),(0.0108905,-0.1499848,0.0079400),(0.0113385,-0.1493548,0.0079400),(0.0108905,-0.1499848,0.0079400),(0.0108641,-0.1501030,0.0079400),(0.0113385,-0.1493548,0.0079400),(0.0108641,-0.1501030,0.0079400),(0.0108483,-0.1502276,0.0079400),(0.0113385,-0.1493548,0.0079400),(0.0108483,-0.1502276,0.0079400),(0.0108430,-0.1503586,0.0079400),(0.0113385,-0.1493548,0.0079400),(0.0108430,-0.1503586,0.0079400),(0.0108430,-0.1503639,0.0079400),(0.0113385,-0.1493548,0.0079400),(0.0108430,-0.1503639,0.0079400),(0.0108586,-0.1504454,0.0079400),(0.0113385,-0.1493548,0.0079400),(0.0108586,-0.1504454,0.0079400),(0.0109055,-0.1505142,0.0079400),(0.0113385,-0.1493548,0.0079400),(0.0109055,-0.1505142,0.0079400),(0.0109742,-0.1505610,0.0079400),(0.0113385,-0.1493548,0.0079400),(0.0109742,-0.1505610,0.0079400),(0.0110557,-0.1505766,0.0079400),(0.0113385,-0.1493548,0.0079400),(0.0110557,-0.1505766,0.0079400),(0.0111372,-0.1505610,0.0079400),(0.0113385,-0.1493548,0.0079400),(0.0111372,-0.1505610,0.0079400),(0.0112060,-0.1505142,0.0079400),(0.0113385,-0.1493548,0.0079400),(0.0112060,-0.1505142,0.0079400),(0.0112536,-0.1504454,0.0079400),(0.0112536,-0.1504454,0.0079400),(0.0112695,-0.1503639,0.0079400),(0.0112695,-0.1503586,0.0079400),(0.0112536,-0.1504454,0.0079400),(0.0112695,-0.1503586,0.0079400),(0.0112728,-0.1502717,0.0079400),(0.0113385,-0.1493548,0.0079400),(0.0112536,-0.1504454,0.0079400),(0.0112728,-0.1502717,0.0079400),(0.0113385,-0.1493548,0.0079400),(0.0112728,-0.1502717,0.0079400),(0.0112828,-0.1501893,0.0079400),(0.0113385,-0.1493548,0.0079400),(0.0112828,-0.1501893,0.0079400),(0.0112994,-0.1501114,0.0079400),(0.0113385,-0.1493548,0.0079400),(0.0112994,-0.1501114,0.0079400),(0.0113227,-0.1500379,0.0079400),(0.0113385,-0.1493548,0.0079400),(0.0113227,-0.1500379,0.0079400),(0.0113892,-0.1499046,0.0079400),(0.0113385,-0.1493548,0.0079400),(0.0113892,-0.1499046,0.0079400),(0.0114822,-0.1497892,0.0079400),(0.0113385,-0.1493548,0.0079400),(0.0114822,-0.1497892,0.0079400),(0.0115731,-0.1497105,0.0079400),(0.0113385,-0.1493548,0.0079400),(0.0115731,-0.1497105,0.0079400),(0.0116701,-0.1496543,0.0079400),(0.0113385,-0.1493548,0.0079400),(0.0116701,-0.1496543,0.0079400),(0.0117732,-0.1496206,0.0079400),(0.0113385,-0.1493548,0.0079400),(0.0117732,-0.1496206,0.0079400),(0.0118823,-0.1496093,0.0079400),(0.0113385,-0.1493548,0.0079400),(0.0118823,-0.1496093,0.0079400),(0.0119955,-0.1496202,0.0079400),(0.0113385,-0.1493548,0.0079400),(0.0119955,-0.1496202,0.0079400),(0.0120993,-0.1496527,0.0079400),(0.0128396,-0.1498937,0.0079400),(0.0113385,-0.1493548,0.0079400),(0.0120993,-0.1496527,0.0079400),(0.0128396,-0.1498937,0.0079400),(0.0120993,-0.1496527,0.0079400),(0.0121934,-0.1497069,0.0079400),(0.0128396,-0.1498937,0.0079400),(0.0121934,-0.1497069,0.0079400),(0.0122781,-0.1497829,0.0079400),(0.0128396,-0.1498937,0.0079400),(0.0122781,-0.1497829,0.0079400),(0.0123297,-0.1498440,0.0079400),(0.0128396,-0.1498937,0.0079400),(0.0123297,-0.1498440,0.0079400),(0.0123744,-0.1499085,0.0079400),(0.0128396,-0.1498937,0.0079400),(0.0123744,-0.1499085,0.0079400),(0.0124432,-0.1500472,0.0079400),(0.0128396,-0.1498937,0.0079400),(0.0124432,-0.1500472,0.0079400),(0.0124845,-0.1501990,0.0079400),(0.0128396,-0.1498937,0.0079400),(0.0124845,-0.1501990,0.0079400),(0.0124948,-0.1502798,0.0079400),(0.0128396,-0.1498937,0.0079400),(0.0124948,-0.1502798,0.0079400),(0.0124982,-0.1503639,0.0079400),(0.0128396,-0.1498937,0.0079400),(0.0124982,-0.1503639,0.0079400),(0.0124953,-0.1504506,0.0079400),(0.0128396,-0.1498937,0.0079400),(0.0124953,-0.1504506,0.0079400),(0.0124865,-0.1505340,0.0079400),(0.0128396,-0.1498937,0.0079400),(0.0124865,-0.1505340,0.0079400),(0.0124719,-0.1506141,0.0079400),(0.0128396,-0.1498937,0.0079400),(0.0124719,-0.1506141,0.0079400),(0.0124514,-0.1506909,0.0079400),(0.0128396,-0.1498937,0.0079400),(0.0124514,-0.1506909,0.0079400),(0.0123929,-0.1508346,0.0079400),(0.0114748,-0.1528150,0.0079400),(0.0128396,-0.1498937,0.0079400),(0.0123929,-0.1508346,0.0079400),(0.0114748,-0.1528150,0.0079400),(0.0123929,-0.1508346,0.0079400),(0.0123109,-0.1509650,0.0079400),(0.0114748,-0.1528150,0.0079400),(0.0123109,-0.1509650,0.0079400),(0.0108875,-0.1528986,0.0079400),(0.0127110,-0.1528150,0.0079400),(0.0114748,-0.1528150,0.0079400),(0.0108875,-0.1528986,0.0079400),(0.0127110,-0.1528150,0.0079400),(0.0108875,-0.1528986,0.0079400),(0.0108409,-0.1530235,0.0079400),(0.0127110,-0.1528150,0.0079400),(0.0108409,-0.1530235,0.0079400),(0.0108430,-0.1530584,0.0079400),(0.0127110,-0.1528150,0.0079400),(0.0108430,-0.1530584,0.0079400),(0.0108695,-0.1531370,0.0079400),(0.0127110,-0.1528150,0.0079400),(0.0108695,-0.1531370,0.0079400),(0.0109213,-0.1531928,0.0079400),(0.0127110,-0.1528150,0.0079400),(0.0109213,-0.1531928,0.0079400),(0.0109899,-0.1532278,0.0079400),(0.0127110,-0.1528150,0.0079400),(0.0109899,-0.1532278,0.0079400),(0.0110557,-0.1532394,0.0079400),(0.0127110,-0.1528150,0.0079400),(0.0110557,-0.1532394,0.0079400),(0.0127110,-0.1532394,0.0079400),(0.0127110,-0.1528150,0.0079400),(0.0127110,-0.1532394,0.0079400),(0.0127943,-0.1532243,0.0079400),(0.0127110,-0.1528150,0.0079400),(0.0127943,-0.1532243,0.0079400),(0.0128623,-0.1531791,0.0079400),(0.0127110,-0.1528150,0.0079400),(0.0128623,-0.1531791,0.0079400),(0.0129068,-0.1531111,0.0079400),(0.0127110,-0.1528150,0.0079400),(0.0129068,-0.1531111,0.0079400),(0.0129216,-0.1530277,0.0079400),(0.0127110,-0.1528150,0.0079400),(0.0129216,-0.1530277,0.0079400),(0.0129068,-0.1529436,0.0079400),(0.0127110,-0.1528150,0.0079400),(0.0129068,-0.1529436,0.0079400),(0.0128623,-0.1528753,0.0079400),(0.0127110,-0.1528150,0.0079400),(0.0128623,-0.1528753,0.0079400),(0.0127964,-0.1528301,0.0079400),(0.0133798,-0.1532090,0.0079400),(0.0134529,-0.1533156,0.0079400),(0.0135595,-0.1533886,0.0079400),(0.0133798,-0.1532090,0.0079400),(0.0135595,-0.1533886,0.0079400),(0.0136846,-0.1534130,0.0079400),(0.0133798,-0.1532090,0.0079400),(0.0136846,-0.1534130,0.0079400),(0.0138095,-0.1533886,0.0079400),(0.0133798,-0.1532090,0.0079400),(0.0138095,-0.1533886,0.0079400),(0.0139154,-0.1533156,0.0079400),(0.0133798,-0.1532090,0.0079400),(0.0139154,-0.1533156,0.0079400),(0.0139884,-0.1532090,0.0079400),(0.0133798,-0.1532090,0.0079400),(0.0139884,-0.1532090,0.0079400),(0.0140127,-0.1530838,0.0079400),(0.0133798,-0.1532090,0.0079400),(0.0140127,-0.1530838,0.0079400),(0.0139884,-0.1529587,0.0079400),(0.0133798,-0.1532090,0.0079400),(0.0139884,-0.1529587,0.0079400),(0.0139154,-0.1528520,0.0079400),(0.0133798,-0.1532090,0.0079400),(0.0139154,-0.1528520,0.0079400),(0.0138095,-0.1527790,0.0079400),(0.0133798,-0.1532090,0.0079400),(0.0138095,-0.1527790,0.0079400),(0.0136846,-0.1527547,0.0079400),(0.0133798,-0.1532090,0.0079400),(0.0136846,-0.1527547,0.0079400),(0.0135595,-0.1527790,0.0079400),(0.0133798,-0.1532090,0.0079400),(0.0135595,-0.1527790,0.0079400),(0.0134529,-0.1528520,0.0079400),(0.0133798,-0.1532090,0.0079400),(0.0134529,-0.1528520,0.0079400),(0.0133798,-0.1529587,0.0079400),(0.0133798,-0.1532090,0.0079400),(0.0133798,-0.1529587,0.0079400),(0.0133555,-0.1530838,0.0079400),(0.0268992,-0.1514566,0.0079400),(0.0282814,-0.1532463,0.0079400),(0.0283536,-0.1533082,0.0079400),(0.0268992,-0.1514566,0.0079400),(0.0283536,-0.1533082,0.0079400),(0.0284454,-0.1533288,0.0079400),(0.0268992,-0.1514566,0.0079400),(0.0284454,-0.1533288,0.0079400),(0.0285777,-0.1532833,0.0079400),(0.0268992,-0.1514566,0.0079400),(0.0285777,-0.1532833,0.0079400),(0.0286420,-0.1532098,0.0079400),(0.0268992,-0.1514566,0.0079400),(0.0286420,-0.1532098,0.0079400),(0.0286634,-0.1531140,0.0079400),(0.0268992,-0.1514566,0.0079400),(0.0286634,-0.1531140,0.0079400),(0.0286190,-0.1529817,0.0079400),(0.0268992,-0.1514566,0.0079400),(0.0286190,-0.1529817,0.0079400),(0.0274432,-0.1514566,0.0079400),(0.0274432,-0.1514566,0.0079400),(0.0275289,-0.1514566,0.0079400),(0.0276481,-0.1514515,0.0079400),(0.0268992,-0.1514566,0.0079400),(0.0274432,-0.1514566,0.0079400),(0.0276481,-0.1514515,0.0079400),(0.0260356,-0.1514566,0.0079400),(0.0268992,-0.1514566,0.0079400),(0.0276481,-0.1514515,0.0079400),(0.0260356,-0.1514566,0.0079400),(0.0276481,-0.1514515,0.0079400),(0.0277619,-0.1514362,0.0079400),(0.0260356,-0.1514566,0.0079400),(0.0277619,-0.1514362,0.0079400),(0.0278702,-0.1514106,0.0079400),(0.0260356,-0.1514566,0.0079400),(0.0278702,-0.1514106,0.0079400),(0.0279731,-0.1513749,0.0079400),(0.0260356,-0.1514566,0.0079400),(0.0279731,-0.1513749,0.0079400),(0.0280705,-0.1513289,0.0079400),(0.0260356,-0.1514566,0.0079400),(0.0280705,-0.1513289,0.0079400),(0.0281625,-0.1512727,0.0079400),(0.0260356,-0.1514566,0.0079400),(0.0281625,-0.1512727,0.0079400),(0.0282490,-0.1512063,0.0079400),(0.0260356,-0.1514566,0.0079400),(0.0282490,-0.1512063,0.0079400),(0.0283300,-0.1511296,0.0079400),(0.0260356,-0.1514566,0.0079400),(0.0283300,-0.1511296,0.0079400),(0.0284064,-0.1510399,0.0079400),(0.0260356,-0.1514566,0.0079400),(0.0284064,-0.1510399,0.0079400),(0.0284726,-0.1509474,0.0079400),(0.0260356,-0.1514566,0.0079400),(0.0284726,-0.1509474,0.0079400),(0.0285287,-0.1508523,0.0079400),(0.0285287,-0.1508523,0.0079400),(0.0285745,-0.1507544,0.0079400),(0.0281790,-0.1506052,0.0079400),(0.0285287,-0.1508523,0.0079400),(0.0281790,-0.1506052,0.0079400),(0.0281145,-0.1507228,0.0079400),(0.0285287,-0.1508523,0.0079400),(0.0281145,-0.1507228,0.0079400),(0.0280242,-0.1508290,0.0079400),(0.0285287,-0.1508523,0.0079400),(0.0280242,-0.1508290,0.0079400),(0.0279142,-0.1509170,0.0079400),(0.0285287,-0.1508523,0.0079400),(0.0279142,-0.1509170,0.0079400),(0.0277951,-0.1509799,0.0079400),(0.0285287,-0.1508523,0.0079400),(0.0277951,-0.1509799,0.0079400),(0.0276666,-0.1510176,0.0079400),(0.0260356,-0.1514566,0.0079400),(0.0285287,-0.1508523,0.0079400),(0.0276666,-0.1510176,0.0079400),(0.0260356,-0.1514566,0.0079400),(0.0276666,-0.1510176,0.0079400),(0.0275289,-0.1510301,0.0079400),(0.0260356,-0.1514566,0.0079400),(0.0275289,-0.1510301,0.0079400),(0.0260356,-0.1510301,0.0079400),(0.0282177,-0.1504762,0.0079400),(0.0281790,-0.1506052,0.0079400),(0.0285745,-0.1507544,0.0079400),(0.0282306,-0.1503359,0.0079400),(0.0282177,-0.1504762,0.0079400),(0.0285745,-0.1507544,0.0079400),(0.0282177,-0.1501968,0.0079400),(0.0282306,-0.1503359,0.0079400),(0.0285745,-0.1507544,0.0079400),(0.0281790,-0.1500686,0.0079400),(0.0282177,-0.1501968,0.0079400),(0.0285745,-0.1507544,0.0079400),(0.0281145,-0.1499513,0.0079400),(0.0281790,-0.1500686,0.0079400),(0.0285745,-0.1507544,0.0079400),(0.0281145,-0.1499513,0.0079400),(0.0285745,-0.1507544,0.0079400),(0.0286102,-0.1506539,0.0079400),(0.0281145,-0.1499513,0.0079400),(0.0286102,-0.1506539,0.0079400),(0.0286356,-0.1505506,0.0079400),(0.0280242,-0.1498448,0.0079400),(0.0281145,-0.1499513,0.0079400),(0.0286356,-0.1505506,0.0079400),(0.0280242,-0.1498448,0.0079400),(0.0286356,-0.1505506,0.0079400),(0.0286509,-0.1504446,0.0079400),(0.0280242,-0.1498448,0.0079400),(0.0286509,-0.1504446,0.0079400),(0.0286560,-0.1503359,0.0079400),(0.0279170,-0.1497568,0.0079400),(0.0280242,-0.1498448,0.0079400),(0.0286560,-0.1503359,0.0079400),(0.0279170,-0.1497568,0.0079400),(0.0286560,-0.1503359,0.0079400),(0.0286509,-0.1502232,0.0079400),(0.0279170,-0.1497568,0.0079400),(0.0286509,-0.1502232,0.0079400),(0.0286356,-0.1501145,0.0079400),(0.0277998,-0.1496940,0.0079400),(0.0279170,-0.1497568,0.0079400),(0.0286356,-0.1501145,0.0079400),(0.0277998,-0.1496940,0.0079400),(0.0286356,-0.1501145,0.0079400),(0.0286102,-0.1500097,0.0079400),(0.0277998,-0.1496940,0.0079400),(0.0286102,-0.1500097,0.0079400),(0.0285745,-0.1499088,0.0079400),(0.0276725,-0.1496563,0.0079400),(0.0277998,-0.1496940,0.0079400),(0.0285745,-0.1499088,0.0079400),(0.0276725,-0.1496563,0.0079400),(0.0285745,-0.1499088,0.0079400),(0.0285287,-0.1498118,0.0079400),(0.0276725,-0.1496563,0.0079400),(0.0285287,-0.1498118,0.0079400),(0.0284726,-0.1497187,0.0079400),(0.0275352,-0.1496437,0.0079400),(0.0276725,-0.1496563,0.0079400),(0.0284726,-0.1497187,0.0079400),(0.0275352,-0.1496437,0.0079400),(0.0284726,-0.1497187,0.0079400),(0.0284064,-0.1496295,0.0079400),(0.0260356,-0.1496437,0.0079400),(0.0275352,-0.1496437,0.0079400),(0.0284064,-0.1496295,0.0079400),(0.0260356,-0.1496437,0.0079400),(0.0284064,-0.1496295,0.0079400),(0.0283300,-0.1495442,0.0079400),(0.0260356,-0.1496437,0.0079400),(0.0283300,-0.1495442,0.0079400),(0.0282430,-0.1494661,0.0079400),(0.0260356,-0.1496437,0.0079400),(0.0282430,-0.1494661,0.0079400),(0.0281522,-0.1493984,0.0079400),(0.0260356,-0.1496437,0.0079400),(0.0281522,-0.1493984,0.0079400),(0.0280576,-0.1493411,0.0079400),(0.0260356,-0.1496437,0.0079400),(0.0280576,-0.1493411,0.0079400),(0.0279594,-0.1492942,0.0079400),(0.0260356,-0.1496437,0.0079400),(0.0279594,-0.1492942,0.0079400),(0.0278573,-0.1492577,0.0079400),(0.0260356,-0.1496437,0.0079400),(0.0278573,-0.1492577,0.0079400),(0.0277516,-0.1492317,0.0079400),(0.0260356,-0.1496437,0.0079400),(0.0277516,-0.1492317,0.0079400),(0.0276421,-0.1492161,0.0079400),(0.0260356,-0.1496437,0.0079400),(0.0276421,-0.1492161,0.0079400),(0.0275289,-0.1492108,0.0079400),(0.0260356,-0.1496437,0.0079400),(0.0275289,-0.1492108,0.0079400),(0.0258228,-0.1492108,0.0079400),(0.0260356,-0.1510301,0.0079400),(0.0260356,-0.1496437,0.0079400),(0.0258228,-0.1492108,0.0079400),(0.0260356,-0.1514566,0.0079400),(0.0260356,-0.1510301,0.0079400),(0.0258228,-0.1492108,0.0079400),(0.0260356,-0.1514566,0.0079400),(0.0258228,-0.1492108,0.0079400),(0.0257369,-0.1492275,0.0079400),(0.0260356,-0.1514566,0.0079400),(0.0257369,-0.1492275,0.0079400),(0.0256652,-0.1492775,0.0079400),(0.0260356,-0.1514566,0.0079400),(0.0256652,-0.1492775,0.0079400),(0.0256231,-0.1493519,0.0079400),(0.0260356,-0.1514566,0.0079400),(0.0256231,-0.1493519,0.0079400),(0.0256091,-0.1494310,0.0079400),(0.0260356,-0.1514566,0.0079400),(0.0256091,-0.1494310,0.0079400),(0.0256091,-0.1530579,0.0079400),(0.0260356,-0.1514566,0.0079400),(0.0256091,-0.1530579,0.0079400),(0.0256320,-0.1531412,0.0079400),(0.0260356,-0.1514566,0.0079400),(0.0256320,-0.1531412,0.0079400),(0.0256752,-0.1532008,0.0079400),(0.0260356,-0.1514566,0.0079400),(0.0256752,-0.1532008,0.0079400),(0.0258228,-0.1532484,0.0079400),(0.0260356,-0.1514566,0.0079400),(0.0258228,-0.1532484,0.0079400),(0.0258969,-0.1532365,0.0079400),(0.0260356,-0.1514566,0.0079400),(0.0258969,-0.1532365,0.0079400),(0.0259570,-0.1532008,0.0079400),(0.0260356,-0.1514566,0.0079400),(0.0259570,-0.1532008,0.0079400),(0.0260356,-0.1530579,0.0079400),(0.0246470,-0.1514513,0.0079400),(0.0246449,-0.1530579,0.0079400),(0.0246611,-0.1531399,0.0079400),(0.0246470,-0.1514513,0.0079400),(0.0246611,-0.1531399,0.0079400),(0.0247095,-0.1532082,0.0079400),(0.0246470,-0.1514513,0.0079400),(0.0247095,-0.1532082,0.0079400),(0.0247783,-0.1532542,0.0079400),(0.0246470,-0.1514513,0.0079400),(0.0247783,-0.1532542,0.0079400),(0.0248555,-0.1532696,0.0079400),(0.0246470,-0.1514513,0.0079400),(0.0248555,-0.1532696,0.0079400),(0.0249383,-0.1532542,0.0079400),(0.0246470,-0.1514513,0.0079400),(0.0249383,-0.1532542,0.0079400),(0.0250069,-0.1532082,0.0079400),(0.0246470,-0.1514513,0.0079400),(0.0250069,-0.1532082,0.0079400),(0.0250529,-0.1531399,0.0079400),(0.0246470,-0.1514513,0.0079400),(0.0250529,-0.1531399,0.0079400),(0.0250683,-0.1530579,0.0079400),(0.0246470,-0.1514513,0.0079400),(0.0250683,-0.1530579,0.0079400),(0.0250683,-0.1494310,0.0079400),(0.0246470,-0.1514513,0.0079400),(0.0250683,-0.1494310,0.0079400),(0.0250529,-0.1493495,0.0079400),(0.0246470,-0.1514513,0.0079400),(0.0250529,-0.1493495,0.0079400),(0.0250069,-0.1492807,0.0079400),(0.0246470,-0.1514513,0.0079400),(0.0250069,-0.1492807,0.0079400),(0.0249394,-0.1492331,0.0079400),(0.0246470,-0.1514513,0.0079400),(0.0249394,-0.1492331,0.0079400),(0.0248598,-0.1492172,0.0079400),(0.0246470,-0.1514513,0.0079400),(0.0248598,-0.1492172,0.0079400),(0.0247777,-0.1492336,0.0079400),(0.0246470,-0.1514513,0.0079400),(0.0247777,-0.1492336,0.0079400),(0.0247074,-0.1492828,0.0079400),(0.0246470,-0.1514513,0.0079400),(0.0247074,-0.1492828,0.0079400),(0.0246605,-0.1493474,0.0079400),(0.0246470,-0.1514513,0.0079400),(0.0246605,-0.1493474,0.0079400),(0.0246449,-0.1494310,0.0079400),(0.0246470,-0.1514513,0.0079400),(0.0246449,-0.1494310,0.0079400),(0.0246449,-0.1510301,0.0079400),(0.0224457,-0.1514513,0.0079400),(0.0246470,-0.1514513,0.0079400),(0.0246449,-0.1510301,0.0079400),(0.0224457,-0.1514513,0.0079400),(0.0246449,-0.1510301,0.0079400),(0.0224521,-0.1510301,0.0079400),(0.0224457,-0.1514513,0.0079400),(0.0224521,-0.1510301,0.0079400),(0.0224521,-0.1494310,0.0079400),(0.0224457,-0.1514513,0.0079400),(0.0224521,-0.1494310,0.0079400),(0.0224357,-0.1493495,0.0079400),(0.0224457,-0.1514513,0.0079400),(0.0224357,-0.1493495,0.0079400),(0.0223864,-0.1492807,0.0079400),(0.0224457,-0.1514513,0.0079400),(0.0223864,-0.1492807,0.0079400),(0.0223169,-0.1492331,0.0079400),(0.0224457,-0.1514513,0.0079400),(0.0223169,-0.1492331,0.0079400),(0.0222393,-0.1492172,0.0079400),(0.0224457,-0.1514513,0.0079400),(0.0222393,-0.1492172,0.0079400),(0.0221570,-0.1492331,0.0079400),(0.0224457,-0.1514513,0.0079400),(0.0221570,-0.1492331,0.0079400),(0.0220859,-0.1492807,0.0079400),(0.0224457,-0.1514513,0.0079400),(0.0220859,-0.1492807,0.0079400),(0.0220375,-0.1493495,0.0079400),(0.0224457,-0.1514513,0.0079400),(0.0220375,-0.1493495,0.0079400),(0.0220213,-0.1494310,0.0079400),(0.0224457,-0.1514513,0.0079400),(0.0220213,-0.1494310,0.0079400),(0.0220213,-0.1530579,0.0079400),(0.0224457,-0.1514513,0.0079400),(0.0220213,-0.1530579,0.0079400),(0.0220369,-0.1531399,0.0079400),(0.0224457,-0.1514513,0.0079400),(0.0220369,-0.1531399,0.0079400),(0.0220838,-0.1532082,0.0079400),(0.0224457,-0.1514513,0.0079400),(0.0220838,-0.1532082,0.0079400),(0.0221533,-0.1532542,0.0079400),(0.0224457,-0.1514513,0.0079400),(0.0221533,-0.1532542,0.0079400),(0.0222351,-0.1532696,0.0079400),(0.0224457,-0.1514513,0.0079400),(0.0222351,-0.1532696,0.0079400),(0.0223129,-0.1532545,0.0079400),(0.0224457,-0.1514513,0.0079400),(0.0223129,-0.1532545,0.0079400),(0.0223854,-0.1532092,0.0079400),(0.0224457,-0.1514513,0.0079400),(0.0223854,-0.1532092,0.0079400),(0.0224306,-0.1531444,0.0079400),(0.0224457,-0.1514513,0.0079400),(0.0224306,-0.1531444,0.0079400),(0.0224457,-0.1530579,0.0079400),(0.0296276,-0.1517392,0.0079400),(0.0296276,-0.1494310,0.0079400),(0.0296122,-0.1493495,0.0079400),(0.0296276,-0.1517392,0.0079400),(0.0296122,-0.1493495,0.0079400),(0.0295662,-0.1492807,0.0079400),(0.0296276,-0.1517392,0.0079400),(0.0295662,-0.1492807,0.0079400),(0.0294987,-0.1492331,0.0079400),(0.0296325,-0.1518517,0.0079400),(0.0296276,-0.1517392,0.0079400),(0.0294987,-0.1492331,0.0079400),(0.0296325,-0.1518517,0.0079400),(0.0294987,-0.1492331,0.0079400),(0.0294191,-0.1492172,0.0079400),(0.0296325,-0.1518517,0.0079400),(0.0294191,-0.1492172,0.0079400),(0.0293357,-0.1492336,0.0079400),(0.0296325,-0.1518517,0.0079400),(0.0293357,-0.1492336,0.0079400),(0.0292614,-0.1492828,0.0079400),(0.0296325,-0.1518517,0.0079400),(0.0292614,-0.1492828,0.0079400),(0.0292161,-0.1493474,0.0079400),(0.0296325,-0.1518517,0.0079400),(0.0292161,-0.1493474,0.0079400),(0.0292010,-0.1494310,0.0079400),(0.0296325,-0.1518517,0.0079400),(0.0292010,-0.1494310,0.0079400),(0.0292010,-0.1517392,0.0079400),(0.0296325,-0.1518517,0.0079400),(0.0292010,-0.1517392,0.0079400),(0.0292080,-0.1518943,0.0079400),(0.0296325,-0.1518517,0.0079400),(0.0292080,-0.1518943,0.0079400),(0.0292288,-0.1520437,0.0079400),(0.0296325,-0.1518517,0.0079400),(0.0292288,-0.1520437,0.0079400),(0.0292636,-0.1521873,0.0079400),(0.0296325,-0.1518517,0.0079400),(0.0292636,-0.1521873,0.0079400),(0.0293122,-0.1523253,0.0079400),(0.0296325,-0.1518517,0.0079400),(0.0293122,-0.1523253,0.0079400),(0.0293747,-0.1524575,0.0079400),(0.0296325,-0.1518517,0.0079400),(0.0293747,-0.1524575,0.0079400),(0.0294511,-0.1525840,0.0079400),(0.0296325,-0.1518517,0.0079400),(0.0294511,-0.1525840,0.0079400),(0.0295414,-0.1527047,0.0079400),(0.0296325,-0.1518517,0.0079400),(0.0295414,-0.1527047,0.0079400),(0.0296455,-0.1528198,0.0079400),(0.0296325,-0.1518517,0.0079400),(0.0296455,-0.1528198,0.0079400),(0.0297581,-0.1529252,0.0079400),(0.0297581,-0.1529252,0.0079400),(0.0298768,-0.1530165,0.0079400),(0.0300015,-0.1530939,0.0079400),(0.0297581,-0.1529252,0.0079400),(0.0300015,-0.1530939,0.0079400),(0.0301324,-0.1531571,0.0079400),(0.0297581,-0.1529252,0.0079400),(0.0301324,-0.1531571,0.0079400),(0.0302693,-0.1532063,0.0079400),(0.0297581,-0.1529252,0.0079400),(0.0302693,-0.1532063,0.0079400),(0.0304123,-0.1532414,0.0079400),(0.0297581,-0.1529252,0.0079400),(0.0304123,-0.1532414,0.0079400),(0.0305614,-0.1532625,0.0079400),(0.0297581,-0.1529252,0.0079400),(0.0305614,-0.1532625,0.0079400),(0.0307166,-0.1532696,0.0079400),(0.0297581,-0.1529252,0.0079400),(0.0307166,-0.1532696,0.0079400),(0.0308720,-0.1532625,0.0079400),(0.0297581,-0.1529252,0.0079400),(0.0308720,-0.1532625,0.0079400),(0.0310217,-0.1532414,0.0079400),(0.0297581,-0.1529252,0.0079400),(0.0310217,-0.1532414,0.0079400),(0.0311658,-0.1532063,0.0079400),(0.0297581,-0.1529252,0.0079400),(0.0311658,-0.1532063,0.0079400),(0.0313042,-0.1531571,0.0079400),(0.0297581,-0.1529252,0.0079400),(0.0313042,-0.1531571,0.0079400),(0.0314370,-0.1530939,0.0079400),(0.0297581,-0.1529252,0.0079400),(0.0314370,-0.1530939,0.0079400),(0.0315641,-0.1530165,0.0079400),(0.0297581,-0.1529252,0.0079400),(0.0315641,-0.1530165,0.0079400),(0.0316856,-0.1529252,0.0079400),(0.0297581,-0.1529252,0.0079400),(0.0316856,-0.1529252,0.0079400),(0.0318014,-0.1528198,0.0079400),(0.0318014,-0.1528198,0.0079400),(0.0319060,-0.1527061,0.0079400),(0.0319968,-0.1525861,0.0079400),(0.0318014,-0.1528198,0.0079400),(0.0319968,-0.1525861,0.0079400),(0.0320735,-0.1524600,0.0079400),(0.0318014,-0.1528198,0.0079400),(0.0320735,-0.1524600,0.0079400),(0.0321363,-0.1523276,0.0079400),(0.0318014,-0.1528198,0.0079400),(0.0321363,-0.1523276,0.0079400),(0.0321852,-0.1521891,0.0079400),(0.0318014,-0.1528198,0.0079400),(0.0321852,-0.1521891,0.0079400),(0.0322201,-0.1520443,0.0079400),(0.0318014,-0.1528198,0.0079400),(0.0322201,-0.1520443,0.0079400),(0.0322410,-0.1518933,0.0079400),(0.0318014,-0.1528198,0.0079400),(0.0322410,-0.1518933,0.0079400),(0.0322480,-0.1517360,0.0079400),(0.0318014,-0.1528198,0.0079400),(0.0322480,-0.1517360,0.0079400),(0.0322480,-0.1494310,0.0079400),(0.0318014,-0.1528198,0.0079400),(0.0322480,-0.1494310,0.0079400),(0.0322326,-0.1493495,0.0079400),(0.0318014,-0.1528198,0.0079400),(0.0322326,-0.1493495,0.0079400),(0.0321866,-0.1492807,0.0079400),(0.0318014,-0.1528198,0.0079400),(0.0321866,-0.1492807,0.0079400),(0.0321183,-0.1492331,0.0079400),(0.0318014,-0.1528198,0.0079400),(0.0321183,-0.1492331,0.0079400),(0.0320363,-0.1492172,0.0079400),(0.0318014,-0.1528198,0.0079400),(0.0320363,-0.1492172,0.0079400),(0.0319543,-0.1492331,0.0079400),(0.0318014,-0.1528198,0.0079400),(0.0319543,-0.1492331,0.0079400),(0.0318860,-0.1492807,0.0079400),(0.0318860,-0.1492807,0.0079400),(0.0318400,-0.1493495,0.0079400),(0.0318247,-0.1494310,0.0079400),(0.0318860,-0.1492807,0.0079400),(0.0318247,-0.1494310,0.0079400),(0.0318247,-0.1517360,0.0079400),(0.0318014,-0.1528198,0.0079400),(0.0318860,-0.1492807,0.0079400),(0.0318247,-0.1517360,0.0079400),(0.0318014,-0.1528198,0.0079400),(0.0318247,-0.1517360,0.0079400),(0.0318195,-0.1518480,0.0079400),(0.0318014,-0.1528198,0.0079400),(0.0318195,-0.1518480,0.0079400),(0.0318042,-0.1519560,0.0079400),(0.0318014,-0.1528198,0.0079400),(0.0318042,-0.1519560,0.0079400),(0.0317787,-0.1520600,0.0079400),(0.0318014,-0.1528198,0.0079400),(0.0317787,-0.1520600,0.0079400),(0.0317429,-0.1521599,0.0079400),(0.0318014,-0.1528198,0.0079400),(0.0317429,-0.1521599,0.0079400),(0.0316969,-0.1522558,0.0079400),(0.0318014,-0.1528198,0.0079400),(0.0316969,-0.1522558,0.0079400),(0.0316407,-0.1523476,0.0079400),(0.0318014,-0.1528198,0.0079400),(0.0316407,-0.1523476,0.0079400),(0.0315743,-0.1524354,0.0079400),(0.0318014,-0.1528198,0.0079400),(0.0315743,-0.1524354,0.0079400),(0.0314976,-0.1525192,0.0079400),(0.0318014,-0.1528198,0.0079400),(0.0314976,-0.1525192,0.0079400),(0.0314158,-0.1525956,0.0079400),(0.0318014,-0.1528198,0.0079400),(0.0314158,-0.1525956,0.0079400),(0.0313294,-0.1526618,0.0079400),(0.0318014,-0.1528198,0.0079400),(0.0313294,-0.1526618,0.0079400),(0.0312386,-0.1527178,0.0079400),(0.0318014,-0.1528198,0.0079400),(0.0312386,-0.1527178,0.0079400),(0.0311434,-0.1527637,0.0079400),(0.0318014,-0.1528198,0.0079400),(0.0311434,-0.1527637,0.0079400),(0.0310436,-0.1527993,0.0079400),(0.0318014,-0.1528198,0.0079400),(0.0310436,-0.1527993,0.0079400),(0.0309394,-0.1528248,0.0079400),(0.0318014,-0.1528198,0.0079400),(0.0309394,-0.1528248,0.0079400),(0.0308308,-0.1528401,0.0079400),(0.0297581,-0.1529252,0.0079400),(0.0318014,-0.1528198,0.0079400),(0.0308308,-0.1528401,0.0079400),(0.0297581,-0.1529252,0.0079400),(0.0308308,-0.1528401,0.0079400),(0.0307176,-0.1528452,0.0079400),(0.0297581,-0.1529252,0.0079400),(0.0307176,-0.1528452,0.0079400),(0.0306065,-0.1528401,0.0079400),(0.0297581,-0.1529252,0.0079400),(0.0306065,-0.1528401,0.0079400),(0.0304996,-0.1528249,0.0079400),(0.0297581,-0.1529252,0.0079400),(0.0304996,-0.1528249,0.0079400),(0.0303968,-0.1527996,0.0079400),(0.0297581,-0.1529252,0.0079400),(0.0303968,-0.1527996,0.0079400),(0.0302983,-0.1527642,0.0079400),(0.0297581,-0.1529252,0.0079400),(0.0302983,-0.1527642,0.0079400),(0.0302039,-0.1527187,0.0079400),(0.0297581,-0.1529252,0.0079400),(0.0302039,-0.1527187,0.0079400),(0.0301138,-0.1526630,0.0079400),(0.0297581,-0.1529252,0.0079400),(0.0301138,-0.1526630,0.0079400),(0.0300279,-0.1525972,0.0079400),(0.0297581,-0.1529252,0.0079400),(0.0300279,-0.1525972,0.0079400),(0.0299461,-0.1525213,0.0079400),(0.0297581,-0.1529252,0.0079400),(0.0299461,-0.1525213,0.0079400),(0.0298715,-0.1524383,0.0079400),(0.0297581,-0.1529252,0.0079400),(0.0298715,-0.1524383,0.0079400),(0.0298067,-0.1523510,0.0079400),(0.0297581,-0.1529252,0.0079400),(0.0298067,-0.1523510,0.0079400),(0.0297520,-0.1522595,0.0079400),(0.0297581,-0.1529252,0.0079400),(0.0297520,-0.1522595,0.0079400),(0.0297072,-0.1521639,0.0079400),(0.0297581,-0.1529252,0.0079400),(0.0297072,-0.1521639,0.0079400),(0.0296724,-0.1520640,0.0079400),(0.0297581,-0.1529252,0.0079400),(0.0296724,-0.1520640,0.0079400),(0.0296475,-0.1519599,0.0079400),(0.0296325,-0.1518517,0.0079400),(0.0297581,-0.1529252,0.0079400),(0.0296475,-0.1519599,0.0079400),(0.0214252,-0.1495905,0.0079400),(0.0214784,-0.1494310,0.0079400),(0.0214633,-0.1493511,0.0079400),(0.0214252,-0.1495905,0.0079400),(0.0214633,-0.1493511,0.0079400),(0.0214181,-0.1492828,0.0079400),(0.0214252,-0.1495905,0.0079400),(0.0214181,-0.1492828,0.0079400),(0.0213498,-0.1492336,0.0079400),(0.0214252,-0.1495905,0.0079400),(0.0213498,-0.1492336,0.0079400),(0.0212657,-0.1492172,0.0079400),(0.0214252,-0.1495905,0.0079400),(0.0212657,-0.1492172,0.0079400),(0.0186452,-0.1492172,0.0079400),(0.0214252,-0.1495905,0.0079400),(0.0186452,-0.1492172,0.0079400),(0.0185521,-0.1492376,0.0079400),(0.0214252,-0.1495905,0.0079400),(0.0185521,-0.1492376,0.0079400),(0.0184780,-0.1492987,0.0079400),(0.0214252,-0.1495905,0.0079400),(0.0184780,-0.1492987,0.0079400),(0.0184314,-0.1494310,0.0079400),(0.0214252,-0.1495905,0.0079400),(0.0184314,-0.1494310,0.0079400),(0.0184314,-0.1494469,0.0079400),(0.0214252,-0.1495905,0.0079400),(0.0184314,-0.1494469,0.0079400),(0.0184918,-0.1495760,0.0079400),(0.0214252,-0.1495905,0.0079400),(0.0184918,-0.1495760,0.0079400),(0.0185629,-0.1496268,0.0079400),(0.0214252,-0.1495905,0.0079400),(0.0185629,-0.1496268,0.0079400),(0.0186452,-0.1496437,0.0079400),(0.0214252,-0.1495905,0.0079400),(0.0186452,-0.1496437,0.0079400),(0.0197448,-0.1496437,0.0079400),(0.0197448,-0.1496437,0.0079400),(0.0197448,-0.1530579,0.0079400),(0.0197602,-0.1531399,0.0079400),(0.0197448,-0.1496437,0.0079400),(0.0197602,-0.1531399,0.0079400),(0.0198062,-0.1532082,0.0079400),(0.0197448,-0.1496437,0.0079400),(0.0198062,-0.1532082,0.0079400),(0.0198745,-0.1532542,0.0079400),(0.0197448,-0.1496437,0.0079400),(0.0198745,-0.1532542,0.0079400),(0.0199565,-0.1532696,0.0079400),(0.0197448,-0.1496437,0.0079400),(0.0199565,-0.1532696,0.0079400),(0.0200385,-0.1532542,0.0079400),(0.0197448,-0.1496437,0.0079400),(0.0200385,-0.1532542,0.0079400),(0.0201068,-0.1532082,0.0079400),(0.0197448,-0.1496437,0.0079400),(0.0201068,-0.1532082,0.0079400),(0.0201528,-0.1531399,0.0079400),(0.0197448,-0.1496437,0.0079400),(0.0201528,-0.1531399,0.0079400),(0.0201682,-0.1530579,0.0079400),(0.0197448,-0.1496437,0.0079400),(0.0201682,-0.1530579,0.0079400),(0.0201682,-0.1496437,0.0079400),(0.0214252,-0.1495905,0.0079400),(0.0197448,-0.1496437,0.0079400),(0.0201682,-0.1496437,0.0079400),(0.0214252,-0.1495905,0.0079400),(0.0201682,-0.1496437,0.0079400),(0.0212657,-0.1496437,0.0079400),(0.0214252,-0.1495905,0.0079400),(0.0212657,-0.1496437,0.0079400),(0.0213587,-0.1496304,0.0079400)));
#2980=COMPLEX_TRIANGULATED_SURFACE_SET('surface set',#2979,2127,(),(),(),((1,2,3),(4,5,6),(7,8,9),(10,11,12),(13,14,15),(16,17,18),(19,20,21),(22,23,24),(25,26,27),(28,29,30),(31,32,33),(34,35,36),(37,38,39),(40,41,42),(43,44,45),(46,47,48),(49,50,51),(52,53,54),(55,56,57),(58,59,60),(61,62,63),(64,65,66),(67,68,69),(70,71,72),(73,74,75),(76,77,78),(79,80,81),(82,83,84),(85,86,87),(88,89,90),(91,92,93),(94,95,96),(97,98,99),(100,101,102),(103,104,105),(106,107,108),(109,110,111),(112,113,114),(115,116,117),(118,119,120),(121,122,123),(124,125,126),(127,128,129),(130,131,132),(133,134,135),(136,137,138),(139,140,141),(142,143,144),(145,146,147),(148,149,150),(151,152,153),(154,155,156),(157,158,159),(160,161,162),(163,164,165),(166,167,168),(169,170,171),(172,173,174),(175,176,177),(178,179,180),(181,182,183),(184,185,186),(187,188,189),(190,191,192),(193,194,195),(196,197,198),(199,200,201),(202,203,204),(205,206,207),(208,209,210),(211,212,213),(214,215,216),(217,218,219),(220,221,222),(223,224,225),(226,227,228),(229,230,231),(232,233,234),(235,236,237),(238,239,240),(241,242,243),(244,245,246),(247,248,249),(250,251,252),(253,254,255),(256,257,258),(259,260,261),(262,263,264),(265,266,267),(268,269,270),(271,272,273),(274,275,276),(277,278,279),(280,281,282),(283,284,285),(286,287,288),(289,290,291),(292,293,294),(295,296,297),(298,299,300),(301,302,303),(304,305,306),(307,308,309),(310,311,312),(313,314,315),(316,317,318),(319,320,321),(322,323,324),(325,326,327),(328,329,330),(331,332,333),(334,335,336),(337,338,339),(340,341,342),(343,344,345),(346,347,348),(349,350,351),(352,353,354),(355,356,357),(358,359,360),(361,362,363),(364,365,366),(367,368,369),(370,371,372),(373,374,375),(376,377,378),(379,380,381),(382,383,384),(385,386,387),(388,389,390),(391,392,393),(394,395,396),(397,398,399),(400,401,402),(403,404,405),(406,407,408),(409,410,411),(412,413,414),(415,416,417),(418,419,420),(421,422,423),(424,425,426),(427,428,429),(430,431,432),(433,434,435),(436,437,438),(439,440,441),(442,443,444),(445,446,447),(448,449,450),(451,452,453),(454,455,456),(457,458,459),(460,461,462),(463,464,465),(466,467,468),(469,470,471),(472,473,474),(475,476,477),(478,479,480),(481,482,483),(484,485,486),(487,488,489),(490,491,492),(493,494,495),(496,497,498),(499,500,501),(502,503,504),(505,506,507),(508,509,510),(511,512,513),(514,515,516),(517,518,519),(520,521,522),(523,524,525),(526,527,528),(529,530,531),(532,533,534),(535,536,537),(538,539,540),(541,542,543),(544,545,546),(547,548,549),(550,551,552),(553,554,555),(556,557,558),(559,560,561),(562,563,564),(565,566,567),(568,569,570),(571,572,573),(574,575,576),(577,578,579),(580,581,582),(583,584,585),(586,587,588),(589,590,591),(592,593,594),(595,596,597),(598,599,600),(601,602,603),(604,605,606),(607,608,609),(610,611,612),(613,614,615),(616,617,618),(619,620,621),(622,623,624),(625,626,627),(628,629,630),(631,632,633),(634,635,636),(637,638,639),(640,641,642),(643,644,645),(646,647,648),(649,650,651),(652,653,654),(655,656,657),(658,659,660),(661,662,663),(664,665,666),(667,668,669),(670,671,672),(673,674,675),(676,677,678),(679,680,681),(682,683,684),(685,686,687),(688,689,690),(691,692,693),(694,695,696),(697,698,699),(700,701,702),(703,704,705),(706,707,708),(709,710,711),(712,713,714),(715,716,717),(718,719,720),(721,722,723),(724,725,726),(727,728,729),(730,731,732),(733,734,735),(736,737,738),(739,740,741),(742,743,744),(745,746,747),(748,749,750),(751,752,753),(754,755,756),(757,758,759),(760,761,762),(763,764,765),(766,767,768),(769,770,771),(772,773,774),(775,776,777),(778,779,780),(781,782,783),(784,785,786),(787,788,789),(790,791,792),(793,794,795),(796,797,798),(799,800,801),(802,803,804),(805,806,807),(808,809,810),(811,812,813),(814,815,816),(817,818,819),(820,821,822),(823,824,825),(826,827,828),(829,830,831),(832,833,834),(835,836,837),(838,839,840),(841,842,843),(844,845,846),(847,848,849),(850,851,852),(853,854,855),(856,857,858),(859,860,861),(862,863,864),(865,866,867),(868,869,870),(871,872,873),(874,875,876),(877,878,879),(880,881,882),(883,884,885),(886,887,888),(889,890,891),(892,893,894),(895,896,897),(898,899,900),(901,902,903),(904,905,906),(907,908,909),(910,911,912),(913,914,915),(916,917,918),(919,920,921),(922,923,924),(925,926,927),(928,929,930),(931,932,933),(934,935,936),(937,938,939),(940,941,942),(943,944,945),(946,947,948),(949,950,951),(952,953,954),(955,956,957),(958,959,960),(961,962,963),(964,965,966),(967,968,969),(970,971,972),(973,974,975),(976,977,978),(979,980,981),(982,983,984),(985,986,987),(988,989,990),(991,992,993),(994,995,996),(997,998,999),(1000,1001,1002),(1003,1004,1005),(1006,1007,1008),(1009,1010,1011),(1012,1013,1014),(1015,1016,1017),(1018,1019,1020),(1021,1022,1023),(1024,1025,1026),(1027,1028,1029),(1030,1031,1032),(1033,1034,1035),(1036,1037,1038),(1039,1040,1041),(1042,1043,1044),(1045,1046,1047),(1048,1049,1050),(1051,1052,1053),(1054,1055,1056),(1057,1058,1059),(1060,1061,1062),(1063,1064,1065),(1066,1067,1068),(1069,1070,1071),(1072,1073,1074),(1075,1076,1077),(1078,1079,1080),(1081,1082,1083),(1084,1085,1086),(1087,1088,1089),(1090,1091,1092),(1093,1094,1095),(1096,1097,1098),(1099,1100,1101),(1102,1103,1104),(1105,1106,1107),(1108,1109,1110),(1111,1112,1113),(1114,1115,1116),(1117,1118,1119),(1120,1121,1122),(1123,1124,1125),(1126,1127,1128),(1129,1130,1131),(1132,1133,1134),(1135,1136,1137),(1138,1139,1140),(1141,1142,1143),(1144,1145,1146),(1147,1148,1149),(1150,1151,1152),(1153,1154,1155),(1156,1157,1158),(1159,1160,1161),(1162,1163,1164),(1165,1166,1167),(1168,1169,1170),(1171,1172,1173),(1174,1175,1176),(1177,1178,1179),(1180,1181,1182),(1183,1184,1185),(1186,1187,1188),(1189,1190,1191),(1192,1193,1194),(1195,1196,1197),(1198,1199,1200),(1201,1202,1203),(1204,1205,1206),(1207,1208,1209),(1210,1211,1212),(1213,1214,1215),(1216,1217,1218),(1219,1220,1221),(1222,1223,1224),(1225,1226,1227),(1228,1229,1230),(1231,1232,1233),(1234,1235,1236),(1237,1238,1239),(1240,1241,1242),(1243,1244,1245),(1246,1247,1248),(1249,1250,1251),(1252,1253,1254),(1255,1256,1257),(1258,1259,1260),(1261,1262,1263),(1264,1265,1266),(1267,1268,1269),(1270,1271,1272),(1273,1274,1275),(1276,1277,1278),(1279,1280,1281),(1282,1283,1284),(1285,1286,1287),(1288,1289,1290),(1291,1292,1293),(1294,1295,1296),(1297,1298,1299),(1300,1301,1302),(1303,1304,1305),(1306,1307,1308),(1309,1310,1311),(1312,1313,1314),(1315,1316,1317),(1318,1319,1320),(1321,1322,1323),(1324,1325,1326),(1327,1328,1329),(1330,1331,1332),(1333,1334,1335),(1336,1337,1338),(1339,1340,1341),(1342,1343,1344),(1345,1346,1347),(1348,1349,1350),(1351,1352,1353),(1354,1355,1356),(1357,1358,1359),(1360,1361,1362),(1363,1364,1365),(1366,1367,1368),(1369,1370,1371),(1372,1373,1374),(1375,1376,1377),(1378,1379,1380),(1381,1382,1383),(1384,1385,1386),(1387,1388,1389),(1390,1391,1392),(1393,1394,1395),(1396,1397,1398),(1399,1400,1401),(1402,1403,1404),(1405,1406,1407),(1408,1409,1410),(1411,1412,1413),(1414,1415,1416),(1417,1418,1419),(1420,1421,1422),(1423,1424,1425),(1426,1427,1428),(1429,1430,1431),(1432,1433,1434),(1435,1436,1437),(1438,1439,1440),(1441,1442,1443),(1444,1445,1446),(1447,1448,1449),(1450,1451,1452),(1453,1454,1455),(1456,1457,1458),(1459,1460,1461),(1462,1463,1464),(1465,1466,1467),(1468,1469,1470),(1471,1472,1473),(1474,1475,1476),(1477,1478,1479),(1480,1481,1482),(1483,1484,1485),(1486,1487,1488),(1489,1490,1491),(1492,1493,1494),(1495,1496,1497),(1498,1499,1500),(1501,1502,1503),(1504,1505,1506),(1507,1508,1509),(1510,1511,1512),(1513,1514,1515),(1516,1517,1518),(1519,1520,1521),(1522,1523,1524),(1525,1526,1527),(1528,1529,1530),(1531,1532,1533),(1534,1535,1536),(1537,1538,1539),(1540,1541,1542),(1543,1544,1545),(1546,1547,1548),(1549,1550,1551),(1552,1553,1554),(1555,1556,1557),(1558,1559,1560),(1561,1562,1563),(1564,1565,1566),(1567,1568,1569),(1570,1571,1572),(1573,1574,1575),(1576,1577,1578),(1579,1580,1581),(1582,1583,1584),(1585,1586,1587),(1588,1589,1590),(1591,1592,1593),(1594,1595,1596),(1597,1598,1599),(1600,1601,1602),(1603,1604,1605),(1606,1607,1608),(1609,1610,1611),(1612,1613,1614),(1615,1616,1617),(1618,1619,1620),(1621,1622,1623),(1624,1625,1626),(1627,1628,1629),(1630,1631,1632),(1633,1634,1635),(1636,1637,1638),(1639,1640,1641),(1642,1643,1644),(1645,1646,1647),(1648,1649,1650),(1651,1652,1653),(1654,1655,1656),(1657,1658,1659),(1660,1661,1662),(1663,1664,1665),(1666,1667,1668),(1669,1670,1671),(1672,1673,1674),(1675,1676,1677),(1678,1679,1680),(1681,1682,1683),(1684,1685,1686),(1687,1688,1689),(1690,1691,1692),(1693,1694,1695),(1696,1697,1698),(1699,1700,1701),(1702,1703,1704),(1705,1706,1707),(1708,1709,1710),(1711,1712,1713),(1714,1715,1716),(1717,1718,1719),(1720,1721,1722),(1723,1724,1725),(1726,1727,1728),(1729,1730,1731),(1732,1733,1734),(1735,1736,1737),(1738,1739,1740),(1741,1742,1743),(1744,1745,1746),(1747,1748,1749),(1750,1751,1752),(1753,1754,1755),(1756,1757,1758),(1759,1760,1761),(1762,1763,1764),(1765,1766,1767),(1768,1769,1770),(1771,1772,1773),(1774,1775,1776),(1777,1778,1779),(1780,1781,1782),(1783,1784,1785),(1786,1787,1788),(1789,1790,1791),(1792,1793,1794),(1795,1796,1797),(1798,1799,1800),(1801,1802,1803),(1804,1805,1806),(1807,1808,1809),(1810,1811,1812),(1813,1814,1815),(1816,1817,1818),(1819,1820,1821),(1822,1823,1824),(1825,1826,1827),(1828,1829,1830),(1831,1832,1833),(1834,1835,1836),(1837,1838,1839),(1840,1841,1842),(1843,1844,1845),(1846,1847,1848),(1849,1850,1851),(1852,1853,1854),(1855,1856,1857),(1858,1859,1860),(1861,1862,1863),(1864,1865,1866),(1867,1868,1869),(1870,1871,1872),(1873,1874,1875),(1876,1877,1878),(1879,1880,1881),(1882,1883,1884),(1885,1886,1887),(1888,1889,1890),(1891,1892,1893),(1894,1895,1896),(1897,1898,1899),(1900,1901,1902),(1903,1904,1905),(1906,1907,1908),(1909,1910,1911),(1912,1913,1914),(1915,1916,1917),(1918,1919,1920),(1921,1922,1923),(1924,1925,1926),(1927,1928,1929),(1930,1931,1932),(1933,1934,1935),(1936,1937,1938),(1939,1940,1941),(1942,1943,1944),(1945,1946,1947),(1948,1949,1950),(1951,1952,1953),(1954,1955,1956),(1957,1958,1959),(1960,1961,1962),(1963,1964,1965),(1966,1967,1968),(1969,1970,1971),(1972,1973,1974),(1975,1976,1977),(1978,1979,1980),(1981,1982,1983),(1984,1985,1986),(1987,1988,1989),(1990,1991,1992),(1993,1994,1995),(1996,1997,1998),(1999,2000,2001),(2002,2003,2004),(2005,2006,2007),(2008,2009,2010),(2011,2012,2013),(2014,2015,2016),(2017,2018,2019),(2020,2021,2022),(2023,2024,2025),(2026,2027,2028),(2029,2030,2031),(2032,2033,2034),(2035,2036,2037),(2038,2039,2040),(2041,2042,2043),(2044,2045,2046),(2047,2048,2049),(2050,2051,2052),(2053,2054,2055),(2056,2057,2058),(2059,2060,2061),(2062,2063,2064),(2065,2066,2067),(2068,2069,2070),(2071,2072,2073),(2074,2075,2076),(2077,2078,2079),(2080,2081,2082),(2083,2084,2085),(2086,2087,2088),(2089,2090,2091),(2092,2093,2094),(2095,2096,2097),(2098,2099,2100),(2101,2102,2103),(2104,2105,2106),(2107,2108,2109),(2110,2111,2112),(2113,2114,2115),(2116,2117,2118),(2119,2120,2121),(2122,2123,2124),(2125,2126,2127)));
#2981=TESSELLATED_GEOMETRIC_SET('hole callout',(#2980));
#2982=COORDINATES_LIST('coordinates',5,((0.0062985,-0.1558067,0.0079400),(0.0322480,-0.1558067,0.0079400),(-0.0029015,-0.1600067,0.0079400),(0.0012985,-0.1558067,0.0079400),(0.0062985,-0.1558067,0.0079400)));
#2983=TESSELLATED_CURVE_SET('curve set',#2982,((1,2),(3,4,5)));
#2984=TESSELLATED_GEOMETRIC_SET('hole callout',(#2983));
#2985=TESSELLATED_ANNOTATION_OCCURRENCE('hole callout',(#2978),#2981);
#2986=TESSELLATED_ANNOTATION_OCCURRENCE('hole callout',(#2978),#2984);
#2987=DRAUGHTING_CALLOUT('hole callout',(#2985,#2986));
#2988=DRAUGHTING_MODEL_ITEM_ASSOCIATION('','',#2946,#2974,#2987);
#2989=DRAUGHTING_MODEL_ITEM_ASSOCIATION('','',#2939,#2974,#2987);
ENDSEC;
END-ISO-10303-21;
