ISO-10303-21;
HEADER;
/*Generated by software containing ST-Developer
 * from STEP Tools, Inc. (www.steptools.com) 
 */
/*OPTION: using custom renumber hook */
/*description */
/*implementation_level */
FILE_DESCRIPTION(('STEP AP242 Edition 2','STEP AP242 Edition 2''CAx-IF Rec.Pracs.---Representation and Presentation of Product Manufa
cturing Information (PMI)---4.0---2014-10-13','STEP AP242 Edition 2''CAx-IF Rec.Pracs.---Representation and Presentation of Product Manufa
cturing Information (PMI)---4.0---2014-10-13''CAx-IF Rec.Pracs.---3D Tessellated Geometry---0.4---2014-09-14','STEP AP242 Edition 2''CAx-IF Rec.Pracs.---Representation and Presentation of Product Manufa
cturing Information (PMI)---4.0---2014-10-13''CAx-IF Rec.Pracs.---3D Tessellated Geometry---0.4---2014-09-14''2;1','STEP AP242 Edition 2''CAx-IF Rec.Pracs.---Representation and Presentation of Product Manufa
cturing Information (PMI)---4.0---2014-10-13''CAx-IF Rec.Pracs.---3D Tessellated Geometry---0.4---2014-09-14''2;1''CAx-IF Rec.Pracs.---User Defined Attributes---1.5---2016-08-15'),'2;1');
/*name */
/*time_stamp */
/*author */
/*organization */
/*preprocessor_version */
/*originating_system */
/*authorisation */
FILE_NAME('/vol/tmp/translate-15376781034718569676/Case - Bottom Case.step','2026-04-23T14:47:12',(''),(''),'ST-DEVELOPER v20','ONSHAPE BY PTC INC, 1.213','  ');
FILE_SCHEMA(('AP242_MANAGED_MODEL_BASED_3D_ENGINEERING_MIM_LF { 1 0 10303 442 3 1 4 }'));
ENDSEC;
DATA;
#10=SHAPE_REPRESENTATION_RELATIONSHIP('','',#1384,#11);
#11=ADVANCED_BREP_SHAPE_REPRESENTATION('',(#1382),#2330);
#12=DEGENERATE_TOROIDAL_SURFACE('',#1450,0.001,0.003,.T.);
#13=(
B_SPLINE_SURFACE(3,2,((#2131,#2132,#2133),(#2134,#2135,#2136),(#2137,#2138,
#2139),(#2140,#2141,#2142)),.UNSPECIFIED.,.F.,.F.,.F.)
B_SPLINE_SURFACE_WITH_KNOTS((4,4),(3,3),(4.69239164641154,4.71238898038469),(0.,1.),.PIECEWISE_BEZIER_KNOTS.)
BOUNDED_SURFACE()
GEOMETRIC_REPRESENTATION_ITEM()
RATIONAL_B_SPLINE_SURFACE(((1.,0.70724813186886,1.),(1.,0.707201025947526,
1.),(1.,0.707153905946446,1.),(1.,0.707106781186548,1.)))
REPRESENTATION_ITEM('')
SURFACE()
);
#14=(
B_SPLINE_SURFACE(3,2,((#2149,#2150,#2151),(#2152,#2153,#2154),(#2155,#2156,
#2157),(#2158,#2159,#2160),(#2161,#2162,#2163),(#2164,#2165,#2166),(#2167,
#2168,#2169),(#2170,#2171,#2172),(#2173,#2174,#2175)),.UNSPECIFIED.,.F.,.F.,.F.)
B_SPLINE_SURFACE_WITH_KNOTS((4,1,1,1,1,1,4),(3,3),(1.57079632679487,1.9634954084936,2.35619449019233,2.5525440310417,2.74889357189106,2.94524311274043,3.14159265358979),(0.,1.),.UNSPECIFIED.)
BOUNDED_SURFACE()
GEOMETRIC_REPRESENTATION_ITEM()
RATIONAL_B_SPLINE_SURFACE(((1.,1.,1.),(1.,0.999999999985562,1.),(1.,0.973513794551648,
1.),(1.,0.886299164406806,1.),(1.,0.80803495651076,1.),(1.,0.754563896254222,
1.),(1.,0.716400177563975,1.),(1.,0.707106781267902,1.),(1.,0.707106781186548,
1.)))
REPRESENTATION_ITEM('')
SURFACE()
);
#15=(
B_SPLINE_SURFACE(3,2,((#2178,#2179,#2180),(#2181,#2182,#2183),(#2184,#2185,
#2186),(#2187,#2188,#2189),(#2190,#2191,#2192),(#2193,#2194,#2195),(#2196,
#2197,#2198),(#2199,#2200,#2201),(#2202,#2203,#2204)),.UNSPECIFIED.,.F.,.F.,.F.)
B_SPLINE_SURFACE_WITH_KNOTS((4,1,1,1,1,1,4),(3,3),(1.57079632679485,1.9584960750003,2.34619582320575,2.54004569730847,2.73389557141119,2.92774544551392,3.12159531961664),(0.,1.),.UNSPECIFIED.)
BOUNDED_SURFACE()
GEOMETRIC_REPRESENTATION_ITEM()
RATIONAL_B_SPLINE_SURFACE(((1.,1.,1.),(1.,0.999999999985746,1.),(1.,0.974203269000259,
1.),(1.,0.888967994282964,1.),(1.,0.811737310249185,1.),(1.,0.758300548120998,
1.),(1.,0.719024402665196,1.),(1.,0.70816140320394,1.),(1.,0.70724813186886,
1.)))
REPRESENTATION_ITEM('')
SURFACE()
);
#16=VERTEX_LOOP('',#703);
#17=VERTEX_LOOP('',#705);
#18=CONICAL_SURFACE('',#1434,0.0014,1.02974425867665);
#19=CONICAL_SURFACE('',#1437,0.0014,1.02974425867665);
#20=B_SPLINE_SURFACE_WITH_KNOTS('',3,1,((#2074,#2075),(#2076,#2077),(#2078,
#2079),(#2080,#2081)),.SURF_OF_LINEAR_EXTRUSION.,.F.,.F.,.F.,(4,4),(2,2),(0.000138225256024436,0.999865178704631),(0.,1.),.PIECEWISE_BEZIER_KNOTS.);
#21=B_SPLINE_SURFACE_WITH_KNOTS('',3,1,((#2085,#2086),(#2087,#2088),(#2089,
#2090),(#2091,#2092)),.SURF_OF_LINEAR_EXTRUSION.,.F.,.F.,.F.,(4,4),(2,2),(0.000138225256032324,0.999865178704702),(0.,1.),.PIECEWISE_BEZIER_KNOTS.);
#22=B_SPLINE_SURFACE_WITH_KNOTS('',3,1,((#2096,#2097),(#2098,#2099),(#2100,
#2101),(#2102,#2103)),.SURF_OF_LINEAR_EXTRUSION.,.F.,.F.,.F.,(4,4),(2,2),(0.000138225256047764,0.999865178704611),(0.,1.),.PIECEWISE_BEZIER_KNOTS.);
#23=B_SPLINE_SURFACE_WITH_KNOTS('',3,1,((#2107,#2108),(#2109,#2110),(#2111,
#2112),(#2113,#2114)),.SURF_OF_LINEAR_EXTRUSION.,.F.,.F.,.F.,(4,4),(2,2),(0.000138225255995103,0.999865178704679),(0.,1.),.PIECEWISE_BEZIER_KNOTS.);
#24=CYLINDRICAL_SURFACE('',#1402,0.004);
#25=CYLINDRICAL_SURFACE('',#1406,0.004);
#26=CYLINDRICAL_SURFACE('',#1436,0.0014);
#27=CYLINDRICAL_SURFACE('',#1439,0.0014);
#28=CYLINDRICAL_SURFACE('',#1440,0.003);
#29=CYLINDRICAL_SURFACE('',#1442,0.003);
#30=CYLINDRICAL_SURFACE('',#1446,0.004);
#31=CIRCLE('',#1398,0.0014);
#32=CIRCLE('',#1399,0.0014);
#33=CIRCLE('',#1400,0.003);
#34=CIRCLE('',#1401,0.003);
#35=CIRCLE('',#1403,0.004);
#36=CIRCLE('',#1404,0.004);
#37=CIRCLE('',#1407,0.004);
#38=CIRCLE('',#1422,0.00075);
#39=CIRCLE('',#1423,0.00075);
#40=CIRCLE('',#1424,0.00075);
#41=CIRCLE('',#1425,0.00075);
#42=CIRCLE('',#1427,0.001);
#43=CIRCLE('',#1435,0.0014);
#44=CIRCLE('',#1438,0.0014);
#45=CIRCLE('',#1441,0.003);
#46=CIRCLE('',#1443,0.003);
#47=CIRCLE('',#1445,0.003);
#48=CIRCLE('',#1449,0.003);
#49=ELLIPSE('',#1392,0.001000199980004,0.001);
#50=ELLIPSE('',#1405,0.00412310562561766,0.004);
#51=ELLIPSE('',#1408,0.00412310562561767,0.004);
#52=ELLIPSE('',#1444,0.0040000499996875,0.004);
#53=ELLIPSE('',#1447,0.00412310562561766,0.004);
#54=ELLIPSE('',#1448,0.00412310562561767,0.004);
#55=B_SPLINE_CURVE_WITH_KNOTS('',2,(#1840,#1841,#1842,#1843,#1844,#1845,#1846),.UNSPECIFIED.,.F.,.F.,(3,2,2,3),(0.000138225256024436,0.5,0.75,0.999865178704631),.PIECEWISE_BEZIER_KNOTS.);
#56=B_SPLINE_CURVE_WITH_KNOTS('',2,(#1850,#1851,#1852,#1853,#1854,#1855,#1856),.UNSPECIFIED.,.F.,.F.,(3,2,2,3),(0.000138225256032324,0.5,0.75,0.999865178704702),.PIECEWISE_BEZIER_KNOTS.);
#57=B_SPLINE_CURVE_WITH_KNOTS('',2,(#1860,#1861,#1862,#1863,#1864,#1865,#1866),.UNSPECIFIED.,.F.,.F.,(3,2,2,3),(0.000138225256047764,0.5,0.75,0.999865178704611),.PIECEWISE_BEZIER_KNOTS.);
#58=B_SPLINE_CURVE_WITH_KNOTS('',2,(#1870,#1871,#1872,#1873,#1874,#1875,#1876),.UNSPECIFIED.,.F.,.F.,(3,2,2,3),(0.000138225255995103,0.5,0.75,0.999865178704679),.PIECEWISE_BEZIER_KNOTS.);
#59=ORIENTED_EDGE('',*,*,#433,.F.);
#60=ORIENTED_EDGE('',*,*,#434,.F.);
#61=ORIENTED_EDGE('',*,*,#435,.F.);
#62=ORIENTED_EDGE('',*,*,#436,.F.);
#63=ORIENTED_EDGE('',*,*,#437,.F.);
#64=ORIENTED_EDGE('',*,*,#438,.F.);
#65=ORIENTED_EDGE('',*,*,#439,.F.);
#66=ORIENTED_EDGE('',*,*,#440,.F.);
#67=ORIENTED_EDGE('',*,*,#441,.T.);
#68=ORIENTED_EDGE('',*,*,#442,.F.);
#69=ORIENTED_EDGE('',*,*,#443,.F.);
#70=ORIENTED_EDGE('',*,*,#444,.F.);
#71=ORIENTED_EDGE('',*,*,#445,.F.);
#72=ORIENTED_EDGE('',*,*,#446,.T.);
#73=ORIENTED_EDGE('',*,*,#447,.F.);
#74=ORIENTED_EDGE('',*,*,#448,.F.);
#75=ORIENTED_EDGE('',*,*,#449,.T.);
#76=ORIENTED_EDGE('',*,*,#450,.T.);
#77=ORIENTED_EDGE('',*,*,#451,.F.);
#78=ORIENTED_EDGE('',*,*,#452,.T.);
#79=ORIENTED_EDGE('',*,*,#453,.F.);
#80=ORIENTED_EDGE('',*,*,#454,.T.);
#81=ORIENTED_EDGE('',*,*,#455,.T.);
#82=ORIENTED_EDGE('',*,*,#456,.T.);
#83=ORIENTED_EDGE('',*,*,#434,.T.);
#84=ORIENTED_EDGE('',*,*,#457,.T.);
#85=ORIENTED_EDGE('',*,*,#458,.F.);
#86=ORIENTED_EDGE('',*,*,#459,.F.);
#87=ORIENTED_EDGE('',*,*,#460,.F.);
#88=ORIENTED_EDGE('',*,*,#461,.T.);
#89=ORIENTED_EDGE('',*,*,#462,.F.);
#90=ORIENTED_EDGE('',*,*,#463,.F.);
#91=ORIENTED_EDGE('',*,*,#464,.F.);
#92=ORIENTED_EDGE('',*,*,#453,.T.);
#93=ORIENTED_EDGE('',*,*,#465,.T.);
#94=ORIENTED_EDGE('',*,*,#458,.T.);
#95=ORIENTED_EDGE('',*,*,#466,.T.);
#96=ORIENTED_EDGE('',*,*,#467,.T.);
#97=ORIENTED_EDGE('',*,*,#468,.F.);
#98=ORIENTED_EDGE('',*,*,#469,.T.);
#99=ORIENTED_EDGE('',*,*,#470,.T.);
#100=ORIENTED_EDGE('',*,*,#471,.F.);
#101=ORIENTED_EDGE('',*,*,#472,.F.);
#102=ORIENTED_EDGE('',*,*,#473,.T.);
#103=ORIENTED_EDGE('',*,*,#474,.T.);
#104=ORIENTED_EDGE('',*,*,#475,.T.);
#105=ORIENTED_EDGE('',*,*,#476,.F.);
#106=ORIENTED_EDGE('',*,*,#477,.T.);
#107=ORIENTED_EDGE('',*,*,#478,.T.);
#108=ORIENTED_EDGE('',*,*,#479,.T.);
#109=ORIENTED_EDGE('',*,*,#480,.T.);
#110=ORIENTED_EDGE('',*,*,#481,.F.);
#111=ORIENTED_EDGE('',*,*,#482,.T.);
#112=ORIENTED_EDGE('',*,*,#483,.F.);
#113=ORIENTED_EDGE('',*,*,#455,.F.);
#114=ORIENTED_EDGE('',*,*,#484,.T.);
#115=ORIENTED_EDGE('',*,*,#485,.T.);
#116=ORIENTED_EDGE('',*,*,#486,.T.);
#117=ORIENTED_EDGE('',*,*,#487,.T.);
#118=ORIENTED_EDGE('',*,*,#488,.F.);
#119=ORIENTED_EDGE('',*,*,#463,.T.);
#120=ORIENTED_EDGE('',*,*,#489,.F.);
#121=ORIENTED_EDGE('',*,*,#490,.F.);
#122=ORIENTED_EDGE('',*,*,#461,.F.);
#123=ORIENTED_EDGE('',*,*,#491,.T.);
#124=ORIENTED_EDGE('',*,*,#492,.T.);
#125=ORIENTED_EDGE('',*,*,#493,.T.);
#126=ORIENTED_EDGE('',*,*,#494,.T.);
#127=ORIENTED_EDGE('',*,*,#495,.T.);
#128=ORIENTED_EDGE('',*,*,#473,.F.);
#129=ORIENTED_EDGE('',*,*,#496,.T.);
#130=ORIENTED_EDGE('',*,*,#490,.T.);
#131=ORIENTED_EDGE('',*,*,#497,.T.);
#132=ORIENTED_EDGE('',*,*,#492,.F.);
#133=ORIENTED_EDGE('',*,*,#498,.T.);
#134=ORIENTED_EDGE('',*,*,#476,.T.);
#135=ORIENTED_EDGE('',*,*,#499,.T.);
#136=ORIENTED_EDGE('',*,*,#500,.F.);
#137=ORIENTED_EDGE('',*,*,#501,.T.);
#138=ORIENTED_EDGE('',*,*,#486,.F.);
#139=ORIENTED_EDGE('',*,*,#502,.T.);
#140=ORIENTED_EDGE('',*,*,#475,.F.);
#141=ORIENTED_EDGE('',*,*,#503,.T.);
#142=ORIENTED_EDGE('',*,*,#504,.T.);
#143=ORIENTED_EDGE('',*,*,#478,.F.);
#144=ORIENTED_EDGE('',*,*,#505,.T.);
#145=ORIENTED_EDGE('',*,*,#484,.F.);
#146=ORIENTED_EDGE('',*,*,#506,.T.);
#147=ORIENTED_EDGE('',*,*,#507,.F.);
#148=ORIENTED_EDGE('',*,*,#436,.T.);
#149=ORIENTED_EDGE('',*,*,#508,.F.);
#150=ORIENTED_EDGE('',*,*,#509,.F.);
#151=ORIENTED_EDGE('',*,*,#482,.F.);
#152=ORIENTED_EDGE('',*,*,#510,.T.);
#153=ORIENTED_EDGE('',*,*,#511,.T.);
#154=ORIENTED_EDGE('',*,*,#512,.T.);
#155=ORIENTED_EDGE('',*,*,#511,.F.);
#156=ORIENTED_EDGE('',*,*,#513,.T.);
#157=ORIENTED_EDGE('',*,*,#509,.T.);
#158=ORIENTED_EDGE('',*,*,#514,.T.);
#159=ORIENTED_EDGE('',*,*,#512,.F.);
#160=ORIENTED_EDGE('',*,*,#514,.F.);
#161=ORIENTED_EDGE('',*,*,#508,.T.);
#162=ORIENTED_EDGE('',*,*,#435,.T.);
#163=ORIENTED_EDGE('',*,*,#459,.T.);
#164=ORIENTED_EDGE('',*,*,#465,.F.);
#165=ORIENTED_EDGE('',*,*,#456,.F.);
#166=ORIENTED_EDGE('',*,*,#483,.T.);
#167=ORIENTED_EDGE('',*,*,#515,.T.);
#168=ORIENTED_EDGE('',*,*,#516,.T.);
#169=ORIENTED_EDGE('',*,*,#517,.F.);
#170=ORIENTED_EDGE('',*,*,#518,.F.);
#171=ORIENTED_EDGE('',*,*,#519,.F.);
#172=ORIENTED_EDGE('',*,*,#520,.F.);
#173=ORIENTED_EDGE('',*,*,#451,.T.);
#174=ORIENTED_EDGE('',*,*,#521,.F.);
#175=ORIENTED_EDGE('',*,*,#518,.T.);
#176=ORIENTED_EDGE('',*,*,#522,.T.);
#177=ORIENTED_EDGE('',*,*,#447,.T.);
#178=ORIENTED_EDGE('',*,*,#523,.F.);
#179=ORIENTED_EDGE('',*,*,#449,.F.);
#180=ORIENTED_EDGE('',*,*,#524,.F.);
#181=ORIENTED_EDGE('',*,*,#516,.F.);
#182=ORIENTED_EDGE('',*,*,#525,.T.);
#183=ORIENTED_EDGE('',*,*,#450,.F.);
#184=ORIENTED_EDGE('',*,*,#525,.F.);
#185=ORIENTED_EDGE('',*,*,#515,.F.);
#186=ORIENTED_EDGE('',*,*,#521,.T.);
#187=ORIENTED_EDGE('',*,*,#524,.T.);
#188=ORIENTED_EDGE('',*,*,#448,.T.);
#189=ORIENTED_EDGE('',*,*,#522,.F.);
#190=ORIENTED_EDGE('',*,*,#517,.T.);
#191=ORIENTED_EDGE('',*,*,#526,.T.);
#192=ORIENTED_EDGE('',*,*,#445,.T.);
#193=ORIENTED_EDGE('',*,*,#527,.T.);
#194=ORIENTED_EDGE('',*,*,#528,.T.);
#195=ORIENTED_EDGE('',*,*,#446,.F.);
#196=ORIENTED_EDGE('',*,*,#526,.F.);
#197=ORIENTED_EDGE('',*,*,#529,.F.);
#198=ORIENTED_EDGE('',*,*,#523,.T.);
#199=ORIENTED_EDGE('',*,*,#452,.F.);
#200=ORIENTED_EDGE('',*,*,#520,.T.);
#201=ORIENTED_EDGE('',*,*,#530,.T.);
#202=ORIENTED_EDGE('',*,*,#527,.F.);
#203=ORIENTED_EDGE('',*,*,#467,.F.);
#204=ORIENTED_EDGE('',*,*,#466,.F.);
#205=ORIENTED_EDGE('',*,*,#471,.T.);
#206=ORIENTED_EDGE('',*,*,#470,.F.);
#207=ORIENTED_EDGE('',*,*,#469,.F.);
#208=ORIENTED_EDGE('',*,*,#468,.T.);
#209=ORIENTED_EDGE('',*,*,#531,.F.);
#210=ORIENTED_EDGE('',*,*,#532,.F.);
#211=ORIENTED_EDGE('',*,*,#533,.F.);
#212=ORIENTED_EDGE('',*,*,#534,.F.);
#213=ORIENTED_EDGE('',*,*,#535,.F.);
#214=ORIENTED_EDGE('',*,*,#536,.T.);
#215=ORIENTED_EDGE('',*,*,#537,.F.);
#216=ORIENTED_EDGE('',*,*,#538,.F.);
#217=ORIENTED_EDGE('',*,*,#539,.T.);
#218=ORIENTED_EDGE('',*,*,#540,.T.);
#219=ORIENTED_EDGE('',*,*,#541,.T.);
#220=ORIENTED_EDGE('',*,*,#542,.T.);
#221=ORIENTED_EDGE('',*,*,#500,.T.);
#222=ORIENTED_EDGE('',*,*,#437,.T.);
#223=ORIENTED_EDGE('',*,*,#543,.T.);
#224=ORIENTED_EDGE('',*,*,#532,.T.);
#225=ORIENTED_EDGE('',*,*,#544,.F.);
#226=ORIENTED_EDGE('',*,*,#438,.T.);
#227=ORIENTED_EDGE('',*,*,#544,.T.);
#228=ORIENTED_EDGE('',*,*,#531,.T.);
#229=ORIENTED_EDGE('',*,*,#545,.F.);
#230=ORIENTED_EDGE('',*,*,#439,.T.);
#231=ORIENTED_EDGE('',*,*,#545,.T.);
#232=ORIENTED_EDGE('',*,*,#538,.T.);
#233=ORIENTED_EDGE('',*,*,#546,.F.);
#234=ORIENTED_EDGE('',*,*,#440,.T.);
#235=ORIENTED_EDGE('',*,*,#546,.T.);
#236=ORIENTED_EDGE('',*,*,#537,.T.);
#237=ORIENTED_EDGE('',*,*,#547,.F.);
#238=ORIENTED_EDGE('',*,*,#547,.T.);
#239=ORIENTED_EDGE('',*,*,#536,.F.);
#240=ORIENTED_EDGE('',*,*,#548,.F.);
#241=ORIENTED_EDGE('',*,*,#441,.F.);
#242=ORIENTED_EDGE('',*,*,#442,.T.);
#243=ORIENTED_EDGE('',*,*,#548,.T.);
#244=ORIENTED_EDGE('',*,*,#535,.T.);
#245=ORIENTED_EDGE('',*,*,#549,.F.);
#246=ORIENTED_EDGE('',*,*,#443,.T.);
#247=ORIENTED_EDGE('',*,*,#549,.T.);
#248=ORIENTED_EDGE('',*,*,#534,.T.);
#249=ORIENTED_EDGE('',*,*,#550,.F.);
#250=ORIENTED_EDGE('',*,*,#444,.T.);
#251=ORIENTED_EDGE('',*,*,#550,.T.);
#252=ORIENTED_EDGE('',*,*,#533,.T.);
#253=ORIENTED_EDGE('',*,*,#543,.F.);
#254=ORIENTED_EDGE('',*,*,#529,.T.);
#255=ORIENTED_EDGE('',*,*,#528,.F.);
#256=ORIENTED_EDGE('',*,*,#530,.F.);
#257=ORIENTED_EDGE('',*,*,#519,.T.);
#258=ORIENTED_EDGE('',*,*,#462,.T.);
#259=ORIENTED_EDGE('',*,*,#493,.F.);
#260=ORIENTED_EDGE('',*,*,#497,.F.);
#261=ORIENTED_EDGE('',*,*,#489,.T.);
#262=ORIENTED_EDGE('',*,*,#551,.F.);
#263=ORIENTED_EDGE('',*,*,#494,.F.);
#264=ORIENTED_EDGE('',*,*,#551,.T.);
#265=ORIENTED_EDGE('',*,*,#552,.F.);
#266=ORIENTED_EDGE('',*,*,#495,.F.);
#267=ORIENTED_EDGE('',*,*,#552,.T.);
#268=ORIENTED_EDGE('',*,*,#480,.F.);
#269=ORIENTED_EDGE('',*,*,#553,.T.);
#270=ORIENTED_EDGE('',*,*,#539,.F.);
#271=ORIENTED_EDGE('',*,*,#499,.F.);
#272=ORIENTED_EDGE('',*,*,#542,.F.);
#273=ORIENTED_EDGE('',*,*,#554,.T.);
#274=ORIENTED_EDGE('',*,*,#474,.F.);
#275=ORIENTED_EDGE('',*,*,#501,.F.);
#276=ORIENTED_EDGE('',*,*,#555,.F.);
#277=ORIENTED_EDGE('',*,*,#553,.F.);
#278=ORIENTED_EDGE('',*,*,#479,.F.);
#279=ORIENTED_EDGE('',*,*,#556,.F.);
#280=ORIENTED_EDGE('',*,*,#557,.F.);
#281=ORIENTED_EDGE('',*,*,#540,.F.);
#282=ORIENTED_EDGE('',*,*,#555,.T.);
#283=ORIENTED_EDGE('',*,*,#558,.F.);
#284=ORIENTED_EDGE('',*,*,#487,.F.);
#285=ORIENTED_EDGE('',*,*,#559,.F.);
#286=ORIENTED_EDGE('',*,*,#557,.T.);
#287=ORIENTED_EDGE('',*,*,#504,.F.);
#288=ORIENTED_EDGE('',*,*,#541,.F.);
#289=ORIENTED_EDGE('',*,*,#559,.T.);
#290=ORIENTED_EDGE('',*,*,#503,.F.);
#291=ORIENTED_EDGE('',*,*,#554,.F.);
#292=ORIENTED_EDGE('',*,*,#558,.T.);
#293=ORIENTED_EDGE('',*,*,#556,.T.);
#294=ORIENTED_EDGE('',*,*,#506,.F.);
#295=ORIENTED_EDGE('',*,*,#560,.F.);
#296=ORIENTED_EDGE('',*,*,#561,.T.);
#297=ORIENTED_EDGE('',*,*,#562,.T.);
#298=ORIENTED_EDGE('',*,*,#563,.F.);
#299=ORIENTED_EDGE('',*,*,#564,.F.);
#300=ORIENTED_EDGE('',*,*,#565,.T.);
#301=ORIENTED_EDGE('',*,*,#566,.T.);
#302=ORIENTED_EDGE('',*,*,#567,.F.);
#303=ORIENTED_EDGE('',*,*,#568,.F.);
#304=ORIENTED_EDGE('',*,*,#569,.T.);
#305=ORIENTED_EDGE('',*,*,#570,.T.);
#306=ORIENTED_EDGE('',*,*,#571,.F.);
#307=ORIENTED_EDGE('',*,*,#505,.F.);
#308=ORIENTED_EDGE('',*,*,#477,.F.);
#309=ORIENTED_EDGE('',*,*,#498,.F.);
#310=ORIENTED_EDGE('',*,*,#491,.F.);
#311=ORIENTED_EDGE('',*,*,#460,.T.);
#312=ORIENTED_EDGE('',*,*,#457,.F.);
#313=ORIENTED_EDGE('',*,*,#433,.T.);
#314=ORIENTED_EDGE('',*,*,#507,.T.);
#315=ORIENTED_EDGE('',*,*,#513,.F.);
#316=ORIENTED_EDGE('',*,*,#510,.F.);
#317=ORIENTED_EDGE('',*,*,#481,.T.);
#318=ORIENTED_EDGE('',*,*,#454,.F.);
#319=ORIENTED_EDGE('',*,*,#464,.T.);
#320=ORIENTED_EDGE('',*,*,#488,.T.);
#321=ORIENTED_EDGE('',*,*,#496,.F.);
#322=ORIENTED_EDGE('',*,*,#472,.T.);
#323=ORIENTED_EDGE('',*,*,#502,.F.);
#324=ORIENTED_EDGE('',*,*,#485,.F.);
#325=ORIENTED_EDGE('',*,*,#572,.F.);
#326=ORIENTED_EDGE('',*,*,#573,.F.);
#327=ORIENTED_EDGE('',*,*,#574,.F.);
#328=ORIENTED_EDGE('',*,*,#575,.F.);
#329=ORIENTED_EDGE('',*,*,#576,.F.);
#330=ORIENTED_EDGE('',*,*,#577,.T.);
#331=ORIENTED_EDGE('',*,*,#578,.T.);
#332=ORIENTED_EDGE('',*,*,#574,.T.);
#333=ORIENTED_EDGE('',*,*,#579,.T.);
#334=ORIENTED_EDGE('',*,*,#580,.T.);
#335=ORIENTED_EDGE('',*,*,#576,.T.);
#336=ORIENTED_EDGE('',*,*,#573,.T.);
#337=ORIENTED_EDGE('',*,*,#579,.F.);
#338=ORIENTED_EDGE('',*,*,#572,.T.);
#339=ORIENTED_EDGE('',*,*,#581,.T.);
#340=ORIENTED_EDGE('',*,*,#582,.T.);
#341=ORIENTED_EDGE('',*,*,#578,.F.);
#342=ORIENTED_EDGE('',*,*,#583,.T.);
#343=ORIENTED_EDGE('',*,*,#581,.F.);
#344=ORIENTED_EDGE('',*,*,#575,.T.);
#345=ORIENTED_EDGE('',*,*,#584,.T.);
#346=ORIENTED_EDGE('',*,*,#571,.T.);
#347=ORIENTED_EDGE('',*,*,#585,.F.);
#348=ORIENTED_EDGE('',*,*,#583,.F.);
#349=ORIENTED_EDGE('',*,*,#585,.T.);
#350=ORIENTED_EDGE('',*,*,#570,.F.);
#351=ORIENTED_EDGE('',*,*,#586,.F.);
#352=ORIENTED_EDGE('',*,*,#582,.F.);
#353=ORIENTED_EDGE('',*,*,#586,.T.);
#354=ORIENTED_EDGE('',*,*,#569,.F.);
#355=ORIENTED_EDGE('',*,*,#587,.F.);
#356=ORIENTED_EDGE('',*,*,#580,.F.);
#357=ORIENTED_EDGE('',*,*,#587,.T.);
#358=ORIENTED_EDGE('',*,*,#568,.T.);
#359=ORIENTED_EDGE('',*,*,#584,.F.);
#360=ORIENTED_EDGE('',*,*,#577,.F.);
#361=ORIENTED_EDGE('',*,*,#588,.F.);
#362=ORIENTED_EDGE('',*,*,#589,.F.);
#363=ORIENTED_EDGE('',*,*,#590,.F.);
#364=ORIENTED_EDGE('',*,*,#591,.F.);
#365=ORIENTED_EDGE('',*,*,#592,.F.);
#366=ORIENTED_EDGE('',*,*,#593,.T.);
#367=ORIENTED_EDGE('',*,*,#594,.T.);
#368=ORIENTED_EDGE('',*,*,#590,.T.);
#369=ORIENTED_EDGE('',*,*,#595,.T.);
#370=ORIENTED_EDGE('',*,*,#596,.T.);
#371=ORIENTED_EDGE('',*,*,#592,.T.);
#372=ORIENTED_EDGE('',*,*,#589,.T.);
#373=ORIENTED_EDGE('',*,*,#595,.F.);
#374=ORIENTED_EDGE('',*,*,#588,.T.);
#375=ORIENTED_EDGE('',*,*,#597,.T.);
#376=ORIENTED_EDGE('',*,*,#598,.T.);
#377=ORIENTED_EDGE('',*,*,#594,.F.);
#378=ORIENTED_EDGE('',*,*,#599,.T.);
#379=ORIENTED_EDGE('',*,*,#597,.F.);
#380=ORIENTED_EDGE('',*,*,#591,.T.);
#381=ORIENTED_EDGE('',*,*,#600,.T.);
#382=ORIENTED_EDGE('',*,*,#567,.T.);
#383=ORIENTED_EDGE('',*,*,#601,.F.);
#384=ORIENTED_EDGE('',*,*,#599,.F.);
#385=ORIENTED_EDGE('',*,*,#601,.T.);
#386=ORIENTED_EDGE('',*,*,#566,.F.);
#387=ORIENTED_EDGE('',*,*,#602,.F.);
#388=ORIENTED_EDGE('',*,*,#598,.F.);
#389=ORIENTED_EDGE('',*,*,#602,.T.);
#390=ORIENTED_EDGE('',*,*,#565,.F.);
#391=ORIENTED_EDGE('',*,*,#603,.F.);
#392=ORIENTED_EDGE('',*,*,#596,.F.);
#393=ORIENTED_EDGE('',*,*,#603,.T.);
#394=ORIENTED_EDGE('',*,*,#564,.T.);
#395=ORIENTED_EDGE('',*,*,#600,.F.);
#396=ORIENTED_EDGE('',*,*,#593,.F.);
#397=ORIENTED_EDGE('',*,*,#604,.T.);
#398=ORIENTED_EDGE('',*,*,#560,.T.);
#399=ORIENTED_EDGE('',*,*,#605,.F.);
#400=ORIENTED_EDGE('',*,*,#606,.F.);
#401=ORIENTED_EDGE('',*,*,#607,.T.);
#402=ORIENTED_EDGE('',*,*,#561,.F.);
#403=ORIENTED_EDGE('',*,*,#604,.F.);
#404=ORIENTED_EDGE('',*,*,#608,.F.);
#405=ORIENTED_EDGE('',*,*,#609,.T.);
#406=ORIENTED_EDGE('',*,*,#562,.F.);
#407=ORIENTED_EDGE('',*,*,#607,.F.);
#408=ORIENTED_EDGE('',*,*,#610,.F.);
#409=ORIENTED_EDGE('',*,*,#605,.T.);
#410=ORIENTED_EDGE('',*,*,#563,.T.);
#411=ORIENTED_EDGE('',*,*,#609,.F.);
#412=ORIENTED_EDGE('',*,*,#611,.F.);
#413=ORIENTED_EDGE('',*,*,#612,.F.);
#414=ORIENTED_EDGE('',*,*,#613,.F.);
#415=ORIENTED_EDGE('',*,*,#614,.F.);
#416=ORIENTED_EDGE('',*,*,#615,.F.);
#417=ORIENTED_EDGE('',*,*,#616,.T.);
#418=ORIENTED_EDGE('',*,*,#608,.T.);
#419=ORIENTED_EDGE('',*,*,#617,.T.);
#420=ORIENTED_EDGE('',*,*,#613,.T.);
#421=ORIENTED_EDGE('',*,*,#617,.F.);
#422=ORIENTED_EDGE('',*,*,#606,.T.);
#423=ORIENTED_EDGE('',*,*,#618,.T.);
#424=ORIENTED_EDGE('',*,*,#614,.T.);
#425=ORIENTED_EDGE('',*,*,#616,.F.);
#426=ORIENTED_EDGE('',*,*,#612,.T.);
#427=ORIENTED_EDGE('',*,*,#619,.T.);
#428=ORIENTED_EDGE('',*,*,#610,.T.);
#429=ORIENTED_EDGE('',*,*,#618,.F.);
#430=ORIENTED_EDGE('',*,*,#611,.T.);
#431=ORIENTED_EDGE('',*,*,#619,.F.);
#432=ORIENTED_EDGE('',*,*,#615,.T.);
#433=EDGE_CURVE('',#620,#621,#744,.T.);
#434=EDGE_CURVE('',#622,#620,#745,.T.);
#435=EDGE_CURVE('',#623,#622,#746,.T.);
#436=EDGE_CURVE('',#621,#623,#747,.T.);
#437=EDGE_CURVE('',#624,#625,#748,.T.);
#438=EDGE_CURVE('',#626,#624,#55,.F.);
#439=EDGE_CURVE('',#627,#626,#749,.T.);
#440=EDGE_CURVE('',#628,#627,#56,.F.);
#441=EDGE_CURVE('',#628,#629,#750,.T.);
#442=EDGE_CURVE('',#630,#629,#57,.F.);
#443=EDGE_CURVE('',#631,#630,#751,.T.);
#444=EDGE_CURVE('',#625,#631,#58,.F.);
#445=EDGE_CURVE('',#632,#633,#752,.T.);
#446=EDGE_CURVE('',#632,#634,#753,.T.);
#447=EDGE_CURVE('',#635,#634,#754,.T.);
#448=EDGE_CURVE('',#636,#635,#755,.T.);
#449=EDGE_CURVE('',#636,#637,#756,.T.);
#450=EDGE_CURVE('',#637,#638,#757,.T.);
#451=EDGE_CURVE('',#639,#638,#758,.T.);
#452=EDGE_CURVE('',#639,#633,#759,.T.);
#453=EDGE_CURVE('',#640,#641,#760,.T.);
#454=EDGE_CURVE('',#640,#642,#761,.T.);
#455=EDGE_CURVE('',#642,#643,#762,.T.);
#456=EDGE_CURVE('',#643,#641,#763,.T.);
#457=EDGE_CURVE('',#620,#644,#764,.T.);
#458=EDGE_CURVE('',#645,#644,#765,.T.);
#459=EDGE_CURVE('',#622,#645,#766,.T.);
#460=EDGE_CURVE('',#646,#644,#767,.T.);
#461=EDGE_CURVE('',#646,#647,#768,.T.);
#462=EDGE_CURVE('',#648,#647,#769,.T.);
#463=EDGE_CURVE('',#649,#648,#770,.T.);
#464=EDGE_CURVE('',#640,#649,#771,.T.);
#465=EDGE_CURVE('',#641,#645,#772,.T.);
#466=EDGE_CURVE('',#650,#651,#773,.T.);
#467=EDGE_CURVE('',#651,#652,#774,.T.);
#468=EDGE_CURVE('',#653,#652,#775,.T.);
#469=EDGE_CURVE('',#653,#654,#776,.T.);
#470=EDGE_CURVE('',#654,#655,#777,.T.);
#471=EDGE_CURVE('',#650,#655,#778,.T.);
#472=EDGE_CURVE('',#656,#657,#779,.T.);
#473=EDGE_CURVE('',#656,#658,#780,.T.);
#474=EDGE_CURVE('',#658,#659,#781,.F.);
#475=EDGE_CURVE('',#659,#657,#782,.F.);
#476=EDGE_CURVE('',#660,#661,#783,.T.);
#477=EDGE_CURVE('',#660,#662,#784,.T.);
#478=EDGE_CURVE('',#662,#663,#785,.F.);
#479=EDGE_CURVE('',#663,#664,#49,.T.);
#480=EDGE_CURVE('',#664,#661,#786,.T.);
#481=EDGE_CURVE('',#665,#642,#787,.T.);
#482=EDGE_CURVE('',#665,#666,#788,.T.);
#483=EDGE_CURVE('',#643,#666,#789,.T.);
#484=EDGE_CURVE('',#667,#668,#790,.F.);
#485=EDGE_CURVE('',#668,#669,#791,.F.);
#486=EDGE_CURVE('',#669,#670,#792,.F.);
#487=EDGE_CURVE('',#670,#667,#793,.F.);
#488=EDGE_CURVE('',#649,#671,#794,.T.);
#489=EDGE_CURVE('',#672,#648,#795,.T.);
#490=EDGE_CURVE('',#671,#672,#796,.T.);
#491=EDGE_CURVE('',#646,#673,#797,.T.);
#492=EDGE_CURVE('',#673,#674,#798,.T.);
#493=EDGE_CURVE('',#674,#647,#799,.T.);
#494=EDGE_CURVE('',#675,#675,#31,.F.);
#495=EDGE_CURVE('',#676,#676,#32,.F.);
#496=EDGE_CURVE('',#656,#671,#800,.T.);
#497=EDGE_CURVE('',#672,#674,#801,.T.);
#498=EDGE_CURVE('',#673,#660,#802,.T.);
#499=EDGE_CURVE('',#661,#677,#33,.T.);
#500=EDGE_CURVE('',#678,#677,#803,.T.);
#501=EDGE_CURVE('',#678,#658,#34,.T.);
#502=EDGE_CURVE('',#669,#657,#35,.F.);
#503=EDGE_CURVE('',#659,#679,#36,.F.);
#504=EDGE_CURVE('',#679,#670,#50,.T.);
#505=EDGE_CURVE('',#662,#668,#37,.F.);
#506=EDGE_CURVE('',#667,#663,#51,.F.);
#507=EDGE_CURVE('',#621,#680,#804,.T.);
#508=EDGE_CURVE('',#681,#623,#805,.T.);
#509=EDGE_CURVE('',#680,#681,#806,.T.);
#510=EDGE_CURVE('',#665,#682,#807,.T.);
#511=EDGE_CURVE('',#682,#683,#808,.T.);
#512=EDGE_CURVE('',#683,#666,#809,.T.);
#513=EDGE_CURVE('',#682,#680,#810,.T.);
#514=EDGE_CURVE('',#681,#683,#811,.T.);
#515=EDGE_CURVE('',#684,#685,#812,.T.);
#516=EDGE_CURVE('',#685,#686,#813,.T.);
#517=EDGE_CURVE('',#687,#686,#814,.T.);
#518=EDGE_CURVE('',#684,#687,#815,.T.);
#519=EDGE_CURVE('',#688,#689,#816,.T.);
#520=EDGE_CURVE('',#639,#688,#817,.T.);
#521=EDGE_CURVE('',#684,#638,#818,.T.);
#522=EDGE_CURVE('',#687,#635,#819,.T.);
#523=EDGE_CURVE('',#689,#634,#820,.T.);
#524=EDGE_CURVE('',#686,#636,#821,.T.);
#525=EDGE_CURVE('',#685,#637,#822,.T.);
#526=EDGE_CURVE('',#690,#632,#823,.T.);
#527=EDGE_CURVE('',#633,#691,#824,.T.);
#528=EDGE_CURVE('',#691,#690,#825,.T.);
#529=EDGE_CURVE('',#689,#690,#826,.T.);
#530=EDGE_CURVE('',#688,#691,#827,.T.);
#531=EDGE_CURVE('',#692,#693,#38,.T.);
#532=EDGE_CURVE('',#694,#692,#828,.T.);
#533=EDGE_CURVE('',#695,#694,#39,.T.);
#534=EDGE_CURVE('',#696,#695,#829,.T.);
#535=EDGE_CURVE('',#697,#696,#40,.T.);
#536=EDGE_CURVE('',#697,#698,#830,.T.);
#537=EDGE_CURVE('',#699,#698,#41,.T.);
#538=EDGE_CURVE('',#693,#699,#831,.T.);
#539=EDGE_CURVE('',#677,#700,#832,.F.);
#540=EDGE_CURVE('',#700,#701,#833,.F.);
#541=EDGE_CURVE('',#701,#702,#42,.T.);
#542=EDGE_CURVE('',#702,#678,#834,.T.);
#543=EDGE_CURVE('',#625,#694,#835,.T.);
#544=EDGE_CURVE('',#624,#692,#836,.T.);
#545=EDGE_CURVE('',#626,#693,#837,.T.);
#546=EDGE_CURVE('',#627,#699,#838,.T.);
#547=EDGE_CURVE('',#628,#698,#839,.T.);
#548=EDGE_CURVE('',#629,#697,#840,.T.);
#549=EDGE_CURVE('',#630,#696,#841,.T.);
#550=EDGE_CURVE('',#631,#695,#842,.T.);
#551=EDGE_CURVE('',#704,#704,#43,.T.);
#552=EDGE_CURVE('',#706,#706,#44,.T.);
#553=EDGE_CURVE('',#664,#700,#45,.T.);
#554=EDGE_CURVE('',#702,#659,#46,.T.);
#555=EDGE_CURVE('',#700,#707,#52,.T.);
#556=EDGE_CURVE('',#707,#663,#47,.T.);
#557=EDGE_CURVE('',#701,#670,#53,.T.);
#558=EDGE_CURVE('',#667,#707,#54,.F.);
#559=EDGE_CURVE('',#701,#679,#48,.F.);
#560=EDGE_CURVE('',#708,#709,#843,.T.);
#561=EDGE_CURVE('',#708,#710,#844,.T.);
#562=EDGE_CURVE('',#710,#711,#845,.T.);
#563=EDGE_CURVE('',#709,#711,#846,.T.);
#564=EDGE_CURVE('',#712,#713,#847,.T.);
#565=EDGE_CURVE('',#712,#714,#848,.T.);
#566=EDGE_CURVE('',#714,#715,#849,.T.);
#567=EDGE_CURVE('',#713,#715,#850,.T.);
#568=EDGE_CURVE('',#716,#717,#851,.T.);
#569=EDGE_CURVE('',#716,#718,#852,.T.);
#570=EDGE_CURVE('',#718,#719,#853,.T.);
#571=EDGE_CURVE('',#717,#719,#854,.T.);
#572=EDGE_CURVE('',#720,#721,#855,.T.);
#573=EDGE_CURVE('',#722,#720,#856,.T.);
#574=EDGE_CURVE('',#723,#722,#857,.T.);
#575=EDGE_CURVE('',#721,#723,#858,.T.);
#576=EDGE_CURVE('',#724,#722,#859,.T.);
#577=EDGE_CURVE('',#724,#725,#860,.T.);
#578=EDGE_CURVE('',#725,#723,#861,.F.);
#579=EDGE_CURVE('',#720,#726,#862,.T.);
#580=EDGE_CURVE('',#726,#724,#863,.T.);
#581=EDGE_CURVE('',#721,#727,#864,.T.);
#582=EDGE_CURVE('',#727,#726,#865,.T.);
#583=EDGE_CURVE('',#725,#727,#866,.T.);
#584=EDGE_CURVE('',#725,#717,#867,.T.);
#585=EDGE_CURVE('',#727,#719,#868,.T.);
#586=EDGE_CURVE('',#726,#718,#869,.T.);
#587=EDGE_CURVE('',#724,#716,#870,.T.);
#588=EDGE_CURVE('',#728,#729,#871,.T.);
#589=EDGE_CURVE('',#730,#728,#872,.T.);
#590=EDGE_CURVE('',#731,#730,#873,.T.);
#591=EDGE_CURVE('',#729,#731,#874,.T.);
#592=EDGE_CURVE('',#732,#730,#875,.T.);
#593=EDGE_CURVE('',#732,#733,#876,.T.);
#594=EDGE_CURVE('',#733,#731,#877,.F.);
#595=EDGE_CURVE('',#728,#734,#878,.T.);
#596=EDGE_CURVE('',#734,#732,#879,.T.);
#597=EDGE_CURVE('',#729,#735,#880,.T.);
#598=EDGE_CURVE('',#735,#734,#881,.T.);
#599=EDGE_CURVE('',#733,#735,#882,.T.);
#600=EDGE_CURVE('',#733,#713,#883,.T.);
#601=EDGE_CURVE('',#735,#715,#884,.T.);
#602=EDGE_CURVE('',#734,#714,#885,.T.);
#603=EDGE_CURVE('',#732,#712,#886,.T.);
#604=EDGE_CURVE('',#736,#708,#887,.T.);
#605=EDGE_CURVE('',#737,#709,#888,.T.);
#606=EDGE_CURVE('',#736,#737,#889,.T.);
#607=EDGE_CURVE('',#738,#710,#890,.T.);
#608=EDGE_CURVE('',#738,#736,#891,.T.);
#609=EDGE_CURVE('',#739,#711,#892,.T.);
#610=EDGE_CURVE('',#739,#738,#893,.T.);
#611=EDGE_CURVE('',#737,#739,#894,.T.);
#612=EDGE_CURVE('',#740,#741,#895,.T.);
#613=EDGE_CURVE('',#742,#740,#896,.T.);
#614=EDGE_CURVE('',#743,#742,#897,.T.);
#615=EDGE_CURVE('',#741,#743,#898,.T.);
#616=EDGE_CURVE('',#740,#738,#899,.T.);
#617=EDGE_CURVE('',#736,#742,#900,.T.);
#618=EDGE_CURVE('',#737,#743,#901,.F.);
#619=EDGE_CURVE('',#741,#739,#902,.T.);
#620=VERTEX_POINT('',#1829);
#621=VERTEX_POINT('',#1830);
#622=VERTEX_POINT('',#1832);
#623=VERTEX_POINT('',#1834);
#624=VERTEX_POINT('',#1838);
#625=VERTEX_POINT('',#1839);
#626=VERTEX_POINT('',#1847);
#627=VERTEX_POINT('',#1849);
#628=VERTEX_POINT('',#1857);
#629=VERTEX_POINT('',#1859);
#630=VERTEX_POINT('',#1867);
#631=VERTEX_POINT('',#1869);
#632=VERTEX_POINT('',#1878);
#633=VERTEX_POINT('',#1879);
#634=VERTEX_POINT('',#1881);
#635=VERTEX_POINT('',#1883);
#636=VERTEX_POINT('',#1885);
#637=VERTEX_POINT('',#1887);
#638=VERTEX_POINT('',#1889);
#639=VERTEX_POINT('',#1891);
#640=VERTEX_POINT('',#1894);
#641=VERTEX_POINT('',#1895);
#642=VERTEX_POINT('',#1897);
#643=VERTEX_POINT('',#1899);
#644=VERTEX_POINT('',#1903);
#645=VERTEX_POINT('',#1905);
#646=VERTEX_POINT('',#1909);
#647=VERTEX_POINT('',#1911);
#648=VERTEX_POINT('',#1913);
#649=VERTEX_POINT('',#1915);
#650=VERTEX_POINT('',#1920);
#651=VERTEX_POINT('',#1921);
#652=VERTEX_POINT('',#1923);
#653=VERTEX_POINT('',#1925);
#654=VERTEX_POINT('',#1927);
#655=VERTEX_POINT('',#1929);
#656=VERTEX_POINT('',#1932);
#657=VERTEX_POINT('',#1933);
#658=VERTEX_POINT('',#1935);
#659=VERTEX_POINT('',#1937);
#660=VERTEX_POINT('',#1941);
#661=VERTEX_POINT('',#1942);
#662=VERTEX_POINT('',#1944);
#663=VERTEX_POINT('',#1946);
#664=VERTEX_POINT('',#1948);
#665=VERTEX_POINT('',#1952);
#666=VERTEX_POINT('',#1954);
#667=VERTEX_POINT('',#1958);
#668=VERTEX_POINT('',#1959);
#669=VERTEX_POINT('',#1961);
#670=VERTEX_POINT('',#1963);
#671=VERTEX_POINT('',#1967);
#672=VERTEX_POINT('',#1969);
#673=VERTEX_POINT('',#1973);
#674=VERTEX_POINT('',#1975);
#675=VERTEX_POINT('',#1979);
#676=VERTEX_POINT('',#1981);
#677=VERTEX_POINT('',#1986);
#678=VERTEX_POINT('',#1988);
#679=VERTEX_POINT('',#1993);
#680=VERTEX_POINT('',#2000);
#681=VERTEX_POINT('',#2002);
#682=VERTEX_POINT('',#2006);
#683=VERTEX_POINT('',#2008);
#684=VERTEX_POINT('',#2016);
#685=VERTEX_POINT('',#2017);
#686=VERTEX_POINT('',#2019);
#687=VERTEX_POINT('',#2021);
#688=VERTEX_POINT('',#2025);
#689=VERTEX_POINT('',#2026);
#690=VERTEX_POINT('',#2038);
#691=VERTEX_POINT('',#2040);
#692=VERTEX_POINT('',#2048);
#693=VERTEX_POINT('',#2049);
#694=VERTEX_POINT('',#2051);
#695=VERTEX_POINT('',#2053);
#696=VERTEX_POINT('',#2055);
#697=VERTEX_POINT('',#2057);
#698=VERTEX_POINT('',#2059);
#699=VERTEX_POINT('',#2061);
#700=VERTEX_POINT('',#2065);
#701=VERTEX_POINT('',#2067);
#702=VERTEX_POINT('',#2069);
#703=VERTEX_POINT('',#2118);
#704=VERTEX_POINT('',#2120);
#705=VERTEX_POINT('',#2123);
#706=VERTEX_POINT('',#2125);
#707=VERTEX_POINT('',#2144);
#708=VERTEX_POINT('',#2207);
#709=VERTEX_POINT('',#2208);
#710=VERTEX_POINT('',#2210);
#711=VERTEX_POINT('',#2212);
#712=VERTEX_POINT('',#2215);
#713=VERTEX_POINT('',#2216);
#714=VERTEX_POINT('',#2218);
#715=VERTEX_POINT('',#2220);
#716=VERTEX_POINT('',#2223);
#717=VERTEX_POINT('',#2224);
#718=VERTEX_POINT('',#2226);
#719=VERTEX_POINT('',#2228);
#720=VERTEX_POINT('',#2232);
#721=VERTEX_POINT('',#2233);
#722=VERTEX_POINT('',#2235);
#723=VERTEX_POINT('',#2237);
#724=VERTEX_POINT('',#2241);
#725=VERTEX_POINT('',#2243);
#726=VERTEX_POINT('',#2247);
#727=VERTEX_POINT('',#2251);
#728=VERTEX_POINT('',#2265);
#729=VERTEX_POINT('',#2266);
#730=VERTEX_POINT('',#2268);
#731=VERTEX_POINT('',#2270);
#732=VERTEX_POINT('',#2274);
#733=VERTEX_POINT('',#2276);
#734=VERTEX_POINT('',#2280);
#735=VERTEX_POINT('',#2284);
#736=VERTEX_POINT('',#2298);
#737=VERTEX_POINT('',#2300);
#738=VERTEX_POINT('',#2304);
#739=VERTEX_POINT('',#2308);
#740=VERTEX_POINT('',#2314);
#741=VERTEX_POINT('',#2315);
#742=VERTEX_POINT('',#2317);
#743=VERTEX_POINT('',#2319);
#744=LINE('',#1828,#903);
#745=LINE('',#1831,#904);
#746=LINE('',#1833,#905);
#747=LINE('',#1835,#906);
#748=LINE('',#1837,#907);
#749=LINE('',#1848,#908);
#750=LINE('',#1858,#909);
#751=LINE('',#1868,#910);
#752=LINE('',#1877,#911);
#753=LINE('',#1880,#912);
#754=LINE('',#1882,#913);
#755=LINE('',#1884,#914);
#756=LINE('',#1886,#915);
#757=LINE('',#1888,#916);
#758=LINE('',#1890,#917);
#759=LINE('',#1892,#918);
#760=LINE('',#1893,#919);
#761=LINE('',#1896,#920);
#762=LINE('',#1898,#921);
#763=LINE('',#1900,#922);
#764=LINE('',#1902,#923);
#765=LINE('',#1904,#924);
#766=LINE('',#1906,#925);
#767=LINE('',#1908,#926);
#768=LINE('',#1910,#927);
#769=LINE('',#1912,#928);
#770=LINE('',#1914,#929);
#771=LINE('',#1916,#930);
#772=LINE('',#1917,#931);
#773=LINE('',#1919,#932);
#774=LINE('',#1922,#933);
#775=LINE('',#1924,#934);
#776=LINE('',#1926,#935);
#777=LINE('',#1928,#936);
#778=LINE('',#1930,#937);
#779=LINE('',#1931,#938);
#780=LINE('',#1934,#939);
#781=LINE('',#1936,#940);
#782=LINE('',#1938,#941);
#783=LINE('',#1940,#942);
#784=LINE('',#1943,#943);
#785=LINE('',#1945,#944);
#786=LINE('',#1949,#945);
#787=LINE('',#1951,#946);
#788=LINE('',#1953,#947);
#789=LINE('',#1955,#948);
#790=LINE('',#1957,#949);
#791=LINE('',#1960,#950);
#792=LINE('',#1962,#951);
#793=LINE('',#1964,#952);
#794=LINE('',#1966,#953);
#795=LINE('',#1968,#954);
#796=LINE('',#1970,#955);
#797=LINE('',#1972,#956);
#798=LINE('',#1974,#957);
#799=LINE('',#1976,#958);
#800=LINE('',#1982,#959);
#801=LINE('',#1983,#960);
#802=LINE('',#1984,#961);
#803=LINE('',#1987,#962);
#804=LINE('',#1999,#963);
#805=LINE('',#2001,#964);
#806=LINE('',#2003,#965);
#807=LINE('',#2005,#966);
#808=LINE('',#2007,#967);
#809=LINE('',#2009,#968);
#810=LINE('',#2011,#969);
#811=LINE('',#2012,#970);
#812=LINE('',#2015,#971);
#813=LINE('',#2018,#972);
#814=LINE('',#2020,#973);
#815=LINE('',#2022,#974);
#816=LINE('',#2024,#975);
#817=LINE('',#2027,#976);
#818=LINE('',#2028,#977);
#819=LINE('',#2029,#978);
#820=LINE('',#2030,#979);
#821=LINE('',#2032,#980);
#822=LINE('',#2033,#981);
#823=LINE('',#2037,#982);
#824=LINE('',#2039,#983);
#825=LINE('',#2041,#984);
#826=LINE('',#2043,#985);
#827=LINE('',#2045,#986);
#828=LINE('',#2050,#987);
#829=LINE('',#2054,#988);
#830=LINE('',#2058,#989);
#831=LINE('',#2062,#990);
#832=LINE('',#2064,#991);
#833=LINE('',#2066,#992);
#834=LINE('',#2070,#993);
#835=LINE('',#2072,#994);
#836=LINE('',#2073,#995);
#837=LINE('',#2082,#996);
#838=LINE('',#2084,#997);
#839=LINE('',#2093,#998);
#840=LINE('',#2095,#999);
#841=LINE('',#2104,#1000);
#842=LINE('',#2106,#1001);
#843=LINE('',#2206,#1002);
#844=LINE('',#2209,#1003);
#845=LINE('',#2211,#1004);
#846=LINE('',#2213,#1005);
#847=LINE('',#2214,#1006);
#848=LINE('',#2217,#1007);
#849=LINE('',#2219,#1008);
#850=LINE('',#2221,#1009);
#851=LINE('',#2222,#1010);
#852=LINE('',#2225,#1011);
#853=LINE('',#2227,#1012);
#854=LINE('',#2229,#1013);
#855=LINE('',#2231,#1014);
#856=LINE('',#2234,#1015);
#857=LINE('',#2236,#1016);
#858=LINE('',#2238,#1017);
#859=LINE('',#2240,#1018);
#860=LINE('',#2242,#1019);
#861=LINE('',#2244,#1020);
#862=LINE('',#2246,#1021);
#863=LINE('',#2248,#1022);
#864=LINE('',#2250,#1023);
#865=LINE('',#2252,#1024);
#866=LINE('',#2254,#1025);
#867=LINE('',#2256,#1026);
#868=LINE('',#2257,#1027);
#869=LINE('',#2259,#1028);
#870=LINE('',#2261,#1029);
#871=LINE('',#2264,#1030);
#872=LINE('',#2267,#1031);
#873=LINE('',#2269,#1032);
#874=LINE('',#2271,#1033);
#875=LINE('',#2273,#1034);
#876=LINE('',#2275,#1035);
#877=LINE('',#2277,#1036);
#878=LINE('',#2279,#1037);
#879=LINE('',#2281,#1038);
#880=LINE('',#2283,#1039);
#881=LINE('',#2285,#1040);
#882=LINE('',#2287,#1041);
#883=LINE('',#2289,#1042);
#884=LINE('',#2290,#1043);
#885=LINE('',#2292,#1044);
#886=LINE('',#2294,#1045);
#887=LINE('',#2297,#1046);
#888=LINE('',#2299,#1047);
#889=LINE('',#2301,#1048);
#890=LINE('',#2303,#1049);
#891=LINE('',#2305,#1050);
#892=LINE('',#2307,#1051);
#893=LINE('',#2309,#1052);
#894=LINE('',#2311,#1053);
#895=LINE('',#2313,#1054);
#896=LINE('',#2316,#1055);
#897=LINE('',#2318,#1056);
#898=LINE('',#2320,#1057);
#899=LINE('',#2322,#1058);
#900=LINE('',#2323,#1059);
#901=LINE('',#2325,#1060);
#902=LINE('',#2327,#1061);
#903=VECTOR('',#1483,1.);
#904=VECTOR('',#1484,1.);
#905=VECTOR('',#1485,1.);
#906=VECTOR('',#1486,1.);
#907=VECTOR('',#1489,1.);
#908=VECTOR('',#1490,1.);
#909=VECTOR('',#1491,1.);
#910=VECTOR('',#1492,1.);
#911=VECTOR('',#1493,1.);
#912=VECTOR('',#1494,1.);
#913=VECTOR('',#1495,1.);
#914=VECTOR('',#1496,1.);
#915=VECTOR('',#1497,1.);
#916=VECTOR('',#1498,1.);
#917=VECTOR('',#1499,1.);
#918=VECTOR('',#1500,1.);
#919=VECTOR('',#1501,1.);
#920=VECTOR('',#1502,1.);
#921=VECTOR('',#1503,1.);
#922=VECTOR('',#1504,1.);
#923=VECTOR('',#1507,1.);
#924=VECTOR('',#1508,1.);
#925=VECTOR('',#1509,1.);
#926=VECTOR('',#1512,1.);
#927=VECTOR('',#1513,1.);
#928=VECTOR('',#1514,1.);
#929=VECTOR('',#1515,1.);
#930=VECTOR('',#1516,1.);
#931=VECTOR('',#1517,1.);
#932=VECTOR('',#1520,1.);
#933=VECTOR('',#1521,1.);
#934=VECTOR('',#1522,1.);
#935=VECTOR('',#1523,1.);
#936=VECTOR('',#1524,1.);
#937=VECTOR('',#1525,1.);
#938=VECTOR('',#1526,1.);
#939=VECTOR('',#1527,1.);
#940=VECTOR('',#1528,1.);
#941=VECTOR('',#1529,1.);
#942=VECTOR('',#1532,1.);
#943=VECTOR('',#1533,1.);
#944=VECTOR('',#1534,1.);
#945=VECTOR('',#1537,1.);
#946=VECTOR('',#1540,1.);
#947=VECTOR('',#1541,1.);
#948=VECTOR('',#1542,1.);
#949=VECTOR('',#1545,1.);
#950=VECTOR('',#1546,1.);
#951=VECTOR('',#1547,1.);
#952=VECTOR('',#1548,1.);
#953=VECTOR('',#1551,1.);
#954=VECTOR('',#1552,1.);
#955=VECTOR('',#1553,1.);
#956=VECTOR('',#1556,1.);
#957=VECTOR('',#1557,1.);
#958=VECTOR('',#1558,1.);
#959=VECTOR('',#1565,1.);
#960=VECTOR('',#1566,1.);
#961=VECTOR('',#1567,1.);
#962=VECTOR('',#1570,1.);
#963=VECTOR('',#1589,1.);
#964=VECTOR('',#1590,1.);
#965=VECTOR('',#1591,1.);
#966=VECTOR('',#1594,1.);
#967=VECTOR('',#1595,1.);
#968=VECTOR('',#1596,1.);
#969=VECTOR('',#1599,1.);
#970=VECTOR('',#1600,1.);
#971=VECTOR('',#1605,1.);
#972=VECTOR('',#1606,1.);
#973=VECTOR('',#1607,1.);
#974=VECTOR('',#1608,1.);
#975=VECTOR('',#1611,1.);
#976=VECTOR('',#1612,1.);
#977=VECTOR('',#1613,1.);
#978=VECTOR('',#1614,1.);
#979=VECTOR('',#1615,1.);
#980=VECTOR('',#1618,1.);
#981=VECTOR('',#1619,1.);
#982=VECTOR('',#1626,1.);
#983=VECTOR('',#1627,1.);
#984=VECTOR('',#1628,1.);
#985=VECTOR('',#1631,1.);
#986=VECTOR('',#1634,1.);
#987=VECTOR('',#1639,1.);
#988=VECTOR('',#1642,1.);
#989=VECTOR('',#1645,1.);
#990=VECTOR('',#1648,1.);
#991=VECTOR('',#1651,1.);
#992=VECTOR('',#1652,1.);
#993=VECTOR('',#1655,1.);
#994=VECTOR('',#1658,1.);
#995=VECTOR('',#1659,1.);
#996=VECTOR('',#1660,1.);
#997=VECTOR('',#1663,1.);
#998=VECTOR('',#1664,1.);
#999=VECTOR('',#1667,1.);
#1000=VECTOR('',#1668,1.);
#1001=VECTOR('',#1671,1.);
#1002=VECTOR('',#1712,1.);
#1003=VECTOR('',#1713,1.);
#1004=VECTOR('',#1714,1.);
#1005=VECTOR('',#1715,1.);
#1006=VECTOR('',#1716,1.);
#1007=VECTOR('',#1717,1.);
#1008=VECTOR('',#1718,1.);
#1009=VECTOR('',#1719,1.);
#1010=VECTOR('',#1720,1.);
#1011=VECTOR('',#1721,1.);
#1012=VECTOR('',#1722,1.);
#1013=VECTOR('',#1723,1.);
#1014=VECTOR('',#1726,1.);
#1015=VECTOR('',#1727,1.);
#1016=VECTOR('',#1728,1.);
#1017=VECTOR('',#1729,1.);
#1018=VECTOR('',#1732,1.);
#1019=VECTOR('',#1733,1.);
#1020=VECTOR('',#1734,1.);
#1021=VECTOR('',#1737,1.);
#1022=VECTOR('',#1738,1.);
#1023=VECTOR('',#1741,1.);
#1024=VECTOR('',#1742,1.);
#1025=VECTOR('',#1745,1.);
#1026=VECTOR('',#1748,1.);
#1027=VECTOR('',#1749,1.);
#1028=VECTOR('',#1752,1.);
#1029=VECTOR('',#1755,1.);
#1030=VECTOR('',#1760,1.);
#1031=VECTOR('',#1761,1.);
#1032=VECTOR('',#1762,1.);
#1033=VECTOR('',#1763,1.);
#1034=VECTOR('',#1766,1.);
#1035=VECTOR('',#1767,1.);
#1036=VECTOR('',#1768,1.);
#1037=VECTOR('',#1771,1.);
#1038=VECTOR('',#1772,1.);
#1039=VECTOR('',#1775,1.);
#1040=VECTOR('',#1776,1.);
#1041=VECTOR('',#1779,1.);
#1042=VECTOR('',#1782,1.);
#1043=VECTOR('',#1783,1.);
#1044=VECTOR('',#1786,1.);
#1045=VECTOR('',#1789,1.);
#1046=VECTOR('',#1794,1.);
#1047=VECTOR('',#1795,1.);
#1048=VECTOR('',#1796,1.);
#1049=VECTOR('',#1799,1.);
#1050=VECTOR('',#1800,1.);
#1051=VECTOR('',#1803,1.);
#1052=VECTOR('',#1804,1.);
#1053=VECTOR('',#1807,1.);
#1054=VECTOR('',#1810,1.);
#1055=VECTOR('',#1811,1.);
#1056=VECTOR('',#1812,1.);
#1057=VECTOR('',#1813,1.);
#1058=VECTOR('',#1816,1.);
#1059=VECTOR('',#1817,1.);
#1060=VECTOR('',#1820,1.);
#1061=VECTOR('',#1823,1.);
#1062=EDGE_LOOP('',(#59,#60,#61,#62));
#1063=EDGE_LOOP('',(#63,#64,#65,#66,#67,#68,#69,#70));
#1064=EDGE_LOOP('',(#71,#72,#73,#74,#75,#76,#77,#78));
#1065=EDGE_LOOP('',(#79,#80,#81,#82));
#1066=EDGE_LOOP('',(#83,#84,#85,#86));
#1067=EDGE_LOOP('',(#87,#88,#89,#90,#91,#92,#93,#94));
#1068=EDGE_LOOP('',(#95,#96,#97,#98,#99,#100));
#1069=EDGE_LOOP('',(#101,#102,#103,#104));
#1070=EDGE_LOOP('',(#105,#106,#107,#108,#109));
#1071=EDGE_LOOP('',(#110,#111,#112,#113));
#1072=EDGE_LOOP('',(#114,#115,#116,#117));
#1073=EDGE_LOOP('',(#118,#119,#120,#121));
#1074=EDGE_LOOP('',(#122,#123,#124,#125));
#1075=EDGE_LOOP('',(#126));
#1076=EDGE_LOOP('',(#127));
#1077=EDGE_LOOP('',(#128,#129,#130,#131,#132,#133,#134,#135,#136,#137));
#1078=EDGE_LOOP('',(#138,#139,#140,#141,#142));
#1079=EDGE_LOOP('',(#143,#144,#145,#146));
#1080=EDGE_LOOP('',(#147,#148,#149,#150));
#1081=EDGE_LOOP('',(#151,#152,#153,#154));
#1082=EDGE_LOOP('',(#155,#156,#157,#158));
#1083=EDGE_LOOP('',(#159,#160,#161,#162,#163,#164,#165,#166));
#1084=EDGE_LOOP('',(#167,#168,#169,#170));
#1085=EDGE_LOOP('',(#171,#172,#173,#174,#175,#176,#177,#178));
#1086=EDGE_LOOP('',(#179,#180,#181,#182));
#1087=EDGE_LOOP('',(#183,#184,#185,#186));
#1088=EDGE_LOOP('',(#187,#188,#189,#190));
#1089=EDGE_LOOP('',(#191,#192,#193,#194));
#1090=EDGE_LOOP('',(#195,#196,#197,#198));
#1091=EDGE_LOOP('',(#199,#200,#201,#202));
#1092=EDGE_LOOP('',(#203,#204,#205,#206,#207,#208));
#1093=EDGE_LOOP('',(#209,#210,#211,#212,#213,#214,#215,#216));
#1094=EDGE_LOOP('',(#217,#218,#219,#220,#221));
#1095=EDGE_LOOP('',(#222,#223,#224,#225));
#1096=EDGE_LOOP('',(#226,#227,#228,#229));
#1097=EDGE_LOOP('',(#230,#231,#232,#233));
#1098=EDGE_LOOP('',(#234,#235,#236,#237));
#1099=EDGE_LOOP('',(#238,#239,#240,#241));
#1100=EDGE_LOOP('',(#242,#243,#244,#245));
#1101=EDGE_LOOP('',(#246,#247,#248,#249));
#1102=EDGE_LOOP('',(#250,#251,#252,#253));
#1103=EDGE_LOOP('',(#254,#255,#256,#257));
#1104=EDGE_LOOP('',(#258,#259,#260,#261));
#1105=EDGE_LOOP('',(#262));
#1106=EDGE_LOOP('',(#263));
#1107=EDGE_LOOP('',(#264));
#1108=EDGE_LOOP('',(#265));
#1109=EDGE_LOOP('',(#266));
#1110=EDGE_LOOP('',(#267));
#1111=EDGE_LOOP('',(#268,#269,#270,#271));
#1112=EDGE_LOOP('',(#272,#273,#274,#275));
#1113=EDGE_LOOP('',(#276,#277,#278,#279));
#1114=EDGE_LOOP('',(#280,#281,#282,#283,#284));
#1115=EDGE_LOOP('',(#285,#286,#287));
#1116=EDGE_LOOP('',(#288,#289,#290,#291));
#1117=EDGE_LOOP('',(#292,#293,#294));
#1118=EDGE_LOOP('',(#295,#296,#297,#298));
#1119=EDGE_LOOP('',(#299,#300,#301,#302));
#1120=EDGE_LOOP('',(#303,#304,#305,#306));
#1121=EDGE_LOOP('',(#307,#308,#309,#310,#311,#312,#313,#314,#315,#316,#317,#318,#319,#320,#321,#322,#323,#324));
#1122=EDGE_LOOP('',(#325,#326,#327,#328));
#1123=EDGE_LOOP('',(#329,#330,#331,#332));
#1124=EDGE_LOOP('',(#333,#334,#335,#336));
#1125=EDGE_LOOP('',(#337,#338,#339,#340));
#1126=EDGE_LOOP('',(#341,#342,#343,#344));
#1127=EDGE_LOOP('',(#345,#346,#347,#348));
#1128=EDGE_LOOP('',(#349,#350,#351,#352));
#1129=EDGE_LOOP('',(#353,#354,#355,#356));
#1130=EDGE_LOOP('',(#357,#358,#359,#360));
#1131=EDGE_LOOP('',(#361,#362,#363,#364));
#1132=EDGE_LOOP('',(#365,#366,#367,#368));
#1133=EDGE_LOOP('',(#369,#370,#371,#372));
#1134=EDGE_LOOP('',(#373,#374,#375,#376));
#1135=EDGE_LOOP('',(#377,#378,#379,#380));
#1136=EDGE_LOOP('',(#381,#382,#383,#384));
#1137=EDGE_LOOP('',(#385,#386,#387,#388));
#1138=EDGE_LOOP('',(#389,#390,#391,#392));
#1139=EDGE_LOOP('',(#393,#394,#395,#396));
#1140=EDGE_LOOP('',(#397,#398,#399,#400));
#1141=EDGE_LOOP('',(#401,#402,#403,#404));
#1142=EDGE_LOOP('',(#405,#406,#407,#408));
#1143=EDGE_LOOP('',(#409,#410,#411,#412));
#1144=EDGE_LOOP('',(#413,#414,#415,#416));
#1145=EDGE_LOOP('',(#417,#418,#419,#420));
#1146=EDGE_LOOP('',(#421,#422,#423,#424));
#1147=EDGE_LOOP('',(#425,#426,#427,#428));
#1148=EDGE_LOOP('',(#429,#430,#431,#432));
#1149=FACE_BOUND('',#1062,.T.);
#1150=FACE_BOUND('',#1063,.T.);
#1151=FACE_BOUND('',#1064,.T.);
#1152=FACE_BOUND('',#1065,.T.);
#1153=FACE_BOUND('',#1066,.T.);
#1154=FACE_BOUND('',#1067,.T.);
#1155=FACE_BOUND('',#1068,.T.);
#1156=FACE_BOUND('',#1069,.T.);
#1157=FACE_BOUND('',#1070,.T.);
#1158=FACE_BOUND('',#1071,.T.);
#1159=FACE_BOUND('',#1072,.T.);
#1160=FACE_BOUND('',#1073,.T.);
#1161=FACE_BOUND('',#1074,.T.);
#1162=FACE_BOUND('',#1075,.T.);
#1163=FACE_BOUND('',#1076,.T.);
#1164=FACE_BOUND('',#1077,.T.);
#1165=FACE_BOUND('',#1078,.T.);
#1166=FACE_BOUND('',#1079,.T.);
#1167=FACE_BOUND('',#1080,.T.);
#1168=FACE_BOUND('',#1081,.T.);
#1169=FACE_BOUND('',#1082,.T.);
#1170=FACE_BOUND('',#1083,.T.);
#1171=FACE_BOUND('',#1084,.T.);
#1172=FACE_BOUND('',#1085,.T.);
#1173=FACE_BOUND('',#1086,.T.);
#1174=FACE_BOUND('',#1087,.T.);
#1175=FACE_BOUND('',#1088,.T.);
#1176=FACE_BOUND('',#1089,.T.);
#1177=FACE_BOUND('',#1090,.T.);
#1178=FACE_BOUND('',#1091,.T.);
#1179=FACE_BOUND('',#1092,.T.);
#1180=FACE_BOUND('',#1093,.T.);
#1181=FACE_BOUND('',#1094,.T.);
#1182=FACE_BOUND('',#1095,.T.);
#1183=FACE_BOUND('',#1096,.T.);
#1184=FACE_BOUND('',#1097,.T.);
#1185=FACE_BOUND('',#1098,.T.);
#1186=FACE_BOUND('',#1099,.T.);
#1187=FACE_BOUND('',#1100,.T.);
#1188=FACE_BOUND('',#1101,.T.);
#1189=FACE_BOUND('',#1102,.T.);
#1190=FACE_BOUND('',#1103,.T.);
#1191=FACE_BOUND('',#1104,.T.);
#1192=FACE_BOUND('',#16,.T.);
#1193=FACE_BOUND('',#1105,.T.);
#1194=FACE_BOUND('',#1106,.T.);
#1195=FACE_BOUND('',#1107,.T.);
#1196=FACE_BOUND('',#17,.T.);
#1197=FACE_BOUND('',#1108,.T.);
#1198=FACE_BOUND('',#1109,.T.);
#1199=FACE_BOUND('',#1110,.T.);
#1200=FACE_BOUND('',#1111,.T.);
#1201=FACE_BOUND('',#1112,.T.);
#1202=FACE_BOUND('',#1113,.T.);
#1203=FACE_BOUND('',#1114,.T.);
#1204=FACE_BOUND('',#1115,.T.);
#1205=FACE_BOUND('',#1116,.T.);
#1206=FACE_BOUND('',#1117,.T.);
#1207=FACE_BOUND('',#1118,.T.);
#1208=FACE_BOUND('',#1119,.T.);
#1209=FACE_BOUND('',#1120,.T.);
#1210=FACE_BOUND('',#1121,.T.);
#1211=FACE_BOUND('',#1122,.T.);
#1212=FACE_BOUND('',#1123,.T.);
#1213=FACE_BOUND('',#1124,.T.);
#1214=FACE_BOUND('',#1125,.T.);
#1215=FACE_BOUND('',#1126,.T.);
#1216=FACE_BOUND('',#1127,.T.);
#1217=FACE_BOUND('',#1128,.T.);
#1218=FACE_BOUND('',#1129,.T.);
#1219=FACE_BOUND('',#1130,.T.);
#1220=FACE_BOUND('',#1131,.T.);
#1221=FACE_BOUND('',#1132,.T.);
#1222=FACE_BOUND('',#1133,.T.);
#1223=FACE_BOUND('',#1134,.T.);
#1224=FACE_BOUND('',#1135,.T.);
#1225=FACE_BOUND('',#1136,.T.);
#1226=FACE_BOUND('',#1137,.T.);
#1227=FACE_BOUND('',#1138,.T.);
#1228=FACE_BOUND('',#1139,.T.);
#1229=FACE_BOUND('',#1140,.T.);
#1230=FACE_BOUND('',#1141,.T.);
#1231=FACE_BOUND('',#1142,.T.);
#1232=FACE_BOUND('',#1143,.T.);
#1233=FACE_BOUND('',#1144,.T.);
#1234=FACE_BOUND('',#1145,.T.);
#1235=FACE_BOUND('',#1146,.T.);
#1236=FACE_BOUND('',#1147,.T.);
#1237=FACE_BOUND('',#1148,.T.);
#1238=PLANE('',#1386);
#1239=PLANE('',#1387);
#1240=PLANE('',#1388);
#1241=PLANE('',#1389);
#1242=PLANE('',#1390);
#1243=PLANE('',#1391);
#1244=PLANE('',#1393);
#1245=PLANE('',#1394);
#1246=PLANE('',#1395);
#1247=PLANE('',#1396);
#1248=PLANE('',#1397);
#1249=PLANE('',#1409);
#1250=PLANE('',#1410);
#1251=PLANE('',#1411);
#1252=PLANE('',#1412);
#1253=PLANE('',#1413);
#1254=PLANE('',#1414);
#1255=PLANE('',#1415);
#1256=PLANE('',#1416);
#1257=PLANE('',#1417);
#1258=PLANE('',#1418);
#1259=PLANE('',#1419);
#1260=PLANE('',#1420);
#1261=PLANE('',#1421);
#1262=PLANE('',#1426);
#1263=PLANE('',#1428);
#1264=PLANE('',#1429);
#1265=PLANE('',#1430);
#1266=PLANE('',#1431);
#1267=PLANE('',#1432);
#1268=PLANE('',#1433);
#1269=PLANE('',#1451);
#1270=PLANE('',#1452);
#1271=PLANE('',#1453);
#1272=PLANE('',#1454);
#1273=PLANE('',#1455);
#1274=PLANE('',#1456);
#1275=PLANE('',#1457);
#1276=PLANE('',#1458);
#1277=PLANE('',#1459);
#1278=PLANE('',#1460);
#1279=PLANE('',#1461);
#1280=PLANE('',#1462);
#1281=PLANE('',#1463);
#1282=PLANE('',#1464);
#1283=PLANE('',#1465);
#1284=PLANE('',#1466);
#1285=PLANE('',#1467);
#1286=PLANE('',#1468);
#1287=PLANE('',#1469);
#1288=PLANE('',#1470);
#1289=PLANE('',#1471);
#1290=PLANE('',#1472);
#1291=PLANE('',#1473);
#1292=PLANE('',#1474);
#1293=PLANE('',#1475);
#1294=PLANE('',#1476);
#1295=PLANE('',#1477);
#1296=PLANE('',#1478);
#1297=ADVANCED_FACE('',(#1149),#1238,.F.);
#1298=ADVANCED_FACE('',(#1150,#1151,#1152),#1239,.T.);
#1299=ADVANCED_FACE('',(#1153),#1240,.T.);
#1300=ADVANCED_FACE('',(#1154),#1241,.F.);
#1301=ADVANCED_FACE('',(#1155,#1156),#1242,.F.);
#1302=ADVANCED_FACE('',(#1157),#1243,.T.);
#1303=ADVANCED_FACE('',(#1158),#1244,.F.);
#1304=ADVANCED_FACE('',(#1159),#1245,.F.);
#1305=ADVANCED_FACE('',(#1160),#1246,.F.);
#1306=ADVANCED_FACE('',(#1161),#1247,.T.);
#1307=ADVANCED_FACE('',(#1162,#1163,#1164),#1248,.T.);
#1308=ADVANCED_FACE('',(#1165),#24,.T.);
#1309=ADVANCED_FACE('',(#1166),#25,.T.);
#1310=ADVANCED_FACE('',(#1167),#1249,.F.);
#1311=ADVANCED_FACE('',(#1168),#1250,.T.);
#1312=ADVANCED_FACE('',(#1169),#1251,.T.);
#1313=ADVANCED_FACE('',(#1170),#1252,.T.);
#1314=ADVANCED_FACE('',(#1171),#1253,.F.);
#1315=ADVANCED_FACE('',(#1172),#1254,.F.);
#1316=ADVANCED_FACE('',(#1173),#1255,.T.);
#1317=ADVANCED_FACE('',(#1174),#1256,.T.);
#1318=ADVANCED_FACE('',(#1175),#1257,.F.);
#1319=ADVANCED_FACE('',(#1176),#1258,.F.);
#1320=ADVANCED_FACE('',(#1177),#1259,.T.);
#1321=ADVANCED_FACE('',(#1178),#1260,.T.);
#1322=ADVANCED_FACE('',(#1179,#1180),#1261,.T.);
#1323=ADVANCED_FACE('',(#1181),#1262,.T.);
#1324=ADVANCED_FACE('',(#1182),#1263,.F.);
#1325=ADVANCED_FACE('',(#1183),#20,.F.);
#1326=ADVANCED_FACE('',(#1184),#1264,.F.);
#1327=ADVANCED_FACE('',(#1185),#21,.F.);
#1328=ADVANCED_FACE('',(#1186),#1265,.T.);
#1329=ADVANCED_FACE('',(#1187),#22,.F.);
#1330=ADVANCED_FACE('',(#1188),#1266,.F.);
#1331=ADVANCED_FACE('',(#1189),#23,.F.);
#1332=ADVANCED_FACE('',(#1190),#1267,.T.);
#1333=ADVANCED_FACE('',(#1191),#1268,.F.);
#1334=ADVANCED_FACE('',(#1192,#1193),#18,.F.);
#1335=ADVANCED_FACE('',(#1194,#1195),#26,.F.);
#1336=ADVANCED_FACE('',(#1196,#1197),#19,.F.);
#1337=ADVANCED_FACE('',(#1198,#1199),#27,.F.);
#1338=ADVANCED_FACE('',(#1200),#28,.T.);
#1339=ADVANCED_FACE('',(#1201),#29,.T.);
#1340=ADVANCED_FACE('',(#1202),#13,.T.);
#1341=ADVANCED_FACE('',(#1203),#30,.T.);
#1342=ADVANCED_FACE('',(#1204),#14,.T.);
#1343=ADVANCED_FACE('',(#1205),#12,.T.);
#1344=ADVANCED_FACE('',(#1206),#15,.T.);
#1345=ADVANCED_FACE('',(#1207,#1208,#1209,#1210),#1269,.T.);
#1346=ADVANCED_FACE('',(#1211),#1270,.F.);
#1347=ADVANCED_FACE('',(#1212),#1271,.T.);
#1348=ADVANCED_FACE('',(#1213),#1272,.F.);
#1349=ADVANCED_FACE('',(#1214),#1273,.F.);
#1350=ADVANCED_FACE('',(#1215),#1274,.T.);
#1351=ADVANCED_FACE('',(#1216),#1275,.F.);
#1352=ADVANCED_FACE('',(#1217),#1276,.T.);
#1353=ADVANCED_FACE('',(#1218),#1277,.T.);
#1354=ADVANCED_FACE('',(#1219),#1278,.F.);
#1355=ADVANCED_FACE('',(#1220),#1279,.F.);
#1356=ADVANCED_FACE('',(#1221),#1280,.T.);
#1357=ADVANCED_FACE('',(#1222),#1281,.F.);
#1358=ADVANCED_FACE('',(#1223),#1282,.F.);
#1359=ADVANCED_FACE('',(#1224),#1283,.T.);
#1360=ADVANCED_FACE('',(#1225),#1284,.F.);
#1361=ADVANCED_FACE('',(#1226),#1285,.T.);
#1362=ADVANCED_FACE('',(#1227),#1286,.T.);
#1363=ADVANCED_FACE('',(#1228),#1287,.F.);
#1364=ADVANCED_FACE('',(#1229),#1288,.F.);
#1365=ADVANCED_FACE('',(#1230),#1289,.T.);
#1366=ADVANCED_FACE('',(#1231),#1290,.T.);
#1367=ADVANCED_FACE('',(#1232),#1291,.F.);
#1368=ADVANCED_FACE('',(#1233),#1292,.F.);
#1369=ADVANCED_FACE('',(#1234),#1293,.F.);
#1370=ADVANCED_FACE('',(#1235),#1294,.T.);
#1371=ADVANCED_FACE('',(#1236),#1295,.F.);
#1372=ADVANCED_FACE('',(#1237),#1296,.T.);
#1373=CLOSED_SHELL('',(#1297,#1298,#1299,#1300,#1301,#1302,#1303,#1304,#1305,#1306,#1307,#1308,#1309,#1310,#1311,#1312,#1313,#1314,#1315,#1316,#1317,#1318,#1319,#1320,#1321,#1322,#1323,#1324,#1325,#1326,#1327,#1328,#1329,#1330,#1331,#1332,#1333,#1334,#1335,#1336,#1337,#1338,#1339,#1340,#1341,#1342,#1343,#1344,#1345,#1346,#1347,#1348,#1349,#1350,#1351,#1352,#1353,#1354,#1355,#1356,#1357,#1358,#1359,#1360,#1361,#1362,#1363,#1364,#1365,#1366,#1367,#1368,#1369,#1370,#1371,#1372));
#1374=STYLED_ITEM('',(#1375),#1382);
#1375=PRESENTATION_STYLE_ASSIGNMENT((#1376));
#1376=SURFACE_STYLE_USAGE(.BOTH.,#1377);
#1377=SURFACE_SIDE_STYLE('',(#1378));
#1378=SURFACE_STYLE_FILL_AREA(#1379);
#1379=FILL_AREA_STYLE('',(#1380));
#1380=FILL_AREA_STYLE_COLOUR('',#1381);
#1381=COLOUR_RGB('',0.0823529411764706,0.0823529411764706,0.0823529411764706);
#1382=MANIFOLD_SOLID_BREP('Bottom Case',#1373);
#1383=SHAPE_DEFINITION_REPRESENTATION(#2335,#1384);
#1384=SHAPE_REPRESENTATION('Bottom Case',(#1385),#2330);
#1385=AXIS2_PLACEMENT_3D('',#1826,#1479,#1480);
#1386=AXIS2_PLACEMENT_3D('',#1827,#1481,#1482);
#1387=AXIS2_PLACEMENT_3D('',#1836,#1487,#1488);
#1388=AXIS2_PLACEMENT_3D('',#1901,#1505,#1506);
#1389=AXIS2_PLACEMENT_3D('',#1907,#1510,#1511);
#1390=AXIS2_PLACEMENT_3D('',#1918,#1518,#1519);
#1391=AXIS2_PLACEMENT_3D('',#1939,#1530,#1531);
#1392=AXIS2_PLACEMENT_3D('',#1947,#1535,#1536);
#1393=AXIS2_PLACEMENT_3D('',#1950,#1538,#1539);
#1394=AXIS2_PLACEMENT_3D('',#1956,#1543,#1544);
#1395=AXIS2_PLACEMENT_3D('',#1965,#1549,#1550);
#1396=AXIS2_PLACEMENT_3D('',#1971,#1554,#1555);
#1397=AXIS2_PLACEMENT_3D('',#1977,#1559,#1560);
#1398=AXIS2_PLACEMENT_3D('',#1978,#1561,#1562);
#1399=AXIS2_PLACEMENT_3D('',#1980,#1563,#1564);
#1400=AXIS2_PLACEMENT_3D('',#1985,#1568,#1569);
#1401=AXIS2_PLACEMENT_3D('',#1989,#1571,#1572);
#1402=AXIS2_PLACEMENT_3D('',#1990,#1573,#1574);
#1403=AXIS2_PLACEMENT_3D('',#1991,#1575,#1576);
#1404=AXIS2_PLACEMENT_3D('',#1992,#1577,#1578);
#1405=AXIS2_PLACEMENT_3D('',#1994,#1579,#1580);
#1406=AXIS2_PLACEMENT_3D('',#1995,#1581,#1582);
#1407=AXIS2_PLACEMENT_3D('',#1996,#1583,#1584);
#1408=AXIS2_PLACEMENT_3D('',#1997,#1585,#1586);
#1409=AXIS2_PLACEMENT_3D('',#1998,#1587,#1588);
#1410=AXIS2_PLACEMENT_3D('',#2004,#1592,#1593);
#1411=AXIS2_PLACEMENT_3D('',#2010,#1597,#1598);
#1412=AXIS2_PLACEMENT_3D('',#2013,#1601,#1602);
#1413=AXIS2_PLACEMENT_3D('',#2014,#1603,#1604);
#1414=AXIS2_PLACEMENT_3D('',#2023,#1609,#1610);
#1415=AXIS2_PLACEMENT_3D('',#2031,#1616,#1617);
#1416=AXIS2_PLACEMENT_3D('',#2034,#1620,#1621);
#1417=AXIS2_PLACEMENT_3D('',#2035,#1622,#1623);
#1418=AXIS2_PLACEMENT_3D('',#2036,#1624,#1625);
#1419=AXIS2_PLACEMENT_3D('',#2042,#1629,#1630);
#1420=AXIS2_PLACEMENT_3D('',#2044,#1632,#1633);
#1421=AXIS2_PLACEMENT_3D('',#2046,#1635,#1636);
#1422=AXIS2_PLACEMENT_3D('',#2047,#1637,#1638);
#1423=AXIS2_PLACEMENT_3D('',#2052,#1640,#1641);
#1424=AXIS2_PLACEMENT_3D('',#2056,#1643,#1644);
#1425=AXIS2_PLACEMENT_3D('',#2060,#1646,#1647);
#1426=AXIS2_PLACEMENT_3D('',#2063,#1649,#1650);
#1427=AXIS2_PLACEMENT_3D('',#2068,#1653,#1654);
#1428=AXIS2_PLACEMENT_3D('',#2071,#1656,#1657);
#1429=AXIS2_PLACEMENT_3D('',#2083,#1661,#1662);
#1430=AXIS2_PLACEMENT_3D('',#2094,#1665,#1666);
#1431=AXIS2_PLACEMENT_3D('',#2105,#1669,#1670);
#1432=AXIS2_PLACEMENT_3D('',#2115,#1672,#1673);
#1433=AXIS2_PLACEMENT_3D('',#2116,#1674,#1675);
#1434=AXIS2_PLACEMENT_3D('',#2117,#1676,#1677);
#1435=AXIS2_PLACEMENT_3D('',#2119,#1678,#1679);
#1436=AXIS2_PLACEMENT_3D('',#2121,#1680,#1681);
#1437=AXIS2_PLACEMENT_3D('',#2122,#1682,#1683);
#1438=AXIS2_PLACEMENT_3D('',#2124,#1684,#1685);
#1439=AXIS2_PLACEMENT_3D('',#2126,#1686,#1687);
#1440=AXIS2_PLACEMENT_3D('',#2127,#1688,#1689);
#1441=AXIS2_PLACEMENT_3D('',#2128,#1690,#1691);
#1442=AXIS2_PLACEMENT_3D('',#2129,#1692,#1693);
#1443=AXIS2_PLACEMENT_3D('',#2130,#1694,#1695);
#1444=AXIS2_PLACEMENT_3D('',#2143,#1696,#1697);
#1445=AXIS2_PLACEMENT_3D('',#2145,#1698,#1699);
#1446=AXIS2_PLACEMENT_3D('',#2146,#1700,#1701);
#1447=AXIS2_PLACEMENT_3D('',#2147,#1702,#1703);
#1448=AXIS2_PLACEMENT_3D('',#2148,#1704,#1705);
#1449=AXIS2_PLACEMENT_3D('',#2176,#1706,#1707);
#1450=AXIS2_PLACEMENT_3D('',#2177,#1708,#1709);
#1451=AXIS2_PLACEMENT_3D('',#2205,#1710,#1711);
#1452=AXIS2_PLACEMENT_3D('',#2230,#1724,#1725);
#1453=AXIS2_PLACEMENT_3D('',#2239,#1730,#1731);
#1454=AXIS2_PLACEMENT_3D('',#2245,#1735,#1736);
#1455=AXIS2_PLACEMENT_3D('',#2249,#1739,#1740);
#1456=AXIS2_PLACEMENT_3D('',#2253,#1743,#1744);
#1457=AXIS2_PLACEMENT_3D('',#2255,#1746,#1747);
#1458=AXIS2_PLACEMENT_3D('',#2258,#1750,#1751);
#1459=AXIS2_PLACEMENT_3D('',#2260,#1753,#1754);
#1460=AXIS2_PLACEMENT_3D('',#2262,#1756,#1757);
#1461=AXIS2_PLACEMENT_3D('',#2263,#1758,#1759);
#1462=AXIS2_PLACEMENT_3D('',#2272,#1764,#1765);
#1463=AXIS2_PLACEMENT_3D('',#2278,#1769,#1770);
#1464=AXIS2_PLACEMENT_3D('',#2282,#1773,#1774);
#1465=AXIS2_PLACEMENT_3D('',#2286,#1777,#1778);
#1466=AXIS2_PLACEMENT_3D('',#2288,#1780,#1781);
#1467=AXIS2_PLACEMENT_3D('',#2291,#1784,#1785);
#1468=AXIS2_PLACEMENT_3D('',#2293,#1787,#1788);
#1469=AXIS2_PLACEMENT_3D('',#2295,#1790,#1791);
#1470=AXIS2_PLACEMENT_3D('',#2296,#1792,#1793);
#1471=AXIS2_PLACEMENT_3D('',#2302,#1797,#1798);
#1472=AXIS2_PLACEMENT_3D('',#2306,#1801,#1802);
#1473=AXIS2_PLACEMENT_3D('',#2310,#1805,#1806);
#1474=AXIS2_PLACEMENT_3D('',#2312,#1808,#1809);
#1475=AXIS2_PLACEMENT_3D('',#2321,#1814,#1815);
#1476=AXIS2_PLACEMENT_3D('',#2324,#1818,#1819);
#1477=AXIS2_PLACEMENT_3D('',#2326,#1821,#1822);
#1478=AXIS2_PLACEMENT_3D('',#2328,#1824,#1825);
#1479=DIRECTION('',(0.,0.,1.));
#1480=DIRECTION('',(1.,0.,0.));
#1481=DIRECTION('',(0.,0.,-1.));
#1482=DIRECTION('',(1.,0.,0.));
#1483=DIRECTION('',(0.,1.,0.));
#1484=DIRECTION('',(-1.,0.,0.));
#1485=DIRECTION('',(0.,-1.,0.));
#1486=DIRECTION('',(1.,0.,0.));
#1487=DIRECTION('',(0.,-1.,0.));
#1488=DIRECTION('',(0.,0.,-1.));
#1489=DIRECTION('',(1.,0.,0.));
#1490=DIRECTION('',(0.,0.,-1.));
#1491=DIRECTION('',(1.,0.,0.));
#1492=DIRECTION('',(0.,0.,1.));
#1493=DIRECTION('',(-1.,0.,0.));
#1494=DIRECTION('',(0.,0.,1.));
#1495=DIRECTION('',(-1.,0.,0.));
#1496=DIRECTION('',(0.,0.,1.));
#1497=DIRECTION('',(-1.,0.,0.));
#1498=DIRECTION('',(0.,0.,1.));
#1499=DIRECTION('',(-1.,0.,0.));
#1500=DIRECTION('',(0.,0.,-1.));
#1501=DIRECTION('',(1.,0.,0.));
#1502=DIRECTION('',(0.,0.,-1.));
#1503=DIRECTION('',(1.,0.,0.));
#1504=DIRECTION('',(0.,0.,1.));
#1505=DIRECTION('',(0.,1.,0.));
#1506=DIRECTION('',(0.,0.,1.));
#1507=DIRECTION('',(0.,0.,1.));
#1508=DIRECTION('',(-1.,0.,0.));
#1509=DIRECTION('',(0.,0.,1.));
#1510=DIRECTION('',(0.,0.,-1.));
#1511=DIRECTION('',(1.,0.,0.));
#1512=DIRECTION('',(0.,1.,0.));
#1513=DIRECTION('',(1.,0.,0.));
#1514=DIRECTION('',(0.,-1.,0.));
#1515=DIRECTION('',(1.,0.,0.));
#1516=DIRECTION('',(0.,1.,0.));
#1517=DIRECTION('',(0.,-1.,0.));
#1518=DIRECTION('',(0.,-1.,0.));
#1519=DIRECTION('',(0.,0.,-1.));
#1520=DIRECTION('',(-1.,0.,0.));
#1521=DIRECTION('',(-1.,0.,0.));
#1522=DIRECTION('',(1.,0.,0.));
#1523=DIRECTION('',(0.,0.,-1.));
#1524=DIRECTION('',(1.,0.,0.));
#1525=DIRECTION('',(0.,0.,-1.));
#1526=DIRECTION('',(0.,0.,-1.));
#1527=DIRECTION('',(1.,0.,0.));
#1528=DIRECTION('',(0.,0.,1.));
#1529=DIRECTION('',(1.,0.,0.));
#1530=DIRECTION('',(0.,-1.,0.));
#1531=DIRECTION('',(0.,0.,-1.));
#1532=DIRECTION('',(1.,0.,0.));
#1533=DIRECTION('',(0.,0.,-1.));
#1534=DIRECTION('',(-1.,0.,0.));
#1535=DIRECTION('',(0.,-1.,0.));
#1536=DIRECTION('',(0.,0.,1.));
#1537=DIRECTION('',(0.,0.,1.));
#1538=DIRECTION('',(0.,0.,-1.));
#1539=DIRECTION('',(1.,0.,0.));
#1540=DIRECTION('',(0.,1.,0.));
#1541=DIRECTION('',(1.,0.,0.));
#1542=DIRECTION('',(0.,-1.,0.));
#1543=DIRECTION('',(0.,0.0199960011996002,0.999800059980007));
#1544=DIRECTION('',(1.,0.,0.));
#1545=DIRECTION('',(1.,0.,0.));
#1546=DIRECTION('',(0.,-0.999800059980007,0.0199960011996002));
#1547=DIRECTION('',(-1.,0.,0.));
#1548=DIRECTION('',(0.,0.999800059980007,-0.0199960011996002));
#1549=DIRECTION('',(0.,1.,0.));
#1550=DIRECTION('',(0.,0.,1.));
#1551=DIRECTION('',(0.,0.,1.));
#1552=DIRECTION('',(0.,0.,-1.));
#1553=DIRECTION('',(1.,0.,0.));
#1554=DIRECTION('',(0.,1.,0.));
#1555=DIRECTION('',(0.,0.,1.));
#1556=DIRECTION('',(0.,0.,1.));
#1557=DIRECTION('',(1.,0.,0.));
#1558=DIRECTION('',(0.,0.,-1.));
#1559=DIRECTION('',(0.,0.,1.));
#1560=DIRECTION('',(1.,0.,0.));
#1561=DIRECTION('',(0.,0.,1.));
#1562=DIRECTION('',(1.,0.,0.));
#1563=DIRECTION('',(0.,0.,1.));
#1564=DIRECTION('',(1.,0.,0.));
#1565=DIRECTION('',(0.,-1.,0.));
#1566=DIRECTION('',(0.,-1.,0.));
#1567=DIRECTION('',(0.,-1.,0.));
#1568=DIRECTION('',(0.,0.,1.));
#1569=DIRECTION('',(1.,0.,0.));
#1570=DIRECTION('',(0.,-1.,0.));
#1571=DIRECTION('',(0.,0.,1.));
#1572=DIRECTION('',(1.,0.,0.));
#1573=DIRECTION('',(-1.,0.,0.));
#1574=DIRECTION('',(0.,0.,1.));
#1575=DIRECTION('',(-1.,0.,0.));
#1576=DIRECTION('',(0.,0.,1.));
#1577=DIRECTION('',(1.,0.,0.));
#1578=DIRECTION('',(0.,0.,-1.));
#1579=DIRECTION('',(-0.970142500145332,0.242487132458615,-0.00484974264917229));
#1580=DIRECTION('',(-0.242535625036333,-0.969948529834457,0.0193989705966897));
#1581=DIRECTION('',(-1.,0.,0.));
#1582=DIRECTION('',(0.,0.,1.));
#1583=DIRECTION('',(-1.,0.,0.));
#1584=DIRECTION('',(0.,0.,1.));
#1585=DIRECTION('',(0.970142500145332,0.242487132458614,-0.00484974264917228));
#1586=DIRECTION('',(-0.242535625036332,0.969948529834457,-0.0193989705966897));
#1587=DIRECTION('',(0.,1.,0.));
#1588=DIRECTION('',(0.,0.,1.));
#1589=DIRECTION('',(0.,0.,1.));
#1590=DIRECTION('',(0.,0.,-1.));
#1591=DIRECTION('',(1.,0.,0.));
#1592=DIRECTION('',(0.,1.,0.));
#1593=DIRECTION('',(0.,0.,1.));
#1594=DIRECTION('',(0.,0.,1.));
#1595=DIRECTION('',(1.,0.,0.));
#1596=DIRECTION('',(0.,0.,-1.));
#1597=DIRECTION('',(0.,0.,1.));
#1598=DIRECTION('',(1.,0.,0.));
#1599=DIRECTION('',(0.,-1.,0.));
#1600=DIRECTION('',(0.,1.,0.));
#1601=DIRECTION('',(-1.,0.,0.));
#1602=DIRECTION('',(0.,0.,1.));
#1603=DIRECTION('',(0.,1.,0.));
#1604=DIRECTION('',(0.,0.,1.));
#1605=DIRECTION('',(0.,0.,-1.));
#1606=DIRECTION('',(1.,0.,0.));
#1607=DIRECTION('',(0.,0.,-1.));
#1608=DIRECTION('',(1.,0.,0.));
#1609=DIRECTION('',(0.,0.,-1.));
#1610=DIRECTION('',(1.,0.,0.));
#1611=DIRECTION('',(1.,0.,0.));
#1612=DIRECTION('',(0.,-1.,0.));
#1613=DIRECTION('',(0.,1.,0.));
#1614=DIRECTION('',(0.,1.,0.));
#1615=DIRECTION('',(0.,1.,0.));
#1616=DIRECTION('',(0.,0.,-1.));
#1617=DIRECTION('',(1.,0.,0.));
#1618=DIRECTION('',(0.,1.,0.));
#1619=DIRECTION('',(0.,1.,0.));
#1620=DIRECTION('',(-1.,0.,0.));
#1621=DIRECTION('',(0.,0.,1.));
#1622=DIRECTION('',(-1.,0.,0.));
#1623=DIRECTION('',(0.,0.,1.));
#1624=DIRECTION('',(0.,0.,-1.));
#1625=DIRECTION('',(1.,0.,0.));
#1626=DIRECTION('',(0.,1.,0.));
#1627=DIRECTION('',(0.,-1.,0.));
#1628=DIRECTION('',(1.,0.,0.));
#1629=DIRECTION('',(-1.,0.,0.));
#1630=DIRECTION('',(0.,0.,1.));
#1631=DIRECTION('',(0.,0.,-1.));
#1632=DIRECTION('',(1.,0.,0.));
#1633=DIRECTION('',(0.,0.,-1.));
#1634=DIRECTION('',(0.,0.,-1.));
#1635=DIRECTION('',(0.,1.,0.));
#1636=DIRECTION('',(0.,0.,1.));
#1637=DIRECTION('',(0.,1.,0.));
#1638=DIRECTION('',(0.,0.,1.));
#1639=DIRECTION('',(-1.,0.,0.));
#1640=DIRECTION('',(0.,1.,0.));
#1641=DIRECTION('',(0.,0.,1.));
#1642=DIRECTION('',(0.,0.,-1.));
#1643=DIRECTION('',(0.,1.,0.));
#1644=DIRECTION('',(0.,0.,1.));
#1645=DIRECTION('',(-1.,0.,0.));
#1646=DIRECTION('',(0.,1.,0.));
#1647=DIRECTION('',(0.,0.,1.));
#1648=DIRECTION('',(0.,0.,1.));
#1649=DIRECTION('',(1.,0.,0.));
#1650=DIRECTION('',(0.,0.,-1.));
#1651=DIRECTION('',(0.,0.,1.));
#1652=DIRECTION('',(0.,-0.999800059980007,0.0199960011996002));
#1653=DIRECTION('',(1.,0.,0.));
#1654=DIRECTION('',(0.,0.,-1.));
#1655=DIRECTION('',(0.,0.,1.));
#1656=DIRECTION('',(0.,0.,-1.));
#1657=DIRECTION('',(-1.,0.,0.));
#1658=DIRECTION('',(0.,1.,0.));
#1659=DIRECTION('',(0.,1.,0.));
#1660=DIRECTION('',(0.,1.,0.));
#1661=DIRECTION('',(-1.,0.,0.));
#1662=DIRECTION('',(0.,0.,1.));
#1663=DIRECTION('',(0.,1.,0.));
#1664=DIRECTION('',(0.,1.,0.));
#1665=DIRECTION('',(0.,0.,-1.));
#1666=DIRECTION('',(-1.,0.,0.));
#1667=DIRECTION('',(0.,1.,0.));
#1668=DIRECTION('',(0.,1.,0.));
#1669=DIRECTION('',(1.,0.,0.));
#1670=DIRECTION('',(0.,0.,-1.));
#1671=DIRECTION('',(0.,1.,0.));
#1672=DIRECTION('',(0.,1.,0.));
#1673=DIRECTION('',(0.,0.,1.));
#1674=DIRECTION('',(1.,0.,0.));
#1675=DIRECTION('',(0.,0.,-1.));
#1676=DIRECTION('',(0.,0.,1.));
#1677=DIRECTION('',(1.,0.,0.));
#1678=DIRECTION('',(0.,0.,-1.));
#1679=DIRECTION('',(-1.,0.,0.));
#1680=DIRECTION('',(0.,0.,-1.));
#1681=DIRECTION('',(-1.,0.,0.));
#1682=DIRECTION('',(0.,0.,1.));
#1683=DIRECTION('',(1.,0.,0.));
#1684=DIRECTION('',(0.,0.,-1.));
#1685=DIRECTION('',(-1.,0.,0.));
#1686=DIRECTION('',(0.,0.,-1.));
#1687=DIRECTION('',(-1.,0.,0.));
#1688=DIRECTION('',(0.,0.,1.));
#1689=DIRECTION('',(1.,0.,0.));
#1690=DIRECTION('',(0.,0.,1.));
#1691=DIRECTION('',(1.,0.,0.));
#1692=DIRECTION('',(0.,0.,-1.));
#1693=DIRECTION('',(-1.,0.,0.));
#1694=DIRECTION('',(0.,0.,1.));
#1695=DIRECTION('',(1.,0.,0.));
#1696=DIRECTION('',(0.,0.999887541469852,-0.0149968134407067));
#1697=DIRECTION('',(0.,0.0149968134407067,0.999887541469852));
#1698=DIRECTION('',(-0.0199920047968032,0.,-0.999800139900072));
#1699=DIRECTION('',(-0.999800139900073,0.,0.0199920047968032));
#1700=DIRECTION('',(0.,-0.999800059980007,0.0199960011996002));
#1701=DIRECTION('',(0.,-0.0199960011996002,-0.999800059980007));
#1702=DIRECTION('',(-0.24253562503633,0.969948529834457,-0.0193989705966892));
#1703=DIRECTION('',(-0.970142500145333,-0.242487132458612,0.00484974264917306));
#1704=DIRECTION('',(0.242535625036335,0.969948529834456,-0.0193989705966891));
#1705=DIRECTION('',(-0.970142500145331,0.242487132458616,-0.00484974264917305));
#1706=DIRECTION('',(0.,-0.0199960011996007,-0.999800059980007));
#1707=DIRECTION('',(0.,0.999800059980007,-0.0199960011996007));
#1708=DIRECTION('',(1.,0.,0.));
#1709=DIRECTION('',(0.,0.,-1.));
#1710=DIRECTION('',(-1.,0.,0.));
#1711=DIRECTION('',(0.,-1.,0.));
#1712=DIRECTION('',(0.,1.,0.));
#1713=DIRECTION('',(0.,0.,-1.));
#1714=DIRECTION('',(0.,1.,0.));
#1715=DIRECTION('',(0.,0.,-1.));
#1716=DIRECTION('',(0.,1.,0.));
#1717=DIRECTION('',(0.,0.,-1.));
#1718=DIRECTION('',(0.,1.,0.));
#1719=DIRECTION('',(0.,0.,-1.));
#1720=DIRECTION('',(0.,1.,0.));
#1721=DIRECTION('',(0.,0.,-1.));
#1722=DIRECTION('',(0.,1.,0.));
#1723=DIRECTION('',(0.,0.,-1.));
#1724=DIRECTION('',(1.,0.,0.));
#1725=DIRECTION('',(0.,1.,0.));
#1726=DIRECTION('',(0.,1.,0.));
#1727=DIRECTION('',(0.,0.,-1.));
#1728=DIRECTION('',(0.,-1.,0.));
#1729=DIRECTION('',(0.,0.,1.));
#1730=DIRECTION('',(-0.274721127897378,0.,-0.961523947640823));
#1731=DIRECTION('',(0.,1.,0.));
#1732=DIRECTION('',(0.927172649945531,0.264906471413009,-0.264906471413008));
#1733=DIRECTION('',(0.,1.,0.));
#1734=DIRECTION('',(-0.927172649945531,0.264906471413009,0.264906471413008));
#1735=DIRECTION('',(0.274721127897378,-0.961523947640823,0.));
#1736=DIRECTION('',(0.,0.,1.));
#1737=DIRECTION('',(-0.927172649945531,-0.264906471413009,-0.264906471413008));
#1738=DIRECTION('',(0.,0.,1.));
#1739=DIRECTION('',(0.274721127897378,0.,-0.961523947640823));
#1740=DIRECTION('',(0.,-1.,0.));
#1741=DIRECTION('',(-0.927172649945531,0.264906471413009,-0.264906471413008));
#1742=DIRECTION('',(0.,-1.,0.));
#1743=DIRECTION('',(-0.274721127897378,-0.961523947640823,0.));
#1744=DIRECTION('',(0.,0.,-1.));
#1745=DIRECTION('',(0.,0.,-1.));
#1746=DIRECTION('',(0.,1.,0.));
#1747=DIRECTION('',(0.,0.,1.));
#1748=DIRECTION('',(-1.,0.,0.));
#1749=DIRECTION('',(-1.,0.,0.));
#1750=DIRECTION('',(0.,0.,1.));
#1751=DIRECTION('',(1.,0.,0.));
#1752=DIRECTION('',(-1.,0.,0.));
#1753=DIRECTION('',(0.,1.,0.));
#1754=DIRECTION('',(0.,0.,1.));
#1755=DIRECTION('',(-1.,0.,0.));
#1756=DIRECTION('',(0.,0.,1.));
#1757=DIRECTION('',(1.,0.,0.));
#1758=DIRECTION('',(1.,0.,0.));
#1759=DIRECTION('',(0.,1.,0.));
#1760=DIRECTION('',(0.,1.,0.));
#1761=DIRECTION('',(0.,0.,-1.));
#1762=DIRECTION('',(0.,-1.,0.));
#1763=DIRECTION('',(0.,0.,1.));
#1764=DIRECTION('',(-0.274721127897378,0.,-0.961523947640823));
#1765=DIRECTION('',(0.,1.,0.));
#1766=DIRECTION('',(0.927172649945531,0.264906471413009,-0.264906471413009));
#1767=DIRECTION('',(0.,1.,0.));
#1768=DIRECTION('',(-0.927172649945531,0.264906471413009,0.264906471413009));
#1769=DIRECTION('',(0.274721127897378,-0.961523947640823,0.));
#1770=DIRECTION('',(0.,0.,1.));
#1771=DIRECTION('',(-0.927172649945531,-0.264906471413009,-0.264906471413009));
#1772=DIRECTION('',(0.,0.,1.));
#1773=DIRECTION('',(0.274721127897378,0.,-0.961523947640823));
#1774=DIRECTION('',(0.,-1.,0.));
#1775=DIRECTION('',(-0.927172649945531,0.264906471413009,-0.264906471413009));
#1776=DIRECTION('',(0.,-1.,0.));
#1777=DIRECTION('',(-0.274721127897378,-0.961523947640823,0.));
#1778=DIRECTION('',(0.,0.,-1.));
#1779=DIRECTION('',(0.,0.,-1.));
#1780=DIRECTION('',(0.,1.,0.));
#1781=DIRECTION('',(0.,0.,1.));
#1782=DIRECTION('',(-1.,0.,0.));
#1783=DIRECTION('',(-1.,0.,0.));
#1784=DIRECTION('',(0.,0.,1.));
#1785=DIRECTION('',(1.,0.,0.));
#1786=DIRECTION('',(-1.,0.,0.));
#1787=DIRECTION('',(0.,1.,0.));
#1788=DIRECTION('',(0.,0.,1.));
#1789=DIRECTION('',(-1.,0.,0.));
#1790=DIRECTION('',(0.,0.,1.));
#1791=DIRECTION('',(1.,0.,0.));
#1792=DIRECTION('',(0.,0.,1.));
#1793=DIRECTION('',(1.,0.,0.));
#1794=DIRECTION('',(-1.,0.,0.));
#1795=DIRECTION('',(-1.,0.,0.));
#1796=DIRECTION('',(0.,1.,0.));
#1797=DIRECTION('',(0.,1.,0.));
#1798=DIRECTION('',(0.,0.,1.));
#1799=DIRECTION('',(-1.,0.,0.));
#1800=DIRECTION('',(0.,0.,1.));
#1801=DIRECTION('',(0.,0.,1.));
#1802=DIRECTION('',(1.,0.,0.));
#1803=DIRECTION('',(-1.,0.,0.));
#1804=DIRECTION('',(0.,-1.,0.));
#1805=DIRECTION('',(0.,1.,0.));
#1806=DIRECTION('',(0.,0.,1.));
#1807=DIRECTION('',(0.,0.,-1.));
#1808=DIRECTION('',(1.,0.,0.));
#1809=DIRECTION('',(0.,1.,0.));
#1810=DIRECTION('',(0.,1.,0.));
#1811=DIRECTION('',(0.,0.,-1.));
#1812=DIRECTION('',(0.,-1.,0.));
#1813=DIRECTION('',(0.,0.,1.));
#1814=DIRECTION('',(0.274721127897378,-0.961523947640823,0.));
#1815=DIRECTION('',(0.,0.,1.));
#1816=DIRECTION('',(-0.927172649945531,-0.264906471413009,-0.264906471413009));
#1817=DIRECTION('',(0.927172649945531,0.264906471413009,-0.264906471413009));
#1818=DIRECTION('',(-0.274721127897378,0.,-0.961523947640823));
#1819=DIRECTION('',(0.,1.,0.));
#1820=DIRECTION('',(-0.927172649945531,0.264906471413009,0.264906471413009));
#1821=DIRECTION('',(0.274721127897378,0.,-0.961523947640823));
#1822=DIRECTION('',(0.,-1.,0.));
#1823=DIRECTION('',(-0.927172649945531,0.264906471413009,-0.264906471413009));
#1824=DIRECTION('',(-0.274721127897378,-0.961523947640823,0.));
#1825=DIRECTION('',(0.,0.,-1.));
#1826=CARTESIAN_POINT('',(0.,0.,0.));
#1827=CARTESIAN_POINT('',(0.14881,-0.0954975,-0.01326));
#1828=CARTESIAN_POINT('',(0.08891,-0.0954975,-0.01326));
#1829=CARTESIAN_POINT('',(0.08891,-0.155149489641189,-0.01326));
#1830=CARTESIAN_POINT('',(0.08891,-0.117851293705354,-0.01326));
#1831=CARTESIAN_POINT('',(0.148259338573553,-0.155149489641189,-0.01326));
#1832=CARTESIAN_POINT('',(0.293646931648255,-0.155149489641189,-0.01326));
#1833=CARTESIAN_POINT('',(0.293646931648255,-0.0949651189148426,-0.01326));
#1834=CARTESIAN_POINT('',(0.293646931648255,-0.117851293705354,-0.01326));
#1835=CARTESIAN_POINT('',(0.148259338573553,-0.117851293705354,-0.01326));
#1836=CARTESIAN_POINT('',(0.148259338573553,-0.0347807481884956,-0.01326));
#1837=CARTESIAN_POINT('',(0.148259338573553,-0.0347807481884956,-0.00766050601899624));
#1838=CARTESIAN_POINT('',(0.147838625974128,-0.0347807481884956,-0.00766050601060211));
#1839=CARTESIAN_POINT('',(0.153905931926027,-0.0347807481884956,-0.00766050600239274));
#1840=CARTESIAN_POINT('',(0.147838625974123,-0.0347807481884956,-0.00766050600220799));
#1841=CARTESIAN_POINT('',(0.147530050874647,-0.0347807481884956,-0.007660445291136));
#1842=CARTESIAN_POINT('',(0.147308466553552,-0.0347807481884956,-0.00744083610488615));
#1843=CARTESIAN_POINT('',(0.147204891972604,-0.0347807481884956,-0.00733818475606412));
#1844=CARTESIAN_POINT('',(0.147145886990059,-0.0347807481884956,-0.00719751859327005));
#1845=CARTESIAN_POINT('',(0.147088827427422,-0.0347807481884956,-0.00706149025497496));
#1846=CARTESIAN_POINT('',(0.147088796656046,-0.0347807481884956,-0.006910668782647));
#1847=CARTESIAN_POINT('',(0.147088796647744,-0.0347807481884956,-0.00691066878264264));
#1848=CARTESIAN_POINT('',(0.147088796639442,-0.0347807481884956,-0.01326));
#1849=CARTESIAN_POINT('',(0.147088796647837,-0.0347807481884956,-0.00591033535368185));
#1850=CARTESIAN_POINT('',(0.147088796656231,-0.0347807481884956,-0.0059103353536771));
#1851=CARTESIAN_POINT('',(0.147088857367303,-0.0347807481884956,-0.00560176025420223));
#1852=CARTESIAN_POINT('',(0.147308466553552,-0.0347807481884956,-0.00538017593310633));
#1853=CARTESIAN_POINT('',(0.147411117902372,-0.0347807481884956,-0.00527660135215972));
#1854=CARTESIAN_POINT('',(0.147551784065169,-0.0347807481884956,-0.00521759636961277));
#1855=CARTESIAN_POINT('',(0.147687812403462,-0.0347807481884956,-0.00516053680697631));
#1856=CARTESIAN_POINT('',(0.147838633875792,-0.0347807481884956,-0.00516050603559974));
#1857=CARTESIAN_POINT('',(0.147838633875796,-0.0347807481884956,-0.00516050602729799));
#1858=CARTESIAN_POINT('',(0.148259338573553,-0.0347807481884956,-0.00516050601899624));
#1859=CARTESIAN_POINT('',(0.15390593982769,-0.0347807481884956,-0.00516050602739036));
#1860=CARTESIAN_POINT('',(0.153905939827696,-0.0347807481884956,-0.00516050603578448));
#1861=CARTESIAN_POINT('',(0.154214514927171,-0.0347807481884956,-0.00516056674685648));
#1862=CARTESIAN_POINT('',(0.154436099248266,-0.0347807481884956,-0.00538017593310633));
#1863=CARTESIAN_POINT('',(0.154539673829214,-0.0347807481884956,-0.00548282728192836));
#1864=CARTESIAN_POINT('',(0.15459867881176,-0.0347807481884956,-0.00562349344472242));
#1865=CARTESIAN_POINT('',(0.154655738374396,-0.0347807481884956,-0.0057595217830175));
#1866=CARTESIAN_POINT('',(0.154655769145773,-0.0347807481884956,-0.00591034325534545));
#1867=CARTESIAN_POINT('',(0.154655769154075,-0.0347807481884956,-0.00591034325534981));
#1868=CARTESIAN_POINT('',(0.154655769162376,-0.0347807481884956,-0.01326));
#1869=CARTESIAN_POINT('',(0.154655769153982,-0.0347807481884956,-0.00691067668431058));
#1870=CARTESIAN_POINT('',(0.154655769145588,-0.0347807481884956,-0.00691067668431533));
#1871=CARTESIAN_POINT('',(0.154655708434516,-0.0347807481884956,-0.00721925178379027));
#1872=CARTESIAN_POINT('',(0.154436099248266,-0.0347807481884956,-0.00744083610488615));
#1873=CARTESIAN_POINT('',(0.154333447899446,-0.0347807481884956,-0.0075444106858328));
#1874=CARTESIAN_POINT('',(0.15419278173665,-0.0347807481884956,-0.0076034156683797));
#1875=CARTESIAN_POINT('',(0.154056753398356,-0.0347807481884956,-0.00766047523101615));
#1876=CARTESIAN_POINT('',(0.153905931926027,-0.0347807481884956,-0.00766050600239274));
#1877=CARTESIAN_POINT('',(0.150838796639442,-0.0347807481884956,-0.0111605060189962));
#1878=CARTESIAN_POINT('',(0.161338796639443,-0.0347807481884956,-0.0111605060189962));
#1879=CARTESIAN_POINT('',(0.140338796639442,-0.0347807481884956,-0.0111605060189962));
#1880=CARTESIAN_POINT('',(0.161338796639443,-0.0347807481884956,-0.00418050601899624));
#1881=CARTESIAN_POINT('',(0.161338796639443,-0.0347807481884956,-0.00418050601899624));
#1882=CARTESIAN_POINT('',(0.150838796639442,-0.0347807481884956,-0.00418050601899624));
#1883=CARTESIAN_POINT('',(0.164338796639443,-0.0347807481884956,-0.00418050601899624));
#1884=CARTESIAN_POINT('',(0.164338796639443,-0.0347807481884956,-0.00418050601899624));
#1885=CARTESIAN_POINT('',(0.164338796639443,-0.0347807481884956,-0.0131605060189962));
#1886=CARTESIAN_POINT('',(0.150838796639442,-0.0347807481884956,-0.0131605060189962));
#1887=CARTESIAN_POINT('',(0.137338796639442,-0.0347807481884956,-0.0131605060189962));
#1888=CARTESIAN_POINT('',(0.137338796639442,-0.0347807481884956,-0.00418050601899624));
#1889=CARTESIAN_POINT('',(0.137338796639442,-0.0347807481884956,-0.00418050601899624));
#1890=CARTESIAN_POINT('',(0.150838796639442,-0.0347807481884956,-0.00418050601899624));
#1891=CARTESIAN_POINT('',(0.140338796639442,-0.0347807481884956,-0.00418050601899624));
#1892=CARTESIAN_POINT('',(0.140338796639442,-0.0347807481884956,-0.00418050601899624));
#1893=CARTESIAN_POINT('',(0.148259338573553,-0.0347807481884956,0.00474));
#1894=CARTESIAN_POINT('',(0.08891,-0.0347807481884956,0.00474));
#1895=CARTESIAN_POINT('',(0.293646931648255,-0.0347807481884956,0.00474));
#1896=CARTESIAN_POINT('',(0.08891,-0.0347807481884956,-0.01326));
#1897=CARTESIAN_POINT('',(0.08891,-0.0347807481884956,-0.01326));
#1898=CARTESIAN_POINT('',(0.148259338573553,-0.0347807481884956,-0.01326));
#1899=CARTESIAN_POINT('',(0.293646931648255,-0.0347807481884956,-0.01326));
#1900=CARTESIAN_POINT('',(0.293646931648255,-0.0347807481884956,-0.01326));
#1901=CARTESIAN_POINT('',(0.148259338573553,-0.155149489641189,-0.01326));
#1902=CARTESIAN_POINT('',(0.08891,-0.155149489641189,-0.01326));
#1903=CARTESIAN_POINT('',(0.08891,-0.155149489641189,0.00474));
#1904=CARTESIAN_POINT('',(0.148259338573553,-0.155149489641189,0.00474));
#1905=CARTESIAN_POINT('',(0.293646931648255,-0.155149489641189,0.00474));
#1906=CARTESIAN_POINT('',(0.293646931648255,-0.155149489641189,-0.01326));
#1907=CARTESIAN_POINT('',(0.14881,-0.0954975,0.00474));
#1908=CARTESIAN_POINT('',(0.08891,-0.0954975,0.00474));
#1909=CARTESIAN_POINT('',(0.08891,-0.158089339733124,0.00474));
#1910=CARTESIAN_POINT('',(0.148741501034237,-0.158089339733124,0.00474));
#1911=CARTESIAN_POINT('',(0.298905372619629,-0.158089339733124,0.00474));
#1912=CARTESIAN_POINT('',(0.298905372619629,-0.0954351779073477,0.00474));
#1913=CARTESIAN_POINT('',(0.298905372619629,-0.0327810160815716,0.00474));
#1914=CARTESIAN_POINT('',(0.148741501034237,-0.0327810160815716,0.00474));
#1915=CARTESIAN_POINT('',(0.08891,-0.0327810160815716,0.00474));
#1916=CARTESIAN_POINT('',(0.08891,-0.0954975,0.00474));
#1917=CARTESIAN_POINT('',(0.293646931648255,-0.0949651189148426,0.00474));
#1918=CARTESIAN_POINT('',(0.14881,-0.0267975,-0.01326));
#1919=CARTESIAN_POINT('',(0.150838796639442,-0.0267975,-0.00418050601899624));
#1920=CARTESIAN_POINT('',(0.164338796639443,-0.0268015752214193,-0.00418050601899624));
#1921=CARTESIAN_POINT('',(0.161338796639443,-0.0268015752214193,-0.00418050601899624));
#1922=CARTESIAN_POINT('',(0.150838796639442,-0.0267975,-0.00418050601899624));
#1923=CARTESIAN_POINT('',(0.140338796639442,-0.0268015752214193,-0.00418050601899624));
#1924=CARTESIAN_POINT('',(0.162838796639443,-0.0268056504428386,-0.00418050601899624));
#1925=CARTESIAN_POINT('',(0.137338796639442,-0.0268015752214193,-0.00418050601899624));
#1926=CARTESIAN_POINT('',(0.137338796639442,-0.0268056504428386,-0.00418050601899624));
#1927=CARTESIAN_POINT('',(0.137338796639442,-0.0268015752214193,-0.0131605060189962));
#1928=CARTESIAN_POINT('',(0.150838796639442,-0.0268056504428386,-0.0131605060189962));
#1929=CARTESIAN_POINT('',(0.164338796639443,-0.0268015752214193,-0.0131605060189962));
#1930=CARTESIAN_POINT('',(0.164338796639443,-0.0268056504428386,-0.00418050601899624));
#1931=CARTESIAN_POINT('',(0.08891,-0.0267975,-0.01326));
#1932=CARTESIAN_POINT('',(0.08891,-0.0267975,0.00634));
#1933=CARTESIAN_POINT('',(0.08891,-0.0267975,-0.013427200079984));
#1934=CARTESIAN_POINT('',(0.14881,-0.0267975,0.00634));
#1935=CARTESIAN_POINT('',(0.30201,-0.0267975,0.00634));
#1936=CARTESIAN_POINT('',(0.30201,-0.0267975,-0.017508));
#1937=CARTESIAN_POINT('',(0.30201,-0.0267975,-0.013427200079984));
#1938=CARTESIAN_POINT('',(-0.00439,-0.0267975,-0.013427200079984));
#1939=CARTESIAN_POINT('',(0.14881,-0.1641975,-0.01326));
#1940=CARTESIAN_POINT('',(0.14881,-0.1641975,0.00634));
#1941=CARTESIAN_POINT('',(0.08891,-0.1641975,0.00634));
#1942=CARTESIAN_POINT('',(0.30201,-0.1641975,0.00634));
#1943=CARTESIAN_POINT('',(0.08891,-0.1641975,-0.01326));
#1944=CARTESIAN_POINT('',(0.08891,-0.1641975,-0.010839200079984));
#1945=CARTESIAN_POINT('',(0.14881,-0.1641975,-0.010839200079984));
#1946=CARTESIAN_POINT('',(0.30200980005998,-0.1641975,-0.010839200079984));
#1947=CARTESIAN_POINT('',(0.30101,-0.1641975,-0.010819200079984));
#1948=CARTESIAN_POINT('',(0.30201,-0.1641975,-0.010819200079984));
#1949=CARTESIAN_POINT('',(0.30201,-0.1641975,-0.01326));
#1950=CARTESIAN_POINT('',(0.14881,-0.0954975,-0.01326));
#1951=CARTESIAN_POINT('',(0.08891,-0.0954975,-0.01326));
#1952=CARTESIAN_POINT('',(0.08891,-0.102717165262389,-0.01326));
#1953=CARTESIAN_POINT('',(0.148259338573553,-0.102717165262389,-0.01326));
#1954=CARTESIAN_POINT('',(0.293646931648255,-0.102717165262389,-0.01326));
#1955=CARTESIAN_POINT('',(0.293646931648255,-0.0949651189148426,-0.01326));
#1956=CARTESIAN_POINT('',(0.14881,-0.1641975,-0.01476));
#1957=CARTESIAN_POINT('',(0.14881,-0.160277484004798,-0.014838400319904));
#1958=CARTESIAN_POINT('',(0.30101,-0.160277484004798,-0.014838400319904));
#1959=CARTESIAN_POINT('',(0.08891,-0.160277484004798,-0.014838400319904));
#1960=CARTESIAN_POINT('',(0.08891,-0.1641975,-0.01476));
#1961=CARTESIAN_POINT('',(0.08891,-0.0308774840047985,-0.017426400319904));
#1962=CARTESIAN_POINT('',(0.30201,-0.0308774840047985,-0.017426400319904));
#1963=CARTESIAN_POINT('',(0.30101,-0.0308774840047985,-0.017426400319904));
#1964=CARTESIAN_POINT('',(0.30101,-0.1641975,-0.01476));
#1965=CARTESIAN_POINT('',(0.148741501034237,-0.0327810160815716,0.00634));
#1966=CARTESIAN_POINT('',(0.08891,-0.0327810160815716,0.00634));
#1967=CARTESIAN_POINT('',(0.08891,-0.0327810160815716,0.00634));
#1968=CARTESIAN_POINT('',(0.298905372619629,-0.0327810160815716,0.00634));
#1969=CARTESIAN_POINT('',(0.298905372619629,-0.0327810160815716,0.00634));
#1970=CARTESIAN_POINT('',(0.148741501034237,-0.0327810160815716,0.00634));
#1971=CARTESIAN_POINT('',(0.148741501034237,-0.158089339733124,0.00634));
#1972=CARTESIAN_POINT('',(0.08891,-0.158089339733124,0.00634));
#1973=CARTESIAN_POINT('',(0.08891,-0.158089339733124,0.00634));
#1974=CARTESIAN_POINT('',(0.148741501034237,-0.158089339733124,0.00634));
#1975=CARTESIAN_POINT('',(0.298905372619629,-0.158089339733124,0.00634));
#1976=CARTESIAN_POINT('',(0.298905372619629,-0.158089339733124,0.00634));
#1977=CARTESIAN_POINT('',(0.14881,-0.0954975,0.00634));
#1978=CARTESIAN_POINT('',(0.301414065240977,-0.160996659774631,0.00634));
#1979=CARTESIAN_POINT('',(0.302814065240977,-0.160996659774631,0.00634));
#1980=CARTESIAN_POINT('',(0.301414065240977,-0.0300369753237257,0.00634));
#1981=CARTESIAN_POINT('',(0.302814065240977,-0.0300369753237257,0.00634));
#1982=CARTESIAN_POINT('',(0.08891,-0.0954975,0.00634));
#1983=CARTESIAN_POINT('',(0.298905372619629,-0.0954351779073477,0.00634));
#1984=CARTESIAN_POINT('',(0.08891,-0.0954975,0.00634));
#1985=CARTESIAN_POINT('',(0.30201,-0.1611975,0.00634));
#1986=CARTESIAN_POINT('',(0.30501,-0.1611975,0.00634));
#1987=CARTESIAN_POINT('',(0.30501,-0.0954975,0.00634));
#1988=CARTESIAN_POINT('',(0.30501,-0.0297975,0.00634));
#1989=CARTESIAN_POINT('',(0.30201,-0.0297975,0.00634));
#1990=CARTESIAN_POINT('',(0.14881,-0.0307975,-0.013427200079984));
#1991=CARTESIAN_POINT('',(0.08891,-0.0307975,-0.013427200079984));
#1992=CARTESIAN_POINT('',(0.30201,-0.0307975,-0.013427200079984));
#1993=CARTESIAN_POINT('',(0.30201,-0.02679829976008,-0.0135071840847824));
#1994=CARTESIAN_POINT('',(0.30101,-0.0307975,-0.013427200079984));
#1995=CARTESIAN_POINT('',(0.14881,-0.1601975,-0.010839200079984));
#1996=CARTESIAN_POINT('',(0.08891,-0.1601975,-0.010839200079984));
#1997=CARTESIAN_POINT('',(0.30101,-0.1601975,-0.010839200079984));
#1998=CARTESIAN_POINT('',(0.148259338573553,-0.117851293705354,0.00434));
#1999=CARTESIAN_POINT('',(0.08891,-0.117851293705354,0.00434));
#2000=CARTESIAN_POINT('',(0.08891,-0.117851293705354,0.00434));
#2001=CARTESIAN_POINT('',(0.293646931648255,-0.117851293705354,0.00434));
#2002=CARTESIAN_POINT('',(0.293646931648255,-0.117851293705354,0.00434));
#2003=CARTESIAN_POINT('',(0.148259338573553,-0.117851293705354,0.00434));
#2004=CARTESIAN_POINT('',(0.148259338573553,-0.102717165262389,0.00434));
#2005=CARTESIAN_POINT('',(0.08891,-0.102717165262389,0.00434));
#2006=CARTESIAN_POINT('',(0.08891,-0.102717165262389,0.00434));
#2007=CARTESIAN_POINT('',(0.148259338573553,-0.102717165262389,0.00434));
#2008=CARTESIAN_POINT('',(0.293646931648255,-0.102717165262389,0.00434));
#2009=CARTESIAN_POINT('',(0.293646931648255,-0.102717165262389,0.00434));
#2010=CARTESIAN_POINT('',(0.148259338573553,-0.110284229483871,0.00434));
#2011=CARTESIAN_POINT('',(0.08891,-0.110284229483871,0.00434));
#2012=CARTESIAN_POINT('',(0.293646931648255,-0.110284229483871,0.00434));
#2013=CARTESIAN_POINT('',(0.293646931648255,-0.0949651189148426,-0.01326));
#2014=CARTESIAN_POINT('',(0.150838796639442,-0.0820047228966236,-0.00418050601899624));
#2015=CARTESIAN_POINT('',(0.137338796639442,-0.0820047228966236,-0.00418050601899624));
#2016=CARTESIAN_POINT('',(0.137338796639442,-0.0820047228966236,-0.00418050601899624));
#2017=CARTESIAN_POINT('',(0.137338796639442,-0.0820047228966236,-0.0131605060189962));
#2018=CARTESIAN_POINT('',(0.150838796639442,-0.0820047228966236,-0.0131605060189962));
#2019=CARTESIAN_POINT('',(0.164338796639443,-0.0820047228966236,-0.0131605060189962));
#2020=CARTESIAN_POINT('',(0.164338796639443,-0.0820047228966236,-0.00418050601899624));
#2021=CARTESIAN_POINT('',(0.164338796639443,-0.0820047228966236,-0.00418050601899624));
#2022=CARTESIAN_POINT('',(0.150838796639442,-0.0820047228966236,-0.00418050601899624));
#2023=CARTESIAN_POINT('',(0.150838796639442,-0.0544051866697311,-0.00418050601899624));
#2024=CARTESIAN_POINT('',(0.150838796639442,-0.0803047228966236,-0.00418050601899624));
#2025=CARTESIAN_POINT('',(0.140338796639442,-0.0803047228966236,-0.00418050601899624));
#2026=CARTESIAN_POINT('',(0.161338796639443,-0.0803047228966236,-0.00418050601899624));
#2027=CARTESIAN_POINT('',(0.140338796639442,-0.0529051866697311,-0.00418050601899624));
#2028=CARTESIAN_POINT('',(0.137338796639442,-0.0544051866697311,-0.00418050601899624));
#2029=CARTESIAN_POINT('',(0.164338796639443,-0.0544051866697311,-0.00418050601899624));
#2030=CARTESIAN_POINT('',(0.161338796639443,-0.0529051866697311,-0.00418050601899624));
#2031=CARTESIAN_POINT('',(0.150838796639442,-0.0544051866697311,-0.0131605060189962));
#2032=CARTESIAN_POINT('',(0.164338796639443,-0.0544051866697311,-0.0131605060189962));
#2033=CARTESIAN_POINT('',(0.137338796639442,-0.0544051866697311,-0.0131605060189962));
#2034=CARTESIAN_POINT('',(0.137338796639442,-0.0544051866697311,-0.00418050601899624));
#2035=CARTESIAN_POINT('',(0.164338796639443,-0.0544051866697311,-0.00418050601899624));
#2036=CARTESIAN_POINT('',(0.150838796639442,-0.0544051866697311,-0.0111605060189962));
#2037=CARTESIAN_POINT('',(0.161338796639443,-0.0529051866697311,-0.0111605060189962));
#2038=CARTESIAN_POINT('',(0.161338796639443,-0.0803047228966236,-0.0111605060189962));
#2039=CARTESIAN_POINT('',(0.140338796639442,-0.0529051866697311,-0.0111605060189962));
#2040=CARTESIAN_POINT('',(0.140338796639442,-0.0803047228966236,-0.0111605060189962));
#2041=CARTESIAN_POINT('',(0.150838796639442,-0.0803047228966236,-0.0111605060189962));
#2042=CARTESIAN_POINT('',(0.161338796639443,-0.0529051866697311,-0.00418050601899624));
#2043=CARTESIAN_POINT('',(0.161338796639443,-0.0803047228966236,-0.00418050601899624));
#2044=CARTESIAN_POINT('',(0.140338796639442,-0.0529051866697311,-0.00418050601899624));
#2045=CARTESIAN_POINT('',(0.140338796639442,-0.0803047228966236,-0.00418050601899624));
#2046=CARTESIAN_POINT('',(0.138838796639442,-0.0268056504428386,-0.00418050601899624));
#2047=CARTESIAN_POINT('',(0.147838796639442,-0.0268056504428386,-0.00691050601899624));
#2048=CARTESIAN_POINT('',(0.147838796639442,-0.0268015752214193,-0.00766050601899624));
#2049=CARTESIAN_POINT('',(0.147088796639442,-0.0268015752214193,-0.00691050601899624));
#2050=CARTESIAN_POINT('',(0.138838796639442,-0.0268056504428386,-0.00766050601899624));
#2051=CARTESIAN_POINT('',(0.153905769162376,-0.0268015752214193,-0.00766050601899624));
#2052=CARTESIAN_POINT('',(0.153905769162376,-0.0268056504428386,-0.00691050601899624));
#2053=CARTESIAN_POINT('',(0.154655769162376,-0.0268015752214193,-0.00691050601899624));
#2054=CARTESIAN_POINT('',(0.154655769162376,-0.0268056504428386,-0.00418050601899624));
#2055=CARTESIAN_POINT('',(0.154655769162376,-0.0268015752214193,-0.00591050601899624));
#2056=CARTESIAN_POINT('',(0.153905769162376,-0.0268056504428386,-0.00591050601899624));
#2057=CARTESIAN_POINT('',(0.153905769162376,-0.0268015752214193,-0.00516050601899624));
#2058=CARTESIAN_POINT('',(0.138838796639442,-0.0268056504428386,-0.00516050601899624));
#2059=CARTESIAN_POINT('',(0.147838796639442,-0.0268015752214193,-0.00516050601899624));
#2060=CARTESIAN_POINT('',(0.147838796639442,-0.0268056504428386,-0.00591050601899624));
#2061=CARTESIAN_POINT('',(0.147088796639442,-0.0268015752214193,-0.00591050601899624));
#2062=CARTESIAN_POINT('',(0.147088796639442,-0.0268056504428386,-0.00418050601899624));
#2063=CARTESIAN_POINT('',(0.30501,-0.0954975,-0.01326));
#2064=CARTESIAN_POINT('',(0.30501,-0.1611975,-0.01326));
#2065=CARTESIAN_POINT('',(0.30501,-0.1611975,-0.010819200079984));
#2066=CARTESIAN_POINT('',(0.30501,-0.0954749730123948,-0.0121336506197361));
#2067=CARTESIAN_POINT('',(0.30501,-0.02979769994002,-0.0134471960811836));
#2068=CARTESIAN_POINT('',(0.30501,-0.0307975,-0.013427200079984));
#2069=CARTESIAN_POINT('',(0.30501,-0.0297975,-0.013427200079984));
#2070=CARTESIAN_POINT('',(0.30501,-0.0297975,0.00634));
#2071=CARTESIAN_POINT('',(0.14881,-0.0373975,-0.00766050601899624));
#2072=CARTESIAN_POINT('',(0.153905931926018,-0.0374014161011285,-0.00766050595400664));
#2073=CARTESIAN_POINT('',(0.147838625974133,-0.0374014100092999,-0.00766050595392077));
#2074=CARTESIAN_POINT('',(0.147838625974123,-0.0347807481884956,-0.00766050600220799));
#2075=CARTESIAN_POINT('',(0.147838625974123,-0.0267975,-0.00766050600220799));
#2076=CARTESIAN_POINT('',(0.147427191107265,-0.0347807481884956,-0.00766042505383638));
#2077=CARTESIAN_POINT('',(0.147427191107265,-0.0267975,-0.00766042505383638));
#2078=CARTESIAN_POINT('',(0.147088878734908,-0.0347807481884956,-0.00731296651197114));
#2079=CARTESIAN_POINT('',(0.147088878734908,-0.0267975,-0.00731296651197114));
#2080=CARTESIAN_POINT('',(0.147088796656046,-0.0347807481884956,-0.006910668782647));
#2081=CARTESIAN_POINT('',(0.147088796656046,-0.0267975,-0.006910668782647));
#2082=CARTESIAN_POINT('',(0.147088796704432,-0.0374014161011285,-0.00691066878263828));
#2083=CARTESIAN_POINT('',(0.147088796639442,-0.0373975,-0.01326));
#2084=CARTESIAN_POINT('',(0.147088796704518,-0.0374014100092999,-0.0059103353536866));
#2085=CARTESIAN_POINT('',(0.147088796656231,-0.0347807481884956,-0.0059103353536771));
#2086=CARTESIAN_POINT('',(0.147088796656231,-0.0267975,-0.0059103353536771));
#2087=CARTESIAN_POINT('',(0.147088877604602,-0.0347807481884956,-0.00549890048681997));
#2088=CARTESIAN_POINT('',(0.147088877604602,-0.0267975,-0.00549890048681997));
#2089=CARTESIAN_POINT('',(0.147436336146463,-0.0347807481884956,-0.00516058811446246));
#2090=CARTESIAN_POINT('',(0.147436336146463,-0.0267975,-0.00516058811446246));
#2091=CARTESIAN_POINT('',(0.147838633875792,-0.0347807481884956,-0.00516050603559974));
#2092=CARTESIAN_POINT('',(0.147838633875792,-0.0267975,-0.00516050603559974));
#2093=CARTESIAN_POINT('',(0.1478386338758,-0.0374014161011285,-0.00516050608398583));
#2094=CARTESIAN_POINT('',(0.14881,-0.0373975,-0.00516050601899624));
#2095=CARTESIAN_POINT('',(0.153905939827686,-0.0374014100092998,-0.00516050608407171));
#2096=CARTESIAN_POINT('',(0.153905939827696,-0.0347807481884957,-0.00516050603578448));
#2097=CARTESIAN_POINT('',(0.153905939827696,-0.0267975,-0.00516050603578448));
#2098=CARTESIAN_POINT('',(0.154317374694553,-0.0347807481884957,-0.0051605869841561));
#2099=CARTESIAN_POINT('',(0.154317374694553,-0.0267975,-0.0051605869841561));
#2100=CARTESIAN_POINT('',(0.15465568706691,-0.0347807481884957,-0.00550804552602132));
#2101=CARTESIAN_POINT('',(0.15465568706691,-0.0267975,-0.00550804552602132));
#2102=CARTESIAN_POINT('',(0.154655769145773,-0.0347807481884957,-0.00591034325534545));
#2103=CARTESIAN_POINT('',(0.154655769145773,-0.0267975,-0.00591034325534545));
#2104=CARTESIAN_POINT('',(0.154655769097386,-0.0374014161011285,-0.00591034325535417));
#2105=CARTESIAN_POINT('',(0.154655769162376,-0.0373975,-0.01326));
#2106=CARTESIAN_POINT('',(0.1546557690973,-0.0374014100092999,-0.00691067668430583));
#2107=CARTESIAN_POINT('',(0.154655769145588,-0.0347807481884956,-0.00691067668431533));
#2108=CARTESIAN_POINT('',(0.154655769145588,-0.0267975,-0.00691067668431533));
#2109=CARTESIAN_POINT('',(0.154655688197216,-0.0347807481884956,-0.00732211155117253));
#2110=CARTESIAN_POINT('',(0.154655688197216,-0.0267975,-0.00732211155117253));
#2111=CARTESIAN_POINT('',(0.154308229655355,-0.0347807481884956,-0.00766042392352997));
#2112=CARTESIAN_POINT('',(0.154308229655355,-0.0267975,-0.00766042392352997));
#2113=CARTESIAN_POINT('',(0.153905931926027,-0.0347807481884956,-0.00766050600239274));
#2114=CARTESIAN_POINT('',(0.153905931926027,-0.0267975,-0.00766050600239274));
#2115=CARTESIAN_POINT('',(0.150838796639442,-0.0803047228966236,-0.00418050601899624));
#2116=CARTESIAN_POINT('',(0.298905372619629,-0.0954351779073477,0.00634));
#2117=CARTESIAN_POINT('',(0.301414065240977,-0.160996659774631,-0.00606));
#2118=CARTESIAN_POINT('',(0.301414065240977,-0.160996659774631,-0.00690120486663858));
#2119=CARTESIAN_POINT('',(0.301414065240977,-0.160996659774631,-0.00606));
#2120=CARTESIAN_POINT('',(0.300014065240977,-0.160996659774631,-0.00606));
#2121=CARTESIAN_POINT('',(0.301414065240977,-0.160996659774631,0.00794));
#2122=CARTESIAN_POINT('',(0.301414065240977,-0.0300369753237257,-0.00606));
#2123=CARTESIAN_POINT('',(0.301414065240977,-0.0300369753237257,-0.00690120486663858));
#2124=CARTESIAN_POINT('',(0.301414065240977,-0.0300369753237257,-0.00606));
#2125=CARTESIAN_POINT('',(0.300014065240977,-0.0300369753237257,-0.00606));
#2126=CARTESIAN_POINT('',(0.301414065240977,-0.0300369753237257,0.00794));
#2127=CARTESIAN_POINT('',(0.30201,-0.1611975,-0.01326));
#2128=CARTESIAN_POINT('',(0.30201,-0.1611975,-0.010819200079984));
#2129=CARTESIAN_POINT('',(0.30201,-0.0297975,-0.01326));
#2130=CARTESIAN_POINT('',(0.30201,-0.0297975,-0.013427200079984));
#2131=CARTESIAN_POINT('',(0.30500920023992,-0.161198699520192,-0.0108991760895802));
#2132=CARTESIAN_POINT('',(0.305008001438889,-0.1641975,-0.0108991521183533));
#2133=CARTESIAN_POINT('',(0.30200980005998,-0.1641975,-0.010839200079984));
#2134=CARTESIAN_POINT('',(0.305009733395717,-0.161198299733293,-0.0108725209644698));
#2135=CARTESIAN_POINT('',(0.305008933884617,-0.1641975,-0.010872511194347));
#2136=CARTESIAN_POINT('',(0.302009933348928,-0.1641975,-0.0108325342997719));
#2137=CARTESIAN_POINT('',(0.30501,-0.161197899866847,-0.0108458605355864));
#2138=CARTESIAN_POINT('',(0.30500960015966,-0.1641975,-0.0108458587589272));
#2139=CARTESIAN_POINT('',(0.302009999999998,-0.1641975,-0.0108258671932188));
#2140=CARTESIAN_POINT('',(0.30501,-0.1611975,-0.010819200079984));
#2141=CARTESIAN_POINT('',(0.30501,-0.1641975,-0.010819200079984));
#2142=CARTESIAN_POINT('',(0.30201,-0.1641975,-0.010819200079984));
#2143=CARTESIAN_POINT('',(0.30101,-0.1611975,-0.010819200079984));
#2144=CARTESIAN_POINT('',(0.30500920023992,-0.161198699520192,-0.0108991760895802));
#2145=CARTESIAN_POINT('',(0.30200980005998,-0.1611975,-0.010839200079984));
#2146=CARTESIAN_POINT('',(0.30101,-0.0954749730123948,-0.0121336506197361));
#2147=CARTESIAN_POINT('',(0.30101,-0.0307975,-0.013427200079984));
#2148=CARTESIAN_POINT('',(0.30101,-0.1601975,-0.010839200079984));
#2149=CARTESIAN_POINT('',(0.30101,-0.0308774840047985,-0.017426400319904));
#2150=CARTESIAN_POINT('',(0.30101,-0.0308774840047984,-0.017426400319904));
#2151=CARTESIAN_POINT('',(0.30101,-0.0308774840047984,-0.017426400319904));
#2152=CARTESIAN_POINT('',(0.301140899715705,-0.0303539898303034,-0.0174368702033939));
#2153=CARTESIAN_POINT('',(0.301337249273354,-0.0305503001612032,-0.0174329439266957));
#2154=CARTESIAN_POINT('',(0.301533598862821,-0.030746610461183,-0.0174290177907763));
#2155=CARTESIAN_POINT('',(0.301402658627462,-0.0293029999513512,-0.0172496279136097));
#2156=CARTESIAN_POINT('',(0.302017454713803,-0.0298692335907129,-0.0173966888685033));
#2157=CARTESIAN_POINT('',(0.302580634509846,-0.0304807403091951,-0.0172260731064528));
#2158=CARTESIAN_POINT('',(0.301679981291675,-0.0281791023980736,-0.0165303748910855));
#2159=CARTESIAN_POINT('',(0.302947498147088,-0.0289341002315945,-0.0171514920553581));
#2160=CARTESIAN_POINT('',(0.3036899251667,-0.0301886444048829,-0.0164901840509493));
#2161=CARTESIAN_POINT('',(0.301846822293053,-0.0274956025628247,-0.0157302563767255));
#2162=CARTESIAN_POINT('',(0.303762643695967,-0.0281081540133977,-0.0166196092337357));
#2163=CARTESIAN_POINT('',(0.304357289172209,-0.0300055674991822,-0.0156800570779984));
#2164=CARTESIAN_POINT('',(0.301939836959585,-0.0271097018645028,-0.0150418749823739));
#2165=CARTESIAN_POINT('',(0.304383657147656,-0.0274730766705729,-0.0159226241898288));
#2166=CARTESIAN_POINT('',(0.304729347838349,-0.0298986550084057,-0.0149860959194959));
#2167=CARTESIAN_POINT('',(0.301997107063676,-0.0268655658116494,-0.0142913837306195));
#2168=CARTESIAN_POINT('',(0.304880007004321,-0.0269553749792032,-0.0148599954567749));
#2169=CARTESIAN_POINT('',(0.304958428254665,-0.0298262949160239,-0.0142321691485319));
#2170=CARTESIAN_POINT('',(0.30200999999998,-0.0268035347026974,-0.0137689312156558));
#2171=CARTESIAN_POINT('',(0.305009999998745,-0.0268074609174462,-0.013965241890914));
#2172=CARTESIAN_POINT('',(0.30501,-0.0298029348826507,-0.0137089432120569));
#2173=CARTESIAN_POINT('',(0.30201,-0.02679829976008,-0.0135071840847824));
#2174=CARTESIAN_POINT('',(0.30501,-0.02679829976008,-0.0135071840847824));
#2175=CARTESIAN_POINT('',(0.30501,-0.02979769994002,-0.0134471960811836));
#2176=CARTESIAN_POINT('',(0.30201,-0.02979769994002,-0.0134471960811836));
#2177=CARTESIAN_POINT('',(0.30201,-0.0307975,-0.013427200079984));
#2178=CARTESIAN_POINT('',(0.30101,-0.160277484004798,-0.014838400319904));
#2179=CARTESIAN_POINT('',(0.30101,-0.160277484004798,-0.014838400319904));
#2180=CARTESIAN_POINT('',(0.30101,-0.160277484004798,-0.014838400319904));
#2181=CARTESIAN_POINT('',(0.3015269330838,-0.16040669143683,-0.0148358161712634));
#2182=CARTESIAN_POINT('',(0.301333083160984,-0.160600502572479,-0.0148319401183032));
#2183=CARTESIAN_POINT('',(0.30113923327095,-0.16079431373294,-0.0148280637253412));
#2184=CARTESIAN_POINT('',(0.302560647622079,-0.160661011470118,-0.0146278020780449));
#2185=CARTESIAN_POINT('',(0.302003992336182,-0.161270304820297,-0.0147698853697734));
#2186=CARTESIAN_POINT('',(0.30139766190552,-0.161823764659305,-0.0146045470142612));
#2187=CARTESIAN_POINT('',(0.303660750433662,-0.160921514068134,-0.0138988968524281));
#2188=CARTESIAN_POINT('',(0.302919209883882,-0.162180236007506,-0.0144964160692987));
#2189=CARTESIAN_POINT('',(0.301672687608415,-0.162909179400057,-0.0138591435457897));
#2190=CARTESIAN_POINT('',(0.304328536832691,-0.161072516470671,-0.0131000176922427));
#2191=CARTESIAN_POINT('',(0.303721816474887,-0.16297218879423,-0.0139557005940561));
#2192=CARTESIAN_POINT('',(0.301839634208173,-0.163560921463949,-0.0130502495923771));
#2193=CARTESIAN_POINT('',(0.304705223247644,-0.161153033889528,-0.0124163668264294));
#2194=CARTESIAN_POINT('',(0.304337788940537,-0.163574492931075,-0.0132661250444481));
#2195=CARTESIAN_POINT('',(0.301933805811909,-0.163923897208005,-0.0123609495600598));
#2196=CARTESIAN_POINT('',(0.30494344268685,-0.161197744918387,-0.0116735797897571));
#2197=CARTESIAN_POINT('',(0.304844065259497,-0.164060085945988,-0.0122268975853548));
#2198=CARTESIAN_POINT('',(0.301993360671721,-0.16414723709406,-0.0116145899462438));
#2199=CARTESIAN_POINT('',(0.305004031941778,-0.16120257496877,-0.0111575651655331));
#2200=CARTESIAN_POINT('',(0.304995108155367,-0.164193631073153,-0.0113504988718739));
#2201=CARTESIAN_POINT('',(0.302008507985426,-0.1641975,-0.0110976666649082));
#2202=CARTESIAN_POINT('',(0.30500920023992,-0.161198699520192,-0.0108991760895802));
#2203=CARTESIAN_POINT('',(0.305008001438889,-0.1641975,-0.0108991521183533));
#2204=CARTESIAN_POINT('',(0.30200980005998,-0.1641975,-0.010839200079984));
#2205=CARTESIAN_POINT('',(0.08891,-0.0954975,-0.00361295962883536));
#2206=CARTESIAN_POINT('',(0.08891,-0.0305686334524567,-0.0106786848101121));
#2207=CARTESIAN_POINT('',(0.08891,-0.0324182708363961,-0.0106786848101121));
#2208=CARTESIAN_POINT('',(0.08891,-0.0287189960685173,-0.0106786848101121));
#2209=CARTESIAN_POINT('',(0.08891,-0.0324182708363961,-0.0127585425650081));
#2210=CARTESIAN_POINT('',(0.08891,-0.0324182708363961,-0.014838400319904));
#2211=CARTESIAN_POINT('',(0.08891,-0.0305686334524567,-0.014838400319904));
#2212=CARTESIAN_POINT('',(0.08891,-0.0287189960685173,-0.014838400319904));
#2213=CARTESIAN_POINT('',(0.08891,-0.0287189960685173,-0.0127585425650081));
#2214=CARTESIAN_POINT('',(0.08891,-0.159480513968611,-0.00858944540359638));
#2215=CARTESIAN_POINT('',(0.08891,-0.161893090318708,-0.00858944540359638));
#2216=CARTESIAN_POINT('',(0.08891,-0.157067937618514,-0.00858944540359638));
#2217=CARTESIAN_POINT('',(0.08891,-0.161893090318708,-0.0109247227017982));
#2218=CARTESIAN_POINT('',(0.08891,-0.161893090318708,-0.01326));
#2219=CARTESIAN_POINT('',(0.08891,-0.159480513968611,-0.01326));
#2220=CARTESIAN_POINT('',(0.08891,-0.157067937618514,-0.01326));
#2221=CARTESIAN_POINT('',(0.08891,-0.157067937618514,-0.0109247227017982));
#2222=CARTESIAN_POINT('',(0.08891,-0.109861902450424,0.00168313199731536));
#2223=CARTESIAN_POINT('',(0.08891,-0.115249983991199,0.00168313199731536));
#2224=CARTESIAN_POINT('',(0.08891,-0.104473820909649,0.00168313199731536));
#2225=CARTESIAN_POINT('',(0.08891,-0.115249983991199,-0.00138369157641623));
#2226=CARTESIAN_POINT('',(0.08891,-0.115249983991199,-0.00445051515014781));
#2227=CARTESIAN_POINT('',(0.08891,-0.109861902450424,-0.00445051515014781));
#2228=CARTESIAN_POINT('',(0.08891,-0.104473820909649,-0.00445051515014781));
#2229=CARTESIAN_POINT('',(0.08891,-0.104473820909649,-0.00138369157641623));
#2230=CARTESIAN_POINT('',(0.09291,-0.0953060431936128,-0.00657763416129434));
#2231=CARTESIAN_POINT('',(0.09291,-0.104473820909649,-0.00345051515014782));
#2232=CARTESIAN_POINT('',(0.09291,-0.114249983991199,-0.00345051515014782));
#2233=CARTESIAN_POINT('',(0.09291,-0.105473820909649,-0.00345051515014782));
#2234=CARTESIAN_POINT('',(0.09291,-0.114249983991199,-0.00445051515014781));
#2235=CARTESIAN_POINT('',(0.09291,-0.114249983991199,0.00068313199731536));
#2236=CARTESIAN_POINT('',(0.09291,-0.0953060431936128,0.00068313199731536));
#2237=CARTESIAN_POINT('',(0.09291,-0.105473820909649,0.00068313199731536));
#2238=CARTESIAN_POINT('',(0.09291,-0.105473820909649,-0.00657763416129434));
#2239=CARTESIAN_POINT('',(0.08941,-0.109861902450424,0.00168313199731536));
#2240=CARTESIAN_POINT('',(0.0946933460740445,-0.113740456541472,0.000173604547588365));
#2241=CARTESIAN_POINT('',(0.08941,-0.115249983991199,0.00168313199731536));
#2242=CARTESIAN_POINT('',(0.08941,-0.109861902450424,0.00168313199731536));
#2243=CARTESIAN_POINT('',(0.08941,-0.104473820909649,0.00168313199731536));
#2244=CARTESIAN_POINT('',(0.0907333884486113,-0.104851931894967,0.00130502101199783));
#2245=CARTESIAN_POINT('',(0.09291,-0.114249983991199,-0.00657763416129434));
#2246=CARTESIAN_POINT('',(0.097562897739758,-0.112920584636983,-0.00212111579593123));
#2247=CARTESIAN_POINT('',(0.08941,-0.115249983991199,-0.00445051515014781));
#2248=CARTESIAN_POINT('',(0.08941,-0.115249983991199,0.00168313199731536));
#2249=CARTESIAN_POINT('',(0.09291,-0.0953060431936128,-0.00345051515014782));
#2250=CARTESIAN_POINT('',(0.0904126510872892,-0.104760292648875,-0.00416404341092232));
#2251=CARTESIAN_POINT('',(0.08941,-0.104473820909649,-0.00445051515014781));
#2252=CARTESIAN_POINT('',(0.08941,-0.115249983991199,-0.00445051515014781));
#2253=CARTESIAN_POINT('',(0.08941,-0.104473820909649,-0.00138369157641623));
#2254=CARTESIAN_POINT('',(0.08941,-0.104473820909649,-0.00138369157641623));
#2255=CARTESIAN_POINT('',(0.09291,-0.104473820909649,-0.00138369157641623));
#2256=CARTESIAN_POINT('',(0.09291,-0.104473820909649,0.00168313199731536));
#2257=CARTESIAN_POINT('',(0.09291,-0.104473820909649,-0.00445051515014781));
#2258=CARTESIAN_POINT('',(0.09291,-0.109861902450424,-0.00445051515014781));
#2259=CARTESIAN_POINT('',(0.09291,-0.115249983991199,-0.00445051515014781));
#2260=CARTESIAN_POINT('',(0.09291,-0.115249983991199,-0.00138369157641623));
#2261=CARTESIAN_POINT('',(0.09291,-0.115249983991199,0.00168313199731536));
#2262=CARTESIAN_POINT('',(0.09291,-0.109861902450424,0.00168313199731536));
#2263=CARTESIAN_POINT('',(0.09291,-0.0953060431936128,-0.00657763416129434));
#2264=CARTESIAN_POINT('',(0.09291,-0.157067937618514,-0.01226));
#2265=CARTESIAN_POINT('',(0.09291,-0.160893090318709,-0.01226));
#2266=CARTESIAN_POINT('',(0.09291,-0.158067937618514,-0.01226));
#2267=CARTESIAN_POINT('',(0.09291,-0.160893090318709,-0.01326));
#2268=CARTESIAN_POINT('',(0.09291,-0.160893090318709,-0.00958944540359638));
#2269=CARTESIAN_POINT('',(0.09291,-0.0953060431936128,-0.00958944540359638));
#2270=CARTESIAN_POINT('',(0.09291,-0.158067937618514,-0.00958944540359638));
#2271=CARTESIAN_POINT('',(0.09291,-0.158067937618514,-0.00657763416129434));
#2272=CARTESIAN_POINT('',(0.08941,-0.159480513968611,-0.00858944540359638));
#2273=CARTESIAN_POINT('',(0.0921702568878556,-0.161104445493607,-0.00937809022869799));
#2274=CARTESIAN_POINT('',(0.08941,-0.161893090318708,-0.00858944540359638));
#2275=CARTESIAN_POINT('',(0.08941,-0.159480513968611,-0.00858944540359638));
#2276=CARTESIAN_POINT('',(0.08941,-0.157067937618514,-0.00858944540359638));
#2277=CARTESIAN_POINT('',(0.0900025626123046,-0.157237241222029,-0.008758749007112));
#2278=CARTESIAN_POINT('',(0.09291,-0.160893090318709,-0.00657763416129434));
#2279=CARTESIAN_POINT('',(0.109019099293883,-0.156290490520456,-0.00765740020174768));
#2280=CARTESIAN_POINT('',(0.08941,-0.161893090318708,-0.01326));
#2281=CARTESIAN_POINT('',(0.08941,-0.161893090318708,-0.00858944540359638));
#2282=CARTESIAN_POINT('',(0.09291,-0.0953060431936128,-0.01226));
#2283=CARTESIAN_POINT('',(0.0774947978605507,-0.1536635941501,-0.0166643434684141));
#2284=CARTESIAN_POINT('',(0.08941,-0.157067937618514,-0.01326));
#2285=CARTESIAN_POINT('',(0.08941,-0.161893090318708,-0.01326));
#2286=CARTESIAN_POINT('',(0.08941,-0.157067937618514,-0.0109247227017982));
#2287=CARTESIAN_POINT('',(0.08941,-0.157067937618514,-0.0109247227017982));
#2288=CARTESIAN_POINT('',(0.09291,-0.157067937618514,-0.0109247227017982));
#2289=CARTESIAN_POINT('',(0.09291,-0.157067937618514,-0.00858944540359638));
#2290=CARTESIAN_POINT('',(0.09291,-0.157067937618514,-0.01326));
#2291=CARTESIAN_POINT('',(0.09291,-0.159480513968611,-0.01326));
#2292=CARTESIAN_POINT('',(0.09291,-0.161893090318708,-0.01326));
#2293=CARTESIAN_POINT('',(0.09291,-0.161893090318708,-0.0109247227017982));
#2294=CARTESIAN_POINT('',(0.09291,-0.161893090318708,-0.00858944540359638));
#2295=CARTESIAN_POINT('',(0.09291,-0.159480513968611,-0.00858944540359638));
#2296=CARTESIAN_POINT('',(0.09291,-0.0305686334524567,-0.0106786848101121));
#2297=CARTESIAN_POINT('',(0.09291,-0.0324182708363961,-0.0106786848101121));
#2298=CARTESIAN_POINT('',(0.08941,-0.0324182708363961,-0.0106786848101121));
#2299=CARTESIAN_POINT('',(0.09291,-0.0287189960685173,-0.0106786848101121));
#2300=CARTESIAN_POINT('',(0.08941,-0.0287189960685173,-0.0106786848101121));
#2301=CARTESIAN_POINT('',(0.08941,-0.0305686334524567,-0.0106786848101121));
#2302=CARTESIAN_POINT('',(0.09291,-0.0324182708363961,-0.0127585425650081));
#2303=CARTESIAN_POINT('',(0.09291,-0.0324182708363961,-0.014838400319904));
#2304=CARTESIAN_POINT('',(0.08941,-0.0324182708363961,-0.014838400319904));
#2305=CARTESIAN_POINT('',(0.08941,-0.0324182708363961,-0.0106786848101121));
#2306=CARTESIAN_POINT('',(0.09291,-0.0305686334524567,-0.014838400319904));
#2307=CARTESIAN_POINT('',(0.09291,-0.0287189960685173,-0.014838400319904));
#2308=CARTESIAN_POINT('',(0.08941,-0.0287189960685173,-0.014838400319904));
#2309=CARTESIAN_POINT('',(0.08941,-0.0324182708363961,-0.014838400319904));
#2310=CARTESIAN_POINT('',(0.09291,-0.0287189960685173,-0.0127585425650081));
#2311=CARTESIAN_POINT('',(0.08941,-0.0287189960685173,-0.0127585425650081));
#2312=CARTESIAN_POINT('',(0.09291,-0.0953060431936128,-0.00657763416129434));
#2313=CARTESIAN_POINT('',(0.09291,-0.0287189960685173,-0.013838400319904));
#2314=CARTESIAN_POINT('',(0.09291,-0.0314182708363961,-0.013838400319904));
#2315=CARTESIAN_POINT('',(0.09291,-0.0297189960685173,-0.013838400319904));
#2316=CARTESIAN_POINT('',(0.09291,-0.0314182708363961,-0.014838400319904));
#2317=CARTESIAN_POINT('',(0.09291,-0.0314182708363961,-0.0116786848101121));
#2318=CARTESIAN_POINT('',(0.09291,-0.0953060431936128,-0.0116786848101121));
#2319=CARTESIAN_POINT('',(0.09291,-0.0297189960685173,-0.0116786848101121));
#2320=CARTESIAN_POINT('',(0.09291,-0.0297189960685173,-0.00657763416129434));
#2321=CARTESIAN_POINT('',(0.09291,-0.0314182708363961,-0.00657763416129434));
#2322=CARTESIAN_POINT('',(0.0772182664385783,-0.0359016232825166,-0.0183217527660245));
#2323=CARTESIAN_POINT('',(0.091657110366957,-0.0317762393029798,-0.0113207163435284));
#2324=CARTESIAN_POINT('',(0.08941,-0.0305686334524567,-0.0106786848101121));
#2325=CARTESIAN_POINT('',(0.0898642969013184,-0.0288487951831797,-0.0108084839247745));
#2326=CARTESIAN_POINT('',(0.09291,-0.0953060431936128,-0.013838400319904));
#2327=CARTESIAN_POINT('',(0.109019099293883,-0.0343215958667696,-0.00923580052165171));
#2328=CARTESIAN_POINT('',(0.08941,-0.0287189960685173,-0.0127585425650081));
#2329=MECHANICAL_DESIGN_GEOMETRIC_PRESENTATION_REPRESENTATION('',(#1374),#2330);
#2330=(
GEOMETRIC_REPRESENTATION_CONTEXT(3)
GLOBAL_UNCERTAINTY_ASSIGNED_CONTEXT((#2331))
GLOBAL_UNIT_ASSIGNED_CONTEXT((#2334,#2333,#2332))
REPRESENTATION_CONTEXT('Bottom Case','TOP_LEVEL_ASSEMBLY_PART')
);
#2331=UNCERTAINTY_MEASURE_WITH_UNIT(LENGTH_MEASURE(2.8150442838628E-05),#2334,'DISTANCE_ACCURACY_VALUE','Maximum Tolerance applied to model');
#2332=(
NAMED_UNIT(*)
SI_UNIT($,.STERADIAN.)
SOLID_ANGLE_UNIT()
);
#2333=(
NAMED_UNIT(*)
PLANE_ANGLE_UNIT()
SI_UNIT($,.RADIAN.)
);
#2334=(
LENGTH_UNIT()
NAMED_UNIT(*)
SI_UNIT($,.METRE.)
);
#2335=PRODUCT_DEFINITION_SHAPE('','',#2336);
#2336=PRODUCT_DEFINITION('','',#2338,#2337);
#2337=PRODUCT_DEFINITION_CONTEXT('',#2344,'design');
#2338=PRODUCT_DEFINITION_FORMATION_WITH_SPECIFIED_SOURCE('','',#2340,.NOT_KNOWN.);
#2339=PRODUCT_RELATED_PRODUCT_CATEGORY('','',(#2340));
#2340=PRODUCT('Bottom Case','Bottom Case','Bottom Case',(#2342));
#2341=PRODUCT_CATEGORY('','');
#2342=PRODUCT_CONTEXT('',#2344,'mechanical');
#2343=APPLICATION_PROTOCOL_DEFINITION('international standard','ap242_managed_model_based_3d_engineering',2020,#2344);
#2344=APPLICATION_CONTEXT('managed model based 3d engineering');
#2345=COMPOSITE_SHAPE_ASPECT('hole_callout.F69Byp7Wz7CtbqK_2.RYBD.0',$,#2335,$);
#2346=SHAPE_ASPECT('hole_callout.F69Byp7Wz7CtbqK_2.RYBD.0',$,#2335,.T.);
#2347=GEOMETRIC_ITEM_SPECIFIC_USAGE('','',#2346,#11,#1335);
#2348=SHAPE_ASPECT_RELATIONSHIP('','',#2345,#2346);
#2349=SHAPE_ASPECT('hole_callout.F69Byp7Wz7CtbqK_2.RYBD.0',$,#2335,.T.);
#2350=GEOMETRIC_ITEM_SPECIFIC_USAGE('','',#2349,#11,#1334);
#2351=SHAPE_ASPECT_RELATIONSHIP('','',#2345,#2349);
#2352=SHAPE_ASPECT('hole_callout.F69Byp7Wz7CtbqK_2.RYBD.0',$,#2335,.T.);
#2353=GEOMETRIC_ITEM_SPECIFIC_USAGE('','',#2352,#11,#1337);
#2354=SHAPE_ASPECT_RELATIONSHIP('','',#2345,#2352);
#2355=SHAPE_ASPECT('hole_callout.F69Byp7Wz7CtbqK_2.RYBD.0',$,#2335,.T.);
#2356=GEOMETRIC_ITEM_SPECIFIC_USAGE('','',#2355,#11,#1336);
#2357=SHAPE_ASPECT_RELATIONSHIP('','',#2345,#2355);
#2358=DIMENSIONAL_SIZE(#2345,'depth');
#2359=(
LENGTH_UNIT()
NAMED_UNIT(*)
SI_UNIT(.MILLI.,.METRE.)
);
#2361=PRECISION_QUALIFIER(3);
#2360=(
LENGTH_MEASURE_WITH_UNIT()
MEASURE_REPRESENTATION_ITEM()
MEASURE_WITH_UNIT(POSITIVE_LENGTH_MEASURE(12.4),#2359)
QUALIFIED_REPRESENTATION_ITEM((#2361))
REPRESENTATION_ITEM('nominal value')
);
#2362=COMPOUND_REPRESENTATION_ITEM('modifiers',SET_REPRESENTATION_ITEM((#2363)));
#2363=DESCRIPTIVE_REPRESENTATION_ITEM('dimensional note','depth');
#2364=SHAPE_DIMENSION_REPRESENTATION('',(#2360,#2362),#2330);
#2365=DIMENSIONAL_CHARACTERISTIC_REPRESENTATION(#2358,#2364);
#2366=DIMENSIONAL_SIZE(#2345,'diameter');
#2367=(
LENGTH_UNIT()
NAMED_UNIT(*)
SI_UNIT(.MILLI.,.METRE.)
);
#2369=PRECISION_QUALIFIER(3);
#2368=(
LENGTH_MEASURE_WITH_UNIT()
MEASURE_REPRESENTATION_ITEM()
MEASURE_WITH_UNIT(POSITIVE_LENGTH_MEASURE(2.8),#2367)
QUALIFIED_REPRESENTATION_ITEM((#2369))
REPRESENTATION_ITEM('nominal value')
);
#2370=COMPOUND_REPRESENTATION_ITEM('modifiers',SET_REPRESENTATION_ITEM((#2371)));
#2371=DESCRIPTIVE_REPRESENTATION_ITEM('dimensional note','diameter');
#2372=SHAPE_DIMENSION_REPRESENTATION('',(#2368,#2370),#2330);
#2373=DIMENSIONAL_CHARACTERISTIC_REPRESENTATION(#2366,#2372);
#2374=PRESENTATION_STYLE_ASSIGNMENT((NULL_STYLE(.NULL.)));
#2375=CARTESIAN_POINT('',(0.301414065240977,-0.160996659774632,0.00634));
#2376=DIRECTION('',(0.,0.,1.));
#2377=DIRECTION('',(1.,0.,0.));
#2378=AXIS2_PLACEMENT_3D('',#2375,#2376,#2377);
#2379=PLANE('',#2378);
#2380=ANNOTATION_PLANE('',(#2374),#2379,(#2407));
#2381=CARTESIAN_POINT('',(0.,0.,0.));
#2382=DIRECTION('',(0.,0.,1.));
#2383=DIRECTION('',(1.,0.,0.));
#2384=AXIS2_PLACEMENT_3D('',#2381,#2382,#2383);
#2385=CARTESIAN_POINT('',(0.,0.,0.));
#2386=DIRECTION('',(0.,0.,1.));
#2387=DIRECTION('',(1.,0.,0.));
#2388=AXIS2_PLACEMENT_3D('',#2385,#2386,#2387);
#2389=SHAPE_REPRESENTATION('',(#2388,#1382),#2330);
#2390=REPRESENTATION_MAP(#2384,#2389);
#2391=MAPPED_ITEM('',#2390,#2384);
#2392=PRESENTATION_STYLE_ASSIGNMENT((NULL_STYLE(.NULL.)));
#2393=STYLED_ITEM('',(#2392),#2391);
#2394=DRAUGHTING_MODEL('',(#2380,#2384,#2391,#2393),#2330);
#2395=DRAUGHTING_PRE_DEFINED_CURVE_FONT('continuous');
#2396=COLOUR_RGB('',0.,0.,0.);
#2397=CURVE_STYLE('',#2395,POSITIVE_LENGTH_MEASURE(0.02),#2396);
#2398=PRESENTATION_STYLE_ASSIGNMENT((#2397));
#2399=COORDINATES_LIST('coordinates',2085,((0.3024040,-0.1600067,0.0063400),(0.3038182,-0.1571783,0.0063400),(0.3052324,-0.1585925,0.0063400),(0.3128200,-0.1531230,0.0063400),(0.3129171,-0.1531637,0.0063400),(0.3130151,-0.1531989,0.0063400),(0.3128200,-0.1531230,0.0063400),(0.3130151,-0.1531989,0.0063400),(0.3131141,-0.1532287,0.0063400),(0.3128200,-0.1531230,0.0063400),(0.3131141,-0.1532287,0.0063400),(0.3132140,-0.1532532,0.0063400),(0.3128200,-0.1531230,0.0063400),(0.3132140,-0.1532532,0.0063400),(0.3133149,-0.1532721,0.0063400),(0.3128200,-0.1531230,0.0063400),(0.3133149,-0.1532721,0.0063400),(0.3134167,-0.1532857,0.0063400),(0.3128200,-0.1531230,0.0063400),(0.3134167,-0.1532857,0.0063400),(0.3135195,-0.1532938,0.0063400),(0.3128200,-0.1531230,0.0063400),(0.3135195,-0.1532938,0.0063400),(0.3136233,-0.1532965,0.0063400),(0.3128200,-0.1531230,0.0063400),(0.3136233,-0.1532965,0.0063400),(0.3137591,-0.1532922,0.0063400),(0.3128200,-0.1531230,0.0063400),(0.3137591,-0.1532922,0.0063400),(0.3138923,-0.1532793,0.0063400),(0.3128200,-0.1531230,0.0063400),(0.3138923,-0.1532793,0.0063400),(0.3140230,-0.1532577,0.0063400),(0.3128200,-0.1531230,0.0063400),(0.3140230,-0.1532577,0.0063400),(0.3141512,-0.1532275,0.0063400),(0.3128200,-0.1531230,0.0063400),(0.3141512,-0.1532275,0.0063400),(0.3142768,-0.1531886,0.0063400),(0.3128200,-0.1531230,0.0063400),(0.3142768,-0.1531886,0.0063400),(0.3143998,-0.1531412,0.0063400),(0.3128200,-0.1531230,0.0063400),(0.3143998,-0.1531412,0.0063400),(0.3145203,-0.1530851,0.0063400),(0.3128200,-0.1531230,0.0063400),(0.3145203,-0.1530851,0.0063400),(0.3146383,-0.1530203,0.0063400),(0.3128200,-0.1531230,0.0063400),(0.3146383,-0.1530203,0.0063400),(0.3147518,-0.1529479,0.0063400),(0.3128200,-0.1531230,0.0063400),(0.3147518,-0.1529479,0.0063400),(0.3148592,-0.1528694,0.0063400),(0.3128200,-0.1531230,0.0063400),(0.3148592,-0.1528694,0.0063400),(0.3149603,-0.1527847,0.0063400),(0.3128200,-0.1531230,0.0063400),(0.3149603,-0.1527847,0.0063400),(0.3150552,-0.1526938,0.0063400),(0.3128200,-0.1531230,0.0063400),(0.3150552,-0.1526938,0.0063400),(0.3151439,-0.1525968,0.0063400),(0.3151439,-0.1525968,0.0063400),(0.3152264,-0.1524937,0.0063400),(0.3153027,-0.1523844,0.0063400),(0.3151439,-0.1525968,0.0063400),(0.3153027,-0.1523844,0.0063400),(0.3153727,-0.1522689,0.0063400),(0.3151439,-0.1525968,0.0063400),(0.3153727,-0.1522689,0.0063400),(0.3154357,-0.1521491,0.0063400),(0.3151439,-0.1525968,0.0063400),(0.3154357,-0.1521491,0.0063400),(0.3154903,-0.1520269,0.0063400),(0.3151439,-0.1525968,0.0063400),(0.3154903,-0.1520269,0.0063400),(0.3155365,-0.1519021,0.0063400),(0.3151439,-0.1525968,0.0063400),(0.3155365,-0.1519021,0.0063400),(0.3155744,-0.1517749,0.0063400),(0.3151439,-0.1525968,0.0063400),(0.3155744,-0.1517749,0.0063400),(0.3156038,-0.1516452,0.0063400),(0.3151439,-0.1525968,0.0063400),(0.3156038,-0.1516452,0.0063400),(0.3156248,-0.1515131,0.0063400),(0.3151439,-0.1525968,0.0063400),(0.3156248,-0.1515131,0.0063400),(0.3156374,-0.1513784,0.0063400),(0.3151439,-0.1525968,0.0063400),(0.3156374,-0.1513784,0.0063400),(0.3156416,-0.1512413,0.0063400),(0.3151439,-0.1525968,0.0063400),(0.3156416,-0.1512413,0.0063400),(0.3156374,-0.1511096,0.0063400),(0.3151439,-0.1525968,0.0063400),(0.3156374,-0.1511096,0.0063400),(0.3156248,-0.1509788,0.0063400),(0.3151439,-0.1525968,0.0063400),(0.3156248,-0.1509788,0.0063400),(0.3156038,-0.1508488,0.0063400),(0.3151439,-0.1525968,0.0063400),(0.3156038,-0.1508488,0.0063400),(0.3155744,-0.1507195,0.0063400),(0.3151439,-0.1525968,0.0063400),(0.3155744,-0.1507195,0.0063400),(0.3155365,-0.1505910,0.0063400),(0.3151439,-0.1525968,0.0063400),(0.3155365,-0.1505910,0.0063400),(0.3154903,-0.1504634,0.0063400),(0.3154903,-0.1504634,0.0063400),(0.3150986,-0.1506049,0.0063400),(0.3151351,-0.1507028,0.0063400),(0.3154903,-0.1504634,0.0063400),(0.3151351,-0.1507028,0.0063400),(0.3151650,-0.1508039,0.0063400),(0.3154903,-0.1504634,0.0063400),(0.3151650,-0.1508039,0.0063400),(0.3151883,-0.1509083,0.0063400),(0.3154903,-0.1504634,0.0063400),(0.3151883,-0.1509083,0.0063400),(0.3152049,-0.1510160,0.0063400),(0.3154903,-0.1504634,0.0063400),(0.3152049,-0.1510160,0.0063400),(0.3152149,-0.1511270,0.0063400),(0.3154903,-0.1504634,0.0063400),(0.3152149,-0.1511270,0.0063400),(0.3152182,-0.1512413,0.0063400),(0.3154903,-0.1504634,0.0063400),(0.3152182,-0.1512413,0.0063400),(0.3152149,-0.1513513,0.0063400),(0.3151439,-0.1525968,0.0063400),(0.3154903,-0.1504634,0.0063400),(0.3152149,-0.1513513,0.0063400),(0.3151439,-0.1525968,0.0063400),(0.3152149,-0.1513513,0.0063400),(0.3152048,-0.1514591,0.0063400),(0.3151439,-0.1525968,0.0063400),(0.3152048,-0.1514591,0.0063400),(0.3151880,-0.1515648,0.0063400),(0.3151439,-0.1525968,0.0063400),(0.3151880,-0.1515648,0.0063400),(0.3151645,-0.1516683,0.0063400),(0.3151439,-0.1525968,0.0063400),(0.3151645,-0.1516683,0.0063400),(0.3151343,-0.1517696,0.0063400),(0.3151439,-0.1525968,0.0063400),(0.3151343,-0.1517696,0.0063400),(0.3150974,-0.1518687,0.0063400),(0.3151439,-0.1525968,0.0063400),(0.3150974,-0.1518687,0.0063400),(0.3150537,-0.1519657,0.0063400),(0.3151439,-0.1525968,0.0063400),(0.3150537,-0.1519657,0.0063400),(0.3150034,-0.1520604,0.0063400),(0.3151439,-0.1525968,0.0063400),(0.3150034,-0.1520604,0.0063400),(0.3149475,-0.1521516,0.0063400),(0.3151439,-0.1525968,0.0063400),(0.3149475,-0.1521516,0.0063400),(0.3148869,-0.1522379,0.0063400),(0.3151439,-0.1525968,0.0063400),(0.3148869,-0.1522379,0.0063400),(0.3148215,-0.1523194,0.0063400),(0.3151439,-0.1525968,0.0063400),(0.3148215,-0.1523194,0.0063400),(0.3147512,-0.1523959,0.0063400),(0.3151439,-0.1525968,0.0063400),(0.3147512,-0.1523959,0.0063400),(0.3146762,-0.1524675,0.0063400),(0.3151439,-0.1525968,0.0063400),(0.3146762,-0.1524675,0.0063400),(0.3145964,-0.1525343,0.0063400),(0.3151439,-0.1525968,0.0063400),(0.3145964,-0.1525343,0.0063400),(0.3145118,-0.1525961,0.0063400),(0.3151439,-0.1525968,0.0063400),(0.3145118,-0.1525961,0.0063400),(0.3144224,-0.1526531,0.0063400),(0.3151439,-0.1525968,0.0063400),(0.3144224,-0.1526531,0.0063400),(0.3143298,-0.1527042,0.0063400),(0.3151439,-0.1525968,0.0063400),(0.3143298,-0.1527042,0.0063400),(0.3142351,-0.1527485,0.0063400),(0.3151439,-0.1525968,0.0063400),(0.3142351,-0.1527485,0.0063400),(0.3141383,-0.1527859,0.0063400),(0.3151439,-0.1525968,0.0063400),(0.3141383,-0.1527859,0.0063400),(0.3140395,-0.1528166,0.0063400),(0.3128200,-0.1531230,0.0063400),(0.3151439,-0.1525968,0.0063400),(0.3140395,-0.1528166,0.0063400),(0.3128200,-0.1531230,0.0063400),(0.3140395,-0.1528166,0.0063400),(0.3139386,-0.1528404,0.0063400),(0.3128200,-0.1531230,0.0063400),(0.3139386,-0.1528404,0.0063400),(0.3138356,-0.1528575,0.0063400),(0.3128200,-0.1531230,0.0063400),(0.3138356,-0.1528575,0.0063400),(0.3137305,-0.1528677,0.0063400),(0.3128200,-0.1531230,0.0063400),(0.3137305,-0.1528677,0.0063400),(0.3136233,-0.1528711,0.0063400),(0.3128200,-0.1531230,0.0063400),(0.3136233,-0.1528711,0.0063400),(0.3134697,-0.1528640,0.0063400),(0.3128200,-0.1531230,0.0063400),(0.3134697,-0.1528640,0.0063400),(0.3133201,-0.1528428,0.0063400),(0.3128200,-0.1531230,0.0063400),(0.3133201,-0.1528428,0.0063400),(0.3131744,-0.1528074,0.0063400),(0.3128200,-0.1531230,0.0063400),(0.3131744,-0.1528074,0.0063400),(0.3130328,-0.1527579,0.0063400),(0.3128200,-0.1531230,0.0063400),(0.3130328,-0.1527579,0.0063400),(0.3146298,-0.1499744,0.0063400),(0.3122591,-0.1540977,0.0063400),(0.3128200,-0.1531230,0.0063400),(0.3146298,-0.1499744,0.0063400),(0.3150554,-0.1505103,0.0063400),(0.3150986,-0.1506049,0.0063400),(0.3154903,-0.1504634,0.0063400),(0.3150055,-0.1504189,0.0063400),(0.3150554,-0.1505103,0.0063400),(0.3154903,-0.1504634,0.0063400),(0.3149376,-0.1503150,0.0063400),(0.3150055,-0.1504189,0.0063400),(0.3154903,-0.1504634,0.0063400),(0.3148523,-0.1502062,0.0063400),(0.3149376,-0.1503150,0.0063400),(0.3154903,-0.1504634,0.0063400),(0.3148032,-0.1501501,0.0063400),(0.3148523,-0.1502062,0.0063400),(0.3154903,-0.1504634,0.0063400),(0.3147497,-0.1500927,0.0063400),(0.3148032,-0.1501501,0.0063400),(0.3154903,-0.1504634,0.0063400),(0.3146919,-0.1500342,0.0063400),(0.3147497,-0.1500927,0.0063400),(0.3154903,-0.1504634,0.0063400),(0.3146298,-0.1499744,0.0063400),(0.3146919,-0.1500342,0.0063400),(0.3154903,-0.1504634,0.0063400),(0.3146298,-0.1499744,0.0063400),(0.3154903,-0.1504634,0.0063400),(0.3154357,-0.1503365,0.0063400),(0.3146298,-0.1499744,0.0063400),(0.3154357,-0.1503365,0.0063400),(0.3153727,-0.1502104,0.0063400),(0.3146298,-0.1499744,0.0063400),(0.3153727,-0.1502104,0.0063400),(0.3153226,-0.1501237,0.0063400),(0.3146298,-0.1499744,0.0063400),(0.3153226,-0.1501237,0.0063400),(0.3152678,-0.1500403,0.0063400),(0.3146298,-0.1499744,0.0063400),(0.3152678,-0.1500403,0.0063400),(0.3152084,-0.1499602,0.0063400),(0.3146298,-0.1499744,0.0063400),(0.3152084,-0.1499602,0.0063400),(0.3151444,-0.1498834,0.0063400),(0.3146298,-0.1499744,0.0063400),(0.3151444,-0.1498834,0.0063400),(0.3150758,-0.1498099,0.0063400),(0.3146298,-0.1499744,0.0063400),(0.3150758,-0.1498099,0.0063400),(0.3150027,-0.1497397,0.0063400),(0.3146298,-0.1499744,0.0063400),(0.3150027,-0.1497397,0.0063400),(0.3149249,-0.1496729,0.0063400),(0.3146298,-0.1499744,0.0063400),(0.3149249,-0.1496729,0.0063400),(0.3148425,-0.1496093,0.0063400),(0.3146298,-0.1499744,0.0063400),(0.3148425,-0.1496093,0.0063400),(0.3153844,-0.1486568,0.0063400),(0.3122591,-0.1540977,0.0063400),(0.3146298,-0.1499744,0.0063400),(0.3153844,-0.1486568,0.0063400),(0.3122591,-0.1540977,0.0063400),(0.3153844,-0.1486568,0.0063400),(0.3154130,-0.1485531,0.0063400),(0.3122591,-0.1540977,0.0063400),(0.3154130,-0.1485531,0.0063400),(0.3154055,-0.1484928,0.0063400),(0.3122591,-0.1540977,0.0063400),(0.3154055,-0.1484928,0.0063400),(0.3153669,-0.1484176,0.0063400),(0.3122591,-0.1540977,0.0063400),(0.3153669,-0.1484176,0.0063400),(0.3153018,-0.1483637,0.0063400),(0.3122591,-0.1540977,0.0063400),(0.3153018,-0.1483637,0.0063400),(0.3151992,-0.1483330,0.0063400),(0.3122591,-0.1540977,0.0063400),(0.3151992,-0.1483330,0.0063400),(0.3151388,-0.1483404,0.0063400),(0.3122591,-0.1540977,0.0063400),(0.3151388,-0.1483404,0.0063400),(0.3150632,-0.1483790,0.0063400),(0.3122591,-0.1540977,0.0063400),(0.3150632,-0.1483790,0.0063400),(0.3150076,-0.1484441,0.0063400),(0.3122591,-0.1540977,0.0063400),(0.3150076,-0.1484441,0.0063400),(0.3144721,-0.1493722,0.0063400),(0.3144721,-0.1493722,0.0063400),(0.3143715,-0.1493278,0.0063400),(0.3142676,-0.1492894,0.0063400),(0.3144721,-0.1493722,0.0063400),(0.3142676,-0.1492894,0.0063400),(0.3141604,-0.1492568,0.0063400),(0.3144721,-0.1493722,0.0063400),(0.3141604,-0.1492568,0.0063400),(0.3140498,-0.1492302,0.0063400),(0.3144721,-0.1493722,0.0063400),(0.3140498,-0.1492302,0.0063400),(0.3139360,-0.1492094,0.0063400),(0.3144721,-0.1493722,0.0063400),(0.3139360,-0.1492094,0.0063400),(0.3138188,-0.1491946,0.0063400),(0.3144721,-0.1493722,0.0063400),(0.3138188,-0.1491946,0.0063400),(0.3136984,-0.1491858,0.0063400),(0.3144721,-0.1493722,0.0063400),(0.3136984,-0.1491858,0.0063400),(0.3135746,-0.1491828,0.0063400),(0.3144721,-0.1493722,0.0063400),(0.3135746,-0.1491828,0.0063400),(0.3134500,-0.1491871,0.0063400),(0.3144721,-0.1493722,0.0063400),(0.3134500,-0.1491871,0.0063400),(0.3133265,-0.1492001,0.0063400),(0.3144721,-0.1493722,0.0063400),(0.3133265,-0.1492001,0.0063400),(0.3132041,-0.1492218,0.0063400),(0.3144721,-0.1493722,0.0063400),(0.3132041,-0.1492218,0.0063400),(0.3130828,-0.1492521,0.0063400),(0.3144721,-0.1493722,0.0063400),(0.3130828,-0.1492521,0.0063400),(0.3129625,-0.1492911,0.0063400),(0.3144721,-0.1493722,0.0063400),(0.3129625,-0.1492911,0.0063400),(0.3128434,-0.1493388,0.0063400),(0.3144721,-0.1493722,0.0063400),(0.3128434,-0.1493388,0.0063400),(0.3127253,-0.1493951,0.0063400),(0.3144721,-0.1493722,0.0063400),(0.3127253,-0.1493951,0.0063400),(0.3126084,-0.1494601,0.0063400),(0.3144721,-0.1493722,0.0063400),(0.3126084,-0.1494601,0.0063400),(0.3124953,-0.1495323,0.0063400),(0.3144721,-0.1493722,0.0063400),(0.3124953,-0.1495323,0.0063400),(0.3123882,-0.1496106,0.0063400),(0.3144721,-0.1493722,0.0063400),(0.3123882,-0.1496106,0.0063400),(0.3122873,-0.1496952,0.0063400),(0.3144721,-0.1493722,0.0063400),(0.3122873,-0.1496952,0.0063400),(0.3121924,-0.1497861,0.0063400),(0.3144721,-0.1493722,0.0063400),(0.3121924,-0.1497861,0.0063400),(0.3121037,-0.1498831,0.0063400),(0.3121037,-0.1498831,0.0063400),(0.3120210,-0.1499863,0.0063400),(0.3119444,-0.1500958,0.0063400),(0.3121037,-0.1498831,0.0063400),(0.3119444,-0.1500958,0.0063400),(0.3118739,-0.1502115,0.0063400),(0.3121037,-0.1498831,0.0063400),(0.3118739,-0.1502115,0.0063400),(0.3118106,-0.1503313,0.0063400),(0.3121037,-0.1498831,0.0063400),(0.3118106,-0.1503313,0.0063400),(0.3117558,-0.1504537,0.0063400),(0.3121037,-0.1498831,0.0063400),(0.3117558,-0.1504537,0.0063400),(0.3117094,-0.1505786,0.0063400),(0.3121037,-0.1498831,0.0063400),(0.3117094,-0.1505786,0.0063400),(0.3116715,-0.1507060,0.0063400),(0.3121037,-0.1498831,0.0063400),(0.3116715,-0.1507060,0.0063400),(0.3116420,-0.1508360,0.0063400),(0.3121037,-0.1498831,0.0063400),(0.3116420,-0.1508360,0.0063400),(0.3116209,-0.1509685,0.0063400),(0.3121037,-0.1498831,0.0063400),(0.3116209,-0.1509685,0.0063400),(0.3116082,-0.1511036,0.0063400),(0.3121037,-0.1498831,0.0063400),(0.3116082,-0.1511036,0.0063400),(0.3116040,-0.1512413,0.0063400),(0.3121037,-0.1498831,0.0063400),(0.3116040,-0.1512413,0.0063400),(0.3116082,-0.1513793,0.0063400),(0.3121037,-0.1498831,0.0063400),(0.3116082,-0.1513793,0.0063400),(0.3116208,-0.1515146,0.0063400),(0.3121037,-0.1498831,0.0063400),(0.3116208,-0.1515146,0.0063400),(0.3116418,-0.1516472,0.0063400),(0.3121037,-0.1498831,0.0063400),(0.3116418,-0.1516472,0.0063400),(0.3116712,-0.1517770,0.0063400),(0.3121037,-0.1498831,0.0063400),(0.3116712,-0.1517770,0.0063400),(0.3117090,-0.1519041,0.0063400),(0.3121037,-0.1498831,0.0063400),(0.3117090,-0.1519041,0.0063400),(0.3117552,-0.1520285,0.0063400),(0.3121037,-0.1498831,0.0063400),(0.3117552,-0.1520285,0.0063400),(0.3118098,-0.1521501,0.0063400),(0.3121037,-0.1498831,0.0063400),(0.3118098,-0.1521501,0.0063400),(0.3118728,-0.1522689,0.0063400),(0.3118728,-0.1522689,0.0063400),(0.3122411,-0.1520604,0.0063400),(0.3121918,-0.1519657,0.0063400),(0.3118728,-0.1522689,0.0063400),(0.3121918,-0.1519657,0.0063400),(0.3121490,-0.1518688,0.0063400),(0.3118728,-0.1522689,0.0063400),(0.3121490,-0.1518688,0.0063400),(0.3121128,-0.1517697,0.0063400),(0.3118728,-0.1522689,0.0063400),(0.3121128,-0.1517697,0.0063400),(0.3120832,-0.1516686,0.0063400),(0.3118728,-0.1522689,0.0063400),(0.3120832,-0.1516686,0.0063400),(0.3120601,-0.1515652,0.0063400),(0.3118728,-0.1522689,0.0063400),(0.3120601,-0.1515652,0.0063400),(0.3120437,-0.1514597,0.0063400),(0.3118728,-0.1522689,0.0063400),(0.3120437,-0.1514597,0.0063400),(0.3120338,-0.1513521,0.0063400),(0.3118728,-0.1522689,0.0063400),(0.3120338,-0.1513521,0.0063400),(0.3120305,-0.1512423,0.0063400),(0.3118728,-0.1522689,0.0063400),(0.3120305,-0.1512423,0.0063400),(0.3120339,-0.1511325,0.0063400),(0.3121037,-0.1498831,0.0063400),(0.3118728,-0.1522689,0.0063400),(0.3120339,-0.1511325,0.0063400),(0.3121037,-0.1498831,0.0063400),(0.3120339,-0.1511325,0.0063400),(0.3120439,-0.1510248,0.0063400),(0.3121037,-0.1498831,0.0063400),(0.3120439,-0.1510248,0.0063400),(0.3120606,-0.1509191,0.0063400),(0.3121037,-0.1498831,0.0063400),(0.3120606,-0.1509191,0.0063400),(0.3120840,-0.1508155,0.0063400),(0.3121037,-0.1498831,0.0063400),(0.3120840,-0.1508155,0.0063400),(0.3121140,-0.1507141,0.0063400),(0.3121037,-0.1498831,0.0063400),(0.3121140,-0.1507141,0.0063400),(0.3121508,-0.1506147,0.0063400),(0.3121037,-0.1498831,0.0063400),(0.3121508,-0.1506147,0.0063400),(0.3121942,-0.1505173,0.0063400),(0.3121037,-0.1498831,0.0063400),(0.3121942,-0.1505173,0.0063400),(0.3122443,-0.1504221,0.0063400),(0.3121037,-0.1498831,0.0063400),(0.3122443,-0.1504221,0.0063400),(0.3123002,-0.1503302,0.0063400),(0.3121037,-0.1498831,0.0063400),(0.3123002,-0.1503302,0.0063400),(0.3123608,-0.1502433,0.0063400),(0.3121037,-0.1498831,0.0063400),(0.3123608,-0.1502433,0.0063400),(0.3124262,-0.1501614,0.0063400),(0.3121037,-0.1498831,0.0063400),(0.3124262,-0.1501614,0.0063400),(0.3124965,-0.1500845,0.0063400),(0.3121037,-0.1498831,0.0063400),(0.3124965,-0.1500845,0.0063400),(0.3125715,-0.1500127,0.0063400),(0.3121037,-0.1498831,0.0063400),(0.3125715,-0.1500127,0.0063400),(0.3126513,-0.1499459,0.0063400),(0.3121037,-0.1498831,0.0063400),(0.3126513,-0.1499459,0.0063400),(0.3127359,-0.1498841,0.0063400),(0.3121037,-0.1498831,0.0063400),(0.3127359,-0.1498841,0.0063400),(0.3128253,-0.1498273,0.0063400),(0.3121037,-0.1498831,0.0063400),(0.3128253,-0.1498273,0.0063400),(0.3129174,-0.1497762,0.0063400),(0.3121037,-0.1498831,0.0063400),(0.3129174,-0.1497762,0.0063400),(0.3130100,-0.1497319,0.0063400),(0.3121037,-0.1498831,0.0063400),(0.3130100,-0.1497319,0.0063400),(0.3131031,-0.1496945,0.0063400),(0.3121037,-0.1498831,0.0063400),(0.3131031,-0.1496945,0.0063400),(0.3131968,-0.1496638,0.0063400),(0.3121037,-0.1498831,0.0063400),(0.3131968,-0.1496638,0.0063400),(0.3132910,-0.1496400,0.0063400),(0.3144721,-0.1493722,0.0063400),(0.3121037,-0.1498831,0.0063400),(0.3132910,-0.1496400,0.0063400),(0.3144721,-0.1493722,0.0063400),(0.3132910,-0.1496400,0.0063400),(0.3133857,-0.1496229,0.0063400),(0.3144721,-0.1493722,0.0063400),(0.3133857,-0.1496229,0.0063400),(0.3134810,-0.1496127,0.0063400),(0.3144721,-0.1493722,0.0063400),(0.3134810,-0.1496127,0.0063400),(0.3135767,-0.1496093,0.0063400),(0.3144721,-0.1493722,0.0063400),(0.3135767,-0.1496093,0.0063400),(0.3135831,-0.1496093,0.0063400),(0.3144721,-0.1493722,0.0063400),(0.3135831,-0.1496093,0.0063400),(0.3136768,-0.1496114,0.0063400),(0.3144721,-0.1493722,0.0063400),(0.3136768,-0.1496114,0.0063400),(0.3137680,-0.1496176,0.0063400),(0.3144721,-0.1493722,0.0063400),(0.3137680,-0.1496176,0.0063400),(0.3138566,-0.1496281,0.0063400),(0.3144721,-0.1493722,0.0063400),(0.3138566,-0.1496281,0.0063400),(0.3139427,-0.1496426,0.0063400),(0.3144721,-0.1493722,0.0063400),(0.3139427,-0.1496426,0.0063400),(0.3140262,-0.1496614,0.0063400),(0.3144721,-0.1493722,0.0063400),(0.3140262,-0.1496614,0.0063400),(0.3141072,-0.1496843,0.0063400),(0.3144721,-0.1493722,0.0063400),(0.3141072,-0.1496843,0.0063400),(0.3141856,-0.1497114,0.0063400),(0.3144721,-0.1493722,0.0063400),(0.3141856,-0.1497114,0.0063400),(0.3142615,-0.1497427,0.0063400),(0.3122591,-0.1540977,0.0063400),(0.3144721,-0.1493722,0.0063400),(0.3142615,-0.1497427,0.0063400),(0.3122591,-0.1540977,0.0063400),(0.3142615,-0.1497427,0.0063400),(0.3126571,-0.1525377,0.0063400),(0.3122591,-0.1540977,0.0063400),(0.3126571,-0.1525377,0.0063400),(0.3125366,-0.1524349,0.0063400),(0.3122835,-0.1521297,0.0063400),(0.3122411,-0.1520604,0.0063400),(0.3118728,-0.1522689,0.0063400),(0.3123286,-0.1521962,0.0063400),(0.3122835,-0.1521297,0.0063400),(0.3118728,-0.1522689,0.0063400),(0.3124271,-0.1523210,0.0063400),(0.3123286,-0.1521962,0.0063400),(0.3118728,-0.1522689,0.0063400),(0.3125366,-0.1524349,0.0063400),(0.3124271,-0.1523210,0.0063400),(0.3118728,-0.1522689,0.0063400),(0.3125366,-0.1524349,0.0063400),(0.3118728,-0.1522689,0.0063400),(0.3119308,-0.1523640,0.0063400),(0.3125366,-0.1524349,0.0063400),(0.3119308,-0.1523640,0.0063400),(0.3119924,-0.1524549,0.0063400),(0.3125366,-0.1524349,0.0063400),(0.3119924,-0.1524549,0.0063400),(0.3120578,-0.1525418,0.0063400),(0.3125366,-0.1524349,0.0063400),(0.3120578,-0.1525418,0.0063400),(0.3121268,-0.1526245,0.0063400),(0.3125366,-0.1524349,0.0063400),(0.3121268,-0.1526245,0.0063400),(0.3121996,-0.1527031,0.0063400),(0.3125366,-0.1524349,0.0063400),(0.3121996,-0.1527031,0.0063400),(0.3122761,-0.1527777,0.0063400),(0.3125366,-0.1524349,0.0063400),(0.3122761,-0.1527777,0.0063400),(0.3123562,-0.1528481,0.0063400),(0.3125366,-0.1524349,0.0063400),(0.3123562,-0.1528481,0.0063400),(0.3124401,-0.1529145,0.0063400),(0.3122591,-0.1540977,0.0063400),(0.3125366,-0.1524349,0.0063400),(0.3124401,-0.1529145,0.0063400),(0.3122591,-0.1540977,0.0063400),(0.3124401,-0.1529145,0.0063400),(0.3118845,-0.1538850,0.0063400),(0.3122591,-0.1540977,0.0063400),(0.3118845,-0.1538850,0.0063400),(0.3118570,-0.1539866,0.0063400),(0.3122591,-0.1540977,0.0063400),(0.3118570,-0.1539866,0.0063400),(0.3118633,-0.1540469,0.0063400),(0.3122591,-0.1540977,0.0063400),(0.3118633,-0.1540469,0.0063400),(0.3119025,-0.1541239,0.0063400),(0.3122591,-0.1540977,0.0063400),(0.3119025,-0.1541239,0.0063400),(0.3119649,-0.1541792,0.0063400),(0.3122591,-0.1540977,0.0063400),(0.3119649,-0.1541792,0.0063400),(0.3120697,-0.1542067,0.0063400),(0.3122591,-0.1540977,0.0063400),(0.3120697,-0.1542067,0.0063400),(0.3121300,-0.1541993,0.0063400),(0.3122591,-0.1540977,0.0063400),(0.3121300,-0.1541993,0.0063400),(0.3122025,-0.1541638,0.0063400),(0.3202070,-0.1494026,0.0063400),(0.3201448,-0.1494686,0.0063400),(0.3200887,-0.1495412,0.0063400),(0.3202070,-0.1494026,0.0063400),(0.3200887,-0.1495412,0.0063400),(0.3200401,-0.1496183,0.0063400),(0.3202070,-0.1494026,0.0063400),(0.3200401,-0.1496183,0.0063400),(0.3199990,-0.1496999,0.0063400),(0.3202070,-0.1494026,0.0063400),(0.3199990,-0.1496999,0.0063400),(0.3199654,-0.1497861,0.0063400),(0.3202070,-0.1494026,0.0063400),(0.3199654,-0.1497861,0.0063400),(0.3199392,-0.1498767,0.0063400),(0.3202070,-0.1494026,0.0063400),(0.3199392,-0.1498767,0.0063400),(0.3199205,-0.1499718,0.0063400),(0.3202070,-0.1494026,0.0063400),(0.3199205,-0.1499718,0.0063400),(0.3199093,-0.1500714,0.0063400),(0.3202070,-0.1494026,0.0063400),(0.3199093,-0.1500714,0.0063400),(0.3199056,-0.1501755,0.0063400),(0.3202070,-0.1494026,0.0063400),(0.3199056,-0.1501755,0.0063400),(0.3199093,-0.1502797,0.0063400),(0.3202070,-0.1494026,0.0063400),(0.3199093,-0.1502797,0.0063400),(0.3199205,-0.1503801,0.0063400),(0.3202070,-0.1494026,0.0063400),(0.3199205,-0.1503801,0.0063400),(0.3199391,-0.1504767,0.0063400),(0.3202070,-0.1494026,0.0063400),(0.3199391,-0.1504767,0.0063400),(0.3199651,-0.1505695,0.0063400),(0.3202070,-0.1494026,0.0063400),(0.3199651,-0.1505695,0.0063400),(0.3199986,-0.1506585,0.0063400),(0.3202070,-0.1494026,0.0063400),(0.3199986,-0.1506585,0.0063400),(0.3200395,-0.1507436,0.0063400),(0.3200395,-0.1507436,0.0063400),(0.3204001,-0.1505216,0.0063400),(0.3203617,-0.1504189,0.0063400),(0.3200395,-0.1507436,0.0063400),(0.3203617,-0.1504189,0.0063400),(0.3203387,-0.1503036,0.0063400),(0.3202070,-0.1494026,0.0063400),(0.3200395,-0.1507436,0.0063400),(0.3203387,-0.1503036,0.0063400),(0.3202070,-0.1494026,0.0063400),(0.3203387,-0.1503036,0.0063400),(0.3203310,-0.1501755,0.0063400),(0.3202070,-0.1494026,0.0063400),(0.3203310,-0.1501755,0.0063400),(0.3203388,-0.1500500,0.0063400),(0.3202070,-0.1494026,0.0063400),(0.3203388,-0.1500500,0.0063400),(0.3203620,-0.1499392,0.0063400),(0.3202070,-0.1494026,0.0063400),(0.3203620,-0.1499392,0.0063400),(0.3204007,-0.1498431,0.0063400),(0.3202070,-0.1494026,0.0063400),(0.3204007,-0.1498431,0.0063400),(0.3204549,-0.1497617,0.0063400),(0.3202070,-0.1494026,0.0063400),(0.3204549,-0.1497617,0.0063400),(0.3205214,-0.1496969,0.0063400),(0.3202070,-0.1494026,0.0063400),(0.3205214,-0.1496969,0.0063400),(0.3205972,-0.1496506,0.0063400),(0.3202070,-0.1494026,0.0063400),(0.3205972,-0.1496506,0.0063400),(0.3206823,-0.1496228,0.0063400),(0.3202070,-0.1494026,0.0063400),(0.3206823,-0.1496228,0.0063400),(0.3207766,-0.1496135,0.0063400),(0.3202070,-0.1494026,0.0063400),(0.3207766,-0.1496135,0.0063400),(0.3208709,-0.1496228,0.0063400),(0.3202070,-0.1494026,0.0063400),(0.3208709,-0.1496228,0.0063400),(0.3209560,-0.1496506,0.0063400),(0.3204538,-0.1506116,0.0063400),(0.3204001,-0.1505216,0.0063400),(0.3200395,-0.1507436,0.0063400),(0.3205165,-0.1506764,0.0063400),(0.3204538,-0.1506116,0.0063400),(0.3200395,-0.1507436,0.0063400),(0.3205861,-0.1507227,0.0063400),(0.3205165,-0.1506764,0.0063400),(0.3200395,-0.1507436,0.0063400),(0.3206626,-0.1507505,0.0063400),(0.3205861,-0.1507227,0.0063400),(0.3200395,-0.1507436,0.0063400),(0.3207459,-0.1507597,0.0063400),(0.3206626,-0.1507505,0.0063400),(0.3200395,-0.1507436,0.0063400),(0.3207459,-0.1507597,0.0063400),(0.3200395,-0.1507436,0.0063400),(0.3200879,-0.1508250,0.0063400),(0.3208083,-0.1507597,0.0063400),(0.3207459,-0.1507597,0.0063400),(0.3200879,-0.1508250,0.0063400),(0.3208083,-0.1507597,0.0063400),(0.3200879,-0.1508250,0.0063400),(0.3201437,-0.1509026,0.0063400),(0.3208932,-0.1507505,0.0063400),(0.3208083,-0.1507597,0.0063400),(0.3201437,-0.1509026,0.0063400),(0.3208932,-0.1507505,0.0063400),(0.3201437,-0.1509026,0.0063400),(0.3201924,-0.1509513,0.0063400),(0.3208932,-0.1507505,0.0063400),(0.3201924,-0.1509513,0.0063400),(0.3201072,-0.1510275,0.0063400),(0.3208932,-0.1507505,0.0063400),(0.3201072,-0.1510275,0.0063400),(0.3200231,-0.1511206,0.0063400),(0.3209700,-0.1507227,0.0063400),(0.3208932,-0.1507505,0.0063400),(0.3200231,-0.1511206,0.0063400),(0.3209700,-0.1507227,0.0063400),(0.3200231,-0.1511206,0.0063400),(0.3199558,-0.1512129,0.0063400),(0.3209700,-0.1507227,0.0063400),(0.3199558,-0.1512129,0.0063400),(0.3198976,-0.1513106,0.0063400),(0.3209700,-0.1507227,0.0063400),(0.3198976,-0.1513106,0.0063400),(0.3198483,-0.1514135,0.0063400),(0.3209700,-0.1507227,0.0063400),(0.3198483,-0.1514135,0.0063400),(0.3198080,-0.1515217,0.0063400),(0.3210387,-0.1506764,0.0063400),(0.3209700,-0.1507227,0.0063400),(0.3198080,-0.1515217,0.0063400),(0.3210387,-0.1506764,0.0063400),(0.3198080,-0.1515217,0.0063400),(0.3197766,-0.1516352,0.0063400),(0.3210387,-0.1506764,0.0063400),(0.3197766,-0.1516352,0.0063400),(0.3197542,-0.1517540,0.0063400),(0.3210387,-0.1506764,0.0063400),(0.3197542,-0.1517540,0.0063400),(0.3197407,-0.1518781,0.0063400),(0.3210387,-0.1506764,0.0063400),(0.3197407,-0.1518781,0.0063400),(0.3197362,-0.1520075,0.0063400),(0.3197362,-0.1520075,0.0063400),(0.3197408,-0.1521356,0.0063400),(0.3197543,-0.1522584,0.0063400),(0.3197362,-0.1520075,0.0063400),(0.3197543,-0.1522584,0.0063400),(0.3197769,-0.1523759,0.0063400),(0.3197362,-0.1520075,0.0063400),(0.3197769,-0.1523759,0.0063400),(0.3198085,-0.1524882,0.0063400),(0.3197362,-0.1520075,0.0063400),(0.3198085,-0.1524882,0.0063400),(0.3198491,-0.1525953,0.0063400),(0.3197362,-0.1520075,0.0063400),(0.3198491,-0.1525953,0.0063400),(0.3198988,-0.1526971,0.0063400),(0.3197362,-0.1520075,0.0063400),(0.3198988,-0.1526971,0.0063400),(0.3199575,-0.1527936,0.0063400),(0.3197362,-0.1520075,0.0063400),(0.3199575,-0.1527936,0.0063400),(0.3200252,-0.1528849,0.0063400),(0.3197362,-0.1520075,0.0063400),(0.3200252,-0.1528849,0.0063400),(0.3200999,-0.1529672,0.0063400),(0.3197362,-0.1520075,0.0063400),(0.3200999,-0.1529672,0.0063400),(0.3201801,-0.1530386,0.0063400),(0.3197362,-0.1520075,0.0063400),(0.3201801,-0.1530386,0.0063400),(0.3202658,-0.1530990,0.0063400),(0.3197362,-0.1520075,0.0063400),(0.3202658,-0.1530990,0.0063400),(0.3203570,-0.1531484,0.0063400),(0.3197362,-0.1520075,0.0063400),(0.3203570,-0.1531484,0.0063400),(0.3204536,-0.1531868,0.0063400),(0.3197362,-0.1520075,0.0063400),(0.3204536,-0.1531868,0.0063400),(0.3205558,-0.1532143,0.0063400),(0.3197362,-0.1520075,0.0063400),(0.3205558,-0.1532143,0.0063400),(0.3206634,-0.1532307,0.0063400),(0.3197362,-0.1520075,0.0063400),(0.3206634,-0.1532307,0.0063400),(0.3207766,-0.1532362,0.0063400),(0.3197362,-0.1520075,0.0063400),(0.3207766,-0.1532362,0.0063400),(0.3208900,-0.1532307,0.0063400),(0.3208900,-0.1532307,0.0063400),(0.3209978,-0.1532143,0.0063400),(0.3211000,-0.1531868,0.0063400),(0.3208900,-0.1532307,0.0063400),(0.3211000,-0.1531868,0.0063400),(0.3211967,-0.1531484,0.0063400),(0.3208900,-0.1532307,0.0063400),(0.3211967,-0.1531484,0.0063400),(0.3212879,-0.1530990,0.0063400),(0.3208900,-0.1532307,0.0063400),(0.3212879,-0.1530990,0.0063400),(0.3213735,-0.1530386,0.0063400),(0.3208900,-0.1532307,0.0063400),(0.3213735,-0.1530386,0.0063400),(0.3214535,-0.1529672,0.0063400),(0.3208900,-0.1532307,0.0063400),(0.3214535,-0.1529672,0.0063400),(0.3215280,-0.1528849,0.0063400),(0.3208900,-0.1532307,0.0063400),(0.3215280,-0.1528849,0.0063400),(0.3215957,-0.1527936,0.0063400),(0.3208900,-0.1532307,0.0063400),(0.3215957,-0.1527936,0.0063400),(0.3216544,-0.1526971,0.0063400),(0.3208900,-0.1532307,0.0063400),(0.3216544,-0.1526971,0.0063400),(0.3217041,-0.1525953,0.0063400),(0.3208900,-0.1532307,0.0063400),(0.3217041,-0.1525953,0.0063400),(0.3217447,-0.1524882,0.0063400),(0.3208900,-0.1532307,0.0063400),(0.3217447,-0.1524882,0.0063400),(0.3217763,-0.1523759,0.0063400),(0.3208900,-0.1532307,0.0063400),(0.3217763,-0.1523759,0.0063400),(0.3217989,-0.1522584,0.0063400),(0.3208900,-0.1532307,0.0063400),(0.3217989,-0.1522584,0.0063400),(0.3218124,-0.1521356,0.0063400),(0.3208900,-0.1532307,0.0063400),(0.3218124,-0.1521356,0.0063400),(0.3218169,-0.1520075,0.0063400),(0.3208900,-0.1532307,0.0063400),(0.3218169,-0.1520075,0.0063400),(0.3218125,-0.1518781,0.0063400),(0.3208900,-0.1532307,0.0063400),(0.3218125,-0.1518781,0.0063400),(0.3217990,-0.1517540,0.0063400),(0.3208900,-0.1532307,0.0063400),(0.3217990,-0.1517540,0.0063400),(0.3217766,-0.1516352,0.0063400),(0.3217766,-0.1516352,0.0063400),(0.3217452,-0.1515217,0.0063400),(0.3217049,-0.1514135,0.0063400),(0.3217766,-0.1516352,0.0063400),(0.3217049,-0.1514135,0.0063400),(0.3216556,-0.1513106,0.0063400),(0.3217766,-0.1516352,0.0063400),(0.3216556,-0.1513106,0.0063400),(0.3212917,-0.1515303,0.0063400),(0.3217766,-0.1516352,0.0063400),(0.3212917,-0.1515303,0.0063400),(0.3213460,-0.1516712,0.0063400),(0.3217766,-0.1516352,0.0063400),(0.3213460,-0.1516712,0.0063400),(0.3213785,-0.1518303,0.0063400),(0.3217766,-0.1516352,0.0063400),(0.3213785,-0.1518303,0.0063400),(0.3213867,-0.1519166,0.0063400),(0.3217766,-0.1516352,0.0063400),(0.3213867,-0.1519166,0.0063400),(0.3213894,-0.1520075,0.0063400),(0.3217766,-0.1516352,0.0063400),(0.3213894,-0.1520075,0.0063400),(0.3213866,-0.1520982,0.0063400),(0.3217766,-0.1516352,0.0063400),(0.3213866,-0.1520982,0.0063400),(0.3213783,-0.1521840,0.0063400),(0.3217766,-0.1516352,0.0063400),(0.3213783,-0.1521840,0.0063400),(0.3213644,-0.1522649,0.0063400),(0.3217766,-0.1516352,0.0063400),(0.3213644,-0.1522649,0.0063400),(0.3213449,-0.1523409,0.0063400),(0.3217766,-0.1516352,0.0063400),(0.3213449,-0.1523409,0.0063400),(0.3212894,-0.1524782,0.0063400),(0.3208900,-0.1532307,0.0063400),(0.3217766,-0.1516352,0.0063400),(0.3212894,-0.1524782,0.0063400),(0.3208900,-0.1532307,0.0063400),(0.3212894,-0.1524782,0.0063400),(0.3212116,-0.1525959,0.0063400),(0.3208900,-0.1532307,0.0063400),(0.3212116,-0.1525959,0.0063400),(0.3211181,-0.1526899,0.0063400),(0.3208900,-0.1532307,0.0063400),(0.3211181,-0.1526899,0.0063400),(0.3210145,-0.1527571,0.0063400),(0.3208900,-0.1532307,0.0063400),(0.3210145,-0.1527571,0.0063400),(0.3209006,-0.1527973,0.0063400),(0.3208900,-0.1532307,0.0063400),(0.3209006,-0.1527973,0.0063400),(0.3207766,-0.1528108,0.0063400),(0.3208900,-0.1532307,0.0063400),(0.3207766,-0.1528108,0.0063400),(0.3206526,-0.1527973,0.0063400),(0.3208900,-0.1532307,0.0063400),(0.3206526,-0.1527973,0.0063400),(0.3205387,-0.1527571,0.0063400),(0.3208900,-0.1532307,0.0063400),(0.3205387,-0.1527571,0.0063400),(0.3204351,-0.1526899,0.0063400),(0.3197362,-0.1520075,0.0063400),(0.3208900,-0.1532307,0.0063400),(0.3204351,-0.1526899,0.0063400),(0.3197362,-0.1520075,0.0063400),(0.3204351,-0.1526899,0.0063400),(0.3203416,-0.1525959,0.0063400),(0.3197362,-0.1520075,0.0063400),(0.3203416,-0.1525959,0.0063400),(0.3202643,-0.1524782,0.0063400),(0.3197362,-0.1520075,0.0063400),(0.3202643,-0.1524782,0.0063400),(0.3202091,-0.1523409,0.0063400),(0.3197362,-0.1520075,0.0063400),(0.3202091,-0.1523409,0.0063400),(0.3201759,-0.1521840,0.0063400),(0.3197362,-0.1520075,0.0063400),(0.3201759,-0.1521840,0.0063400),(0.3201676,-0.1520982,0.0063400),(0.3197362,-0.1520075,0.0063400),(0.3201676,-0.1520982,0.0063400),(0.3201649,-0.1520075,0.0063400),(0.3197362,-0.1520075,0.0063400),(0.3201649,-0.1520075,0.0063400),(0.3201676,-0.1519166,0.0063400),(0.3197362,-0.1520075,0.0063400),(0.3201676,-0.1519166,0.0063400),(0.3201757,-0.1518303,0.0063400),(0.3197362,-0.1520075,0.0063400),(0.3201757,-0.1518303,0.0063400),(0.3201893,-0.1517485,0.0063400),(0.3197362,-0.1520075,0.0063400),(0.3201893,-0.1517485,0.0063400),(0.3202083,-0.1516712,0.0063400),(0.3197362,-0.1520075,0.0063400),(0.3202083,-0.1516712,0.0063400),(0.3202625,-0.1515303,0.0063400),(0.3197362,-0.1520075,0.0063400),(0.3202625,-0.1515303,0.0063400),(0.3203384,-0.1514074,0.0063400),(0.3197362,-0.1520075,0.0063400),(0.3203384,-0.1514074,0.0063400),(0.3204309,-0.1513102,0.0063400),(0.3210387,-0.1506764,0.0063400),(0.3197362,-0.1520075,0.0063400),(0.3204309,-0.1513102,0.0063400),(0.3210387,-0.1506764,0.0063400),(0.3204309,-0.1513102,0.0063400),(0.3205348,-0.1512407,0.0063400),(0.3210994,-0.1506116,0.0063400),(0.3210387,-0.1506764,0.0063400),(0.3205348,-0.1512407,0.0063400),(0.3210994,-0.1506116,0.0063400),(0.3205348,-0.1512407,0.0063400),(0.3206500,-0.1511991,0.0063400),(0.3210994,-0.1506116,0.0063400),(0.3206500,-0.1511991,0.0063400),(0.3207766,-0.1511852,0.0063400),(0.3211531,-0.1505216,0.0063400),(0.3210994,-0.1506116,0.0063400),(0.3207766,-0.1511852,0.0063400),(0.3211531,-0.1505216,0.0063400),(0.3207766,-0.1511852,0.0063400),(0.3209037,-0.1511991,0.0063400),(0.3211915,-0.1504189,0.0063400),(0.3211531,-0.1505216,0.0063400),(0.3209037,-0.1511991,0.0063400),(0.3211915,-0.1504189,0.0063400),(0.3209037,-0.1511991,0.0063400),(0.3210192,-0.1512407,0.0063400),(0.3211915,-0.1504189,0.0063400),(0.3210192,-0.1512407,0.0063400),(0.3211233,-0.1513102,0.0063400),(0.3212145,-0.1503036,0.0063400),(0.3211915,-0.1504189,0.0063400),(0.3211233,-0.1513102,0.0063400),(0.3212145,-0.1503036,0.0063400),(0.3211233,-0.1513102,0.0063400),(0.3212158,-0.1514074,0.0063400),(0.3212221,-0.1501755,0.0063400),(0.3212145,-0.1503036,0.0063400),(0.3212158,-0.1514074,0.0063400),(0.3212221,-0.1501755,0.0063400),(0.3212158,-0.1514074,0.0063400),(0.3212917,-0.1515303,0.0063400),(0.3212917,-0.1515303,0.0063400),(0.3216556,-0.1513106,0.0063400),(0.3215973,-0.1512129,0.0063400),(0.3212917,-0.1515303,0.0063400),(0.3215973,-0.1512129,0.0063400),(0.3215301,-0.1511206,0.0063400),(0.3212917,-0.1515303,0.0063400),(0.3215301,-0.1511206,0.0063400),(0.3214463,-0.1510275,0.0063400),(0.3212917,-0.1515303,0.0063400),(0.3214463,-0.1510275,0.0063400),(0.3213618,-0.1509513,0.0063400),(0.3212221,-0.1501755,0.0063400),(0.3212917,-0.1515303,0.0063400),(0.3213618,-0.1509513,0.0063400),(0.3212144,-0.1500500,0.0063400),(0.3212221,-0.1501755,0.0063400),(0.3213618,-0.1509513,0.0063400),(0.3212144,-0.1500500,0.0063400),(0.3213618,-0.1509513,0.0063400),(0.3214095,-0.1509026,0.0063400),(0.3211912,-0.1499392,0.0063400),(0.3212144,-0.1500500,0.0063400),(0.3214095,-0.1509026,0.0063400),(0.3211912,-0.1499392,0.0063400),(0.3214095,-0.1509026,0.0063400),(0.3214655,-0.1508250,0.0063400),(0.3211912,-0.1499392,0.0063400),(0.3214655,-0.1508250,0.0063400),(0.3215141,-0.1507436,0.0063400),(0.3211912,-0.1499392,0.0063400),(0.3215141,-0.1507436,0.0063400),(0.3215552,-0.1506585,0.0063400),(0.3211525,-0.1498431,0.0063400),(0.3211912,-0.1499392,0.0063400),(0.3215552,-0.1506585,0.0063400),(0.3211525,-0.1498431,0.0063400),(0.3215552,-0.1506585,0.0063400),(0.3215889,-0.1505695,0.0063400),(0.3211525,-0.1498431,0.0063400),(0.3215889,-0.1505695,0.0063400),(0.3216150,-0.1504767,0.0063400),(0.3210983,-0.1497617,0.0063400),(0.3211525,-0.1498431,0.0063400),(0.3216150,-0.1504767,0.0063400),(0.3210983,-0.1497617,0.0063400),(0.3216150,-0.1504767,0.0063400),(0.3216337,-0.1503801,0.0063400),(0.3210983,-0.1497617,0.0063400),(0.3216337,-0.1503801,0.0063400),(0.3216449,-0.1502797,0.0063400),(0.3210318,-0.1496969,0.0063400),(0.3210983,-0.1497617,0.0063400),(0.3216449,-0.1502797,0.0063400),(0.3210318,-0.1496969,0.0063400),(0.3216449,-0.1502797,0.0063400),(0.3216487,-0.1501755,0.0063400),(0.3210318,-0.1496969,0.0063400),(0.3216487,-0.1501755,0.0063400),(0.3216449,-0.1500714,0.0063400),(0.3210318,-0.1496969,0.0063400),(0.3216449,-0.1500714,0.0063400),(0.3216336,-0.1499718,0.0063400),(0.3209560,-0.1496506,0.0063400),(0.3210318,-0.1496969,0.0063400),(0.3216336,-0.1499718,0.0063400),(0.3209560,-0.1496506,0.0063400),(0.3216336,-0.1499718,0.0063400),(0.3216149,-0.1498767,0.0063400),(0.3209560,-0.1496506,0.0063400),(0.3216149,-0.1498767,0.0063400),(0.3215886,-0.1497861,0.0063400),(0.3202070,-0.1494026,0.0063400),(0.3209560,-0.1496506,0.0063400),(0.3215886,-0.1497861,0.0063400),(0.3202070,-0.1494026,0.0063400),(0.3215886,-0.1497861,0.0063400),(0.3215548,-0.1496999,0.0063400),(0.3202070,-0.1494026,0.0063400),(0.3215548,-0.1496999,0.0063400),(0.3215135,-0.1496183,0.0063400),(0.3202070,-0.1494026,0.0063400),(0.3215135,-0.1496183,0.0063400),(0.3214647,-0.1495412,0.0063400),(0.3202070,-0.1494026,0.0063400),(0.3214647,-0.1495412,0.0063400),(0.3214084,-0.1494686,0.0063400),(0.3202070,-0.1494026,0.0063400),(0.3214084,-0.1494686,0.0063400),(0.3213462,-0.1494026,0.0063400),(0.3202070,-0.1494026,0.0063400),(0.3213462,-0.1494026,0.0063400),(0.3212792,-0.1493454,0.0063400),(0.3202070,-0.1494026,0.0063400),(0.3212792,-0.1493454,0.0063400),(0.3212074,-0.1492970,0.0063400),(0.3202070,-0.1494026,0.0063400),(0.3212074,-0.1492970,0.0063400),(0.3211309,-0.1492574,0.0063400),(0.3202070,-0.1494026,0.0063400),(0.3211309,-0.1492574,0.0063400),(0.3210495,-0.1492266,0.0063400),(0.3202070,-0.1494026,0.0063400),(0.3210495,-0.1492266,0.0063400),(0.3209633,-0.1492046,0.0063400),(0.3202070,-0.1494026,0.0063400),(0.3209633,-0.1492046,0.0063400),(0.3208724,-0.1491914,0.0063400),(0.3202070,-0.1494026,0.0063400),(0.3208724,-0.1491914,0.0063400),(0.3207766,-0.1491870,0.0063400),(0.3202070,-0.1494026,0.0063400),(0.3207766,-0.1491870,0.0063400),(0.3206808,-0.1491914,0.0063400),(0.3202070,-0.1494026,0.0063400),(0.3206808,-0.1491914,0.0063400),(0.3205899,-0.1492046,0.0063400),(0.3202070,-0.1494026,0.0063400),(0.3205899,-0.1492046,0.0063400),(0.3205037,-0.1492266,0.0063400),(0.3202070,-0.1494026,0.0063400),(0.3205037,-0.1492266,0.0063400),(0.3204223,-0.1492574,0.0063400),(0.3202070,-0.1494026,0.0063400),(0.3204223,-0.1492574,0.0063400),(0.3203457,-0.1492970,0.0063400),(0.3202070,-0.1494026,0.0063400),(0.3203457,-0.1492970,0.0063400),(0.3202739,-0.1493454,0.0063400),(0.3167803,-0.1528150,0.0063400),(0.3179519,-0.1512243,0.0063400),(0.3180164,-0.1511306,0.0063400),(0.3167803,-0.1528150,0.0063400),(0.3180164,-0.1511306,0.0063400),(0.3180723,-0.1510330,0.0063400),(0.3167803,-0.1528150,0.0063400),(0.3180723,-0.1510330,0.0063400),(0.3181196,-0.1509315,0.0063400),(0.3167803,-0.1528150,0.0063400),(0.3181196,-0.1509315,0.0063400),(0.3181583,-0.1508261,0.0063400),(0.3167803,-0.1528150,0.0063400),(0.3181583,-0.1508261,0.0063400),(0.3181884,-0.1507169,0.0063400),(0.3167803,-0.1528150,0.0063400),(0.3181884,-0.1507169,0.0063400),(0.3182099,-0.1506038,0.0063400),(0.3167803,-0.1528150,0.0063400),(0.3182099,-0.1506038,0.0063400),(0.3182228,-0.1504869,0.0063400),(0.3167803,-0.1528150,0.0063400),(0.3182228,-0.1504869,0.0063400),(0.3182271,-0.1503660,0.0063400),(0.3167803,-0.1528150,0.0063400),(0.3182271,-0.1503660,0.0063400),(0.3182219,-0.1502411,0.0063400),(0.3167803,-0.1528150,0.0063400),(0.3182219,-0.1502411,0.0063400),(0.3182066,-0.1501207,0.0063400),(0.3167803,-0.1528150,0.0063400),(0.3182066,-0.1501207,0.0063400),(0.3181809,-0.1500049,0.0063400),(0.3167803,-0.1528150,0.0063400),(0.3181809,-0.1500049,0.0063400),(0.3181450,-0.1498937,0.0063400),(0.3181450,-0.1498937,0.0063400),(0.3180989,-0.1497872,0.0063400),(0.3180425,-0.1496852,0.0063400),(0.3181450,-0.1498937,0.0063400),(0.3180425,-0.1496852,0.0063400),(0.3179759,-0.1495878,0.0063400),(0.3181450,-0.1498937,0.0063400),(0.3179759,-0.1495878,0.0063400),(0.3178990,-0.1494950,0.0063400),(0.3181450,-0.1498937,0.0063400),(0.3178990,-0.1494950,0.0063400),(0.3178261,-0.1494218,0.0063400),(0.3181450,-0.1498937,0.0063400),(0.3178261,-0.1494218,0.0063400),(0.3177487,-0.1493584,0.0063400),(0.3181450,-0.1498937,0.0063400),(0.3177487,-0.1493584,0.0063400),(0.3176668,-0.1493048,0.0063400),(0.3181450,-0.1498937,0.0063400),(0.3176668,-0.1493048,0.0063400),(0.3175804,-0.1492609,0.0063400),(0.3181450,-0.1498937,0.0063400),(0.3175804,-0.1492609,0.0063400),(0.3174895,-0.1492267,0.0063400),(0.3181450,-0.1498937,0.0063400),(0.3174895,-0.1492267,0.0063400),(0.3173942,-0.1492023,0.0063400),(0.3181450,-0.1498937,0.0063400),(0.3173942,-0.1492023,0.0063400),(0.3172943,-0.1491877,0.0063400),(0.3181450,-0.1498937,0.0063400),(0.3172943,-0.1491877,0.0063400),(0.3171899,-0.1491828,0.0063400),(0.3181450,-0.1498937,0.0063400),(0.3171899,-0.1491828,0.0063400),(0.3170914,-0.1491876,0.0063400),(0.3181450,-0.1498937,0.0063400),(0.3170914,-0.1491876,0.0063400),(0.3169959,-0.1492019,0.0063400),(0.3181450,-0.1498937,0.0063400),(0.3169959,-0.1492019,0.0063400),(0.3169034,-0.1492258,0.0063400),(0.3181450,-0.1498937,0.0063400),(0.3169034,-0.1492258,0.0063400),(0.3168139,-0.1492593,0.0063400),(0.3181450,-0.1498937,0.0063400),(0.3168139,-0.1492593,0.0063400),(0.3167275,-0.1493023,0.0063400),(0.3181450,-0.1498937,0.0063400),(0.3167275,-0.1493023,0.0063400),(0.3166440,-0.1493548,0.0063400),(0.3166440,-0.1493548,0.0063400),(0.3165635,-0.1494170,0.0063400),(0.3164861,-0.1494887,0.0063400),(0.3166440,-0.1493548,0.0063400),(0.3164861,-0.1494887,0.0063400),(0.3164070,-0.1495752,0.0063400),(0.3166440,-0.1493548,0.0063400),(0.3164070,-0.1495752,0.0063400),(0.3163384,-0.1496680,0.0063400),(0.3166440,-0.1493548,0.0063400),(0.3163384,-0.1496680,0.0063400),(0.3162804,-0.1497673,0.0063400),(0.3166440,-0.1493548,0.0063400),(0.3162804,-0.1497673,0.0063400),(0.3162329,-0.1498728,0.0063400),(0.3166440,-0.1493548,0.0063400),(0.3162329,-0.1498728,0.0063400),(0.3161960,-0.1499848,0.0063400),(0.3166440,-0.1493548,0.0063400),(0.3161960,-0.1499848,0.0063400),(0.3161696,-0.1501030,0.0063400),(0.3166440,-0.1493548,0.0063400),(0.3161696,-0.1501030,0.0063400),(0.3161538,-0.1502276,0.0063400),(0.3166440,-0.1493548,0.0063400),(0.3161538,-0.1502276,0.0063400),(0.3161485,-0.1503586,0.0063400),(0.3166440,-0.1493548,0.0063400),(0.3161485,-0.1503586,0.0063400),(0.3161485,-0.1503639,0.0063400),(0.3166440,-0.1493548,0.0063400),(0.3161485,-0.1503639,0.0063400),(0.3161641,-0.1504454,0.0063400),(0.3166440,-0.1493548,0.0063400),(0.3161641,-0.1504454,0.0063400),(0.3162109,-0.1505142,0.0063400),(0.3166440,-0.1493548,0.0063400),(0.3162109,-0.1505142,0.0063400),(0.3162797,-0.1505610,0.0063400),(0.3166440,-0.1493548,0.0063400),(0.3162797,-0.1505610,0.0063400),(0.3163612,-0.1505766,0.0063400),(0.3166440,-0.1493548,0.0063400),(0.3163612,-0.1505766,0.0063400),(0.3164427,-0.1505610,0.0063400),(0.3166440,-0.1493548,0.0063400),(0.3164427,-0.1505610,0.0063400),(0.3165115,-0.1505142,0.0063400),(0.3166440,-0.1493548,0.0063400),(0.3165115,-0.1505142,0.0063400),(0.3165591,-0.1504454,0.0063400),(0.3165591,-0.1504454,0.0063400),(0.3165750,-0.1503639,0.0063400),(0.3165750,-0.1503586,0.0063400),(0.3165591,-0.1504454,0.0063400),(0.3165750,-0.1503586,0.0063400),(0.3165783,-0.1502717,0.0063400),(0.3166440,-0.1493548,0.0063400),(0.3165591,-0.1504454,0.0063400),(0.3165783,-0.1502717,0.0063400),(0.3166440,-0.1493548,0.0063400),(0.3165783,-0.1502717,0.0063400),(0.3165883,-0.1501893,0.0063400),(0.3166440,-0.1493548,0.0063400),(0.3165883,-0.1501893,0.0063400),(0.3166049,-0.1501114,0.0063400),(0.3166440,-0.1493548,0.0063400),(0.3166049,-0.1501114,0.0063400),(0.3166282,-0.1500379,0.0063400),(0.3166440,-0.1493548,0.0063400),(0.3166282,-0.1500379,0.0063400),(0.3166947,-0.1499046,0.0063400),(0.3166440,-0.1493548,0.0063400),(0.3166947,-0.1499046,0.0063400),(0.3167877,-0.1497892,0.0063400),(0.3166440,-0.1493548,0.0063400),(0.3167877,-0.1497892,0.0063400),(0.3168786,-0.1497105,0.0063400),(0.3166440,-0.1493548,0.0063400),(0.3168786,-0.1497105,0.0063400),(0.3169756,-0.1496543,0.0063400),(0.3166440,-0.1493548,0.0063400),(0.3169756,-0.1496543,0.0063400),(0.3170786,-0.1496206,0.0063400),(0.3166440,-0.1493548,0.0063400),(0.3170786,-0.1496206,0.0063400),(0.3171878,-0.1496093,0.0063400),(0.3166440,-0.1493548,0.0063400),(0.3171878,-0.1496093,0.0063400),(0.3173010,-0.1496202,0.0063400),(0.3166440,-0.1493548,0.0063400),(0.3173010,-0.1496202,0.0063400),(0.3174047,-0.1496527,0.0063400),(0.3181450,-0.1498937,0.0063400),(0.3166440,-0.1493548,0.0063400),(0.3174047,-0.1496527,0.0063400),(0.3181450,-0.1498937,0.0063400),(0.3174047,-0.1496527,0.0063400),(0.3174989,-0.1497069,0.0063400),(0.3181450,-0.1498937,0.0063400),(0.3174989,-0.1497069,0.0063400),(0.3175836,-0.1497829,0.0063400),(0.3181450,-0.1498937,0.0063400),(0.3175836,-0.1497829,0.0063400),(0.3176352,-0.1498440,0.0063400),(0.3181450,-0.1498937,0.0063400),(0.3176352,-0.1498440,0.0063400),(0.3176799,-0.1499085,0.0063400),(0.3181450,-0.1498937,0.0063400),(0.3176799,-0.1499085,0.0063400),(0.3177487,-0.1500472,0.0063400),(0.3181450,-0.1498937,0.0063400),(0.3177487,-0.1500472,0.0063400),(0.3177900,-0.1501990,0.0063400),(0.3181450,-0.1498937,0.0063400),(0.3177900,-0.1501990,0.0063400),(0.3178003,-0.1502798,0.0063400),(0.3181450,-0.1498937,0.0063400),(0.3178003,-0.1502798,0.0063400),(0.3178037,-0.1503639,0.0063400),(0.3181450,-0.1498937,0.0063400),(0.3178037,-0.1503639,0.0063400),(0.3178008,-0.1504506,0.0063400),(0.3181450,-0.1498937,0.0063400),(0.3178008,-0.1504506,0.0063400),(0.3177920,-0.1505340,0.0063400),(0.3181450,-0.1498937,0.0063400),(0.3177920,-0.1505340,0.0063400),(0.3177774,-0.1506141,0.0063400),(0.3181450,-0.1498937,0.0063400),(0.3177774,-0.1506141,0.0063400),(0.3177569,-0.1506909,0.0063400),(0.3181450,-0.1498937,0.0063400),(0.3177569,-0.1506909,0.0063400),(0.3176984,-0.1508346,0.0063400),(0.3167803,-0.1528150,0.0063400),(0.3181450,-0.1498937,0.0063400),(0.3176984,-0.1508346,0.0063400),(0.3167803,-0.1528150,0.0063400),(0.3176984,-0.1508346,0.0063400),(0.3176164,-0.1509650,0.0063400),(0.3167803,-0.1528150,0.0063400),(0.3176164,-0.1509650,0.0063400),(0.3161929,-0.1528986,0.0063400),(0.3180165,-0.1528150,0.0063400),(0.3167803,-0.1528150,0.0063400),(0.3161929,-0.1528986,0.0063400),(0.3180165,-0.1528150,0.0063400),(0.3161929,-0.1528986,0.0063400),(0.3161464,-0.1530235,0.0063400),(0.3180165,-0.1528150,0.0063400),(0.3161464,-0.1530235,0.0063400),(0.3161485,-0.1530584,0.0063400),(0.3180165,-0.1528150,0.0063400),(0.3161485,-0.1530584,0.0063400),(0.3161750,-0.1531370,0.0063400),(0.3180165,-0.1528150,0.0063400),(0.3161750,-0.1531370,0.0063400),(0.3162268,-0.1531928,0.0063400),(0.3180165,-0.1528150,0.0063400),(0.3162268,-0.1531928,0.0063400),(0.3162953,-0.1532278,0.0063400),(0.3180165,-0.1528150,0.0063400),(0.3162953,-0.1532278,0.0063400),(0.3163612,-0.1532394,0.0063400),(0.3180165,-0.1528150,0.0063400),(0.3163612,-0.1532394,0.0063400),(0.3180165,-0.1532394,0.0063400),(0.3180165,-0.1528150,0.0063400),(0.3180165,-0.1532394,0.0063400),(0.3180998,-0.1532243,0.0063400),(0.3180165,-0.1528150,0.0063400),(0.3180998,-0.1532243,0.0063400),(0.3181678,-0.1531791,0.0063400),(0.3180165,-0.1528150,0.0063400),(0.3181678,-0.1531791,0.0063400),(0.3182122,-0.1531111,0.0063400),(0.3180165,-0.1528150,0.0063400),(0.3182122,-0.1531111,0.0063400),(0.3182271,-0.1530277,0.0063400),(0.3180165,-0.1528150,0.0063400),(0.3182271,-0.1530277,0.0063400),(0.3182122,-0.1529436,0.0063400),(0.3180165,-0.1528150,0.0063400),(0.3182122,-0.1529436,0.0063400),(0.3181678,-0.1528753,0.0063400),(0.3180165,-0.1528150,0.0063400),(0.3181678,-0.1528753,0.0063400),(0.3181019,-0.1528301,0.0063400),(0.3186853,-0.1532090,0.0063400),(0.3187583,-0.1533156,0.0063400),(0.3188650,-0.1533886,0.0063400),(0.3186853,-0.1532090,0.0063400),(0.3188650,-0.1533886,0.0063400),(0.3189901,-0.1534130,0.0063400),(0.3186853,-0.1532090,0.0063400),(0.3189901,-0.1534130,0.0063400),(0.3191150,-0.1533886,0.0063400),(0.3186853,-0.1532090,0.0063400),(0.3191150,-0.1533886,0.0063400),(0.3192208,-0.1533156,0.0063400),(0.3186853,-0.1532090,0.0063400),(0.3192208,-0.1533156,0.0063400),(0.3192939,-0.1532090,0.0063400),(0.3186853,-0.1532090,0.0063400),(0.3192939,-0.1532090,0.0063400),(0.3193182,-0.1530838,0.0063400),(0.3186853,-0.1532090,0.0063400),(0.3193182,-0.1530838,0.0063400),(0.3192939,-0.1529587,0.0063400),(0.3186853,-0.1532090,0.0063400),(0.3192939,-0.1529587,0.0063400),(0.3192208,-0.1528520,0.0063400),(0.3186853,-0.1532090,0.0063400),(0.3192208,-0.1528520,0.0063400),(0.3191150,-0.1527790,0.0063400),(0.3186853,-0.1532090,0.0063400),(0.3191150,-0.1527790,0.0063400),(0.3189901,-0.1527547,0.0063400),(0.3186853,-0.1532090,0.0063400),(0.3189901,-0.1527547,0.0063400),(0.3188650,-0.1527790,0.0063400),(0.3186853,-0.1532090,0.0063400),(0.3188650,-0.1527790,0.0063400),(0.3187583,-0.1528520,0.0063400),(0.3186853,-0.1532090,0.0063400),(0.3187583,-0.1528520,0.0063400),(0.3186853,-0.1529587,0.0063400),(0.3186853,-0.1532090,0.0063400),(0.3186853,-0.1529587,0.0063400),(0.3186610,-0.1530838,0.0063400),(0.3255499,-0.1531389,0.0063400),(0.3256493,-0.1532479,0.0063400),(0.3257626,-0.1532754,0.0063400),(0.3255499,-0.1531389,0.0063400),(0.3257626,-0.1532754,0.0063400),(0.3258637,-0.1532500,0.0063400),(0.3255499,-0.1531389,0.0063400),(0.3258637,-0.1532500,0.0063400),(0.3259404,-0.1531738,0.0063400),(0.3255499,-0.1531389,0.0063400),(0.3259404,-0.1531738,0.0063400),(0.3259478,-0.1531674,0.0063400),(0.3255499,-0.1531389,0.0063400),(0.3259478,-0.1531674,0.0063400),(0.3271934,-0.1510000,0.0063400),(0.3255499,-0.1531389,0.0063400),(0.3271934,-0.1510000,0.0063400),(0.3272210,-0.1508931,0.0063400),(0.3255499,-0.1531389,0.0063400),(0.3272210,-0.1508931,0.0063400),(0.3271932,-0.1507838,0.0063400),(0.3255499,-0.1531389,0.0063400),(0.3271932,-0.1507838,0.0063400),(0.3271098,-0.1507057,0.0063400),(0.3255499,-0.1531389,0.0063400),(0.3271098,-0.1507057,0.0063400),(0.3270029,-0.1506761,0.0063400),(0.3255499,-0.1531389,0.0063400),(0.3270029,-0.1506761,0.0063400),(0.3268942,-0.1507039,0.0063400),(0.3255499,-0.1531389,0.0063400),(0.3268942,-0.1507039,0.0063400),(0.3268177,-0.1507872,0.0063400),(0.3255499,-0.1531389,0.0063400),(0.3268177,-0.1507872,0.0063400),(0.3259753,-0.1522530,0.0063400),(0.3255499,-0.1531389,0.0063400),(0.3259753,-0.1522530,0.0063400),(0.3259753,-0.1496453,0.0063400),(0.3259753,-0.1496453,0.0063400),(0.3275617,-0.1496453,0.0063400),(0.3276467,-0.1496294,0.0063400),(0.3259753,-0.1496453,0.0063400),(0.3276467,-0.1496294,0.0063400),(0.3277173,-0.1495818,0.0063400),(0.3259753,-0.1496453,0.0063400),(0.3277173,-0.1495818,0.0063400),(0.3277649,-0.1495122,0.0063400),(0.3259753,-0.1496453,0.0063400),(0.3277649,-0.1495122,0.0063400),(0.3277808,-0.1494305,0.0063400),(0.3259753,-0.1496453,0.0063400),(0.3277808,-0.1494305,0.0063400),(0.3277649,-0.1493484,0.0063400),(0.3259753,-0.1496453,0.0063400),(0.3277649,-0.1493484,0.0063400),(0.3277173,-0.1492781,0.0063400),(0.3259753,-0.1496453,0.0063400),(0.3277173,-0.1492781,0.0063400),(0.3276467,-0.1492288,0.0063400),(0.3259753,-0.1496453,0.0063400),(0.3276467,-0.1492288,0.0063400),(0.3275617,-0.1492124,0.0063400),(0.3259753,-0.1496453,0.0063400),(0.3275617,-0.1492124,0.0063400),(0.3257552,-0.1492124,0.0063400),(0.3255499,-0.1531389,0.0063400),(0.3259753,-0.1496453,0.0063400),(0.3257552,-0.1492124,0.0063400),(0.3257552,-0.1492124,0.0063400),(0.3239497,-0.1492124,0.0063400),(0.3238668,-0.1492288,0.0063400),(0.3257552,-0.1492124,0.0063400),(0.3238668,-0.1492288,0.0063400),(0.3237983,-0.1492781,0.0063400),(0.3257552,-0.1492124,0.0063400),(0.3237983,-0.1492781,0.0063400),(0.3237523,-0.1493484,0.0063400),(0.3257552,-0.1492124,0.0063400),(0.3237523,-0.1493484,0.0063400),(0.3237369,-0.1494305,0.0063400),(0.3257552,-0.1492124,0.0063400),(0.3237369,-0.1494305,0.0063400),(0.3237523,-0.1495122,0.0063400),(0.3257552,-0.1492124,0.0063400),(0.3237523,-0.1495122,0.0063400),(0.3237983,-0.1495818,0.0063400),(0.3257552,-0.1492124,0.0063400),(0.3237983,-0.1495818,0.0063400),(0.3238668,-0.1496294,0.0063400),(0.3257552,-0.1492124,0.0063400),(0.3238668,-0.1496294,0.0063400),(0.3239497,-0.1496453,0.0063400),(0.3257552,-0.1492124,0.0063400),(0.3239497,-0.1496453,0.0063400),(0.3255424,-0.1496453,0.0063400),(0.3255499,-0.1531389,0.0063400),(0.3257552,-0.1492124,0.0063400),(0.3255424,-0.1496453,0.0063400),(0.3255499,-0.1531389,0.0063400),(0.3255424,-0.1496453,0.0063400),(0.3255424,-0.1522573,0.0063400),(0.3255499,-0.1531389,0.0063400),(0.3255424,-0.1522573,0.0063400),(0.3246863,-0.1507682,0.0063400),(0.3255499,-0.1531389,0.0063400),(0.3246863,-0.1507682,0.0063400),(0.3246066,-0.1506888,0.0063400),(0.3255499,-0.1531389,0.0063400),(0.3246066,-0.1506888,0.0063400),(0.3244989,-0.1506624,0.0063400),(0.3255499,-0.1531389,0.0063400),(0.3244989,-0.1506624,0.0063400),(0.3243878,-0.1506899,0.0063400),(0.3255499,-0.1531389,0.0063400),(0.3243878,-0.1506899,0.0063400),(0.3243061,-0.1507695,0.0063400),(0.3255499,-0.1531389,0.0063400),(0.3243061,-0.1507695,0.0063400),(0.3242788,-0.1508793,0.0063400),(0.3255499,-0.1531389,0.0063400),(0.3242788,-0.1508793,0.0063400),(0.3243105,-0.1509883,0.0063400),(0.3367375,-0.1515514,0.0063400),(0.3363322,-0.1515514,0.0063400),(0.3356421,-0.1515651,0.0063400),(0.3369799,-0.1515514,0.0063400),(0.3367375,-0.1515514,0.0063400),(0.3356421,-0.1515651,0.0063400),(0.3363322,-0.1502157,0.0063400),(0.3363322,-0.1515514,0.0063400),(0.3367375,-0.1515514,0.0063400),(0.3363322,-0.1502157,0.0063400),(0.3367375,-0.1515514,0.0063400),(0.3367375,-0.1493638,0.0063400),(0.3356421,-0.1515651,0.0063400),(0.3363322,-0.1502157,0.0063400),(0.3367375,-0.1493638,0.0063400),(0.3356421,-0.1515651,0.0063400),(0.3367375,-0.1493638,0.0063400),(0.3367277,-0.1492889,0.0063400),(0.3356421,-0.1515651,0.0063400),(0.3367277,-0.1492889,0.0063400),(0.3366983,-0.1492315,0.0063400),(0.3356421,-0.1515651,0.0063400),(0.3366983,-0.1492315,0.0063400),(0.3365893,-0.1491574,0.0063400),(0.3356421,-0.1515651,0.0063400),(0.3365893,-0.1491574,0.0063400),(0.3365290,-0.1491500,0.0063400),(0.3356421,-0.1515651,0.0063400),(0.3365290,-0.1491500,0.0063400),(0.3364528,-0.1491595,0.0063400),(0.3356421,-0.1515651,0.0063400),(0.3364528,-0.1491595,0.0063400),(0.3363459,-0.1492431,0.0063400),(0.3356421,-0.1515651,0.0063400),(0.3363459,-0.1492431,0.0063400),(0.3350685,-0.1516625,0.0063400),(0.3369799,-0.1515514,0.0063400),(0.3356421,-0.1515651,0.0063400),(0.3350685,-0.1516625,0.0063400),(0.3369799,-0.1515514,0.0063400),(0.3350685,-0.1516625,0.0063400),(0.3350336,-0.1517895,0.0063400),(0.3369799,-0.1515514,0.0063400),(0.3350336,-0.1517895,0.0063400),(0.3350590,-0.1518773,0.0063400),(0.3369799,-0.1515514,0.0063400),(0.3350590,-0.1518773,0.0063400),(0.3351360,-0.1519519,0.0063400),(0.3369799,-0.1515514,0.0063400),(0.3351360,-0.1519519,0.0063400),(0.3352463,-0.1519768,0.0063400),(0.3369799,-0.1515514,0.0063400),(0.3352463,-0.1519768,0.0063400),(0.3363110,-0.1519768,0.0063400),(0.3363110,-0.1519768,0.0063400),(0.3363110,-0.1529886,0.0063400),(0.3363266,-0.1530719,0.0063400),(0.3363110,-0.1519768,0.0063400),(0.3363266,-0.1530719,0.0063400),(0.3363734,-0.1531399,0.0063400),(0.3363110,-0.1519768,0.0063400),(0.3363734,-0.1531399,0.0063400),(0.3364422,-0.1531859,0.0063400),(0.3363110,-0.1519768,0.0063400),(0.3364422,-0.1531859,0.0063400),(0.3365237,-0.1532013,0.0063400),(0.3363110,-0.1519768,0.0063400),(0.3365237,-0.1532013,0.0063400),(0.3366060,-0.1531859,0.0063400),(0.3363110,-0.1519768,0.0063400),(0.3366060,-0.1531859,0.0063400),(0.3366751,-0.1531399,0.0063400),(0.3363110,-0.1519768,0.0063400),(0.3366751,-0.1531399,0.0063400),(0.3367219,-0.1530719,0.0063400),(0.3363110,-0.1519768,0.0063400),(0.3367219,-0.1530719,0.0063400),(0.3367375,-0.1529886,0.0063400),(0.3363110,-0.1519768,0.0063400),(0.3367375,-0.1529886,0.0063400),(0.3367375,-0.1519768,0.0063400),(0.3369799,-0.1515514,0.0063400),(0.3363110,-0.1519768,0.0063400),(0.3367375,-0.1519768,0.0063400),(0.3369799,-0.1515514,0.0063400),(0.3367375,-0.1519768,0.0063400),(0.3369799,-0.1519768,0.0063400),(0.3369799,-0.1515514,0.0063400),(0.3369799,-0.1519768,0.0063400),(0.3370635,-0.1519612,0.0063400),(0.3369799,-0.1515514,0.0063400),(0.3370635,-0.1519612,0.0063400),(0.3371323,-0.1519144,0.0063400),(0.3369799,-0.1515514,0.0063400),(0.3371323,-0.1519144,0.0063400),(0.3371783,-0.1518456,0.0063400),(0.3369799,-0.1515514,0.0063400),(0.3371783,-0.1518456,0.0063400),(0.3371936,-0.1517641,0.0063400),(0.3369799,-0.1515514,0.0063400),(0.3371936,-0.1517641,0.0063400),(0.3371783,-0.1516826,0.0063400),(0.3369799,-0.1515514,0.0063400),(0.3371783,-0.1516826,0.0063400),(0.3371323,-0.1516138,0.0063400),(0.3369799,-0.1515514,0.0063400),(0.3371323,-0.1516138,0.0063400),(0.3370635,-0.1515670,0.0063400),(0.3321168,-0.1527917,0.0063400),(0.3332884,-0.1512010,0.0063400),(0.3333529,-0.1511073,0.0063400),(0.3321168,-0.1527917,0.0063400),(0.3333529,-0.1511073,0.0063400),(0.3334088,-0.1510097,0.0063400),(0.3321168,-0.1527917,0.0063400),(0.3334088,-0.1510097,0.0063400),(0.3334561,-0.1509082,0.0063400),(0.3321168,-0.1527917,0.0063400),(0.3334561,-0.1509082,0.0063400),(0.3334948,-0.1508028,0.0063400),(0.3321168,-0.1527917,0.0063400),(0.3334948,-0.1508028,0.0063400),(0.3335249,-0.1506936,0.0063400),(0.3321168,-0.1527917,0.0063400),(0.3335249,-0.1506936,0.0063400),(0.3335464,-0.1505805,0.0063400),(0.3321168,-0.1527917,0.0063400),(0.3335464,-0.1505805,0.0063400),(0.3335593,-0.1504636,0.0063400),(0.3321168,-0.1527917,0.0063400),(0.3335593,-0.1504636,0.0063400),(0.3335636,-0.1503427,0.0063400),(0.3321168,-0.1527917,0.0063400),(0.3335636,-0.1503427,0.0063400),(0.3335584,-0.1502178,0.0063400),(0.3321168,-0.1527917,0.0063400),(0.3335584,-0.1502178,0.0063400),(0.3335431,-0.1500974,0.0063400),(0.3321168,-0.1527917,0.0063400),(0.3335431,-0.1500974,0.0063400),(0.3335174,-0.1499816,0.0063400),(0.3321168,-0.1527917,0.0063400),(0.3335174,-0.1499816,0.0063400),(0.3334815,-0.1498705,0.0063400),(0.3334815,-0.1498705,0.0063400),(0.3334354,-0.1497639,0.0063400),(0.3333790,-0.1496619,0.0063400),(0.3334815,-0.1498705,0.0063400),(0.3333790,-0.1496619,0.0063400),(0.3333124,-0.1495645,0.0063400),(0.3334815,-0.1498705,0.0063400),(0.3333124,-0.1495645,0.0063400),(0.3332355,-0.1494717,0.0063400),(0.3334815,-0.1498705,0.0063400),(0.3332355,-0.1494717,0.0063400),(0.3331626,-0.1493986,0.0063400),(0.3334815,-0.1498705,0.0063400),(0.3331626,-0.1493986,0.0063400),(0.3330852,-0.1493351,0.0063400),(0.3334815,-0.1498705,0.0063400),(0.3330852,-0.1493351,0.0063400),(0.3330033,-0.1492815,0.0063400),(0.3334815,-0.1498705,0.0063400),(0.3330033,-0.1492815,0.0063400),(0.3329169,-0.1492376,0.0063400),(0.3334815,-0.1498705,0.0063400),(0.3329169,-0.1492376,0.0063400),(0.3328260,-0.1492034,0.0063400),(0.3334815,-0.1498705,0.0063400),(0.3328260,-0.1492034,0.0063400),(0.3327306,-0.1491790,0.0063400),(0.3334815,-0.1498705,0.0063400),(0.3327306,-0.1491790,0.0063400),(0.3326308,-0.1491644,0.0063400),(0.3334815,-0.1498705,0.0063400),(0.3326308,-0.1491644,0.0063400),(0.3325264,-0.1491595,0.0063400),(0.3334815,-0.1498705,0.0063400),(0.3325264,-0.1491595,0.0063400),(0.3324279,-0.1491643,0.0063400),(0.3334815,-0.1498705,0.0063400),(0.3324279,-0.1491643,0.0063400),(0.3323324,-0.1491786,0.0063400),(0.3334815,-0.1498705,0.0063400),(0.3323324,-0.1491786,0.0063400),(0.3322399,-0.1492025,0.0063400),(0.3334815,-0.1498705,0.0063400),(0.3322399,-0.1492025,0.0063400),(0.3321504,-0.1492360,0.0063400),(0.3334815,-0.1498705,0.0063400),(0.3321504,-0.1492360,0.0063400),(0.3320639,-0.1492790,0.0063400),(0.3334815,-0.1498705,0.0063400),(0.3320639,-0.1492790,0.0063400),(0.3319805,-0.1493316,0.0063400),(0.3319805,-0.1493316,0.0063400),(0.3319000,-0.1493937,0.0063400),(0.3318226,-0.1494654,0.0063400),(0.3319805,-0.1493316,0.0063400),(0.3318226,-0.1494654,0.0063400),(0.3317435,-0.1495519,0.0063400),(0.3319805,-0.1493316,0.0063400),(0.3317435,-0.1495519,0.0063400),(0.3316749,-0.1496448,0.0063400),(0.3319805,-0.1493316,0.0063400),(0.3316749,-0.1496448,0.0063400),(0.3316169,-0.1497440,0.0063400),(0.3319805,-0.1493316,0.0063400),(0.3316169,-0.1497440,0.0063400),(0.3315694,-0.1498496,0.0063400),(0.3319805,-0.1493316,0.0063400),(0.3315694,-0.1498496,0.0063400),(0.3315325,-0.1499615,0.0063400),(0.3319805,-0.1493316,0.0063400),(0.3315325,-0.1499615,0.0063400),(0.3315061,-0.1500797,0.0063400),(0.3319805,-0.1493316,0.0063400),(0.3315061,-0.1500797,0.0063400),(0.3314903,-0.1502044,0.0063400),(0.3319805,-0.1493316,0.0063400),(0.3314903,-0.1502044,0.0063400),(0.3314850,-0.1503353,0.0063400),(0.3319805,-0.1493316,0.0063400),(0.3314850,-0.1503353,0.0063400),(0.3314850,-0.1503406,0.0063400),(0.3319805,-0.1493316,0.0063400),(0.3314850,-0.1503406,0.0063400),(0.3315006,-0.1504221,0.0063400),(0.3319805,-0.1493316,0.0063400),(0.3315006,-0.1504221,0.0063400),(0.3315474,-0.1504909,0.0063400),(0.3319805,-0.1493316,0.0063400),(0.3315474,-0.1504909,0.0063400),(0.3316162,-0.1505377,0.0063400),(0.3319805,-0.1493316,0.0063400),(0.3316162,-0.1505377,0.0063400),(0.3316977,-0.1505533,0.0063400),(0.3319805,-0.1493316,0.0063400),(0.3316977,-0.1505533,0.0063400),(0.3317792,-0.1505377,0.0063400),(0.3319805,-0.1493316,0.0063400),(0.3317792,-0.1505377,0.0063400),(0.3318480,-0.1504909,0.0063400),(0.3319805,-0.1493316,0.0063400),(0.3318480,-0.1504909,0.0063400),(0.3318956,-0.1504221,0.0063400),(0.3318956,-0.1504221,0.0063400),(0.3319115,-0.1503406,0.0063400),(0.3319115,-0.1503353,0.0063400),(0.3318956,-0.1504221,0.0063400),(0.3319115,-0.1503353,0.0063400),(0.3319148,-0.1502484,0.0063400),(0.3319805,-0.1493316,0.0063400),(0.3318956,-0.1504221,0.0063400),(0.3319148,-0.1502484,0.0063400),(0.3319805,-0.1493316,0.0063400),(0.3319148,-0.1502484,0.0063400),(0.3319248,-0.1501660,0.0063400),(0.3319805,-0.1493316,0.0063400),(0.3319248,-0.1501660,0.0063400),(0.3319414,-0.1500881,0.0063400),(0.3319805,-0.1493316,0.0063400),(0.3319414,-0.1500881,0.0063400),(0.3319647,-0.1500147,0.0063400),(0.3319805,-0.1493316,0.0063400),(0.3319647,-0.1500147,0.0063400),(0.3320312,-0.1498813,0.0063400),(0.3319805,-0.1493316,0.0063400),(0.3320312,-0.1498813,0.0063400),(0.3321242,-0.1497659,0.0063400),(0.3319805,-0.1493316,0.0063400),(0.3321242,-0.1497659,0.0063400),(0.3322151,-0.1496872,0.0063400),(0.3319805,-0.1493316,0.0063400),(0.3322151,-0.1496872,0.0063400),(0.3323121,-0.1496310,0.0063400),(0.3319805,-0.1493316,0.0063400),(0.3323121,-0.1496310,0.0063400),(0.3324151,-0.1495973,0.0063400),(0.3319805,-0.1493316,0.0063400),(0.3324151,-0.1495973,0.0063400),(0.3325243,-0.1495860,0.0063400),(0.3319805,-0.1493316,0.0063400),(0.3325243,-0.1495860,0.0063400),(0.3326375,-0.1495969,0.0063400),(0.3319805,-0.1493316,0.0063400),(0.3326375,-0.1495969,0.0063400),(0.3327412,-0.1496294,0.0063400),(0.3334815,-0.1498705,0.0063400),(0.3319805,-0.1493316,0.0063400),(0.3327412,-0.1496294,0.0063400),(0.3334815,-0.1498705,0.0063400),(0.3327412,-0.1496294,0.0063400),(0.3328354,-0.1496837,0.0063400),(0.3334815,-0.1498705,0.0063400),(0.3328354,-0.1496837,0.0063400),(0.3329201,-0.1497596,0.0063400),(0.3334815,-0.1498705,0.0063400),(0.3329201,-0.1497596,0.0063400),(0.3329717,-0.1498208,0.0063400),(0.3334815,-0.1498705,0.0063400),(0.3329717,-0.1498208,0.0063400),(0.3330164,-0.1498852,0.0063400),(0.3334815,-0.1498705,0.0063400),(0.3330164,-0.1498852,0.0063400),(0.3330852,-0.1500239,0.0063400),(0.3334815,-0.1498705,0.0063400),(0.3330852,-0.1500239,0.0063400),(0.3331265,-0.1501757,0.0063400),(0.3334815,-0.1498705,0.0063400),(0.3331265,-0.1501757,0.0063400),(0.3331368,-0.1502565,0.0063400),(0.3334815,-0.1498705,0.0063400),(0.3331368,-0.1502565,0.0063400),(0.3331402,-0.1503406,0.0063400),(0.3334815,-0.1498705,0.0063400),(0.3331402,-0.1503406,0.0063400),(0.3331373,-0.1504273,0.0063400),(0.3334815,-0.1498705,0.0063400),(0.3331373,-0.1504273,0.0063400),(0.3331285,-0.1505107,0.0063400),(0.3334815,-0.1498705,0.0063400),(0.3331285,-0.1505107,0.0063400),(0.3331139,-0.1505908,0.0063400),(0.3334815,-0.1498705,0.0063400),(0.3331139,-0.1505908,0.0063400),(0.3330934,-0.1506676,0.0063400),(0.3334815,-0.1498705,0.0063400),(0.3330934,-0.1506676,0.0063400),(0.3330349,-0.1508113,0.0063400),(0.3321168,-0.1527917,0.0063400),(0.3334815,-0.1498705,0.0063400),(0.3330349,-0.1508113,0.0063400),(0.3321168,-0.1527917,0.0063400),(0.3330349,-0.1508113,0.0063400),(0.3329529,-0.1509418,0.0063400),(0.3321168,-0.1527917,0.0063400),(0.3329529,-0.1509418,0.0063400),(0.3315294,-0.1528753,0.0063400),(0.3333529,-0.1527917,0.0063400),(0.3321168,-0.1527917,0.0063400),(0.3315294,-0.1528753,0.0063400),(0.3333529,-0.1527917,0.0063400),(0.3315294,-0.1528753,0.0063400),(0.3314829,-0.1530002,0.0063400),(0.3333529,-0.1527917,0.0063400),(0.3314829,-0.1530002,0.0063400),(0.3314850,-0.1530351,0.0063400),(0.3333529,-0.1527917,0.0063400),(0.3314850,-0.1530351,0.0063400),(0.3315114,-0.1531137,0.0063400),(0.3333529,-0.1527917,0.0063400),(0.3315114,-0.1531137,0.0063400),(0.3315633,-0.1531695,0.0063400),(0.3333529,-0.1527917,0.0063400),(0.3315633,-0.1531695,0.0063400),(0.3316318,-0.1532045,0.0063400),(0.3333529,-0.1527917,0.0063400),(0.3316318,-0.1532045,0.0063400),(0.3316977,-0.1532161,0.0063400),(0.3333529,-0.1527917,0.0063400),(0.3316977,-0.1532161,0.0063400),(0.3333529,-0.1532161,0.0063400),(0.3333529,-0.1527917,0.0063400),(0.3333529,-0.1532161,0.0063400),(0.3334363,-0.1532010,0.0063400),(0.3333529,-0.1527917,0.0063400),(0.3334363,-0.1532010,0.0063400),(0.3335043,-0.1531558,0.0063400),(0.3333529,-0.1527917,0.0063400),(0.3335043,-0.1531558,0.0063400),(0.3335487,-0.1530878,0.0063400),(0.3333529,-0.1527917,0.0063400),(0.3335487,-0.1530878,0.0063400),(0.3335636,-0.1530044,0.0063400),(0.3333529,-0.1527917,0.0063400),(0.3335636,-0.1530044,0.0063400),(0.3335487,-0.1529203,0.0063400),(0.3333529,-0.1527917,0.0063400),(0.3335487,-0.1529203,0.0063400),(0.3335043,-0.1528520,0.0063400),(0.3333529,-0.1527917,0.0063400),(0.3335043,-0.1528520,0.0063400),(0.3334384,-0.1528068,0.0063400),(0.3301092,-0.1491574,0.0063400),(0.3299917,-0.1492040,0.0063400),(0.3293842,-0.1497056,0.0063400),(0.3301092,-0.1491574,0.0063400),(0.3293842,-0.1497056,0.0063400),(0.3293265,-0.1497734,0.0063400),(0.3301092,-0.1491574,0.0063400),(0.3293265,-0.1497734,0.0063400),(0.3293016,-0.1498453,0.0063400),(0.3301092,-0.1491574,0.0063400),(0.3293016,-0.1498453,0.0063400),(0.3293016,-0.1498792,0.0063400),(0.3301092,-0.1491574,0.0063400),(0.3293016,-0.1498792,0.0063400),(0.3293355,-0.1500072,0.0063400),(0.3301092,-0.1491574,0.0063400),(0.3293355,-0.1500072,0.0063400),(0.3293948,-0.1500641,0.0063400),(0.3301092,-0.1491574,0.0063400),(0.3293948,-0.1500641,0.0063400),(0.3294752,-0.1500930,0.0063400),(0.3301092,-0.1491574,0.0063400),(0.3294752,-0.1500930,0.0063400),(0.3295165,-0.1500951,0.0063400),(0.3301092,-0.1491574,0.0063400),(0.3295165,-0.1500951,0.0063400),(0.3296318,-0.1500580,0.0063400),(0.3301092,-0.1491574,0.0063400),(0.3296318,-0.1500580,0.0063400),(0.3299028,-0.1498189,0.0063400),(0.3301092,-0.1491574,0.0063400),(0.3299028,-0.1498189,0.0063400),(0.3299028,-0.1530044,0.0063400),(0.3301092,-0.1491574,0.0063400),(0.3299028,-0.1530044,0.0063400),(0.3299181,-0.1530865,0.0063400),(0.3301092,-0.1491574,0.0063400),(0.3299181,-0.1530865,0.0063400),(0.3299642,-0.1531547,0.0063400),(0.3301092,-0.1491574,0.0063400),(0.3299642,-0.1531547,0.0063400),(0.3300324,-0.1532008,0.0063400),(0.3301092,-0.1491574,0.0063400),(0.3300324,-0.1532008,0.0063400),(0.3301144,-0.1532161,0.0063400),(0.3301092,-0.1491574,0.0063400),(0.3301144,-0.1532161,0.0063400),(0.3301973,-0.1532008,0.0063400),(0.3301092,-0.1491574,0.0063400),(0.3301973,-0.1532008,0.0063400),(0.3302658,-0.1531547,0.0063400),(0.3301092,-0.1491574,0.0063400),(0.3302658,-0.1531547,0.0063400),(0.3303118,-0.1530865,0.0063400),(0.3301092,-0.1491574,0.0063400),(0.3303118,-0.1530865,0.0063400),(0.3303272,-0.1530044,0.0063400),(0.3301092,-0.1491574,0.0063400),(0.3303272,-0.1530044,0.0063400),(0.3303272,-0.1493775,0.0063400),(0.3301092,-0.1491574,0.0063400),(0.3303272,-0.1493775,0.0063400),(0.3302989,-0.1492643,0.0063400),(0.3301092,-0.1491574,0.0063400),(0.3302989,-0.1492643,0.0063400),(0.3302139,-0.1491892,0.0063400),(0.3340218,-0.1531857,0.0063400),(0.3340948,-0.1532923,0.0063400),(0.3342015,-0.1533653,0.0063400),(0.3340218,-0.1531857,0.0063400),(0.3342015,-0.1533653,0.0063400),(0.3343266,-0.1533897,0.0063400),(0.3340218,-0.1531857,0.0063400),(0.3343266,-0.1533897,0.0063400),(0.3344515,-0.1533653,0.0063400),(0.3340218,-0.1531857,0.0063400),(0.3344515,-0.1533653,0.0063400),(0.3345573,-0.1532923,0.0063400),(0.3340218,-0.1531857,0.0063400),(0.3345573,-0.1532923,0.0063400),(0.3346304,-0.1531857,0.0063400),(0.3340218,-0.1531857,0.0063400),(0.3346304,-0.1531857,0.0063400),(0.3346547,-0.1530605,0.0063400),(0.3340218,-0.1531857,0.0063400),(0.3346547,-0.1530605,0.0063400),(0.3346304,-0.1529354,0.0063400),(0.3340218,-0.1531857,0.0063400),(0.3346304,-0.1529354,0.0063400),(0.3345573,-0.1528288,0.0063400),(0.3340218,-0.1531857,0.0063400),(0.3345573,-0.1528288,0.0063400),(0.3344515,-0.1527557,0.0063400),(0.3340218,-0.1531857,0.0063400),(0.3344515,-0.1527557,0.0063400),(0.3343266,-0.1527314,0.0063400),(0.3340218,-0.1531857,0.0063400),(0.3343266,-0.1527314,0.0063400),(0.3342015,-0.1527557,0.0063400),(0.3340218,-0.1531857,0.0063400),(0.3342015,-0.1527557,0.0063400),(0.3340948,-0.1528288,0.0063400),(0.3340218,-0.1531857,0.0063400),(0.3340948,-0.1528288,0.0063400),(0.3340218,-0.1529354,0.0063400),(0.3340218,-0.1531857,0.0063400),(0.3340218,-0.1529354,0.0063400),(0.3339975,-0.1530605,0.0063400)));
#2400=COMPLEX_TRIANGULATED_SURFACE_SET('surface set',#2399,2085,(),(),(),((1,2,3),(4,5,6),(7,8,9),(10,11,12),(13,14,15),(16,17,18),(19,20,21),(22,23,24),(25,26,27),(28,29,30),(31,32,33),(34,35,36),(37,38,39),(40,41,42),(43,44,45),(46,47,48),(49,50,51),(52,53,54),(55,56,57),(58,59,60),(61,62,63),(64,65,66),(67,68,69),(70,71,72),(73,74,75),(76,77,78),(79,80,81),(82,83,84),(85,86,87),(88,89,90),(91,92,93),(94,95,96),(97,98,99),(100,101,102),(103,104,105),(106,107,108),(109,110,111),(112,113,114),(115,116,117),(118,119,120),(121,122,123),(124,125,126),(127,128,129),(130,131,132),(133,134,135),(136,137,138),(139,140,141),(142,143,144),(145,146,147),(148,149,150),(151,152,153),(154,155,156),(157,158,159),(160,161,162),(163,164,165),(166,167,168),(169,170,171),(172,173,174),(175,176,177),(178,179,180),(181,182,183),(184,185,186),(187,188,189),(190,191,192),(193,194,195),(196,197,198),(199,200,201),(202,203,204),(205,206,207),(208,209,210),(211,212,213),(214,215,216),(217,218,219),(220,221,222),(223,224,225),(226,227,228),(229,230,231),(232,233,234),(235,236,237),(238,239,240),(241,242,243),(244,245,246),(247,248,249),(250,251,252),(253,254,255),(256,257,258),(259,260,261),(262,263,264),(265,266,267),(268,269,270),(271,272,273),(274,275,276),(277,278,279),(280,281,282),(283,284,285),(286,287,288),(289,290,291),(292,293,294),(295,296,297),(298,299,300),(301,302,303),(304,305,306),(307,308,309),(310,311,312),(313,314,315),(316,317,318),(319,320,321),(322,323,324),(325,326,327),(328,329,330),(331,332,333),(334,335,336),(337,338,339),(340,341,342),(343,344,345),(346,347,348),(349,350,351),(352,353,354),(355,356,357),(358,359,360),(361,362,363),(364,365,366),(367,368,369),(370,371,372),(373,374,375),(376,377,378),(379,380,381),(382,383,384),(385,386,387),(388,389,390),(391,392,393),(394,395,396),(397,398,399),(400,401,402),(403,404,405),(406,407,408),(409,410,411),(412,413,414),(415,416,417),(418,419,420),(421,422,423),(424,425,426),(427,428,429),(430,431,432),(433,434,435),(436,437,438),(439,440,441),(442,443,444),(445,446,447),(448,449,450),(451,452,453),(454,455,456),(457,458,459),(460,461,462),(463,464,465),(466,467,468),(469,470,471),(472,473,474),(475,476,477),(478,479,480),(481,482,483),(484,485,486),(487,488,489),(490,491,492),(493,494,495),(496,497,498),(499,500,501),(502,503,504),(505,506,507),(508,509,510),(511,512,513),(514,515,516),(517,518,519),(520,521,522),(523,524,525),(526,527,528),(529,530,531),(532,533,534),(535,536,537),(538,539,540),(541,542,543),(544,545,546),(547,548,549),(550,551,552),(553,554,555),(556,557,558),(559,560,561),(562,563,564),(565,566,567),(568,569,570),(571,572,573),(574,575,576),(577,578,579),(580,581,582),(583,584,585),(586,587,588),(589,590,591),(592,593,594),(595,596,597),(598,599,600),(601,602,603),(604,605,606),(607,608,609),(610,611,612),(613,614,615),(616,617,618),(619,620,621),(622,623,624),(625,626,627),(628,629,630),(631,632,633),(634,635,636),(637,638,639),(640,641,642),(643,644,645),(646,647,648),(649,650,651),(652,653,654),(655,656,657),(658,659,660),(661,662,663),(664,665,666),(667,668,669),(670,671,672),(673,674,675),(676,677,678),(679,680,681),(682,683,684),(685,686,687),(688,689,690),(691,692,693),(694,695,696),(697,698,699),(700,701,702),(703,704,705),(706,707,708),(709,710,711),(712,713,714),(715,716,717),(718,719,720),(721,722,723),(724,725,726),(727,728,729),(730,731,732),(733,734,735),(736,737,738),(739,740,741),(742,743,744),(745,746,747),(748,749,750),(751,752,753),(754,755,756),(757,758,759),(760,761,762),(763,764,765),(766,767,768),(769,770,771),(772,773,774),(775,776,777),(778,779,780),(781,782,783),(784,785,786),(787,788,789),(790,791,792),(793,794,795),(796,797,798),(799,800,801),(802,803,804),(805,806,807),(808,809,810),(811,812,813),(814,815,816),(817,818,819),(820,821,822),(823,824,825),(826,827,828),(829,830,831),(832,833,834),(835,836,837),(838,839,840),(841,842,843),(844,845,846),(847,848,849),(850,851,852),(853,854,855),(856,857,858),(859,860,861),(862,863,864),(865,866,867),(868,869,870),(871,872,873),(874,875,876),(877,878,879),(880,881,882),(883,884,885),(886,887,888),(889,890,891),(892,893,894),(895,896,897),(898,899,900),(901,902,903),(904,905,906),(907,908,909),(910,911,912),(913,914,915),(916,917,918),(919,920,921),(922,923,924),(925,926,927),(928,929,930),(931,932,933),(934,935,936),(937,938,939),(940,941,942),(943,944,945),(946,947,948),(949,950,951),(952,953,954),(955,956,957),(958,959,960),(961,962,963),(964,965,966),(967,968,969),(970,971,972),(973,974,975),(976,977,978),(979,980,981),(982,983,984),(985,986,987),(988,989,990),(991,992,993),(994,995,996),(997,998,999),(1000,1001,1002),(1003,1004,1005),(1006,1007,1008),(1009,1010,1011),(1012,1013,1014),(1015,1016,1017),(1018,1019,1020),(1021,1022,1023),(1024,1025,1026),(1027,1028,1029),(1030,1031,1032),(1033,1034,1035),(1036,1037,1038),(1039,1040,1041),(1042,1043,1044),(1045,1046,1047),(1048,1049,1050),(1051,1052,1053),(1054,1055,1056),(1057,1058,1059),(1060,1061,1062),(1063,1064,1065),(1066,1067,1068),(1069,1070,1071),(1072,1073,1074),(1075,1076,1077),(1078,1079,1080),(1081,1082,1083),(1084,1085,1086),(1087,1088,1089),(1090,1091,1092),(1093,1094,1095),(1096,1097,1098),(1099,1100,1101),(1102,1103,1104),(1105,1106,1107),(1108,1109,1110),(1111,1112,1113),(1114,1115,1116),(1117,1118,1119),(1120,1121,1122),(1123,1124,1125),(1126,1127,1128),(1129,1130,1131),(1132,1133,1134),(1135,1136,1137),(1138,1139,1140),(1141,1142,1143),(1144,1145,1146),(1147,1148,1149),(1150,1151,1152),(1153,1154,1155),(1156,1157,1158),(1159,1160,1161),(1162,1163,1164),(1165,1166,1167),(1168,1169,1170),(1171,1172,1173),(1174,1175,1176),(1177,1178,1179),(1180,1181,1182),(1183,1184,1185),(1186,1187,1188),(1189,1190,1191),(1192,1193,1194),(1195,1196,1197),(1198,1199,1200),(1201,1202,1203),(1204,1205,1206),(1207,1208,1209),(1210,1211,1212),(1213,1214,1215),(1216,1217,1218),(1219,1220,1221),(1222,1223,1224),(1225,1226,1227),(1228,1229,1230),(1231,1232,1233),(1234,1235,1236),(1237,1238,1239),(1240,1241,1242),(1243,1244,1245),(1246,1247,1248),(1249,1250,1251),(1252,1253,1254),(1255,1256,1257),(1258,1259,1260),(1261,1262,1263),(1264,1265,1266),(1267,1268,1269),(1270,1271,1272),(1273,1274,1275),(1276,1277,1278),(1279,1280,1281),(1282,1283,1284),(1285,1286,1287),(1288,1289,1290),(1291,1292,1293),(1294,1295,1296),(1297,1298,1299),(1300,1301,1302),(1303,1304,1305),(1306,1307,1308),(1309,1310,1311),(1312,1313,1314),(1315,1316,1317),(1318,1319,1320),(1321,1322,1323),(1324,1325,1326),(1327,1328,1329),(1330,1331,1332),(1333,1334,1335),(1336,1337,1338),(1339,1340,1341),(1342,1343,1344),(1345,1346,1347),(1348,1349,1350),(1351,1352,1353),(1354,1355,1356),(1357,1358,1359),(1360,1361,1362),(1363,1364,1365),(1366,1367,1368),(1369,1370,1371),(1372,1373,1374),(1375,1376,1377),(1378,1379,1380),(1381,1382,1383),(1384,1385,1386),(1387,1388,1389),(1390,1391,1392),(1393,1394,1395),(1396,1397,1398),(1399,1400,1401),(1402,1403,1404),(1405,1406,1407),(1408,1409,1410),(1411,1412,1413),(1414,1415,1416),(1417,1418,1419),(1420,1421,1422),(1423,1424,1425),(1426,1427,1428),(1429,1430,1431),(1432,1433,1434),(1435,1436,1437),(1438,1439,1440),(1441,1442,1443),(1444,1445,1446),(1447,1448,1449),(1450,1451,1452),(1453,1454,1455),(1456,1457,1458),(1459,1460,1461),(1462,1463,1464),(1465,1466,1467),(1468,1469,1470),(1471,1472,1473),(1474,1475,1476),(1477,1478,1479),(1480,1481,1482),(1483,1484,1485),(1486,1487,1488),(1489,1490,1491),(1492,1493,1494),(1495,1496,1497),(1498,1499,1500),(1501,1502,1503),(1504,1505,1506),(1507,1508,1509),(1510,1511,1512),(1513,1514,1515),(1516,1517,1518),(1519,1520,1521),(1522,1523,1524),(1525,1526,1527),(1528,1529,1530),(1531,1532,1533),(1534,1535,1536),(1537,1538,1539),(1540,1541,1542),(1543,1544,1545),(1546,1547,1548),(1549,1550,1551),(1552,1553,1554),(1555,1556,1557),(1558,1559,1560),(1561,1562,1563),(1564,1565,1566),(1567,1568,1569),(1570,1571,1572),(1573,1574,1575),(1576,1577,1578),(1579,1580,1581),(1582,1583,1584),(1585,1586,1587),(1588,1589,1590),(1591,1592,1593),(1594,1595,1596),(1597,1598,1599),(1600,1601,1602),(1603,1604,1605),(1606,1607,1608),(1609,1610,1611),(1612,1613,1614),(1615,1616,1617),(1618,1619,1620),(1621,1622,1623),(1624,1625,1626),(1627,1628,1629),(1630,1631,1632),(1633,1634,1635),(1636,1637,1638),(1639,1640,1641),(1642,1643,1644),(1645,1646,1647),(1648,1649,1650),(1651,1652,1653),(1654,1655,1656),(1657,1658,1659),(1660,1661,1662),(1663,1664,1665),(1666,1667,1668),(1669,1670,1671),(1672,1673,1674),(1675,1676,1677),(1678,1679,1680),(1681,1682,1683),(1684,1685,1686),(1687,1688,1689),(1690,1691,1692),(1693,1694,1695),(1696,1697,1698),(1699,1700,1701),(1702,1703,1704),(1705,1706,1707),(1708,1709,1710),(1711,1712,1713),(1714,1715,1716),(1717,1718,1719),(1720,1721,1722),(1723,1724,1725),(1726,1727,1728),(1729,1730,1731),(1732,1733,1734),(1735,1736,1737),(1738,1739,1740),(1741,1742,1743),(1744,1745,1746),(1747,1748,1749),(1750,1751,1752),(1753,1754,1755),(1756,1757,1758),(1759,1760,1761),(1762,1763,1764),(1765,1766,1767),(1768,1769,1770),(1771,1772,1773),(1774,1775,1776),(1777,1778,1779),(1780,1781,1782),(1783,1784,1785),(1786,1787,1788),(1789,1790,1791),(1792,1793,1794),(1795,1796,1797),(1798,1799,1800),(1801,1802,1803),(1804,1805,1806),(1807,1808,1809),(1810,1811,1812),(1813,1814,1815),(1816,1817,1818),(1819,1820,1821),(1822,1823,1824),(1825,1826,1827),(1828,1829,1830),(1831,1832,1833),(1834,1835,1836),(1837,1838,1839),(1840,1841,1842),(1843,1844,1845),(1846,1847,1848),(1849,1850,1851),(1852,1853,1854),(1855,1856,1857),(1858,1859,1860),(1861,1862,1863),(1864,1865,1866),(1867,1868,1869),(1870,1871,1872),(1873,1874,1875),(1876,1877,1878),(1879,1880,1881),(1882,1883,1884),(1885,1886,1887),(1888,1889,1890),(1891,1892,1893),(1894,1895,1896),(1897,1898,1899),(1900,1901,1902),(1903,1904,1905),(1906,1907,1908),(1909,1910,1911),(1912,1913,1914),(1915,1916,1917),(1918,1919,1920),(1921,1922,1923),(1924,1925,1926),(1927,1928,1929),(1930,1931,1932),(1933,1934,1935),(1936,1937,1938),(1939,1940,1941),(1942,1943,1944),(1945,1946,1947),(1948,1949,1950),(1951,1952,1953),(1954,1955,1956),(1957,1958,1959),(1960,1961,1962),(1963,1964,1965),(1966,1967,1968),(1969,1970,1971),(1972,1973,1974),(1975,1976,1977),(1978,1979,1980),(1981,1982,1983),(1984,1985,1986),(1987,1988,1989),(1990,1991,1992),(1993,1994,1995),(1996,1997,1998),(1999,2000,2001),(2002,2003,2004),(2005,2006,2007),(2008,2009,2010),(2011,2012,2013),(2014,2015,2016),(2017,2018,2019),(2020,2021,2022),(2023,2024,2025),(2026,2027,2028),(2029,2030,2031),(2032,2033,2034),(2035,2036,2037),(2038,2039,2040),(2041,2042,2043),(2044,2045,2046),(2047,2048,2049),(2050,2051,2052),(2053,2054,2055),(2056,2057,2058),(2059,2060,2061),(2062,2063,2064),(2065,2066,2067),(2068,2069,2070),(2071,2072,2073),(2074,2075,2076),(2077,2078,2079),(2080,2081,2082),(2083,2084,2085)));
#2401=TESSELLATED_GEOMETRIC_SET('hole callout',(#2400));
#2402=COORDINATES_LIST('coordinates',5,((0.3116040,-0.1558067,0.0063400),(0.3378336,-0.1558067,0.0063400),(0.3024040,-0.1600067,0.0063400),(0.3066040,-0.1558067,0.0063400),(0.3116040,-0.1558067,0.0063400)));
#2403=TESSELLATED_CURVE_SET('curve set',#2402,((1,2),(3,4,5)));
#2404=TESSELLATED_GEOMETRIC_SET('hole callout',(#2403));
#2405=TESSELLATED_ANNOTATION_OCCURRENCE('hole callout',(#2398),#2401);
#2406=TESSELLATED_ANNOTATION_OCCURRENCE('hole callout',(#2398),#2404);
#2407=DRAUGHTING_CALLOUT('hole callout',(#2405,#2406));
#2408=DRAUGHTING_MODEL_ITEM_ASSOCIATION('','',#2358,#2394,#2407);
#2409=DRAUGHTING_MODEL_ITEM_ASSOCIATION('','',#2366,#2394,#2407);
#2410=DRAUGHTING_MODEL_ITEM_ASSOCIATION('','',#2345,#2394,#2407);
ENDSEC;
END-ISO-10303-21;
