ISO-10303-21;
HEADER;
/*Generated by software containing ST-Developer
 * from STEP Tools, Inc. (www.steptools.com) 
 */
/*OPTION: using custom renumber hook */
/*description */
/*implementation_level */
FILE_DESCRIPTION(('STEP AP242 Edition 2','STEP AP242 Edition 2''CAx-IF Rec.Pracs.---Representation and Presentation of Product Manufa
cturing Information (PMI)---4.0---2014-10-13','STEP AP242 Edition 2''CAx-IF Rec.Pracs.---Representation and Presentation of Product Manufa
cturing Information (PMI)---4.0---2014-10-13''CAx-IF Rec.Pracs.---3D Tessellated Geometry---0.4---2014-09-14','STEP AP242 Edition 2''CAx-IF Rec.Pracs.---Representation and Presentation of Product Manufa
cturing Information (PMI)---4.0---2014-10-13''CAx-IF Rec.Pracs.---3D Tessellated Geometry---0.4---2014-09-14''2;1','STEP AP242 Edition 2''CAx-IF Rec.Pracs.---Representation and Presentation of Product Manufa
cturing Information (PMI)---4.0---2014-10-13''CAx-IF Rec.Pracs.---3D Tessellated Geometry---0.4---2014-09-14''2;1''CAx-IF Rec.Pracs.---User Defined Attributes---1.5---2016-08-15'),'2;1');
/*name */
/*time_stamp */
/*author */
/*organization */
/*preprocessor_version */
/*originating_system */
/*authorisation */
FILE_NAME('/vol/tmp/translate-2459979681082319974/Case - Bottom Case.step','2026-04-23T14:47:20',(''),(''),'ST-DEVELOPER v20','ONSHAPE BY PTC INC, 1.213','  ');
FILE_SCHEMA(('AP242_MANAGED_MODEL_BASED_3D_ENGINEERING_MIM_LF { 1 0 10303 442 3 1 4 }'));
ENDSEC;
DATA;
#10=SHAPE_REPRESENTATION_RELATIONSHIP('','',#1004,#11);
#11=ADVANCED_BREP_SHAPE_REPRESENTATION('',(#1002),#1688);
#12=DEGENERATE_TOROIDAL_SURFACE('',#1029,0.001,0.003,.T.);
#13=PLANE('',#1021);
#14=PLANE('',#1024);
#15=PLANE('',#1034);
#16=PLANE('',#1035);
#17=PLANE('',#1036);
#18=PLANE('',#1037);
#19=PLANE('',#1038);
#20=PLANE('',#1043);
#21=PLANE('',#1044);
#22=PLANE('',#1045);
#23=PLANE('',#1046);
#24=PLANE('',#1047);
#25=PLANE('',#1048);
#26=PLANE('',#1049);
#27=PLANE('',#1050);
#28=PLANE('',#1051);
#29=PLANE('',#1052);
#30=PLANE('',#1053);
#31=PLANE('',#1054);
#32=PLANE('',#1055);
#33=PLANE('',#1056);
#34=PLANE('',#1057);
#35=PLANE('',#1058);
#36=PLANE('',#1059);
#37=PLANE('',#1060);
#38=PLANE('',#1061);
#39=PLANE('',#1062);
#40=PLANE('',#1063);
#41=PLANE('',#1064);
#42=PLANE('',#1065);
#43=PLANE('',#1066);
#44=PLANE('',#1067);
#45=PLANE('',#1068);
#46=PLANE('',#1069);
#47=PLANE('',#1070);
#48=PLANE('',#1071);
#49=PLANE('',#1072);
#50=PLANE('',#1073);
#51=PLANE('',#1074);
#52=PLANE('',#1075);
#53=PLANE('',#1076);
#54=PLANE('',#1077);
#55=PLANE('',#1078);
#56=PLANE('',#1079);
#57=PLANE('',#1080);
#58=LINE('',#1379,#171);
#59=LINE('',#1382,#172);
#60=LINE('',#1390,#173);
#61=LINE('',#1393,#174);
#62=LINE('',#1395,#175);
#63=LINE('',#1397,#176);
#64=LINE('',#1399,#177);
#65=LINE('',#1401,#178);
#66=LINE('',#1407,#179);
#67=LINE('',#1409,#180);
#68=LINE('',#1411,#181);
#69=LINE('',#1477,#182);
#70=LINE('',#1480,#183);
#71=LINE('',#1482,#184);
#72=LINE('',#1484,#185);
#73=LINE('',#1486,#186);
#74=LINE('',#1488,#187);
#75=LINE('',#1490,#188);
#76=LINE('',#1492,#189);
#77=LINE('',#1494,#190);
#78=LINE('',#1497,#191);
#79=LINE('',#1498,#192);
#80=LINE('',#1500,#193);
#81=LINE('',#1502,#194);
#82=LINE('',#1504,#195);
#83=LINE('',#1506,#196);
#84=LINE('',#1508,#197);
#85=LINE('',#1510,#198);
#86=LINE('',#1515,#199);
#87=LINE('',#1516,#200);
#88=LINE('',#1521,#201);
#89=LINE('',#1522,#202);
#90=LINE('',#1524,#203);
#91=LINE('',#1526,#204);
#92=LINE('',#1529,#205);
#93=LINE('',#1530,#206);
#94=LINE('',#1532,#207);
#95=LINE('',#1534,#208);
#96=LINE('',#1535,#209);
#97=LINE('',#1537,#210);
#98=LINE('',#1539,#211);
#99=LINE('',#1541,#212);
#100=LINE('',#1543,#213);
#101=LINE('',#1545,#214);
#102=LINE('',#1547,#215);
#103=LINE('',#1549,#216);
#104=LINE('',#1551,#217);
#105=LINE('',#1552,#218);
#106=LINE('',#1554,#219);
#107=LINE('',#1556,#220);
#108=LINE('',#1558,#221);
#109=LINE('',#1560,#222);
#110=LINE('',#1562,#223);
#111=LINE('',#1564,#224);
#112=LINE('',#1567,#225);
#113=LINE('',#1569,#226);
#114=LINE('',#1571,#227);
#115=LINE('',#1572,#228);
#116=LINE('',#1575,#229);
#117=LINE('',#1577,#230);
#118=LINE('',#1579,#231);
#119=LINE('',#1580,#232);
#120=LINE('',#1583,#233);
#121=LINE('',#1585,#234);
#122=LINE('',#1587,#235);
#123=LINE('',#1589,#236);
#124=LINE('',#1591,#237);
#125=LINE('',#1593,#238);
#126=LINE('',#1595,#239);
#127=LINE('',#1597,#240);
#128=LINE('',#1599,#241);
#129=LINE('',#1601,#242);
#130=LINE('',#1603,#243);
#131=LINE('',#1605,#244);
#132=LINE('',#1608,#245);
#133=LINE('',#1610,#246);
#134=LINE('',#1612,#247);
#135=LINE('',#1614,#248);
#136=LINE('',#1616,#249);
#137=LINE('',#1618,#250);
#138=LINE('',#1620,#251);
#139=LINE('',#1622,#252);
#140=LINE('',#1624,#253);
#141=LINE('',#1626,#254);
#142=LINE('',#1628,#255);
#143=LINE('',#1630,#256);
#144=LINE('',#1633,#257);
#145=LINE('',#1635,#258);
#146=LINE('',#1637,#259);
#147=LINE('',#1639,#260);
#148=LINE('',#1641,#261);
#149=LINE('',#1643,#262);
#150=LINE('',#1645,#263);
#151=LINE('',#1647,#264);
#152=LINE('',#1649,#265);
#153=LINE('',#1651,#266);
#154=LINE('',#1653,#267);
#155=LINE('',#1655,#268);
#156=LINE('',#1658,#269);
#157=LINE('',#1660,#270);
#158=LINE('',#1662,#271);
#159=LINE('',#1664,#272);
#160=LINE('',#1665,#273);
#161=LINE('',#1667,#274);
#162=LINE('',#1669,#275);
#163=LINE('',#1672,#276);
#164=LINE('',#1673,#277);
#165=LINE('',#1675,#278);
#166=LINE('',#1677,#279);
#167=LINE('',#1680,#280);
#168=LINE('',#1681,#281);
#169=LINE('',#1683,#282);
#170=LINE('',#1685,#283);
#171=VECTOR('',#1103,1.);
#172=VECTOR('',#1106,1.);
#173=VECTOR('',#1117,1.);
#174=VECTOR('',#1118,1.);
#175=VECTOR('',#1119,1.);
#176=VECTOR('',#1120,1.);
#177=VECTOR('',#1123,1.);
#178=VECTOR('',#1124,1.);
#179=VECTOR('',#1131,1.);
#180=VECTOR('',#1132,1.);
#181=VECTOR('',#1135,1.);
#182=VECTOR('',#1152,1.);
#183=VECTOR('',#1153,1.);
#184=VECTOR('',#1154,1.);
#185=VECTOR('',#1155,1.);
#186=VECTOR('',#1156,1.);
#187=VECTOR('',#1157,1.);
#188=VECTOR('',#1158,1.);
#189=VECTOR('',#1159,1.);
#190=VECTOR('',#1162,1.);
#191=VECTOR('',#1163,1.);
#192=VECTOR('',#1164,1.);
#193=VECTOR('',#1167,1.);
#194=VECTOR('',#1168,1.);
#195=VECTOR('',#1171,1.);
#196=VECTOR('',#1172,1.);
#197=VECTOR('',#1175,1.);
#198=VECTOR('',#1176,1.);
#199=VECTOR('',#1181,1.);
#200=VECTOR('',#1182,1.);
#201=VECTOR('',#1187,1.);
#202=VECTOR('',#1188,1.);
#203=VECTOR('',#1191,1.);
#204=VECTOR('',#1194,1.);
#205=VECTOR('',#1195,1.);
#206=VECTOR('',#1196,1.);
#207=VECTOR('',#1197,1.);
#208=VECTOR('',#1198,1.);
#209=VECTOR('',#1199,1.);
#210=VECTOR('',#1202,1.);
#211=VECTOR('',#1203,1.);
#212=VECTOR('',#1206,1.);
#213=VECTOR('',#1207,1.);
#214=VECTOR('',#1210,1.);
#215=VECTOR('',#1213,1.);
#216=VECTOR('',#1216,1.);
#217=VECTOR('',#1217,1.);
#218=VECTOR('',#1218,1.);
#219=VECTOR('',#1219,1.);
#220=VECTOR('',#1222,1.);
#221=VECTOR('',#1223,1.);
#222=VECTOR('',#1226,1.);
#223=VECTOR('',#1229,1.);
#224=VECTOR('',#1232,1.);
#225=VECTOR('',#1233,1.);
#226=VECTOR('',#1234,1.);
#227=VECTOR('',#1235,1.);
#228=VECTOR('',#1236,1.);
#229=VECTOR('',#1237,1.);
#230=VECTOR('',#1238,1.);
#231=VECTOR('',#1239,1.);
#232=VECTOR('',#1240,1.);
#233=VECTOR('',#1241,1.);
#234=VECTOR('',#1242,1.);
#235=VECTOR('',#1243,1.);
#236=VECTOR('',#1246,1.);
#237=VECTOR('',#1247,1.);
#238=VECTOR('',#1248,1.);
#239=VECTOR('',#1251,1.);
#240=VECTOR('',#1252,1.);
#241=VECTOR('',#1255,1.);
#242=VECTOR('',#1256,1.);
#243=VECTOR('',#1259,1.);
#244=VECTOR('',#1262,1.);
#245=VECTOR('',#1263,1.);
#246=VECTOR('',#1264,1.);
#247=VECTOR('',#1265,1.);
#248=VECTOR('',#1268,1.);
#249=VECTOR('',#1269,1.);
#250=VECTOR('',#1270,1.);
#251=VECTOR('',#1273,1.);
#252=VECTOR('',#1274,1.);
#253=VECTOR('',#1277,1.);
#254=VECTOR('',#1278,1.);
#255=VECTOR('',#1281,1.);
#256=VECTOR('',#1284,1.);
#257=VECTOR('',#1285,1.);
#258=VECTOR('',#1286,1.);
#259=VECTOR('',#1287,1.);
#260=VECTOR('',#1290,1.);
#261=VECTOR('',#1291,1.);
#262=VECTOR('',#1292,1.);
#263=VECTOR('',#1295,1.);
#264=VECTOR('',#1296,1.);
#265=VECTOR('',#1299,1.);
#266=VECTOR('',#1300,1.);
#267=VECTOR('',#1303,1.);
#268=VECTOR('',#1306,1.);
#269=VECTOR('',#1307,1.);
#270=VECTOR('',#1308,1.);
#271=VECTOR('',#1309,1.);
#272=VECTOR('',#1312,1.);
#273=VECTOR('',#1313,1.);
#274=VECTOR('',#1316,1.);
#275=VECTOR('',#1319,1.);
#276=VECTOR('',#1324,1.);
#277=VECTOR('',#1325,1.);
#278=VECTOR('',#1328,1.);
#279=VECTOR('',#1331,1.);
#280=VECTOR('',#1336,1.);
#281=VECTOR('',#1337,1.);
#282=VECTOR('',#1340,1.);
#283=VECTOR('',#1343,1.);
#284=CYLINDRICAL_SURFACE('',#1014,0.004);
#285=CYLINDRICAL_SURFACE('',#1017,0.0014);
#286=CYLINDRICAL_SURFACE('',#1019,0.0014);
#287=CYLINDRICAL_SURFACE('',#1022,0.003);
#288=CYLINDRICAL_SURFACE('',#1026,0.003);
#289=CYLINDRICAL_SURFACE('',#1039,0.004);
#290=CYLINDRICAL_SURFACE('',#1041,0.004);
#291=ELLIPSE('',#1011,0.001000199980004,0.001);
#292=ELLIPSE('',#1013,0.0040000499996875,0.004);
#293=ELLIPSE('',#1015,0.00412310562561766,0.004);
#294=ELLIPSE('',#1016,0.00412310562561767,0.004);
#295=ELLIPSE('',#1032,0.00412310562561766,0.004);
#296=ELLIPSE('',#1033,0.00412310562561767,0.004);
#297=(
B_SPLINE_SURFACE(3,2,((#1355,#1356,#1357),(#1358,#1359,#1360),(#1361,#1362,
#1363),(#1364,#1365,#1366)),.UNSPECIFIED.,.F.,.F.,.F.)
B_SPLINE_SURFACE_WITH_KNOTS((4,4),(3,3),(1.5707963267949,1.59079366076805),(0.,1.),.PIECEWISE_BEZIER_KNOTS.)
BOUNDED_SURFACE()
GEOMETRIC_REPRESENTATION_ITEM()
RATIONAL_B_SPLINE_SURFACE(((1.,0.707106781186548,1.),(1.,0.707153905946435,
1.),(1.,0.70720102594754,1.),(1.,0.707248131868863,1.)))
REPRESENTATION_ITEM('')
SURFACE()
);
#298=(
B_SPLINE_SURFACE(3,2,((#1420,#1421,#1422),(#1423,#1424,#1425),(#1426,#1427,
#1428),(#1429,#1430,#1431),(#1432,#1433,#1434),(#1435,#1436,#1437),(#1438,
#1439,#1440),(#1441,#1442,#1443),(#1444,#1445,#1446)),.UNSPECIFIED.,.F.,.F.,.F.)
B_SPLINE_SURFACE_WITH_KNOTS((4,1,1,1,1,1,4),(3,3),(6.28318530717959,6.47953484802895,6.67588438887832,6.87223392972768,7.06858347057705,7.46128255227578,7.85398163397451),(0.,1.),.UNSPECIFIED.)
BOUNDED_SURFACE()
GEOMETRIC_REPRESENTATION_ITEM()
RATIONAL_B_SPLINE_SURFACE(((1.,0.707106781186548,1.),(1.,0.707106781267902,
1.),(1.,0.716400177563977,1.),(1.,0.75456389625422,1.),(1.,0.80803495651076,
1.),(1.,0.886299164406799,1.),(1.,0.973513794551653,1.),(1.,0.999999999985562,
1.),(1.,1.,1.)))
REPRESENTATION_ITEM('')
SURFACE()
);
#299=(
B_SPLINE_SURFACE(3,2,((#1448,#1449,#1450),(#1451,#1452,#1453),(#1454,#1455,
#1456),(#1457,#1458,#1459),(#1460,#1461,#1462),(#1463,#1464,#1465),(#1466,
#1467,#1468),(#1469,#1470,#1471),(#1472,#1473,#1474)),.UNSPECIFIED.,.F.,.F.,.F.)
B_SPLINE_SURFACE_WITH_KNOTS((4,1,1,1,1,1,4),(3,3),(6.30318264115273,6.49703251525546,6.69088238935818,6.88473226346091,7.07858213756363,7.46628188576908,7.85398163397453),(0.,1.),.UNSPECIFIED.)
BOUNDED_SURFACE()
GEOMETRIC_REPRESENTATION_ITEM()
RATIONAL_B_SPLINE_SURFACE(((1.,0.707248131868863,1.),(1.,0.70816140320362,
1.),(1.,0.719024402665344,1.),(1.,0.758300548120959,1.),(1.,0.811737310249192,
1.),(1.,0.888967994282961,1.),(1.,0.974203269000265,1.),(1.,0.999999999985746,
1.),(1.,1.,1.)))
REPRESENTATION_ITEM('')
SURFACE()
);
#300=ORIENTED_EDGE('',*,*,#566,.F.);
#301=ORIENTED_EDGE('',*,*,#567,.F.);
#302=ORIENTED_EDGE('',*,*,#568,.F.);
#303=ORIENTED_EDGE('',*,*,#569,.F.);
#304=ORIENTED_EDGE('',*,*,#570,.F.);
#305=ORIENTED_EDGE('',*,*,#571,.F.);
#306=ORIENTED_EDGE('',*,*,#572,.T.);
#307=ORIENTED_EDGE('',*,*,#573,.F.);
#308=ORIENTED_EDGE('',*,*,#574,.T.);
#309=ORIENTED_EDGE('',*,*,#571,.T.);
#310=ORIENTED_EDGE('',*,*,#575,.F.);
#311=ORIENTED_EDGE('',*,*,#576,.F.);
#312=ORIENTED_EDGE('',*,*,#566,.T.);
#313=ORIENTED_EDGE('',*,*,#577,.F.);
#314=ORIENTED_EDGE('',*,*,#567,.T.);
#315=ORIENTED_EDGE('',*,*,#578,.F.);
#316=ORIENTED_EDGE('',*,*,#579,.F.);
#317=ORIENTED_EDGE('',*,*,#580,.T.);
#318=ORIENTED_EDGE('',*,*,#581,.T.);
#319=ORIENTED_EDGE('',*,*,#582,.F.);
#320=ORIENTED_EDGE('',*,*,#570,.T.);
#321=ORIENTED_EDGE('',*,*,#583,.F.);
#322=ORIENTED_EDGE('',*,*,#584,.F.);
#323=ORIENTED_EDGE('',*,*,#585,.T.);
#324=ORIENTED_EDGE('',*,*,#575,.T.);
#325=ORIENTED_EDGE('',*,*,#582,.T.);
#326=ORIENTED_EDGE('',*,*,#586,.F.);
#327=ORIENTED_EDGE('',*,*,#587,.T.);
#328=ORIENTED_EDGE('',*,*,#588,.F.);
#329=ORIENTED_EDGE('',*,*,#589,.T.);
#330=ORIENTED_EDGE('',*,*,#587,.F.);
#331=ORIENTED_EDGE('',*,*,#590,.F.);
#332=ORIENTED_EDGE('',*,*,#589,.F.);
#333=ORIENTED_EDGE('',*,*,#591,.T.);
#334=ORIENTED_EDGE('',*,*,#592,.F.);
#335=ORIENTED_EDGE('',*,*,#585,.F.);
#336=ORIENTED_EDGE('',*,*,#592,.T.);
#337=ORIENTED_EDGE('',*,*,#593,.T.);
#338=ORIENTED_EDGE('',*,*,#572,.F.);
#339=ORIENTED_EDGE('',*,*,#594,.T.);
#340=ORIENTED_EDGE('',*,*,#568,.T.);
#341=ORIENTED_EDGE('',*,*,#574,.F.);
#342=ORIENTED_EDGE('',*,*,#595,.F.);
#343=ORIENTED_EDGE('',*,*,#596,.T.);
#344=ORIENTED_EDGE('',*,*,#597,.T.);
#345=ORIENTED_EDGE('',*,*,#598,.T.);
#346=ORIENTED_EDGE('',*,*,#599,.T.);
#347=ORIENTED_EDGE('',*,*,#600,.F.);
#348=ORIENTED_EDGE('',*,*,#601,.F.);
#349=ORIENTED_EDGE('',*,*,#602,.T.);
#350=ORIENTED_EDGE('',*,*,#603,.F.);
#351=ORIENTED_EDGE('',*,*,#604,.F.);
#352=ORIENTED_EDGE('',*,*,#596,.F.);
#353=ORIENTED_EDGE('',*,*,#605,.T.);
#354=ORIENTED_EDGE('',*,*,#606,.F.);
#355=ORIENTED_EDGE('',*,*,#607,.F.);
#356=ORIENTED_EDGE('',*,*,#597,.F.);
#357=ORIENTED_EDGE('',*,*,#604,.T.);
#358=ORIENTED_EDGE('',*,*,#608,.T.);
#359=ORIENTED_EDGE('',*,*,#609,.T.);
#360=ORIENTED_EDGE('',*,*,#605,.F.);
#361=ORIENTED_EDGE('',*,*,#595,.T.);
#362=ORIENTED_EDGE('',*,*,#607,.T.);
#363=ORIENTED_EDGE('',*,*,#610,.T.);
#364=ORIENTED_EDGE('',*,*,#611,.F.);
#365=ORIENTED_EDGE('',*,*,#598,.F.);
#366=ORIENTED_EDGE('',*,*,#612,.F.);
#367=ORIENTED_EDGE('',*,*,#613,.F.);
#368=ORIENTED_EDGE('',*,*,#593,.F.);
#369=ORIENTED_EDGE('',*,*,#591,.F.);
#370=ORIENTED_EDGE('',*,*,#614,.F.);
#371=ORIENTED_EDGE('',*,*,#615,.F.);
#372=ORIENTED_EDGE('',*,*,#616,.F.);
#373=ORIENTED_EDGE('',*,*,#594,.F.);
#374=ORIENTED_EDGE('',*,*,#617,.F.);
#375=ORIENTED_EDGE('',*,*,#618,.F.);
#376=ORIENTED_EDGE('',*,*,#617,.T.);
#377=ORIENTED_EDGE('',*,*,#573,.T.);
#378=ORIENTED_EDGE('',*,*,#613,.T.);
#379=ORIENTED_EDGE('',*,*,#619,.F.);
#380=ORIENTED_EDGE('',*,*,#620,.F.);
#381=ORIENTED_EDGE('',*,*,#590,.T.);
#382=ORIENTED_EDGE('',*,*,#586,.T.);
#383=ORIENTED_EDGE('',*,*,#584,.T.);
#384=ORIENTED_EDGE('',*,*,#621,.T.);
#385=ORIENTED_EDGE('',*,*,#622,.F.);
#386=ORIENTED_EDGE('',*,*,#623,.F.);
#387=ORIENTED_EDGE('',*,*,#580,.F.);
#388=ORIENTED_EDGE('',*,*,#624,.T.);
#389=ORIENTED_EDGE('',*,*,#577,.T.);
#390=ORIENTED_EDGE('',*,*,#576,.T.);
#391=ORIENTED_EDGE('',*,*,#625,.F.);
#392=ORIENTED_EDGE('',*,*,#626,.F.);
#393=ORIENTED_EDGE('',*,*,#581,.F.);
#394=ORIENTED_EDGE('',*,*,#623,.T.);
#395=ORIENTED_EDGE('',*,*,#627,.T.);
#396=ORIENTED_EDGE('',*,*,#628,.T.);
#397=ORIENTED_EDGE('',*,*,#624,.F.);
#398=ORIENTED_EDGE('',*,*,#579,.T.);
#399=ORIENTED_EDGE('',*,*,#629,.F.);
#400=ORIENTED_EDGE('',*,*,#621,.F.);
#401=ORIENTED_EDGE('',*,*,#583,.T.);
#402=ORIENTED_EDGE('',*,*,#569,.T.);
#403=ORIENTED_EDGE('',*,*,#616,.T.);
#404=ORIENTED_EDGE('',*,*,#620,.T.);
#405=ORIENTED_EDGE('',*,*,#630,.T.);
#406=ORIENTED_EDGE('',*,*,#614,.T.);
#407=ORIENTED_EDGE('',*,*,#588,.T.);
#408=ORIENTED_EDGE('',*,*,#626,.T.);
#409=ORIENTED_EDGE('',*,*,#631,.T.);
#410=ORIENTED_EDGE('',*,*,#632,.T.);
#411=ORIENTED_EDGE('',*,*,#600,.T.);
#412=ORIENTED_EDGE('',*,*,#633,.T.);
#413=ORIENTED_EDGE('',*,*,#634,.T.);
#414=ORIENTED_EDGE('',*,*,#627,.F.);
#415=ORIENTED_EDGE('',*,*,#578,.T.);
#416=ORIENTED_EDGE('',*,*,#635,.F.);
#417=ORIENTED_EDGE('',*,*,#636,.T.);
#418=ORIENTED_EDGE('',*,*,#601,.T.);
#419=ORIENTED_EDGE('',*,*,#632,.F.);
#420=ORIENTED_EDGE('',*,*,#637,.F.);
#421=ORIENTED_EDGE('',*,*,#633,.F.);
#422=ORIENTED_EDGE('',*,*,#599,.F.);
#423=ORIENTED_EDGE('',*,*,#611,.T.);
#424=ORIENTED_EDGE('',*,*,#636,.F.);
#425=ORIENTED_EDGE('',*,*,#638,.T.);
#426=ORIENTED_EDGE('',*,*,#608,.F.);
#427=ORIENTED_EDGE('',*,*,#602,.F.);
#428=ORIENTED_EDGE('',*,*,#639,.F.);
#429=ORIENTED_EDGE('',*,*,#640,.T.);
#430=ORIENTED_EDGE('',*,*,#641,.T.);
#431=ORIENTED_EDGE('',*,*,#642,.F.);
#432=ORIENTED_EDGE('',*,*,#643,.F.);
#433=ORIENTED_EDGE('',*,*,#644,.T.);
#434=ORIENTED_EDGE('',*,*,#645,.T.);
#435=ORIENTED_EDGE('',*,*,#646,.F.);
#436=ORIENTED_EDGE('',*,*,#647,.F.);
#437=ORIENTED_EDGE('',*,*,#648,.T.);
#438=ORIENTED_EDGE('',*,*,#649,.T.);
#439=ORIENTED_EDGE('',*,*,#650,.F.);
#440=ORIENTED_EDGE('',*,*,#615,.T.);
#441=ORIENTED_EDGE('',*,*,#618,.T.);
#442=ORIENTED_EDGE('',*,*,#612,.T.);
#443=ORIENTED_EDGE('',*,*,#630,.F.);
#444=ORIENTED_EDGE('',*,*,#619,.T.);
#445=ORIENTED_EDGE('',*,*,#628,.F.);
#446=ORIENTED_EDGE('',*,*,#634,.F.);
#447=ORIENTED_EDGE('',*,*,#637,.T.);
#448=ORIENTED_EDGE('',*,*,#610,.F.);
#449=ORIENTED_EDGE('',*,*,#606,.T.);
#450=ORIENTED_EDGE('',*,*,#603,.T.);
#451=ORIENTED_EDGE('',*,*,#609,.F.);
#452=ORIENTED_EDGE('',*,*,#638,.F.);
#453=ORIENTED_EDGE('',*,*,#635,.T.);
#454=ORIENTED_EDGE('',*,*,#631,.F.);
#455=ORIENTED_EDGE('',*,*,#625,.T.);
#456=ORIENTED_EDGE('',*,*,#622,.T.);
#457=ORIENTED_EDGE('',*,*,#629,.T.);
#458=ORIENTED_EDGE('',*,*,#651,.F.);
#459=ORIENTED_EDGE('',*,*,#652,.T.);
#460=ORIENTED_EDGE('',*,*,#653,.T.);
#461=ORIENTED_EDGE('',*,*,#648,.F.);
#462=ORIENTED_EDGE('',*,*,#654,.F.);
#463=ORIENTED_EDGE('',*,*,#655,.T.);
#464=ORIENTED_EDGE('',*,*,#651,.T.);
#465=ORIENTED_EDGE('',*,*,#647,.T.);
#466=ORIENTED_EDGE('',*,*,#656,.F.);
#467=ORIENTED_EDGE('',*,*,#657,.T.);
#468=ORIENTED_EDGE('',*,*,#654,.T.);
#469=ORIENTED_EDGE('',*,*,#650,.T.);
#470=ORIENTED_EDGE('',*,*,#653,.F.);
#471=ORIENTED_EDGE('',*,*,#658,.T.);
#472=ORIENTED_EDGE('',*,*,#656,.T.);
#473=ORIENTED_EDGE('',*,*,#649,.F.);
#474=ORIENTED_EDGE('',*,*,#659,.T.);
#475=ORIENTED_EDGE('',*,*,#660,.T.);
#476=ORIENTED_EDGE('',*,*,#661,.T.);
#477=ORIENTED_EDGE('',*,*,#662,.T.);
#478=ORIENTED_EDGE('',*,*,#663,.F.);
#479=ORIENTED_EDGE('',*,*,#664,.T.);
#480=ORIENTED_EDGE('',*,*,#665,.T.);
#481=ORIENTED_EDGE('',*,*,#644,.F.);
#482=ORIENTED_EDGE('',*,*,#666,.F.);
#483=ORIENTED_EDGE('',*,*,#667,.T.);
#484=ORIENTED_EDGE('',*,*,#663,.T.);
#485=ORIENTED_EDGE('',*,*,#643,.T.);
#486=ORIENTED_EDGE('',*,*,#668,.F.);
#487=ORIENTED_EDGE('',*,*,#669,.T.);
#488=ORIENTED_EDGE('',*,*,#666,.T.);
#489=ORIENTED_EDGE('',*,*,#646,.T.);
#490=ORIENTED_EDGE('',*,*,#665,.F.);
#491=ORIENTED_EDGE('',*,*,#670,.T.);
#492=ORIENTED_EDGE('',*,*,#668,.T.);
#493=ORIENTED_EDGE('',*,*,#645,.F.);
#494=ORIENTED_EDGE('',*,*,#671,.T.);
#495=ORIENTED_EDGE('',*,*,#672,.T.);
#496=ORIENTED_EDGE('',*,*,#673,.T.);
#497=ORIENTED_EDGE('',*,*,#674,.T.);
#498=ORIENTED_EDGE('',*,*,#675,.F.);
#499=ORIENTED_EDGE('',*,*,#676,.T.);
#500=ORIENTED_EDGE('',*,*,#677,.T.);
#501=ORIENTED_EDGE('',*,*,#640,.F.);
#502=ORIENTED_EDGE('',*,*,#678,.F.);
#503=ORIENTED_EDGE('',*,*,#679,.T.);
#504=ORIENTED_EDGE('',*,*,#675,.T.);
#505=ORIENTED_EDGE('',*,*,#639,.T.);
#506=ORIENTED_EDGE('',*,*,#680,.F.);
#507=ORIENTED_EDGE('',*,*,#681,.T.);
#508=ORIENTED_EDGE('',*,*,#678,.T.);
#509=ORIENTED_EDGE('',*,*,#642,.T.);
#510=ORIENTED_EDGE('',*,*,#677,.F.);
#511=ORIENTED_EDGE('',*,*,#682,.T.);
#512=ORIENTED_EDGE('',*,*,#680,.T.);
#513=ORIENTED_EDGE('',*,*,#641,.F.);
#514=ORIENTED_EDGE('',*,*,#683,.T.);
#515=ORIENTED_EDGE('',*,*,#684,.T.);
#516=ORIENTED_EDGE('',*,*,#685,.T.);
#517=ORIENTED_EDGE('',*,*,#686,.T.);
#518=ORIENTED_EDGE('',*,*,#687,.F.);
#519=ORIENTED_EDGE('',*,*,#674,.F.);
#520=ORIENTED_EDGE('',*,*,#688,.F.);
#521=ORIENTED_EDGE('',*,*,#667,.F.);
#522=ORIENTED_EDGE('',*,*,#688,.T.);
#523=ORIENTED_EDGE('',*,*,#673,.F.);
#524=ORIENTED_EDGE('',*,*,#689,.F.);
#525=ORIENTED_EDGE('',*,*,#664,.F.);
#526=ORIENTED_EDGE('',*,*,#687,.T.);
#527=ORIENTED_EDGE('',*,*,#669,.F.);
#528=ORIENTED_EDGE('',*,*,#690,.F.);
#529=ORIENTED_EDGE('',*,*,#671,.F.);
#530=ORIENTED_EDGE('',*,*,#689,.T.);
#531=ORIENTED_EDGE('',*,*,#672,.F.);
#532=ORIENTED_EDGE('',*,*,#690,.T.);
#533=ORIENTED_EDGE('',*,*,#670,.F.);
#534=ORIENTED_EDGE('',*,*,#691,.F.);
#535=ORIENTED_EDGE('',*,*,#686,.F.);
#536=ORIENTED_EDGE('',*,*,#692,.F.);
#537=ORIENTED_EDGE('',*,*,#679,.F.);
#538=ORIENTED_EDGE('',*,*,#692,.T.);
#539=ORIENTED_EDGE('',*,*,#685,.F.);
#540=ORIENTED_EDGE('',*,*,#693,.F.);
#541=ORIENTED_EDGE('',*,*,#676,.F.);
#542=ORIENTED_EDGE('',*,*,#691,.T.);
#543=ORIENTED_EDGE('',*,*,#681,.F.);
#544=ORIENTED_EDGE('',*,*,#694,.F.);
#545=ORIENTED_EDGE('',*,*,#683,.F.);
#546=ORIENTED_EDGE('',*,*,#693,.T.);
#547=ORIENTED_EDGE('',*,*,#684,.F.);
#548=ORIENTED_EDGE('',*,*,#694,.T.);
#549=ORIENTED_EDGE('',*,*,#682,.F.);
#550=ORIENTED_EDGE('',*,*,#695,.F.);
#551=ORIENTED_EDGE('',*,*,#662,.F.);
#552=ORIENTED_EDGE('',*,*,#696,.F.);
#553=ORIENTED_EDGE('',*,*,#655,.F.);
#554=ORIENTED_EDGE('',*,*,#696,.T.);
#555=ORIENTED_EDGE('',*,*,#661,.F.);
#556=ORIENTED_EDGE('',*,*,#697,.F.);
#557=ORIENTED_EDGE('',*,*,#652,.F.);
#558=ORIENTED_EDGE('',*,*,#695,.T.);
#559=ORIENTED_EDGE('',*,*,#657,.F.);
#560=ORIENTED_EDGE('',*,*,#698,.F.);
#561=ORIENTED_EDGE('',*,*,#659,.F.);
#562=ORIENTED_EDGE('',*,*,#697,.T.);
#563=ORIENTED_EDGE('',*,*,#660,.F.);
#564=ORIENTED_EDGE('',*,*,#698,.T.);
#565=ORIENTED_EDGE('',*,*,#658,.F.);
#566=EDGE_CURVE('',#779,#779,#699,.T.);
#567=EDGE_CURVE('',#781,#781,#700,.T.);
#568=EDGE_CURVE('',#782,#783,#701,.T.);
#569=EDGE_CURVE('',#784,#782,#291,.T.);
#570=EDGE_CURVE('',#785,#784,#702,.T.);
#571=EDGE_CURVE('',#783,#785,#292,.T.);
#572=EDGE_CURVE('',#786,#787,#293,.F.);
#573=EDGE_CURVE('',#788,#787,#58,.F.);
#574=EDGE_CURVE('',#788,#783,#294,.T.);
#575=EDGE_CURVE('',#786,#785,#59,.F.);
#576=EDGE_CURVE('',#789,#789,#703,.F.);
#577=EDGE_CURVE('',#790,#790,#704,.F.);
#578=EDGE_CURVE('',#791,#792,#60,.T.);
#579=EDGE_CURVE('',#793,#791,#61,.T.);
#580=EDGE_CURVE('',#793,#794,#62,.T.);
#581=EDGE_CURVE('',#794,#792,#63,.T.);
#582=EDGE_CURVE('',#785,#795,#64,.T.);
#583=EDGE_CURVE('',#796,#784,#65,.F.);
#584=EDGE_CURVE('',#795,#796,#705,.T.);
#585=EDGE_CURVE('',#797,#786,#706,.F.);
#586=EDGE_CURVE('',#798,#795,#66,.T.);
#587=EDGE_CURVE('',#798,#797,#67,.F.);
#588=EDGE_CURVE('',#799,#800,#68,.T.);
#589=EDGE_CURVE('',#799,#797,#707,.T.);
#590=EDGE_CURVE('',#800,#798,#708,.T.);
#591=EDGE_CURVE('',#799,#801,#709,.F.);
#592=EDGE_CURVE('',#786,#801,#710,.T.);
#593=EDGE_CURVE('',#801,#787,#295,.F.);
#594=EDGE_CURVE('',#788,#782,#296,.T.);
#595=EDGE_CURVE('',#802,#803,#69,.T.);
#596=EDGE_CURVE('',#802,#804,#70,.T.);
#597=EDGE_CURVE('',#804,#805,#71,.T.);
#598=EDGE_CURVE('',#805,#806,#72,.T.);
#599=EDGE_CURVE('',#806,#807,#73,.T.);
#600=EDGE_CURVE('',#808,#807,#74,.T.);
#601=EDGE_CURVE('',#809,#808,#75,.T.);
#602=EDGE_CURVE('',#809,#803,#76,.T.);
#603=EDGE_CURVE('',#810,#811,#77,.T.);
#604=EDGE_CURVE('',#804,#810,#78,.T.);
#605=EDGE_CURVE('',#802,#811,#79,.T.);
#606=EDGE_CURVE('',#812,#810,#80,.T.);
#607=EDGE_CURVE('',#805,#812,#81,.T.);
#608=EDGE_CURVE('',#803,#813,#82,.T.);
#609=EDGE_CURVE('',#813,#811,#83,.T.);
#610=EDGE_CURVE('',#812,#814,#84,.T.);
#611=EDGE_CURVE('',#806,#814,#85,.T.);
#612=EDGE_CURVE('',#815,#816,#711,.F.);
#613=EDGE_CURVE('',#787,#815,#86,.F.);
#614=EDGE_CURVE('',#816,#799,#87,.F.);
#615=EDGE_CURVE('',#817,#818,#712,.F.);
#616=EDGE_CURVE('',#782,#817,#88,.F.);
#617=EDGE_CURVE('',#818,#788,#89,.F.);
#618=EDGE_CURVE('',#818,#815,#90,.F.);
#619=EDGE_CURVE('',#819,#820,#91,.T.);
#620=EDGE_CURVE('',#800,#819,#92,.T.);
#621=EDGE_CURVE('',#796,#821,#93,.T.);
#622=EDGE_CURVE('',#822,#821,#94,.T.);
#623=EDGE_CURVE('',#794,#822,#95,.T.);
#624=EDGE_CURVE('',#793,#820,#96,.T.);
#625=EDGE_CURVE('',#823,#822,#97,.T.);
#626=EDGE_CURVE('',#792,#823,#98,.T.);
#627=EDGE_CURVE('',#791,#824,#99,.T.);
#628=EDGE_CURVE('',#824,#820,#100,.T.);
#629=EDGE_CURVE('',#821,#817,#101,.T.);
#630=EDGE_CURVE('',#819,#816,#102,.T.);
#631=EDGE_CURVE('',#823,#825,#103,.T.);
#632=EDGE_CURVE('',#825,#808,#104,.T.);
#633=EDGE_CURVE('',#807,#826,#105,.T.);
#634=EDGE_CURVE('',#826,#824,#106,.T.);
#635=EDGE_CURVE('',#827,#825,#107,.T.);
#636=EDGE_CURVE('',#827,#809,#108,.T.);
#637=EDGE_CURVE('',#826,#814,#109,.T.);
#638=EDGE_CURVE('',#827,#813,#110,.T.);
#639=EDGE_CURVE('',#828,#829,#111,.T.);
#640=EDGE_CURVE('',#828,#830,#112,.T.);
#641=EDGE_CURVE('',#830,#831,#113,.T.);
#642=EDGE_CURVE('',#829,#831,#114,.T.);
#643=EDGE_CURVE('',#832,#833,#115,.T.);
#644=EDGE_CURVE('',#832,#834,#116,.T.);
#645=EDGE_CURVE('',#834,#835,#117,.T.);
#646=EDGE_CURVE('',#833,#835,#118,.T.);
#647=EDGE_CURVE('',#836,#837,#119,.T.);
#648=EDGE_CURVE('',#836,#838,#120,.T.);
#649=EDGE_CURVE('',#838,#839,#121,.T.);
#650=EDGE_CURVE('',#837,#839,#122,.T.);
#651=EDGE_CURVE('',#840,#836,#123,.T.);
#652=EDGE_CURVE('',#840,#841,#124,.T.);
#653=EDGE_CURVE('',#841,#838,#125,.T.);
#654=EDGE_CURVE('',#842,#837,#126,.T.);
#655=EDGE_CURVE('',#842,#840,#127,.T.);
#656=EDGE_CURVE('',#843,#839,#128,.T.);
#657=EDGE_CURVE('',#843,#842,#129,.T.);
#658=EDGE_CURVE('',#841,#843,#130,.T.);
#659=EDGE_CURVE('',#844,#845,#131,.T.);
#660=EDGE_CURVE('',#845,#846,#132,.T.);
#661=EDGE_CURVE('',#846,#847,#133,.T.);
#662=EDGE_CURVE('',#847,#844,#134,.T.);
#663=EDGE_CURVE('',#848,#832,#135,.T.);
#664=EDGE_CURVE('',#848,#849,#136,.T.);
#665=EDGE_CURVE('',#849,#834,#137,.T.);
#666=EDGE_CURVE('',#850,#833,#138,.T.);
#667=EDGE_CURVE('',#850,#848,#139,.T.);
#668=EDGE_CURVE('',#851,#835,#140,.T.);
#669=EDGE_CURVE('',#851,#850,#141,.T.);
#670=EDGE_CURVE('',#849,#851,#142,.T.);
#671=EDGE_CURVE('',#852,#853,#143,.T.);
#672=EDGE_CURVE('',#853,#854,#144,.T.);
#673=EDGE_CURVE('',#854,#855,#145,.T.);
#674=EDGE_CURVE('',#855,#852,#146,.T.);
#675=EDGE_CURVE('',#856,#828,#147,.T.);
#676=EDGE_CURVE('',#856,#857,#148,.T.);
#677=EDGE_CURVE('',#857,#830,#149,.T.);
#678=EDGE_CURVE('',#858,#829,#150,.T.);
#679=EDGE_CURVE('',#858,#856,#151,.T.);
#680=EDGE_CURVE('',#859,#831,#152,.T.);
#681=EDGE_CURVE('',#859,#858,#153,.T.);
#682=EDGE_CURVE('',#857,#859,#154,.T.);
#683=EDGE_CURVE('',#860,#861,#155,.T.);
#684=EDGE_CURVE('',#861,#862,#156,.T.);
#685=EDGE_CURVE('',#862,#863,#157,.T.);
#686=EDGE_CURVE('',#863,#860,#158,.T.);
#687=EDGE_CURVE('',#852,#850,#159,.T.);
#688=EDGE_CURVE('',#848,#855,#160,.T.);
#689=EDGE_CURVE('',#849,#854,#161,.F.);
#690=EDGE_CURVE('',#853,#851,#162,.T.);
#691=EDGE_CURVE('',#860,#858,#163,.T.);
#692=EDGE_CURVE('',#856,#863,#164,.T.);
#693=EDGE_CURVE('',#857,#862,#165,.F.);
#694=EDGE_CURVE('',#861,#859,#166,.T.);
#695=EDGE_CURVE('',#844,#842,#167,.T.);
#696=EDGE_CURVE('',#840,#847,#168,.T.);
#697=EDGE_CURVE('',#841,#846,#169,.F.);
#698=EDGE_CURVE('',#845,#843,#170,.T.);
#699=CIRCLE('',#1007,0.0014);
#700=CIRCLE('',#1009,0.0014);
#701=CIRCLE('',#1010,0.003);
#702=CIRCLE('',#1012,0.003);
#703=CIRCLE('',#1018,0.0014);
#704=CIRCLE('',#1020,0.0014);
#705=CIRCLE('',#1023,0.003);
#706=CIRCLE('',#1025,0.001);
#707=CIRCLE('',#1027,0.003);
#708=CIRCLE('',#1028,0.003);
#709=CIRCLE('',#1030,0.004);
#710=CIRCLE('',#1031,0.003);
#711=CIRCLE('',#1040,0.004);
#712=CIRCLE('',#1042,0.004);
#713=EDGE_LOOP('',(#300));
#714=EDGE_LOOP('',(#301));
#715=EDGE_LOOP('',(#302,#303,#304,#305));
#716=EDGE_LOOP('',(#306,#307,#308,#309,#310));
#717=EDGE_LOOP('',(#311));
#718=EDGE_LOOP('',(#312));
#719=EDGE_LOOP('',(#313));
#720=EDGE_LOOP('',(#314));
#721=EDGE_LOOP('',(#315,#316,#317,#318));
#722=EDGE_LOOP('',(#319,#320,#321,#322));
#723=EDGE_LOOP('',(#323,#324,#325,#326,#327));
#724=EDGE_LOOP('',(#328,#329,#330,#331));
#725=EDGE_LOOP('',(#332,#333,#334,#335));
#726=EDGE_LOOP('',(#336,#337,#338));
#727=EDGE_LOOP('',(#339,#340,#341));
#728=EDGE_LOOP('',(#342,#343,#344,#345,#346,#347,#348,#349));
#729=EDGE_LOOP('',(#350,#351,#352,#353));
#730=EDGE_LOOP('',(#354,#355,#356,#357));
#731=EDGE_LOOP('',(#358,#359,#360,#361));
#732=EDGE_LOOP('',(#362,#363,#364,#365));
#733=EDGE_LOOP('',(#366,#367,#368,#369,#370));
#734=EDGE_LOOP('',(#371,#372,#373,#374));
#735=EDGE_LOOP('',(#375,#376,#377,#378));
#736=EDGE_LOOP('',(#379,#380,#381,#382,#383,#384,#385,#386,#387,#388));
#737=EDGE_LOOP('',(#389));
#738=EDGE_LOOP('',(#390));
#739=EDGE_LOOP('',(#391,#392,#393,#394));
#740=EDGE_LOOP('',(#395,#396,#397,#398));
#741=EDGE_LOOP('',(#399,#400,#401,#402,#403));
#742=EDGE_LOOP('',(#404,#405,#406,#407));
#743=EDGE_LOOP('',(#408,#409,#410,#411,#412,#413,#414,#415));
#744=EDGE_LOOP('',(#416,#417,#418,#419));
#745=EDGE_LOOP('',(#420,#421,#422,#423));
#746=EDGE_LOOP('',(#424,#425,#426,#427));
#747=EDGE_LOOP('',(#428,#429,#430,#431));
#748=EDGE_LOOP('',(#432,#433,#434,#435));
#749=EDGE_LOOP('',(#436,#437,#438,#439));
#750=EDGE_LOOP('',(#440,#441,#442,#443,#444,#445,#446,#447,#448,#449,#450,#451,#452,#453,#454,#455,#456,#457));
#751=EDGE_LOOP('',(#458,#459,#460,#461));
#752=EDGE_LOOP('',(#462,#463,#464,#465));
#753=EDGE_LOOP('',(#466,#467,#468,#469));
#754=EDGE_LOOP('',(#470,#471,#472,#473));
#755=EDGE_LOOP('',(#474,#475,#476,#477));
#756=EDGE_LOOP('',(#478,#479,#480,#481));
#757=EDGE_LOOP('',(#482,#483,#484,#485));
#758=EDGE_LOOP('',(#486,#487,#488,#489));
#759=EDGE_LOOP('',(#490,#491,#492,#493));
#760=EDGE_LOOP('',(#494,#495,#496,#497));
#761=EDGE_LOOP('',(#498,#499,#500,#501));
#762=EDGE_LOOP('',(#502,#503,#504,#505));
#763=EDGE_LOOP('',(#506,#507,#508,#509));
#764=EDGE_LOOP('',(#510,#511,#512,#513));
#765=EDGE_LOOP('',(#514,#515,#516,#517));
#766=EDGE_LOOP('',(#518,#519,#520,#521));
#767=EDGE_LOOP('',(#522,#523,#524,#525));
#768=EDGE_LOOP('',(#526,#527,#528,#529));
#769=EDGE_LOOP('',(#530,#531,#532,#533));
#770=EDGE_LOOP('',(#534,#535,#536,#537));
#771=EDGE_LOOP('',(#538,#539,#540,#541));
#772=EDGE_LOOP('',(#542,#543,#544,#545));
#773=EDGE_LOOP('',(#546,#547,#548,#549));
#774=EDGE_LOOP('',(#550,#551,#552,#553));
#775=EDGE_LOOP('',(#554,#555,#556,#557));
#776=EDGE_LOOP('',(#558,#559,#560,#561));
#777=EDGE_LOOP('',(#562,#563,#564,#565));
#778=VERTEX_POINT('',#1348);
#779=VERTEX_POINT('',#1350);
#780=VERTEX_POINT('',#1352);
#781=VERTEX_POINT('',#1354);
#782=VERTEX_POINT('',#1368);
#783=VERTEX_POINT('',#1369);
#784=VERTEX_POINT('',#1371);
#785=VERTEX_POINT('',#1373);
#786=VERTEX_POINT('',#1377);
#787=VERTEX_POINT('',#1378);
#788=VERTEX_POINT('',#1380);
#789=VERTEX_POINT('',#1385);
#790=VERTEX_POINT('',#1388);
#791=VERTEX_POINT('',#1391);
#792=VERTEX_POINT('',#1392);
#793=VERTEX_POINT('',#1394);
#794=VERTEX_POINT('',#1396);
#795=VERTEX_POINT('',#1400);
#796=VERTEX_POINT('',#1402);
#797=VERTEX_POINT('',#1406);
#798=VERTEX_POINT('',#1408);
#799=VERTEX_POINT('',#1412);
#800=VERTEX_POINT('',#1413);
#801=VERTEX_POINT('',#1418);
#802=VERTEX_POINT('',#1478);
#803=VERTEX_POINT('',#1479);
#804=VERTEX_POINT('',#1481);
#805=VERTEX_POINT('',#1483);
#806=VERTEX_POINT('',#1485);
#807=VERTEX_POINT('',#1487);
#808=VERTEX_POINT('',#1489);
#809=VERTEX_POINT('',#1491);
#810=VERTEX_POINT('',#1495);
#811=VERTEX_POINT('',#1496);
#812=VERTEX_POINT('',#1501);
#813=VERTEX_POINT('',#1505);
#814=VERTEX_POINT('',#1509);
#815=VERTEX_POINT('',#1513);
#816=VERTEX_POINT('',#1514);
#817=VERTEX_POINT('',#1519);
#818=VERTEX_POINT('',#1520);
#819=VERTEX_POINT('',#1527);
#820=VERTEX_POINT('',#1528);
#821=VERTEX_POINT('',#1531);
#822=VERTEX_POINT('',#1533);
#823=VERTEX_POINT('',#1538);
#824=VERTEX_POINT('',#1542);
#825=VERTEX_POINT('',#1550);
#826=VERTEX_POINT('',#1553);
#827=VERTEX_POINT('',#1557);
#828=VERTEX_POINT('',#1565);
#829=VERTEX_POINT('',#1566);
#830=VERTEX_POINT('',#1568);
#831=VERTEX_POINT('',#1570);
#832=VERTEX_POINT('',#1573);
#833=VERTEX_POINT('',#1574);
#834=VERTEX_POINT('',#1576);
#835=VERTEX_POINT('',#1578);
#836=VERTEX_POINT('',#1581);
#837=VERTEX_POINT('',#1582);
#838=VERTEX_POINT('',#1584);
#839=VERTEX_POINT('',#1586);
#840=VERTEX_POINT('',#1590);
#841=VERTEX_POINT('',#1592);
#842=VERTEX_POINT('',#1596);
#843=VERTEX_POINT('',#1600);
#844=VERTEX_POINT('',#1606);
#845=VERTEX_POINT('',#1607);
#846=VERTEX_POINT('',#1609);
#847=VERTEX_POINT('',#1611);
#848=VERTEX_POINT('',#1615);
#849=VERTEX_POINT('',#1617);
#850=VERTEX_POINT('',#1621);
#851=VERTEX_POINT('',#1625);
#852=VERTEX_POINT('',#1631);
#853=VERTEX_POINT('',#1632);
#854=VERTEX_POINT('',#1634);
#855=VERTEX_POINT('',#1636);
#856=VERTEX_POINT('',#1640);
#857=VERTEX_POINT('',#1642);
#858=VERTEX_POINT('',#1646);
#859=VERTEX_POINT('',#1650);
#860=VERTEX_POINT('',#1656);
#861=VERTEX_POINT('',#1657);
#862=VERTEX_POINT('',#1659);
#863=VERTEX_POINT('',#1661);
#864=VERTEX_LOOP('',#778);
#865=VERTEX_LOOP('',#780);
#866=FACE_BOUND('',#864,.T.);
#867=FACE_BOUND('',#713,.T.);
#868=FACE_BOUND('',#865,.T.);
#869=FACE_BOUND('',#714,.T.);
#870=FACE_BOUND('',#715,.T.);
#871=FACE_BOUND('',#716,.T.);
#872=FACE_BOUND('',#717,.T.);
#873=FACE_BOUND('',#718,.T.);
#874=FACE_BOUND('',#719,.T.);
#875=FACE_BOUND('',#720,.T.);
#876=FACE_BOUND('',#721,.T.);
#877=FACE_BOUND('',#722,.T.);
#878=FACE_BOUND('',#723,.T.);
#879=FACE_BOUND('',#724,.T.);
#880=FACE_BOUND('',#725,.T.);
#881=FACE_BOUND('',#726,.T.);
#882=FACE_BOUND('',#727,.T.);
#883=FACE_BOUND('',#728,.T.);
#884=FACE_BOUND('',#729,.T.);
#885=FACE_BOUND('',#730,.T.);
#886=FACE_BOUND('',#731,.T.);
#887=FACE_BOUND('',#732,.T.);
#888=FACE_BOUND('',#733,.T.);
#889=FACE_BOUND('',#734,.T.);
#890=FACE_BOUND('',#735,.T.);
#891=FACE_BOUND('',#736,.T.);
#892=FACE_BOUND('',#737,.T.);
#893=FACE_BOUND('',#738,.T.);
#894=FACE_BOUND('',#739,.T.);
#895=FACE_BOUND('',#740,.T.);
#896=FACE_BOUND('',#741,.T.);
#897=FACE_BOUND('',#742,.T.);
#898=FACE_BOUND('',#743,.T.);
#899=FACE_BOUND('',#744,.T.);
#900=FACE_BOUND('',#745,.T.);
#901=FACE_BOUND('',#746,.T.);
#902=FACE_BOUND('',#747,.T.);
#903=FACE_BOUND('',#748,.T.);
#904=FACE_BOUND('',#749,.T.);
#905=FACE_BOUND('',#750,.T.);
#906=FACE_BOUND('',#751,.T.);
#907=FACE_BOUND('',#752,.T.);
#908=FACE_BOUND('',#753,.T.);
#909=FACE_BOUND('',#754,.T.);
#910=FACE_BOUND('',#755,.T.);
#911=FACE_BOUND('',#756,.T.);
#912=FACE_BOUND('',#757,.T.);
#913=FACE_BOUND('',#758,.T.);
#914=FACE_BOUND('',#759,.T.);
#915=FACE_BOUND('',#760,.T.);
#916=FACE_BOUND('',#761,.T.);
#917=FACE_BOUND('',#762,.T.);
#918=FACE_BOUND('',#763,.T.);
#919=FACE_BOUND('',#764,.T.);
#920=FACE_BOUND('',#765,.T.);
#921=FACE_BOUND('',#766,.T.);
#922=FACE_BOUND('',#767,.T.);
#923=FACE_BOUND('',#768,.T.);
#924=FACE_BOUND('',#769,.T.);
#925=FACE_BOUND('',#770,.T.);
#926=FACE_BOUND('',#771,.T.);
#927=FACE_BOUND('',#772,.T.);
#928=FACE_BOUND('',#773,.T.);
#929=FACE_BOUND('',#774,.T.);
#930=FACE_BOUND('',#775,.T.);
#931=FACE_BOUND('',#776,.T.);
#932=FACE_BOUND('',#777,.T.);
#933=CONICAL_SURFACE('',#1006,0.0014,1.02974425867665);
#934=CONICAL_SURFACE('',#1008,0.0014,1.02974425867665);
#935=ADVANCED_FACE('',(#866,#867),#933,.F.);
#936=ADVANCED_FACE('',(#868,#869),#934,.F.);
#937=ADVANCED_FACE('',(#870),#297,.T.);
#938=ADVANCED_FACE('',(#871),#284,.T.);
#939=ADVANCED_FACE('',(#872,#873),#285,.F.);
#940=ADVANCED_FACE('',(#874,#875),#286,.F.);
#941=ADVANCED_FACE('',(#876),#13,.T.);
#942=ADVANCED_FACE('',(#877),#287,.T.);
#943=ADVANCED_FACE('',(#878),#14,.F.);
#944=ADVANCED_FACE('',(#879),#288,.T.);
#945=ADVANCED_FACE('',(#880),#12,.T.);
#946=ADVANCED_FACE('',(#881),#298,.T.);
#947=ADVANCED_FACE('',(#882),#299,.T.);
#948=ADVANCED_FACE('',(#883),#15,.T.);
#949=ADVANCED_FACE('',(#884),#16,.T.);
#950=ADVANCED_FACE('',(#885),#17,.T.);
#951=ADVANCED_FACE('',(#886),#18,.F.);
#952=ADVANCED_FACE('',(#887),#19,.F.);
#953=ADVANCED_FACE('',(#888),#289,.T.);
#954=ADVANCED_FACE('',(#889),#290,.T.);
#955=ADVANCED_FACE('',(#890),#20,.F.);
#956=ADVANCED_FACE('',(#891,#892,#893),#21,.T.);
#957=ADVANCED_FACE('',(#894),#22,.T.);
#958=ADVANCED_FACE('',(#895),#23,.F.);
#959=ADVANCED_FACE('',(#896),#24,.T.);
#960=ADVANCED_FACE('',(#897),#25,.F.);
#961=ADVANCED_FACE('',(#898),#26,.F.);
#962=ADVANCED_FACE('',(#899),#27,.T.);
#963=ADVANCED_FACE('',(#900),#28,.T.);
#964=ADVANCED_FACE('',(#901),#29,.F.);
#965=ADVANCED_FACE('',(#902,#903,#904,#905),#30,.F.);
#966=ADVANCED_FACE('',(#906),#31,.T.);
#967=ADVANCED_FACE('',(#907),#32,.F.);
#968=ADVANCED_FACE('',(#908),#33,.F.);
#969=ADVANCED_FACE('',(#909),#34,.T.);
#970=ADVANCED_FACE('',(#910),#35,.T.);
#971=ADVANCED_FACE('',(#911),#36,.T.);
#972=ADVANCED_FACE('',(#912),#37,.F.);
#973=ADVANCED_FACE('',(#913),#38,.F.);
#974=ADVANCED_FACE('',(#914),#39,.T.);
#975=ADVANCED_FACE('',(#915),#40,.T.);
#976=ADVANCED_FACE('',(#916),#41,.T.);
#977=ADVANCED_FACE('',(#917),#42,.F.);
#978=ADVANCED_FACE('',(#918),#43,.F.);
#979=ADVANCED_FACE('',(#919),#44,.T.);
#980=ADVANCED_FACE('',(#920),#45,.T.);
#981=ADVANCED_FACE('',(#921),#46,.T.);
#982=ADVANCED_FACE('',(#922),#47,.F.);
#983=ADVANCED_FACE('',(#923),#48,.T.);
#984=ADVANCED_FACE('',(#924),#49,.F.);
#985=ADVANCED_FACE('',(#925),#50,.T.);
#986=ADVANCED_FACE('',(#926),#51,.F.);
#987=ADVANCED_FACE('',(#927),#52,.T.);
#988=ADVANCED_FACE('',(#928),#53,.F.);
#989=ADVANCED_FACE('',(#929),#54,.T.);
#990=ADVANCED_FACE('',(#930),#55,.F.);
#991=ADVANCED_FACE('',(#931),#56,.T.);
#992=ADVANCED_FACE('',(#932),#57,.F.);
#993=CLOSED_SHELL('',(#935,#936,#937,#938,#939,#940,#941,#942,#943,#944,#945,#946,#947,#948,#949,#950,#951,#952,#953,#954,#955,#956,#957,#958,#959,#960,#961,#962,#963,#964,#965,#966,#967,#968,#969,#970,#971,#972,#973,#974,#975,#976,#977,#978,#979,#980,#981,#982,#983,#984,#985,#986,#987,#988,#989,#990,#991,#992));
#994=STYLED_ITEM('',(#995),#1002);
#995=PRESENTATION_STYLE_ASSIGNMENT((#996));
#996=SURFACE_STYLE_USAGE(.BOTH.,#997);
#997=SURFACE_SIDE_STYLE('',(#998));
#998=SURFACE_STYLE_FILL_AREA(#999);
#999=FILL_AREA_STYLE('',(#1000));
#1000=FILL_AREA_STYLE_COLOUR('',#1001);
#1001=COLOUR_RGB('',0.0823529411764706,0.0823529411764706,0.0823529411764706);
#1002=MANIFOLD_SOLID_BREP('Bottom Case',#993);
#1003=SHAPE_DEFINITION_REPRESENTATION(#1693,#1004);
#1004=SHAPE_REPRESENTATION('Bottom Case',(#1005),#1688);
#1005=AXIS2_PLACEMENT_3D('',#1346,#1081,#1082);
#1006=AXIS2_PLACEMENT_3D('',#1347,#1083,#1084);
#1007=AXIS2_PLACEMENT_3D('',#1349,#1085,#1086);
#1008=AXIS2_PLACEMENT_3D('',#1351,#1087,#1088);
#1009=AXIS2_PLACEMENT_3D('',#1353,#1089,#1090);
#1010=AXIS2_PLACEMENT_3D('',#1367,#1091,#1092);
#1011=AXIS2_PLACEMENT_3D('',#1370,#1093,#1094);
#1012=AXIS2_PLACEMENT_3D('',#1372,#1095,#1096);
#1013=AXIS2_PLACEMENT_3D('',#1374,#1097,#1098);
#1014=AXIS2_PLACEMENT_3D('',#1375,#1099,#1100);
#1015=AXIS2_PLACEMENT_3D('',#1376,#1101,#1102);
#1016=AXIS2_PLACEMENT_3D('',#1381,#1104,#1105);
#1017=AXIS2_PLACEMENT_3D('',#1383,#1107,#1108);
#1018=AXIS2_PLACEMENT_3D('',#1384,#1109,#1110);
#1019=AXIS2_PLACEMENT_3D('',#1386,#1111,#1112);
#1020=AXIS2_PLACEMENT_3D('',#1387,#1113,#1114);
#1021=AXIS2_PLACEMENT_3D('',#1389,#1115,#1116);
#1022=AXIS2_PLACEMENT_3D('',#1398,#1121,#1122);
#1023=AXIS2_PLACEMENT_3D('',#1403,#1125,#1126);
#1024=AXIS2_PLACEMENT_3D('',#1404,#1127,#1128);
#1025=AXIS2_PLACEMENT_3D('',#1405,#1129,#1130);
#1026=AXIS2_PLACEMENT_3D('',#1410,#1133,#1134);
#1027=AXIS2_PLACEMENT_3D('',#1414,#1136,#1137);
#1028=AXIS2_PLACEMENT_3D('',#1415,#1138,#1139);
#1029=AXIS2_PLACEMENT_3D('',#1416,#1140,#1141);
#1030=AXIS2_PLACEMENT_3D('',#1417,#1142,#1143);
#1031=AXIS2_PLACEMENT_3D('',#1419,#1144,#1145);
#1032=AXIS2_PLACEMENT_3D('',#1447,#1146,#1147);
#1033=AXIS2_PLACEMENT_3D('',#1475,#1148,#1149);
#1034=AXIS2_PLACEMENT_3D('',#1476,#1150,#1151);
#1035=AXIS2_PLACEMENT_3D('',#1493,#1160,#1161);
#1036=AXIS2_PLACEMENT_3D('',#1499,#1165,#1166);
#1037=AXIS2_PLACEMENT_3D('',#1503,#1169,#1170);
#1038=AXIS2_PLACEMENT_3D('',#1507,#1173,#1174);
#1039=AXIS2_PLACEMENT_3D('',#1511,#1177,#1178);
#1040=AXIS2_PLACEMENT_3D('',#1512,#1179,#1180);
#1041=AXIS2_PLACEMENT_3D('',#1517,#1183,#1184);
#1042=AXIS2_PLACEMENT_3D('',#1518,#1185,#1186);
#1043=AXIS2_PLACEMENT_3D('',#1523,#1189,#1190);
#1044=AXIS2_PLACEMENT_3D('',#1525,#1192,#1193);
#1045=AXIS2_PLACEMENT_3D('',#1536,#1200,#1201);
#1046=AXIS2_PLACEMENT_3D('',#1540,#1204,#1205);
#1047=AXIS2_PLACEMENT_3D('',#1544,#1208,#1209);
#1048=AXIS2_PLACEMENT_3D('',#1546,#1211,#1212);
#1049=AXIS2_PLACEMENT_3D('',#1548,#1214,#1215);
#1050=AXIS2_PLACEMENT_3D('',#1555,#1220,#1221);
#1051=AXIS2_PLACEMENT_3D('',#1559,#1224,#1225);
#1052=AXIS2_PLACEMENT_3D('',#1561,#1227,#1228);
#1053=AXIS2_PLACEMENT_3D('',#1563,#1230,#1231);
#1054=AXIS2_PLACEMENT_3D('',#1588,#1244,#1245);
#1055=AXIS2_PLACEMENT_3D('',#1594,#1249,#1250);
#1056=AXIS2_PLACEMENT_3D('',#1598,#1253,#1254);
#1057=AXIS2_PLACEMENT_3D('',#1602,#1257,#1258);
#1058=AXIS2_PLACEMENT_3D('',#1604,#1260,#1261);
#1059=AXIS2_PLACEMENT_3D('',#1613,#1266,#1267);
#1060=AXIS2_PLACEMENT_3D('',#1619,#1271,#1272);
#1061=AXIS2_PLACEMENT_3D('',#1623,#1275,#1276);
#1062=AXIS2_PLACEMENT_3D('',#1627,#1279,#1280);
#1063=AXIS2_PLACEMENT_3D('',#1629,#1282,#1283);
#1064=AXIS2_PLACEMENT_3D('',#1638,#1288,#1289);
#1065=AXIS2_PLACEMENT_3D('',#1644,#1293,#1294);
#1066=AXIS2_PLACEMENT_3D('',#1648,#1297,#1298);
#1067=AXIS2_PLACEMENT_3D('',#1652,#1301,#1302);
#1068=AXIS2_PLACEMENT_3D('',#1654,#1304,#1305);
#1069=AXIS2_PLACEMENT_3D('',#1663,#1310,#1311);
#1070=AXIS2_PLACEMENT_3D('',#1666,#1314,#1315);
#1071=AXIS2_PLACEMENT_3D('',#1668,#1317,#1318);
#1072=AXIS2_PLACEMENT_3D('',#1670,#1320,#1321);
#1073=AXIS2_PLACEMENT_3D('',#1671,#1322,#1323);
#1074=AXIS2_PLACEMENT_3D('',#1674,#1326,#1327);
#1075=AXIS2_PLACEMENT_3D('',#1676,#1329,#1330);
#1076=AXIS2_PLACEMENT_3D('',#1678,#1332,#1333);
#1077=AXIS2_PLACEMENT_3D('',#1679,#1334,#1335);
#1078=AXIS2_PLACEMENT_3D('',#1682,#1338,#1339);
#1079=AXIS2_PLACEMENT_3D('',#1684,#1341,#1342);
#1080=AXIS2_PLACEMENT_3D('',#1686,#1344,#1345);
#1081=DIRECTION('',(0.,0.,1.));
#1082=DIRECTION('',(1.,0.,0.));
#1083=DIRECTION('',(0.,0.,1.));
#1084=DIRECTION('',(1.,0.,0.));
#1085=DIRECTION('',(0.,0.,-1.));
#1086=DIRECTION('',(-1.,0.,0.));
#1087=DIRECTION('',(0.,0.,1.));
#1088=DIRECTION('',(1.,0.,0.));
#1089=DIRECTION('',(0.,0.,-1.));
#1090=DIRECTION('',(-1.,0.,0.));
#1091=DIRECTION('',(0.0199920047968031,0.,-0.999800139900073));
#1092=DIRECTION('',(-0.999800139900073,0.,-0.0199920047968031));
#1093=DIRECTION('',(0.,-1.,0.));
#1094=DIRECTION('',(0.,0.,1.));
#1095=DIRECTION('',(0.,0.,1.));
#1096=DIRECTION('',(1.,0.,0.));
#1097=DIRECTION('',(0.,0.999887541469852,-0.0149968134407067));
#1098=DIRECTION('',(0.,0.0149968134407067,0.999887541469852));
#1099=DIRECTION('',(0.,-0.999800059980007,0.0199960011996002));
#1100=DIRECTION('',(0.,-0.0199960011996002,-0.999800059980007));
#1101=DIRECTION('',(0.24253562503633,0.969948529834457,-0.0193989705966892));
#1102=DIRECTION('',(-0.970142500145333,0.242487132458612,-0.00484974264917306));
#1103=DIRECTION('',(0.,-0.999800059980007,0.0199960011996002));
#1104=DIRECTION('',(-0.242535625036335,0.969948529834456,-0.0193989705966891));
#1105=DIRECTION('',(-0.970142500145331,-0.242487132458617,0.00484974264917306));
#1106=DIRECTION('',(0.,0.999800059980007,-0.0199960011996002));
#1107=DIRECTION('',(0.,0.,-1.));
#1108=DIRECTION('',(-1.,0.,0.));
#1109=DIRECTION('',(0.,0.,1.));
#1110=DIRECTION('',(1.,0.,0.));
#1111=DIRECTION('',(0.,0.,-1.));
#1112=DIRECTION('',(-1.,0.,0.));
#1113=DIRECTION('',(0.,0.,1.));
#1114=DIRECTION('',(1.,0.,0.));
#1115=DIRECTION('',(1.,0.,0.));
#1116=DIRECTION('',(0.,0.,-1.));
#1117=DIRECTION('',(0.,-1.,0.));
#1118=DIRECTION('',(0.,0.,-1.));
#1119=DIRECTION('',(0.,-1.,0.));
#1120=DIRECTION('',(0.,0.,-1.));
#1121=DIRECTION('',(0.,0.,-1.));
#1122=DIRECTION('',(-1.,0.,0.));
#1123=DIRECTION('',(0.,0.,1.));
#1124=DIRECTION('',(0.,0.,1.));
#1125=DIRECTION('',(0.,0.,1.));
#1126=DIRECTION('',(1.,0.,0.));
#1127=DIRECTION('',(1.,0.,0.));
#1128=DIRECTION('',(0.,0.,-1.));
#1129=DIRECTION('',(1.,0.,0.));
#1130=DIRECTION('',(0.,0.,-1.));
#1131=DIRECTION('',(0.,-1.,0.));
#1132=DIRECTION('',(0.,0.,1.));
#1133=DIRECTION('',(0.,0.,1.));
#1134=DIRECTION('',(1.,0.,0.));
#1135=DIRECTION('',(0.,0.,1.));
#1136=DIRECTION('',(0.,0.,1.));
#1137=DIRECTION('',(1.,0.,0.));
#1138=DIRECTION('',(0.,0.,1.));
#1139=DIRECTION('',(1.,0.,0.));
#1140=DIRECTION('',(1.,0.,0.));
#1141=DIRECTION('',(0.,0.,-1.));
#1142=DIRECTION('',(1.,0.,0.));
#1143=DIRECTION('',(0.,0.,-1.));
#1144=DIRECTION('',(0.,-0.0199960011996007,-0.999800059980007));
#1145=DIRECTION('',(0.,0.999800059980007,-0.0199960011996007));
#1146=DIRECTION('',(0.970142500145332,0.242487132458614,-0.00484974264917227));
#1147=DIRECTION('',(-0.242535625036332,0.969948529834457,-0.0193989705966897));
#1148=DIRECTION('',(-0.970142500145332,0.242487132458613,-0.00484974264917226));
#1149=DIRECTION('',(-0.242535625036332,-0.969948529834457,0.0193989705966897));
#1150=DIRECTION('',(1.,0.,0.));
#1151=DIRECTION('',(0.,0.,-1.));
#1152=DIRECTION('',(0.,0.,-1.));
#1153=DIRECTION('',(0.,1.,0.));
#1154=DIRECTION('',(0.,0.,-1.));
#1155=DIRECTION('',(0.,1.,0.));
#1156=DIRECTION('',(0.,0.,1.));
#1157=DIRECTION('',(0.,1.,0.));
#1158=DIRECTION('',(0.,0.,1.));
#1159=DIRECTION('',(0.,1.,0.));
#1160=DIRECTION('',(0.,0.,1.));
#1161=DIRECTION('',(1.,0.,0.));
#1162=DIRECTION('',(0.,-1.,0.));
#1163=DIRECTION('',(1.,0.,0.));
#1164=DIRECTION('',(1.,0.,0.));
#1165=DIRECTION('',(0.,1.,0.));
#1166=DIRECTION('',(0.,0.,1.));
#1167=DIRECTION('',(0.,0.,1.));
#1168=DIRECTION('',(1.,0.,0.));
#1169=DIRECTION('',(0.,1.,0.));
#1170=DIRECTION('',(0.,0.,1.));
#1171=DIRECTION('',(1.,0.,0.));
#1172=DIRECTION('',(0.,0.,1.));
#1173=DIRECTION('',(0.,0.,-1.));
#1174=DIRECTION('',(1.,0.,0.));
#1175=DIRECTION('',(0.,1.,0.));
#1176=DIRECTION('',(1.,0.,0.));
#1177=DIRECTION('',(-1.,0.,0.));
#1178=DIRECTION('',(0.,0.,1.));
#1179=DIRECTION('',(-1.,0.,0.));
#1180=DIRECTION('',(0.,0.,1.));
#1181=DIRECTION('',(-1.,0.,0.));
#1182=DIRECTION('',(1.,0.,0.));
#1183=DIRECTION('',(-1.,0.,0.));
#1184=DIRECTION('',(0.,0.,1.));
#1185=DIRECTION('',(-1.,0.,0.));
#1186=DIRECTION('',(0.,0.,1.));
#1187=DIRECTION('',(-1.,0.,0.));
#1188=DIRECTION('',(1.,0.,0.));
#1189=DIRECTION('',(0.,0.0199960011996002,0.999800059980007));
#1190=DIRECTION('',(1.,0.,0.));
#1191=DIRECTION('',(0.,-0.999800059980007,0.0199960011996002));
#1192=DIRECTION('',(0.,0.,1.));
#1193=DIRECTION('',(1.,0.,0.));
#1194=DIRECTION('',(0.,-1.,0.));
#1195=DIRECTION('',(1.,0.,0.));
#1196=DIRECTION('',(1.,0.,0.));
#1197=DIRECTION('',(0.,-1.,0.));
#1198=DIRECTION('',(1.,0.,0.));
#1199=DIRECTION('',(1.,0.,0.));
#1200=DIRECTION('',(0.,1.,0.));
#1201=DIRECTION('',(0.,0.,1.));
#1202=DIRECTION('',(0.,0.,1.));
#1203=DIRECTION('',(1.,0.,0.));
#1204=DIRECTION('',(0.,1.,0.));
#1205=DIRECTION('',(0.,0.,1.));
#1206=DIRECTION('',(1.,0.,0.));
#1207=DIRECTION('',(0.,0.,1.));
#1208=DIRECTION('',(0.,-1.,0.));
#1209=DIRECTION('',(0.,0.,-1.));
#1210=DIRECTION('',(0.,0.,-1.));
#1211=DIRECTION('',(0.,-1.,0.));
#1212=DIRECTION('',(0.,0.,-1.));
#1213=DIRECTION('',(0.,0.,-1.));
#1214=DIRECTION('',(0.,0.,-1.));
#1215=DIRECTION('',(1.,0.,0.));
#1216=DIRECTION('',(0.,1.,0.));
#1217=DIRECTION('',(-1.,0.,0.));
#1218=DIRECTION('',(1.,0.,0.));
#1219=DIRECTION('',(0.,1.,0.));
#1220=DIRECTION('',(0.,1.,0.));
#1221=DIRECTION('',(0.,0.,1.));
#1222=DIRECTION('',(0.,0.,1.));
#1223=DIRECTION('',(-1.,0.,0.));
#1224=DIRECTION('',(0.,-1.,0.));
#1225=DIRECTION('',(0.,0.,-1.));
#1226=DIRECTION('',(0.,0.,-1.));
#1227=DIRECTION('',(0.,0.,-1.));
#1228=DIRECTION('',(1.,0.,0.));
#1229=DIRECTION('',(0.,1.,0.));
#1230=DIRECTION('',(-1.,0.,0.));
#1231=DIRECTION('',(0.,-1.,0.));
#1232=DIRECTION('',(0.,0.,-1.));
#1233=DIRECTION('',(0.,1.,0.));
#1234=DIRECTION('',(0.,0.,-1.));
#1235=DIRECTION('',(0.,1.,0.));
#1236=DIRECTION('',(0.,0.,-1.));
#1237=DIRECTION('',(0.,1.,0.));
#1238=DIRECTION('',(0.,0.,-1.));
#1239=DIRECTION('',(0.,1.,0.));
#1240=DIRECTION('',(0.,0.,-1.));
#1241=DIRECTION('',(0.,1.,0.));
#1242=DIRECTION('',(0.,0.,-1.));
#1243=DIRECTION('',(0.,1.,0.));
#1244=DIRECTION('',(0.,0.,1.));
#1245=DIRECTION('',(1.,0.,0.));
#1246=DIRECTION('',(-1.,0.,0.));
#1247=DIRECTION('',(0.,1.,0.));
#1248=DIRECTION('',(-1.,0.,0.));
#1249=DIRECTION('',(0.,1.,0.));
#1250=DIRECTION('',(0.,0.,1.));
#1251=DIRECTION('',(-1.,0.,0.));
#1252=DIRECTION('',(0.,0.,1.));
#1253=DIRECTION('',(0.,0.,1.));
#1254=DIRECTION('',(1.,0.,0.));
#1255=DIRECTION('',(-1.,0.,0.));
#1256=DIRECTION('',(0.,-1.,0.));
#1257=DIRECTION('',(0.,1.,0.));
#1258=DIRECTION('',(0.,0.,1.));
#1259=DIRECTION('',(0.,0.,-1.));
#1260=DIRECTION('',(1.,0.,0.));
#1261=DIRECTION('',(0.,1.,0.));
#1262=DIRECTION('',(0.,1.,0.));
#1263=DIRECTION('',(0.,0.,1.));
#1264=DIRECTION('',(0.,-1.,0.));
#1265=DIRECTION('',(0.,0.,-1.));
#1266=DIRECTION('',(0.,0.,1.));
#1267=DIRECTION('',(1.,0.,0.));
#1268=DIRECTION('',(-1.,0.,0.));
#1269=DIRECTION('',(0.,1.,0.));
#1270=DIRECTION('',(-1.,0.,0.));
#1271=DIRECTION('',(0.,1.,0.));
#1272=DIRECTION('',(0.,0.,1.));
#1273=DIRECTION('',(-1.,0.,0.));
#1274=DIRECTION('',(0.,0.,1.));
#1275=DIRECTION('',(0.,0.,1.));
#1276=DIRECTION('',(1.,0.,0.));
#1277=DIRECTION('',(-1.,0.,0.));
#1278=DIRECTION('',(0.,-1.,0.));
#1279=DIRECTION('',(0.,1.,0.));
#1280=DIRECTION('',(0.,0.,1.));
#1281=DIRECTION('',(0.,0.,-1.));
#1282=DIRECTION('',(1.,0.,0.));
#1283=DIRECTION('',(0.,1.,0.));
#1284=DIRECTION('',(0.,1.,0.));
#1285=DIRECTION('',(0.,0.,1.));
#1286=DIRECTION('',(0.,-1.,0.));
#1287=DIRECTION('',(0.,0.,-1.));
#1288=DIRECTION('',(0.,0.,1.));
#1289=DIRECTION('',(1.,0.,0.));
#1290=DIRECTION('',(-1.,0.,0.));
#1291=DIRECTION('',(0.,1.,0.));
#1292=DIRECTION('',(-1.,0.,0.));
#1293=DIRECTION('',(0.,1.,0.));
#1294=DIRECTION('',(0.,0.,1.));
#1295=DIRECTION('',(-1.,0.,0.));
#1296=DIRECTION('',(0.,0.,1.));
#1297=DIRECTION('',(0.,0.,1.));
#1298=DIRECTION('',(1.,0.,0.));
#1299=DIRECTION('',(-1.,0.,0.));
#1300=DIRECTION('',(0.,-1.,0.));
#1301=DIRECTION('',(0.,1.,0.));
#1302=DIRECTION('',(0.,0.,1.));
#1303=DIRECTION('',(0.,0.,-1.));
#1304=DIRECTION('',(1.,0.,0.));
#1305=DIRECTION('',(0.,1.,0.));
#1306=DIRECTION('',(0.,1.,0.));
#1307=DIRECTION('',(0.,0.,1.));
#1308=DIRECTION('',(0.,-1.,0.));
#1309=DIRECTION('',(0.,0.,-1.));
#1310=DIRECTION('',(0.274721127897378,-0.961523947640823,0.));
#1311=DIRECTION('',(0.,0.,1.));
#1312=DIRECTION('',(-0.927172649945531,-0.264906471413009,-0.264906471413009));
#1313=DIRECTION('',(0.927172649945531,0.264906471413009,-0.264906471413009));
#1314=DIRECTION('',(-0.274721127897378,0.,-0.961523947640823));
#1315=DIRECTION('',(0.,1.,0.));
#1316=DIRECTION('',(-0.927172649945531,0.264906471413009,0.264906471413009));
#1317=DIRECTION('',(0.274721127897378,0.,-0.961523947640823));
#1318=DIRECTION('',(0.,-1.,0.));
#1319=DIRECTION('',(-0.927172649945531,0.264906471413009,-0.264906471413009));
#1320=DIRECTION('',(-0.274721127897378,-0.961523947640823,0.));
#1321=DIRECTION('',(0.,0.,-1.));
#1322=DIRECTION('',(0.274721127897378,-0.961523947640823,0.));
#1323=DIRECTION('',(0.,0.,1.));
#1324=DIRECTION('',(-0.927172649945531,-0.264906471413009,-0.264906471413008));
#1325=DIRECTION('',(0.927172649945531,0.264906471413009,-0.264906471413008));
#1326=DIRECTION('',(-0.274721127897378,0.,-0.961523947640823));
#1327=DIRECTION('',(0.,1.,0.));
#1328=DIRECTION('',(-0.927172649945531,0.264906471413009,0.264906471413008));
#1329=DIRECTION('',(0.274721127897378,0.,-0.961523947640823));
#1330=DIRECTION('',(0.,-1.,0.));
#1331=DIRECTION('',(-0.927172649945531,0.264906471413009,-0.264906471413008));
#1332=DIRECTION('',(-0.274721127897378,-0.961523947640823,0.));
#1333=DIRECTION('',(0.,0.,-1.));
#1334=DIRECTION('',(0.274721127897378,-0.961523947640823,0.));
#1335=DIRECTION('',(0.,0.,1.));
#1336=DIRECTION('',(-0.927172649945531,-0.264906471413009,-0.264906471413009));
#1337=DIRECTION('',(0.927172649945531,0.264906471413009,-0.264906471413009));
#1338=DIRECTION('',(-0.274721127897378,0.,-0.961523947640823));
#1339=DIRECTION('',(0.,1.,0.));
#1340=DIRECTION('',(-0.927172649945531,0.264906471413009,0.264906471413009));
#1341=DIRECTION('',(0.274721127897378,0.,-0.961523947640823));
#1342=DIRECTION('',(0.,-1.,0.));
#1343=DIRECTION('',(-0.927172649945531,0.264906471413009,-0.264906471413009));
#1344=DIRECTION('',(-0.274721127897378,-0.961523947640823,0.));
#1345=DIRECTION('',(0.,0.,-1.));
#1346=CARTESIAN_POINT('',(0.,0.,0.));
#1347=CARTESIAN_POINT('',(-0.00389141884180264,-0.0300369753237257,-0.00606));
#1348=CARTESIAN_POINT('',(-0.00389141884180264,-0.0300369753237257,-0.00690120486663858));
#1349=CARTESIAN_POINT('',(-0.00389141884180264,-0.0300369753237257,-0.00606));
#1350=CARTESIAN_POINT('',(-0.00529141884180264,-0.0300369753237257,-0.00606));
#1351=CARTESIAN_POINT('',(-0.00389141884180264,-0.160996659774631,-0.00606));
#1352=CARTESIAN_POINT('',(-0.00389141884180264,-0.160996659774631,-0.00690120486663858));
#1353=CARTESIAN_POINT('',(-0.00389141884180264,-0.160996659774631,-0.00606));
#1354=CARTESIAN_POINT('',(-0.00529141884180264,-0.160996659774631,-0.00606));
#1355=CARTESIAN_POINT('',(-0.00739,-0.1611975,-0.010819200079984));
#1356=CARTESIAN_POINT('',(-0.00739,-0.1641975,-0.010819200079984));
#1357=CARTESIAN_POINT('',(-0.00439,-0.1641975,-0.010819200079984));
#1358=CARTESIAN_POINT('',(-0.00739,-0.161197899866847,-0.0108458605355864));
#1359=CARTESIAN_POINT('',(-0.00738960015965999,-0.1641975,-0.0108458587589272));
#1360=CARTESIAN_POINT('',(-0.00438999999999834,-0.1641975,-0.0108258671932188));
#1361=CARTESIAN_POINT('',(-0.0073897333957165,-0.161198299733294,-0.0108725209644698));
#1362=CARTESIAN_POINT('',(-0.00738893388461635,-0.1641975,-0.010872511194347));
#1363=CARTESIAN_POINT('',(-0.00438993334892746,-0.1641975,-0.0108325342997719));
#1364=CARTESIAN_POINT('',(-0.00738920023992003,-0.161198699520192,-0.0108991760895802));
#1365=CARTESIAN_POINT('',(-0.00738800143888882,-0.1641975,-0.0108991521183533));
#1366=CARTESIAN_POINT('',(-0.00438980005998001,-0.1641975,-0.010839200079984));
#1367=CARTESIAN_POINT('',(-0.00438980005998003,-0.1611975,-0.010839200079984));
#1368=CARTESIAN_POINT('',(-0.00438980005998003,-0.1641975,-0.010839200079984));
#1369=CARTESIAN_POINT('',(-0.00738920023992005,-0.161198699520192,-0.0108991760895802));
#1370=CARTESIAN_POINT('',(-0.00339,-0.1641975,-0.010819200079984));
#1371=CARTESIAN_POINT('',(-0.00439,-0.1641975,-0.010819200079984));
#1372=CARTESIAN_POINT('',(-0.00439,-0.1611975,-0.010819200079984));
#1373=CARTESIAN_POINT('',(-0.00739,-0.1611975,-0.010819200079984));
#1374=CARTESIAN_POINT('',(-0.00339,-0.1611975,-0.010819200079984));
#1375=CARTESIAN_POINT('',(-0.00339,-0.0954749730123948,-0.0121336506197361));
#1376=CARTESIAN_POINT('',(-0.00339,-0.0307975,-0.013427200079984));
#1377=CARTESIAN_POINT('',(-0.00739,-0.02979769994002,-0.0134471960811836));
#1378=CARTESIAN_POINT('',(-0.00339,-0.0308774840047985,-0.017426400319904));
#1379=CARTESIAN_POINT('',(-0.00339,-0.0297975,-0.017448));
#1380=CARTESIAN_POINT('',(-0.00339,-0.160277484004798,-0.014838400319904));
#1381=CARTESIAN_POINT('',(-0.00339,-0.1601975,-0.010839200079984));
#1382=CARTESIAN_POINT('',(-0.00739,-0.161117515995202,-0.01082079976008));
#1383=CARTESIAN_POINT('',(-0.00389141884180264,-0.0300369753237257,0.00794));
#1384=CARTESIAN_POINT('',(-0.00389141884180264,-0.0300369753237257,0.00634));
#1385=CARTESIAN_POINT('',(-0.00249141884180264,-0.0300369753237257,0.00634));
#1386=CARTESIAN_POINT('',(-0.00389141884180264,-0.160996659774631,0.00794));
#1387=CARTESIAN_POINT('',(-0.00389141884180264,-0.160996659774631,0.00634));
#1388=CARTESIAN_POINT('',(-0.00249141884180264,-0.160996659774631,0.00634));
#1389=CARTESIAN_POINT('',(-0.00142237055115402,-0.0954351779073477,0.00634));
#1390=CARTESIAN_POINT('',(-0.00142237055115402,-0.0954351779073477,0.00474));
#1391=CARTESIAN_POINT('',(-0.00142237055115402,-0.0327810160815716,0.00474));
#1392=CARTESIAN_POINT('',(-0.00142237055115402,-0.158089339733124,0.00474));
#1393=CARTESIAN_POINT('',(-0.00142237055115402,-0.0327810160815716,0.00634));
#1394=CARTESIAN_POINT('',(-0.00142237055115402,-0.0327810160815716,0.00634));
#1395=CARTESIAN_POINT('',(-0.00142237055115402,-0.0954351779073477,0.00634));
#1396=CARTESIAN_POINT('',(-0.00142237055115402,-0.158089339733124,0.00634));
#1397=CARTESIAN_POINT('',(-0.00142237055115402,-0.158089339733124,0.00634));
#1398=CARTESIAN_POINT('',(-0.00439,-0.1611975,-0.01326));
#1399=CARTESIAN_POINT('',(-0.00739,-0.1611975,0.00634));
#1400=CARTESIAN_POINT('',(-0.00739,-0.1611975,0.00634));
#1401=CARTESIAN_POINT('',(-0.00439,-0.1641975,-0.01476));
#1402=CARTESIAN_POINT('',(-0.00439,-0.1641975,0.00634));
#1403=CARTESIAN_POINT('',(-0.00439,-0.1611975,0.00634));
#1404=CARTESIAN_POINT('',(-0.00739,-0.0954975,-0.01326));
#1405=CARTESIAN_POINT('',(-0.00739,-0.0307975,-0.013427200079984));
#1406=CARTESIAN_POINT('',(-0.00739,-0.0297975,-0.013427200079984));
#1407=CARTESIAN_POINT('',(-0.00739,-0.0954975,0.00634));
#1408=CARTESIAN_POINT('',(-0.00739,-0.0297975,0.00634));
#1409=CARTESIAN_POINT('',(-0.00739,-0.0297975,-0.01326));
#1410=CARTESIAN_POINT('',(-0.00439,-0.0297975,-0.01326));
#1411=CARTESIAN_POINT('',(-0.00439,-0.0267975,-0.01326));
#1412=CARTESIAN_POINT('',(-0.00439,-0.0267975,-0.013427200079984));
#1413=CARTESIAN_POINT('',(-0.00439,-0.0267975,0.00634));
#1414=CARTESIAN_POINT('',(-0.00439,-0.0297975,-0.013427200079984));
#1415=CARTESIAN_POINT('',(-0.00439,-0.0297975,0.00634));
#1416=CARTESIAN_POINT('',(-0.00439,-0.0307975,-0.013427200079984));
#1417=CARTESIAN_POINT('',(-0.00439,-0.0307975,-0.013427200079984));
#1418=CARTESIAN_POINT('',(-0.00439,-0.02679829976008,-0.0135071840847824));
#1419=CARTESIAN_POINT('',(-0.00439,-0.02979769994002,-0.0134471960811836));
#1420=CARTESIAN_POINT('',(-0.00439,-0.02679829976008,-0.0135071840847824));
#1421=CARTESIAN_POINT('',(-0.00739,-0.02679829976008,-0.0135071840847824));
#1422=CARTESIAN_POINT('',(-0.00739,-0.02979769994002,-0.0134471960811836));
#1423=CARTESIAN_POINT('',(-0.00438999999998368,-0.0268035347026974,-0.0137689312156555));
#1424=CARTESIAN_POINT('',(-0.00738999999875344,-0.0268074609174462,-0.0139652418909133));
#1425=CARTESIAN_POINT('',(-0.00739,-0.0298029348826507,-0.0137089432120565));
#1426=CARTESIAN_POINT('',(-0.00437710706367387,-0.0268655658116494,-0.0142913837306197));
#1427=CARTESIAN_POINT('',(-0.00726000700431644,-0.026955374979199,-0.0148599954565696));
#1428=CARTESIAN_POINT('',(-0.00733842825466517,-0.0298262949160239,-0.0142321691485322));
#1429=CARTESIAN_POINT('',(-0.00431983695958532,-0.0271097018645028,-0.0150418749823739));
#1430=CARTESIAN_POINT('',(-0.00676365714765828,-0.0274730766705867,-0.0159226241905121));
#1431=CARTESIAN_POINT('',(-0.0071093478383494,-0.0298986550084057,-0.0149860959194958));
#1432=CARTESIAN_POINT('',(-0.00422682229305254,-0.0274956025628247,-0.0157302563767256));
#1433=CARTESIAN_POINT('',(-0.00614264369596451,-0.0281081540133498,-0.0166196092313652));
#1434=CARTESIAN_POINT('',(-0.00673728917220804,-0.0300055674991822,-0.0156800570779984));
#1435=CARTESIAN_POINT('',(-0.00405998129167546,-0.0281791023980733,-0.0165303748910854));
#1436=CARTESIAN_POINT('',(-0.00532749814710119,-0.0289341002318263,-0.0171514920668288));
#1437=CARTESIAN_POINT('',(-0.00606992516670306,-0.0301886444048829,-0.0164901840509493));
#1438=CARTESIAN_POINT('',(-0.00378265862745625,-0.029302999951353,-0.0172496279136097));
#1439=CARTESIAN_POINT('',(-0.00439745471370643,-0.0298692335890123,-0.0173966887843537));
#1440=CARTESIAN_POINT('',(-0.00496063450982454,-0.0304807403091955,-0.0172260731064529));
#1441=CARTESIAN_POINT('',(-0.00352089971571618,-0.0303539898302997,-0.017436870203394));
#1442=CARTESIAN_POINT('',(-0.00371724927355174,-0.0305503001646811,-0.0174329440987882));
#1443=CARTESIAN_POINT('',(-0.00391359886286472,-0.0307466104611821,-0.0174290177907764));
#1444=CARTESIAN_POINT('',(-0.00338999999999998,-0.0308774840047985,-0.017426400319904));
#1445=CARTESIAN_POINT('',(-0.00338999999999994,-0.0308774840047984,-0.017426400319904));
#1446=CARTESIAN_POINT('',(-0.0033899999999999,-0.0308774840047984,-0.017426400319904));
#1447=CARTESIAN_POINT('',(-0.00339,-0.0307975,-0.013427200079984));
#1448=CARTESIAN_POINT('',(-0.00738920023992003,-0.161198699520192,-0.0108991760895802));
#1449=CARTESIAN_POINT('',(-0.00738800143888882,-0.1641975,-0.0108991521183533));
#1450=CARTESIAN_POINT('',(-0.00438980005998001,-0.1641975,-0.010839200079984));
#1451=CARTESIAN_POINT('',(-0.00738403194177781,-0.161202574968767,-0.0111575651655335));
#1452=CARTESIAN_POINT('',(-0.00737510815537459,-0.164193631073152,-0.011350498871875));
#1453=CARTESIAN_POINT('',(-0.00438850798542833,-0.1641975,-0.0110976666649087));
#1454=CARTESIAN_POINT('',(-0.00732344268685025,-0.161197744918388,-0.0116735797897569));
#1455=CARTESIAN_POINT('',(-0.00722406525949363,-0.164060085945989,-0.0122268975853541));
#1456=CARTESIAN_POINT('',(-0.00437336067172004,-0.16414723709406,-0.0116145899462435));
#1457=CARTESIAN_POINT('',(-0.00708522324764376,-0.161153033889527,-0.0124163668264294));
#1458=CARTESIAN_POINT('',(-0.00671778894053832,-0.163574492931075,-0.0132661250444484));
#1459=CARTESIAN_POINT('',(-0.00431380581190894,-0.163923897208005,-0.0123609495600599));
#1460=CARTESIAN_POINT('',(-0.00670853683269173,-0.161072516470671,-0.0131000176922426));
#1461=CARTESIAN_POINT('',(-0.00610181647488686,-0.16297218879423,-0.013955700594056));
#1462=CARTESIAN_POINT('',(-0.00421963420817346,-0.163560921463949,-0.0130502495923771));
#1463=CARTESIAN_POINT('',(-0.00604075043365955,-0.160921514068134,-0.0138988968524281));
#1464=CARTESIAN_POINT('',(-0.00529920988388195,-0.162180236007506,-0.0144964160692988));
#1465=CARTESIAN_POINT('',(-0.00405268760841459,-0.162909179400057,-0.0138591435457897));
#1466=CARTESIAN_POINT('',(-0.00494064762209684,-0.160661011470118,-0.014627802078045));
#1467=CARTESIAN_POINT('',(-0.00438399233618312,-0.161270304820297,-0.0147698853697734));
#1468=CARTESIAN_POINT('',(-0.00377766190552432,-0.161823764659305,-0.0146045470142612));
#1469=CARTESIAN_POINT('',(-0.00390693308376261,-0.160406691436829,-0.0148358161712634));
#1470=CARTESIAN_POINT('',(-0.00371308316098111,-0.160600502572479,-0.0148319401183032));
#1471=CARTESIAN_POINT('',(-0.00351923327094065,-0.16079431373294,-0.0148280637253412));
#1472=CARTESIAN_POINT('',(-0.00338999999999981,-0.160277484004798,-0.014838400319904));
#1473=CARTESIAN_POINT('',(-0.00338999999999988,-0.160277484004798,-0.014838400319904));
#1474=CARTESIAN_POINT('',(-0.00338999999999995,-0.160277484004798,-0.014838400319904));
#1475=CARTESIAN_POINT('',(-0.00339,-0.1601975,-0.010839200079984));
#1476=CARTESIAN_POINT('',(0.00287174549885094,-0.0949216224253178,-0.01326));
#1477=CARTESIAN_POINT('',(0.00287174549885094,-0.117851293705354,0.00434));
#1478=CARTESIAN_POINT('',(0.00287174549885094,-0.117851293705354,0.00434));
#1479=CARTESIAN_POINT('',(0.00287174549885094,-0.117851293705354,-0.01326));
#1480=CARTESIAN_POINT('',(0.00287174549885094,-0.110284229483871,0.00434));
#1481=CARTESIAN_POINT('',(0.00287174549885094,-0.102717165262389,0.00434));
#1482=CARTESIAN_POINT('',(0.00287174549885094,-0.102717165262389,0.00434));
#1483=CARTESIAN_POINT('',(0.00287174549885094,-0.102717165262389,-0.01326));
#1484=CARTESIAN_POINT('',(0.00287174549885094,-0.0949216224253178,-0.01326));
#1485=CARTESIAN_POINT('',(0.00287174549885094,-0.0347807481884956,-0.01326));
#1486=CARTESIAN_POINT('',(0.00287174549885094,-0.0347807481884956,-0.01326));
#1487=CARTESIAN_POINT('',(0.00287174549885094,-0.0347807481884956,0.00474));
#1488=CARTESIAN_POINT('',(0.00287174549885094,-0.0949216224253178,0.00474));
#1489=CARTESIAN_POINT('',(0.00287174549885094,-0.155149489641189,0.00474));
#1490=CARTESIAN_POINT('',(0.00287174549885094,-0.155149489641189,-0.01326));
#1491=CARTESIAN_POINT('',(0.00287174549885094,-0.155149489641189,-0.01326));
#1492=CARTESIAN_POINT('',(0.00287174549885094,-0.0949216224253178,-0.01326));
#1493=CARTESIAN_POINT('',(0.148259338573553,-0.110284229483871,0.00434));
#1494=CARTESIAN_POINT('',(0.08891,-0.110284229483871,0.00434));
#1495=CARTESIAN_POINT('',(0.08891,-0.102717165262389,0.00434));
#1496=CARTESIAN_POINT('',(0.08891,-0.117851293705354,0.00434));
#1497=CARTESIAN_POINT('',(0.148259338573553,-0.102717165262389,0.00434));
#1498=CARTESIAN_POINT('',(0.148259338573553,-0.117851293705354,0.00434));
#1499=CARTESIAN_POINT('',(0.148259338573553,-0.102717165262389,0.00434));
#1500=CARTESIAN_POINT('',(0.08891,-0.102717165262389,0.00434));
#1501=CARTESIAN_POINT('',(0.08891,-0.102717165262389,-0.01326));
#1502=CARTESIAN_POINT('',(0.148259338573553,-0.102717165262389,-0.01326));
#1503=CARTESIAN_POINT('',(0.148259338573553,-0.117851293705354,0.00434));
#1504=CARTESIAN_POINT('',(0.148259338573553,-0.117851293705354,-0.01326));
#1505=CARTESIAN_POINT('',(0.08891,-0.117851293705354,-0.01326));
#1506=CARTESIAN_POINT('',(0.08891,-0.117851293705354,0.00434));
#1507=CARTESIAN_POINT('',(0.14881,-0.0954975,-0.01326));
#1508=CARTESIAN_POINT('',(0.08891,-0.0954975,-0.01326));
#1509=CARTESIAN_POINT('',(0.08891,-0.0347807481884956,-0.01326));
#1510=CARTESIAN_POINT('',(0.148259338573553,-0.0347807481884956,-0.01326));
#1511=CARTESIAN_POINT('',(0.14881,-0.0307975,-0.013427200079984));
#1512=CARTESIAN_POINT('',(0.08891,-0.0307975,-0.013427200079984));
#1513=CARTESIAN_POINT('',(0.08891,-0.0308774840047985,-0.017426400319904));
#1514=CARTESIAN_POINT('',(0.08891,-0.0267975,-0.013427200079984));
#1515=CARTESIAN_POINT('',(0.30201,-0.0308774840047985,-0.017426400319904));
#1516=CARTESIAN_POINT('',(-0.00439,-0.0267975,-0.013427200079984));
#1517=CARTESIAN_POINT('',(0.14881,-0.1601975,-0.010839200079984));
#1518=CARTESIAN_POINT('',(0.08891,-0.1601975,-0.010839200079984));
#1519=CARTESIAN_POINT('',(0.08891,-0.1641975,-0.010839200079984));
#1520=CARTESIAN_POINT('',(0.08891,-0.160277484004798,-0.014838400319904));
#1521=CARTESIAN_POINT('',(0.14881,-0.1641975,-0.010839200079984));
#1522=CARTESIAN_POINT('',(0.14881,-0.160277484004798,-0.014838400319904));
#1523=CARTESIAN_POINT('',(0.14881,-0.1641975,-0.01476));
#1524=CARTESIAN_POINT('',(0.08891,-0.1641975,-0.01476));
#1525=CARTESIAN_POINT('',(0.14881,-0.0954975,0.00634));
#1526=CARTESIAN_POINT('',(0.08891,-0.0954975,0.00634));
#1527=CARTESIAN_POINT('',(0.08891,-0.0267975,0.00634));
#1528=CARTESIAN_POINT('',(0.08891,-0.0327810160815716,0.00634));
#1529=CARTESIAN_POINT('',(0.14881,-0.0267975,0.00634));
#1530=CARTESIAN_POINT('',(0.14881,-0.1641975,0.00634));
#1531=CARTESIAN_POINT('',(0.08891,-0.1641975,0.00634));
#1532=CARTESIAN_POINT('',(0.08891,-0.0954975,0.00634));
#1533=CARTESIAN_POINT('',(0.08891,-0.158089339733124,0.00634));
#1534=CARTESIAN_POINT('',(0.148741501034237,-0.158089339733124,0.00634));
#1535=CARTESIAN_POINT('',(0.148741501034237,-0.0327810160815716,0.00634));
#1536=CARTESIAN_POINT('',(0.148741501034237,-0.158089339733124,0.00634));
#1537=CARTESIAN_POINT('',(0.08891,-0.158089339733124,0.00634));
#1538=CARTESIAN_POINT('',(0.08891,-0.158089339733124,0.00474));
#1539=CARTESIAN_POINT('',(0.148741501034237,-0.158089339733124,0.00474));
#1540=CARTESIAN_POINT('',(0.148741501034237,-0.0327810160815716,0.00634));
#1541=CARTESIAN_POINT('',(0.148741501034237,-0.0327810160815716,0.00474));
#1542=CARTESIAN_POINT('',(0.08891,-0.0327810160815716,0.00474));
#1543=CARTESIAN_POINT('',(0.08891,-0.0327810160815716,0.00634));
#1544=CARTESIAN_POINT('',(0.14881,-0.1641975,-0.01326));
#1545=CARTESIAN_POINT('',(0.08891,-0.1641975,-0.01326));
#1546=CARTESIAN_POINT('',(0.14881,-0.0267975,-0.01326));
#1547=CARTESIAN_POINT('',(0.08891,-0.0267975,-0.01326));
#1548=CARTESIAN_POINT('',(0.14881,-0.0954975,0.00474));
#1549=CARTESIAN_POINT('',(0.08891,-0.0954975,0.00474));
#1550=CARTESIAN_POINT('',(0.08891,-0.155149489641189,0.00474));
#1551=CARTESIAN_POINT('',(0.148259338573553,-0.155149489641189,0.00474));
#1552=CARTESIAN_POINT('',(0.148259338573553,-0.0347807481884956,0.00474));
#1553=CARTESIAN_POINT('',(0.08891,-0.0347807481884956,0.00474));
#1554=CARTESIAN_POINT('',(0.08891,-0.0954975,0.00474));
#1555=CARTESIAN_POINT('',(0.148259338573553,-0.155149489641189,-0.01326));
#1556=CARTESIAN_POINT('',(0.08891,-0.155149489641189,-0.01326));
#1557=CARTESIAN_POINT('',(0.08891,-0.155149489641189,-0.01326));
#1558=CARTESIAN_POINT('',(0.148259338573553,-0.155149489641189,-0.01326));
#1559=CARTESIAN_POINT('',(0.148259338573553,-0.0347807481884956,-0.01326));
#1560=CARTESIAN_POINT('',(0.08891,-0.0347807481884956,-0.01326));
#1561=CARTESIAN_POINT('',(0.14881,-0.0954975,-0.01326));
#1562=CARTESIAN_POINT('',(0.08891,-0.0954975,-0.01326));
#1563=CARTESIAN_POINT('',(0.08891,-0.0954975,-0.00361295962883536));
#1564=CARTESIAN_POINT('',(0.08891,-0.115249983991199,-0.00138369157641623));
#1565=CARTESIAN_POINT('',(0.08891,-0.115249983991199,0.00168313199731536));
#1566=CARTESIAN_POINT('',(0.08891,-0.115249983991199,-0.00445051515014781));
#1567=CARTESIAN_POINT('',(0.08891,-0.109861902450424,0.00168313199731536));
#1568=CARTESIAN_POINT('',(0.08891,-0.104473820909649,0.00168313199731536));
#1569=CARTESIAN_POINT('',(0.08891,-0.104473820909649,-0.00138369157641623));
#1570=CARTESIAN_POINT('',(0.08891,-0.104473820909649,-0.00445051515014781));
#1571=CARTESIAN_POINT('',(0.08891,-0.109861902450424,-0.00445051515014781));
#1572=CARTESIAN_POINT('',(0.08891,-0.161893090318708,-0.0109247227017982));
#1573=CARTESIAN_POINT('',(0.08891,-0.161893090318708,-0.00858944540359638));
#1574=CARTESIAN_POINT('',(0.08891,-0.161893090318708,-0.01326));
#1575=CARTESIAN_POINT('',(0.08891,-0.159480513968611,-0.00858944540359638));
#1576=CARTESIAN_POINT('',(0.08891,-0.157067937618514,-0.00858944540359638));
#1577=CARTESIAN_POINT('',(0.08891,-0.157067937618514,-0.0109247227017982));
#1578=CARTESIAN_POINT('',(0.08891,-0.157067937618514,-0.01326));
#1579=CARTESIAN_POINT('',(0.08891,-0.159480513968611,-0.01326));
#1580=CARTESIAN_POINT('',(0.08891,-0.0324182708363961,-0.0127585425650081));
#1581=CARTESIAN_POINT('',(0.08891,-0.0324182708363961,-0.0106786848101121));
#1582=CARTESIAN_POINT('',(0.08891,-0.0324182708363961,-0.014838400319904));
#1583=CARTESIAN_POINT('',(0.08891,-0.0305686334524567,-0.0106786848101121));
#1584=CARTESIAN_POINT('',(0.08891,-0.0287189960685173,-0.0106786848101121));
#1585=CARTESIAN_POINT('',(0.08891,-0.0287189960685173,-0.0127585425650081));
#1586=CARTESIAN_POINT('',(0.08891,-0.0287189960685173,-0.014838400319904));
#1587=CARTESIAN_POINT('',(0.08891,-0.0305686334524567,-0.014838400319904));
#1588=CARTESIAN_POINT('',(0.09291,-0.0305686334524567,-0.0106786848101121));
#1589=CARTESIAN_POINT('',(0.09291,-0.0324182708363961,-0.0106786848101121));
#1590=CARTESIAN_POINT('',(0.08941,-0.0324182708363961,-0.0106786848101121));
#1591=CARTESIAN_POINT('',(0.08941,-0.0305686334524567,-0.0106786848101121));
#1592=CARTESIAN_POINT('',(0.08941,-0.0287189960685173,-0.0106786848101121));
#1593=CARTESIAN_POINT('',(0.09291,-0.0287189960685173,-0.0106786848101121));
#1594=CARTESIAN_POINT('',(0.09291,-0.0324182708363961,-0.0127585425650081));
#1595=CARTESIAN_POINT('',(0.09291,-0.0324182708363961,-0.014838400319904));
#1596=CARTESIAN_POINT('',(0.08941,-0.0324182708363961,-0.014838400319904));
#1597=CARTESIAN_POINT('',(0.08941,-0.0324182708363961,-0.0106786848101121));
#1598=CARTESIAN_POINT('',(0.09291,-0.0305686334524567,-0.014838400319904));
#1599=CARTESIAN_POINT('',(0.09291,-0.0287189960685173,-0.014838400319904));
#1600=CARTESIAN_POINT('',(0.08941,-0.0287189960685173,-0.014838400319904));
#1601=CARTESIAN_POINT('',(0.08941,-0.0324182708363961,-0.014838400319904));
#1602=CARTESIAN_POINT('',(0.09291,-0.0287189960685173,-0.0127585425650081));
#1603=CARTESIAN_POINT('',(0.08941,-0.0287189960685173,-0.0127585425650081));
#1604=CARTESIAN_POINT('',(0.09291,-0.0953060431936128,-0.00657763416129434));
#1605=CARTESIAN_POINT('',(0.09291,-0.0287189960685173,-0.013838400319904));
#1606=CARTESIAN_POINT('',(0.09291,-0.0314182708363961,-0.013838400319904));
#1607=CARTESIAN_POINT('',(0.09291,-0.0297189960685173,-0.013838400319904));
#1608=CARTESIAN_POINT('',(0.09291,-0.0297189960685173,-0.00657763416129434));
#1609=CARTESIAN_POINT('',(0.09291,-0.0297189960685173,-0.0116786848101121));
#1610=CARTESIAN_POINT('',(0.09291,-0.0953060431936128,-0.0116786848101121));
#1611=CARTESIAN_POINT('',(0.09291,-0.0314182708363961,-0.0116786848101121));
#1612=CARTESIAN_POINT('',(0.09291,-0.0314182708363961,-0.014838400319904));
#1613=CARTESIAN_POINT('',(0.09291,-0.159480513968611,-0.00858944540359638));
#1614=CARTESIAN_POINT('',(0.09291,-0.161893090318708,-0.00858944540359638));
#1615=CARTESIAN_POINT('',(0.08941,-0.161893090318708,-0.00858944540359638));
#1616=CARTESIAN_POINT('',(0.08941,-0.159480513968611,-0.00858944540359638));
#1617=CARTESIAN_POINT('',(0.08941,-0.157067937618514,-0.00858944540359638));
#1618=CARTESIAN_POINT('',(0.09291,-0.157067937618514,-0.00858944540359638));
#1619=CARTESIAN_POINT('',(0.09291,-0.161893090318708,-0.0109247227017982));
#1620=CARTESIAN_POINT('',(0.09291,-0.161893090318708,-0.01326));
#1621=CARTESIAN_POINT('',(0.08941,-0.161893090318708,-0.01326));
#1622=CARTESIAN_POINT('',(0.08941,-0.161893090318708,-0.00858944540359638));
#1623=CARTESIAN_POINT('',(0.09291,-0.159480513968611,-0.01326));
#1624=CARTESIAN_POINT('',(0.09291,-0.157067937618514,-0.01326));
#1625=CARTESIAN_POINT('',(0.08941,-0.157067937618514,-0.01326));
#1626=CARTESIAN_POINT('',(0.08941,-0.161893090318708,-0.01326));
#1627=CARTESIAN_POINT('',(0.09291,-0.157067937618514,-0.0109247227017982));
#1628=CARTESIAN_POINT('',(0.08941,-0.157067937618514,-0.0109247227017982));
#1629=CARTESIAN_POINT('',(0.09291,-0.0953060431936128,-0.00657763416129434));
#1630=CARTESIAN_POINT('',(0.09291,-0.157067937618514,-0.01226));
#1631=CARTESIAN_POINT('',(0.09291,-0.160893090318709,-0.01226));
#1632=CARTESIAN_POINT('',(0.09291,-0.158067937618514,-0.01226));
#1633=CARTESIAN_POINT('',(0.09291,-0.158067937618514,-0.00657763416129434));
#1634=CARTESIAN_POINT('',(0.09291,-0.158067937618514,-0.00958944540359638));
#1635=CARTESIAN_POINT('',(0.09291,-0.0953060431936128,-0.00958944540359638));
#1636=CARTESIAN_POINT('',(0.09291,-0.160893090318709,-0.00958944540359638));
#1637=CARTESIAN_POINT('',(0.09291,-0.160893090318709,-0.01326));
#1638=CARTESIAN_POINT('',(0.09291,-0.109861902450424,0.00168313199731536));
#1639=CARTESIAN_POINT('',(0.09291,-0.115249983991199,0.00168313199731536));
#1640=CARTESIAN_POINT('',(0.08941,-0.115249983991199,0.00168313199731536));
#1641=CARTESIAN_POINT('',(0.08941,-0.109861902450424,0.00168313199731536));
#1642=CARTESIAN_POINT('',(0.08941,-0.104473820909649,0.00168313199731536));
#1643=CARTESIAN_POINT('',(0.09291,-0.104473820909649,0.00168313199731536));
#1644=CARTESIAN_POINT('',(0.09291,-0.115249983991199,-0.00138369157641623));
#1645=CARTESIAN_POINT('',(0.09291,-0.115249983991199,-0.00445051515014781));
#1646=CARTESIAN_POINT('',(0.08941,-0.115249983991199,-0.00445051515014781));
#1647=CARTESIAN_POINT('',(0.08941,-0.115249983991199,0.00168313199731536));
#1648=CARTESIAN_POINT('',(0.09291,-0.109861902450424,-0.00445051515014781));
#1649=CARTESIAN_POINT('',(0.09291,-0.104473820909649,-0.00445051515014781));
#1650=CARTESIAN_POINT('',(0.08941,-0.104473820909649,-0.00445051515014781));
#1651=CARTESIAN_POINT('',(0.08941,-0.115249983991199,-0.00445051515014781));
#1652=CARTESIAN_POINT('',(0.09291,-0.104473820909649,-0.00138369157641623));
#1653=CARTESIAN_POINT('',(0.08941,-0.104473820909649,-0.00138369157641623));
#1654=CARTESIAN_POINT('',(0.09291,-0.0953060431936128,-0.00657763416129434));
#1655=CARTESIAN_POINT('',(0.09291,-0.104473820909649,-0.00345051515014782));
#1656=CARTESIAN_POINT('',(0.09291,-0.114249983991199,-0.00345051515014782));
#1657=CARTESIAN_POINT('',(0.09291,-0.105473820909649,-0.00345051515014782));
#1658=CARTESIAN_POINT('',(0.09291,-0.105473820909649,-0.00657763416129434));
#1659=CARTESIAN_POINT('',(0.09291,-0.105473820909649,0.00068313199731536));
#1660=CARTESIAN_POINT('',(0.09291,-0.0953060431936128,0.00068313199731536));
#1661=CARTESIAN_POINT('',(0.09291,-0.114249983991199,0.00068313199731536));
#1662=CARTESIAN_POINT('',(0.09291,-0.114249983991199,-0.00445051515014781));
#1663=CARTESIAN_POINT('',(0.09291,-0.160893090318709,-0.00657763416129434));
#1664=CARTESIAN_POINT('',(0.109019099293883,-0.156290490520456,-0.00765740020174768));
#1665=CARTESIAN_POINT('',(0.0921702568878556,-0.161104445493607,-0.00937809022869799));
#1666=CARTESIAN_POINT('',(0.08941,-0.159480513968611,-0.00858944540359638));
#1667=CARTESIAN_POINT('',(0.0900025626123046,-0.157237241222029,-0.008758749007112));
#1668=CARTESIAN_POINT('',(0.09291,-0.0953060431936128,-0.01226));
#1669=CARTESIAN_POINT('',(0.0774947978605507,-0.1536635941501,-0.0166643434684141));
#1670=CARTESIAN_POINT('',(0.08941,-0.157067937618514,-0.0109247227017982));
#1671=CARTESIAN_POINT('',(0.09291,-0.114249983991199,-0.00657763416129434));
#1672=CARTESIAN_POINT('',(0.097562897739758,-0.112920584636983,-0.00212111579593123));
#1673=CARTESIAN_POINT('',(0.0946933460740445,-0.113740456541472,0.000173604547588365));
#1674=CARTESIAN_POINT('',(0.08941,-0.109861902450424,0.00168313199731536));
#1675=CARTESIAN_POINT('',(0.0907333884486113,-0.104851931894967,0.00130502101199783));
#1676=CARTESIAN_POINT('',(0.09291,-0.0953060431936128,-0.00345051515014782));
#1677=CARTESIAN_POINT('',(0.0904126510872892,-0.104760292648875,-0.00416404341092232));
#1678=CARTESIAN_POINT('',(0.08941,-0.104473820909649,-0.00138369157641623));
#1679=CARTESIAN_POINT('',(0.09291,-0.0314182708363961,-0.00657763416129434));
#1680=CARTESIAN_POINT('',(0.0772182664385783,-0.0359016232825166,-0.0183217527660245));
#1681=CARTESIAN_POINT('',(0.091657110366957,-0.0317762393029798,-0.0113207163435284));
#1682=CARTESIAN_POINT('',(0.08941,-0.0305686334524567,-0.0106786848101121));
#1683=CARTESIAN_POINT('',(0.0898642969013184,-0.0288487951831797,-0.0108084839247745));
#1684=CARTESIAN_POINT('',(0.09291,-0.0953060431936128,-0.013838400319904));
#1685=CARTESIAN_POINT('',(0.109019099293883,-0.0343215958667696,-0.00923580052165171));
#1686=CARTESIAN_POINT('',(0.08941,-0.0287189960685173,-0.0127585425650081));
#1687=MECHANICAL_DESIGN_GEOMETRIC_PRESENTATION_REPRESENTATION('',(#994),#1688);
#1688=(
GEOMETRIC_REPRESENTATION_CONTEXT(3)
GLOBAL_UNCERTAINTY_ASSIGNED_CONTEXT((#1689))
GLOBAL_UNIT_ASSIGNED_CONTEXT((#1692,#1691,#1690))
REPRESENTATION_CONTEXT('Bottom Case','TOP_LEVEL_ASSEMBLY_PART')
);
#1689=UNCERTAINTY_MEASURE_WITH_UNIT(LENGTH_MEASURE(2.E-05),#1692,'DISTANCE_ACCURACY_VALUE','Maximum Tolerance applied to model');
#1690=(
NAMED_UNIT(*)
SI_UNIT($,.STERADIAN.)
SOLID_ANGLE_UNIT()
);
#1691=(
NAMED_UNIT(*)
PLANE_ANGLE_UNIT()
SI_UNIT($,.RADIAN.)
);
#1692=(
LENGTH_UNIT()
NAMED_UNIT(*)
SI_UNIT($,.METRE.)
);
#1693=PRODUCT_DEFINITION_SHAPE('','',#1694);
#1694=PRODUCT_DEFINITION('','',#1696,#1695);
#1695=PRODUCT_DEFINITION_CONTEXT('',#1702,'design');
#1696=PRODUCT_DEFINITION_FORMATION_WITH_SPECIFIED_SOURCE('','',#1698,.NOT_KNOWN.);
#1697=PRODUCT_RELATED_PRODUCT_CATEGORY('','',(#1698));
#1698=PRODUCT('Bottom Case','Bottom Case','Bottom Case',(#1700));
#1699=PRODUCT_CATEGORY('','');
#1700=PRODUCT_CONTEXT('',#1702,'mechanical');
#1701=APPLICATION_PROTOCOL_DEFINITION('international standard','ap242_managed_model_based_3d_engineering',2020,#1702);
#1702=APPLICATION_CONTEXT('managed model based 3d engineering');
#1703=COMPOSITE_SHAPE_ASPECT('hole_callout.F69Byp7Wz7CtbqK_2.RYBH.0',$,#1693,$);
#1704=SHAPE_ASPECT('hole_callout.F69Byp7Wz7CtbqK_2.RYBH.0',$,#1693,.T.);
#1705=GEOMETRIC_ITEM_SPECIFIC_USAGE('','',#1704,#11,#940);
#1706=SHAPE_ASPECT_RELATIONSHIP('','',#1703,#1704);
#1707=SHAPE_ASPECT('hole_callout.F69Byp7Wz7CtbqK_2.RYBH.0',$,#1693,.T.);
#1708=GEOMETRIC_ITEM_SPECIFIC_USAGE('','',#1707,#11,#936);
#1709=SHAPE_ASPECT_RELATIONSHIP('','',#1703,#1707);
#1710=SHAPE_ASPECT('hole_callout.F69Byp7Wz7CtbqK_2.RYBH.0',$,#1693,.T.);
#1711=GEOMETRIC_ITEM_SPECIFIC_USAGE('','',#1710,#11,#939);
#1712=SHAPE_ASPECT_RELATIONSHIP('','',#1703,#1710);
#1713=SHAPE_ASPECT('hole_callout.F69Byp7Wz7CtbqK_2.RYBH.0',$,#1693,.T.);
#1714=GEOMETRIC_ITEM_SPECIFIC_USAGE('','',#1713,#11,#935);
#1715=SHAPE_ASPECT_RELATIONSHIP('','',#1703,#1713);
#1716=DIMENSIONAL_SIZE(#1703,'depth');
#1717=(
LENGTH_UNIT()
NAMED_UNIT(*)
SI_UNIT(.MILLI.,.METRE.)
);
#1719=PRECISION_QUALIFIER(3);
#1718=(
LENGTH_MEASURE_WITH_UNIT()
MEASURE_REPRESENTATION_ITEM()
MEASURE_WITH_UNIT(POSITIVE_LENGTH_MEASURE(12.4),#1717)
QUALIFIED_REPRESENTATION_ITEM((#1719))
REPRESENTATION_ITEM('nominal value')
);
#1720=COMPOUND_REPRESENTATION_ITEM('modifiers',SET_REPRESENTATION_ITEM((#1721)));
#1721=DESCRIPTIVE_REPRESENTATION_ITEM('dimensional note','depth');
#1722=SHAPE_DIMENSION_REPRESENTATION('',(#1718,#1720),#1688);
#1723=DIMENSIONAL_CHARACTERISTIC_REPRESENTATION(#1716,#1722);
#1724=DIMENSIONAL_SIZE(#1703,'diameter');
#1725=(
LENGTH_UNIT()
NAMED_UNIT(*)
SI_UNIT(.MILLI.,.METRE.)
);
#1727=PRECISION_QUALIFIER(3);
#1726=(
LENGTH_MEASURE_WITH_UNIT()
MEASURE_REPRESENTATION_ITEM()
MEASURE_WITH_UNIT(POSITIVE_LENGTH_MEASURE(2.8),#1725)
QUALIFIED_REPRESENTATION_ITEM((#1727))
REPRESENTATION_ITEM('nominal value')
);
#1728=COMPOUND_REPRESENTATION_ITEM('modifiers',SET_REPRESENTATION_ITEM((#1729)));
#1729=DESCRIPTIVE_REPRESENTATION_ITEM('dimensional note','diameter');
#1730=SHAPE_DIMENSION_REPRESENTATION('',(#1726,#1728),#1688);
#1731=DIMENSIONAL_CHARACTERISTIC_REPRESENTATION(#1724,#1730);
#1732=PRESENTATION_STYLE_ASSIGNMENT((NULL_STYLE(.NULL.)));
#1733=CARTESIAN_POINT('',(-0.00389141884180264,-0.160996659774632,0.00634));
#1734=DIRECTION('',(0.,0.,1.));
#1735=DIRECTION('',(1.,0.,0.));
#1736=AXIS2_PLACEMENT_3D('',#1733,#1734,#1735);
#1737=PLANE('',#1736);
#1738=ANNOTATION_PLANE('',(#1732),#1737,(#1765));
#1739=CARTESIAN_POINT('',(0.,0.,0.));
#1740=DIRECTION('',(0.,0.,1.));
#1741=DIRECTION('',(1.,0.,0.));
#1742=AXIS2_PLACEMENT_3D('',#1739,#1740,#1741);
#1743=CARTESIAN_POINT('',(0.,0.,0.));
#1744=DIRECTION('',(0.,0.,1.));
#1745=DIRECTION('',(1.,0.,0.));
#1746=AXIS2_PLACEMENT_3D('',#1743,#1744,#1745);
#1747=SHAPE_REPRESENTATION('',(#1746,#1002),#1688);
#1748=REPRESENTATION_MAP(#1742,#1747);
#1749=MAPPED_ITEM('',#1748,#1742);
#1750=PRESENTATION_STYLE_ASSIGNMENT((NULL_STYLE(.NULL.)));
#1751=STYLED_ITEM('',(#1750),#1749);
#1752=DRAUGHTING_MODEL('',(#1738,#1742,#1749,#1751),#1688);
#1753=DRAUGHTING_PRE_DEFINED_CURVE_FONT('continuous');
#1754=COLOUR_RGB('',0.,0.,0.);
#1755=CURVE_STYLE('',#1753,POSITIVE_LENGTH_MEASURE(0.02),#1754);
#1756=PRESENTATION_STYLE_ASSIGNMENT((#1755));
#1757=COORDINATES_LIST('coordinates',2085,((-0.0029015,-0.1600067,0.0063400),(-0.0014873,-0.1571783,0.0063400),(-0.0000730,-0.1585925,0.0063400),(0.0075146,-0.1531230,0.0063400),(0.0076116,-0.1531637,0.0063400),(0.0077096,-0.1531989,0.0063400),(0.0075146,-0.1531230,0.0063400),(0.0077096,-0.1531989,0.0063400),(0.0078086,-0.1532287,0.0063400),(0.0075146,-0.1531230,0.0063400),(0.0078086,-0.1532287,0.0063400),(0.0079085,-0.1532532,0.0063400),(0.0075146,-0.1531230,0.0063400),(0.0079085,-0.1532532,0.0063400),(0.0080094,-0.1532721,0.0063400),(0.0075146,-0.1531230,0.0063400),(0.0080094,-0.1532721,0.0063400),(0.0081113,-0.1532857,0.0063400),(0.0075146,-0.1531230,0.0063400),(0.0081113,-0.1532857,0.0063400),(0.0082141,-0.1532938,0.0063400),(0.0075146,-0.1531230,0.0063400),(0.0082141,-0.1532938,0.0063400),(0.0083178,-0.1532965,0.0063400),(0.0075146,-0.1531230,0.0063400),(0.0083178,-0.1532965,0.0063400),(0.0084536,-0.1532922,0.0063400),(0.0075146,-0.1531230,0.0063400),(0.0084536,-0.1532922,0.0063400),(0.0085868,-0.1532793,0.0063400),(0.0075146,-0.1531230,0.0063400),(0.0085868,-0.1532793,0.0063400),(0.0087175,-0.1532577,0.0063400),(0.0075146,-0.1531230,0.0063400),(0.0087175,-0.1532577,0.0063400),(0.0088457,-0.1532275,0.0063400),(0.0075146,-0.1531230,0.0063400),(0.0088457,-0.1532275,0.0063400),(0.0089713,-0.1531886,0.0063400),(0.0075146,-0.1531230,0.0063400),(0.0089713,-0.1531886,0.0063400),(0.0090943,-0.1531412,0.0063400),(0.0075146,-0.1531230,0.0063400),(0.0090943,-0.1531412,0.0063400),(0.0092148,-0.1530851,0.0063400),(0.0075146,-0.1531230,0.0063400),(0.0092148,-0.1530851,0.0063400),(0.0093328,-0.1530203,0.0063400),(0.0075146,-0.1531230,0.0063400),(0.0093328,-0.1530203,0.0063400),(0.0094463,-0.1529479,0.0063400),(0.0075146,-0.1531230,0.0063400),(0.0094463,-0.1529479,0.0063400),(0.0095537,-0.1528694,0.0063400),(0.0075146,-0.1531230,0.0063400),(0.0095537,-0.1528694,0.0063400),(0.0096548,-0.1527847,0.0063400),(0.0075146,-0.1531230,0.0063400),(0.0096548,-0.1527847,0.0063400),(0.0097498,-0.1526938,0.0063400),(0.0075146,-0.1531230,0.0063400),(0.0097498,-0.1526938,0.0063400),(0.0098385,-0.1525968,0.0063400),(0.0098385,-0.1525968,0.0063400),(0.0099209,-0.1524937,0.0063400),(0.0099972,-0.1523844,0.0063400),(0.0098385,-0.1525968,0.0063400),(0.0099972,-0.1523844,0.0063400),(0.0100673,-0.1522689,0.0063400),(0.0098385,-0.1525968,0.0063400),(0.0100673,-0.1522689,0.0063400),(0.0101303,-0.1521491,0.0063400),(0.0098385,-0.1525968,0.0063400),(0.0101303,-0.1521491,0.0063400),(0.0101849,-0.1520269,0.0063400),(0.0098385,-0.1525968,0.0063400),(0.0101849,-0.1520269,0.0063400),(0.0102311,-0.1519021,0.0063400),(0.0098385,-0.1525968,0.0063400),(0.0102311,-0.1519021,0.0063400),(0.0102689,-0.1517749,0.0063400),(0.0098385,-0.1525968,0.0063400),(0.0102689,-0.1517749,0.0063400),(0.0102983,-0.1516452,0.0063400),(0.0098385,-0.1525968,0.0063400),(0.0102983,-0.1516452,0.0063400),(0.0103193,-0.1515131,0.0063400),(0.0098385,-0.1525968,0.0063400),(0.0103193,-0.1515131,0.0063400),(0.0103319,-0.1513784,0.0063400),(0.0098385,-0.1525968,0.0063400),(0.0103319,-0.1513784,0.0063400),(0.0103361,-0.1512413,0.0063400),(0.0098385,-0.1525968,0.0063400),(0.0103361,-0.1512413,0.0063400),(0.0103319,-0.1511096,0.0063400),(0.0098385,-0.1525968,0.0063400),(0.0103319,-0.1511096,0.0063400),(0.0103193,-0.1509788,0.0063400),(0.0098385,-0.1525968,0.0063400),(0.0103193,-0.1509788,0.0063400),(0.0102983,-0.1508488,0.0063400),(0.0098385,-0.1525968,0.0063400),(0.0102983,-0.1508488,0.0063400),(0.0102689,-0.1507195,0.0063400),(0.0098385,-0.1525968,0.0063400),(0.0102689,-0.1507195,0.0063400),(0.0102311,-0.1505910,0.0063400),(0.0098385,-0.1525968,0.0063400),(0.0102311,-0.1505910,0.0063400),(0.0101849,-0.1504634,0.0063400),(0.0101849,-0.1504634,0.0063400),(0.0097931,-0.1506049,0.0063400),(0.0098296,-0.1507028,0.0063400),(0.0101849,-0.1504634,0.0063400),(0.0098296,-0.1507028,0.0063400),(0.0098596,-0.1508039,0.0063400),(0.0101849,-0.1504634,0.0063400),(0.0098596,-0.1508039,0.0063400),(0.0098828,-0.1509083,0.0063400),(0.0101849,-0.1504634,0.0063400),(0.0098828,-0.1509083,0.0063400),(0.0098994,-0.1510160,0.0063400),(0.0101849,-0.1504634,0.0063400),(0.0098994,-0.1510160,0.0063400),(0.0099094,-0.1511270,0.0063400),(0.0101849,-0.1504634,0.0063400),(0.0099094,-0.1511270,0.0063400),(0.0099127,-0.1512413,0.0063400),(0.0101849,-0.1504634,0.0063400),(0.0099127,-0.1512413,0.0063400),(0.0099094,-0.1513513,0.0063400),(0.0098385,-0.1525968,0.0063400),(0.0101849,-0.1504634,0.0063400),(0.0099094,-0.1513513,0.0063400),(0.0098385,-0.1525968,0.0063400),(0.0099094,-0.1513513,0.0063400),(0.0098993,-0.1514591,0.0063400),(0.0098385,-0.1525968,0.0063400),(0.0098993,-0.1514591,0.0063400),(0.0098825,-0.1515648,0.0063400),(0.0098385,-0.1525968,0.0063400),(0.0098825,-0.1515648,0.0063400),(0.0098590,-0.1516683,0.0063400),(0.0098385,-0.1525968,0.0063400),(0.0098590,-0.1516683,0.0063400),(0.0098288,-0.1517696,0.0063400),(0.0098385,-0.1525968,0.0063400),(0.0098288,-0.1517696,0.0063400),(0.0097919,-0.1518687,0.0063400),(0.0098385,-0.1525968,0.0063400),(0.0097919,-0.1518687,0.0063400),(0.0097483,-0.1519657,0.0063400),(0.0098385,-0.1525968,0.0063400),(0.0097483,-0.1519657,0.0063400),(0.0096979,-0.1520604,0.0063400),(0.0098385,-0.1525968,0.0063400),(0.0096979,-0.1520604,0.0063400),(0.0096421,-0.1521516,0.0063400),(0.0098385,-0.1525968,0.0063400),(0.0096421,-0.1521516,0.0063400),(0.0095814,-0.1522379,0.0063400),(0.0098385,-0.1525968,0.0063400),(0.0095814,-0.1522379,0.0063400),(0.0095160,-0.1523194,0.0063400),(0.0098385,-0.1525968,0.0063400),(0.0095160,-0.1523194,0.0063400),(0.0094457,-0.1523959,0.0063400),(0.0098385,-0.1525968,0.0063400),(0.0094457,-0.1523959,0.0063400),(0.0093707,-0.1524675,0.0063400),(0.0098385,-0.1525968,0.0063400),(0.0093707,-0.1524675,0.0063400),(0.0092909,-0.1525343,0.0063400),(0.0098385,-0.1525968,0.0063400),(0.0092909,-0.1525343,0.0063400),(0.0092063,-0.1525961,0.0063400),(0.0098385,-0.1525968,0.0063400),(0.0092063,-0.1525961,0.0063400),(0.0091169,-0.1526531,0.0063400),(0.0098385,-0.1525968,0.0063400),(0.0091169,-0.1526531,0.0063400),(0.0090243,-0.1527042,0.0063400),(0.0098385,-0.1525968,0.0063400),(0.0090243,-0.1527042,0.0063400),(0.0089296,-0.1527485,0.0063400),(0.0098385,-0.1525968,0.0063400),(0.0089296,-0.1527485,0.0063400),(0.0088329,-0.1527859,0.0063400),(0.0098385,-0.1525968,0.0063400),(0.0088329,-0.1527859,0.0063400),(0.0087340,-0.1528166,0.0063400),(0.0075146,-0.1531230,0.0063400),(0.0098385,-0.1525968,0.0063400),(0.0087340,-0.1528166,0.0063400),(0.0075146,-0.1531230,0.0063400),(0.0087340,-0.1528166,0.0063400),(0.0086331,-0.1528404,0.0063400),(0.0075146,-0.1531230,0.0063400),(0.0086331,-0.1528404,0.0063400),(0.0085301,-0.1528575,0.0063400),(0.0075146,-0.1531230,0.0063400),(0.0085301,-0.1528575,0.0063400),(0.0084250,-0.1528677,0.0063400),(0.0075146,-0.1531230,0.0063400),(0.0084250,-0.1528677,0.0063400),(0.0083178,-0.1528711,0.0063400),(0.0075146,-0.1531230,0.0063400),(0.0083178,-0.1528711,0.0063400),(0.0081642,-0.1528640,0.0063400),(0.0075146,-0.1531230,0.0063400),(0.0081642,-0.1528640,0.0063400),(0.0080146,-0.1528428,0.0063400),(0.0075146,-0.1531230,0.0063400),(0.0080146,-0.1528428,0.0063400),(0.0078690,-0.1528074,0.0063400),(0.0075146,-0.1531230,0.0063400),(0.0078690,-0.1528074,0.0063400),(0.0077273,-0.1527579,0.0063400),(0.0075146,-0.1531230,0.0063400),(0.0077273,-0.1527579,0.0063400),(0.0093243,-0.1499744,0.0063400),(0.0069536,-0.1540977,0.0063400),(0.0075146,-0.1531230,0.0063400),(0.0093243,-0.1499744,0.0063400),(0.0097499,-0.1505103,0.0063400),(0.0097931,-0.1506049,0.0063400),(0.0101849,-0.1504634,0.0063400),(0.0097000,-0.1504189,0.0063400),(0.0097499,-0.1505103,0.0063400),(0.0101849,-0.1504634,0.0063400),(0.0096321,-0.1503150,0.0063400),(0.0097000,-0.1504189,0.0063400),(0.0101849,-0.1504634,0.0063400),(0.0095468,-0.1502062,0.0063400),(0.0096321,-0.1503150,0.0063400),(0.0101849,-0.1504634,0.0063400),(0.0094977,-0.1501501,0.0063400),(0.0095468,-0.1502062,0.0063400),(0.0101849,-0.1504634,0.0063400),(0.0094442,-0.1500927,0.0063400),(0.0094977,-0.1501501,0.0063400),(0.0101849,-0.1504634,0.0063400),(0.0093864,-0.1500342,0.0063400),(0.0094442,-0.1500927,0.0063400),(0.0101849,-0.1504634,0.0063400),(0.0093243,-0.1499744,0.0063400),(0.0093864,-0.1500342,0.0063400),(0.0101849,-0.1504634,0.0063400),(0.0093243,-0.1499744,0.0063400),(0.0101849,-0.1504634,0.0063400),(0.0101303,-0.1503365,0.0063400),(0.0093243,-0.1499744,0.0063400),(0.0101303,-0.1503365,0.0063400),(0.0100673,-0.1502104,0.0063400),(0.0093243,-0.1499744,0.0063400),(0.0100673,-0.1502104,0.0063400),(0.0100171,-0.1501237,0.0063400),(0.0093243,-0.1499744,0.0063400),(0.0100171,-0.1501237,0.0063400),(0.0099623,-0.1500403,0.0063400),(0.0093243,-0.1499744,0.0063400),(0.0099623,-0.1500403,0.0063400),(0.0099029,-0.1499602,0.0063400),(0.0093243,-0.1499744,0.0063400),(0.0099029,-0.1499602,0.0063400),(0.0098389,-0.1498834,0.0063400),(0.0093243,-0.1499744,0.0063400),(0.0098389,-0.1498834,0.0063400),(0.0097703,-0.1498099,0.0063400),(0.0093243,-0.1499744,0.0063400),(0.0097703,-0.1498099,0.0063400),(0.0096972,-0.1497397,0.0063400),(0.0093243,-0.1499744,0.0063400),(0.0096972,-0.1497397,0.0063400),(0.0096194,-0.1496729,0.0063400),(0.0093243,-0.1499744,0.0063400),(0.0096194,-0.1496729,0.0063400),(0.0095370,-0.1496093,0.0063400),(0.0093243,-0.1499744,0.0063400),(0.0095370,-0.1496093,0.0063400),(0.0100789,-0.1486568,0.0063400),(0.0069536,-0.1540977,0.0063400),(0.0093243,-0.1499744,0.0063400),(0.0100789,-0.1486568,0.0063400),(0.0069536,-0.1540977,0.0063400),(0.0100789,-0.1486568,0.0063400),(0.0101075,-0.1485531,0.0063400),(0.0069536,-0.1540977,0.0063400),(0.0101075,-0.1485531,0.0063400),(0.0101001,-0.1484928,0.0063400),(0.0069536,-0.1540977,0.0063400),(0.0101001,-0.1484928,0.0063400),(0.0100614,-0.1484176,0.0063400),(0.0069536,-0.1540977,0.0063400),(0.0100614,-0.1484176,0.0063400),(0.0099963,-0.1483637,0.0063400),(0.0069536,-0.1540977,0.0063400),(0.0099963,-0.1483637,0.0063400),(0.0098937,-0.1483330,0.0063400),(0.0069536,-0.1540977,0.0063400),(0.0098937,-0.1483330,0.0063400),(0.0098334,-0.1483404,0.0063400),(0.0069536,-0.1540977,0.0063400),(0.0098334,-0.1483404,0.0063400),(0.0097577,-0.1483790,0.0063400),(0.0069536,-0.1540977,0.0063400),(0.0097577,-0.1483790,0.0063400),(0.0097021,-0.1484441,0.0063400),(0.0069536,-0.1540977,0.0063400),(0.0097021,-0.1484441,0.0063400),(0.0091666,-0.1493722,0.0063400),(0.0091666,-0.1493722,0.0063400),(0.0090660,-0.1493278,0.0063400),(0.0089621,-0.1492894,0.0063400),(0.0091666,-0.1493722,0.0063400),(0.0089621,-0.1492894,0.0063400),(0.0088549,-0.1492568,0.0063400),(0.0091666,-0.1493722,0.0063400),(0.0088549,-0.1492568,0.0063400),(0.0087443,-0.1492302,0.0063400),(0.0091666,-0.1493722,0.0063400),(0.0087443,-0.1492302,0.0063400),(0.0086305,-0.1492094,0.0063400),(0.0091666,-0.1493722,0.0063400),(0.0086305,-0.1492094,0.0063400),(0.0085134,-0.1491946,0.0063400),(0.0091666,-0.1493722,0.0063400),(0.0085134,-0.1491946,0.0063400),(0.0083929,-0.1491858,0.0063400),(0.0091666,-0.1493722,0.0063400),(0.0083929,-0.1491858,0.0063400),(0.0082691,-0.1491828,0.0063400),(0.0091666,-0.1493722,0.0063400),(0.0082691,-0.1491828,0.0063400),(0.0081445,-0.1491871,0.0063400),(0.0091666,-0.1493722,0.0063400),(0.0081445,-0.1491871,0.0063400),(0.0080210,-0.1492001,0.0063400),(0.0091666,-0.1493722,0.0063400),(0.0080210,-0.1492001,0.0063400),(0.0078986,-0.1492218,0.0063400),(0.0091666,-0.1493722,0.0063400),(0.0078986,-0.1492218,0.0063400),(0.0077773,-0.1492521,0.0063400),(0.0091666,-0.1493722,0.0063400),(0.0077773,-0.1492521,0.0063400),(0.0076571,-0.1492911,0.0063400),(0.0091666,-0.1493722,0.0063400),(0.0076571,-0.1492911,0.0063400),(0.0075379,-0.1493388,0.0063400),(0.0091666,-0.1493722,0.0063400),(0.0075379,-0.1493388,0.0063400),(0.0074199,-0.1493951,0.0063400),(0.0091666,-0.1493722,0.0063400),(0.0074199,-0.1493951,0.0063400),(0.0073029,-0.1494601,0.0063400),(0.0091666,-0.1493722,0.0063400),(0.0073029,-0.1494601,0.0063400),(0.0071898,-0.1495323,0.0063400),(0.0091666,-0.1493722,0.0063400),(0.0071898,-0.1495323,0.0063400),(0.0070828,-0.1496106,0.0063400),(0.0091666,-0.1493722,0.0063400),(0.0070828,-0.1496106,0.0063400),(0.0069818,-0.1496952,0.0063400),(0.0091666,-0.1493722,0.0063400),(0.0069818,-0.1496952,0.0063400),(0.0068870,-0.1497861,0.0063400),(0.0091666,-0.1493722,0.0063400),(0.0068870,-0.1497861,0.0063400),(0.0067982,-0.1498831,0.0063400),(0.0067982,-0.1498831,0.0063400),(0.0067155,-0.1499863,0.0063400),(0.0066389,-0.1500958,0.0063400),(0.0067982,-0.1498831,0.0063400),(0.0066389,-0.1500958,0.0063400),(0.0065684,-0.1502115,0.0063400),(0.0067982,-0.1498831,0.0063400),(0.0065684,-0.1502115,0.0063400),(0.0065052,-0.1503313,0.0063400),(0.0067982,-0.1498831,0.0063400),(0.0065052,-0.1503313,0.0063400),(0.0064503,-0.1504537,0.0063400),(0.0067982,-0.1498831,0.0063400),(0.0064503,-0.1504537,0.0063400),(0.0064040,-0.1505786,0.0063400),(0.0067982,-0.1498831,0.0063400),(0.0064040,-0.1505786,0.0063400),(0.0063660,-0.1507060,0.0063400),(0.0067982,-0.1498831,0.0063400),(0.0063660,-0.1507060,0.0063400),(0.0063365,-0.1508360,0.0063400),(0.0067982,-0.1498831,0.0063400),(0.0063365,-0.1508360,0.0063400),(0.0063154,-0.1509685,0.0063400),(0.0067982,-0.1498831,0.0063400),(0.0063154,-0.1509685,0.0063400),(0.0063027,-0.1511036,0.0063400),(0.0067982,-0.1498831,0.0063400),(0.0063027,-0.1511036,0.0063400),(0.0062985,-0.1512413,0.0063400),(0.0067982,-0.1498831,0.0063400),(0.0062985,-0.1512413,0.0063400),(0.0063027,-0.1513793,0.0063400),(0.0067982,-0.1498831,0.0063400),(0.0063027,-0.1513793,0.0063400),(0.0063153,-0.1515146,0.0063400),(0.0067982,-0.1498831,0.0063400),(0.0063153,-0.1515146,0.0063400),(0.0063363,-0.1516472,0.0063400),(0.0067982,-0.1498831,0.0063400),(0.0063363,-0.1516472,0.0063400),(0.0063657,-0.1517770,0.0063400),(0.0067982,-0.1498831,0.0063400),(0.0063657,-0.1517770,0.0063400),(0.0064035,-0.1519041,0.0063400),(0.0067982,-0.1498831,0.0063400),(0.0064035,-0.1519041,0.0063400),(0.0064497,-0.1520285,0.0063400),(0.0067982,-0.1498831,0.0063400),(0.0064497,-0.1520285,0.0063400),(0.0065043,-0.1521501,0.0063400),(0.0067982,-0.1498831,0.0063400),(0.0065043,-0.1521501,0.0063400),(0.0065673,-0.1522689,0.0063400),(0.0065673,-0.1522689,0.0063400),(0.0069356,-0.1520604,0.0063400),(0.0068863,-0.1519657,0.0063400),(0.0065673,-0.1522689,0.0063400),(0.0068863,-0.1519657,0.0063400),(0.0068435,-0.1518688,0.0063400),(0.0065673,-0.1522689,0.0063400),(0.0068435,-0.1518688,0.0063400),(0.0068073,-0.1517697,0.0063400),(0.0065673,-0.1522689,0.0063400),(0.0068073,-0.1517697,0.0063400),(0.0067777,-0.1516686,0.0063400),(0.0065673,-0.1522689,0.0063400),(0.0067777,-0.1516686,0.0063400),(0.0067547,-0.1515652,0.0063400),(0.0065673,-0.1522689,0.0063400),(0.0067547,-0.1515652,0.0063400),(0.0067382,-0.1514597,0.0063400),(0.0065673,-0.1522689,0.0063400),(0.0067382,-0.1514597,0.0063400),(0.0067283,-0.1513521,0.0063400),(0.0065673,-0.1522689,0.0063400),(0.0067283,-0.1513521,0.0063400),(0.0067250,-0.1512423,0.0063400),(0.0065673,-0.1522689,0.0063400),(0.0067250,-0.1512423,0.0063400),(0.0067284,-0.1511325,0.0063400),(0.0067982,-0.1498831,0.0063400),(0.0065673,-0.1522689,0.0063400),(0.0067284,-0.1511325,0.0063400),(0.0067982,-0.1498831,0.0063400),(0.0067284,-0.1511325,0.0063400),(0.0067384,-0.1510248,0.0063400),(0.0067982,-0.1498831,0.0063400),(0.0067384,-0.1510248,0.0063400),(0.0067551,-0.1509191,0.0063400),(0.0067982,-0.1498831,0.0063400),(0.0067551,-0.1509191,0.0063400),(0.0067785,-0.1508155,0.0063400),(0.0067982,-0.1498831,0.0063400),(0.0067785,-0.1508155,0.0063400),(0.0068085,-0.1507141,0.0063400),(0.0067982,-0.1498831,0.0063400),(0.0068085,-0.1507141,0.0063400),(0.0068453,-0.1506147,0.0063400),(0.0067982,-0.1498831,0.0063400),(0.0068453,-0.1506147,0.0063400),(0.0068887,-0.1505173,0.0063400),(0.0067982,-0.1498831,0.0063400),(0.0068887,-0.1505173,0.0063400),(0.0069388,-0.1504221,0.0063400),(0.0067982,-0.1498831,0.0063400),(0.0069388,-0.1504221,0.0063400),(0.0069947,-0.1503302,0.0063400),(0.0067982,-0.1498831,0.0063400),(0.0069947,-0.1503302,0.0063400),(0.0070553,-0.1502433,0.0063400),(0.0067982,-0.1498831,0.0063400),(0.0070553,-0.1502433,0.0063400),(0.0071207,-0.1501614,0.0063400),(0.0067982,-0.1498831,0.0063400),(0.0071207,-0.1501614,0.0063400),(0.0071910,-0.1500845,0.0063400),(0.0067982,-0.1498831,0.0063400),(0.0071910,-0.1500845,0.0063400),(0.0072660,-0.1500127,0.0063400),(0.0067982,-0.1498831,0.0063400),(0.0072660,-0.1500127,0.0063400),(0.0073458,-0.1499459,0.0063400),(0.0067982,-0.1498831,0.0063400),(0.0073458,-0.1499459,0.0063400),(0.0074304,-0.1498841,0.0063400),(0.0067982,-0.1498831,0.0063400),(0.0074304,-0.1498841,0.0063400),(0.0075198,-0.1498273,0.0063400),(0.0067982,-0.1498831,0.0063400),(0.0075198,-0.1498273,0.0063400),(0.0076119,-0.1497762,0.0063400),(0.0067982,-0.1498831,0.0063400),(0.0076119,-0.1497762,0.0063400),(0.0077045,-0.1497319,0.0063400),(0.0067982,-0.1498831,0.0063400),(0.0077045,-0.1497319,0.0063400),(0.0077977,-0.1496945,0.0063400),(0.0067982,-0.1498831,0.0063400),(0.0077977,-0.1496945,0.0063400),(0.0078913,-0.1496638,0.0063400),(0.0067982,-0.1498831,0.0063400),(0.0078913,-0.1496638,0.0063400),(0.0079855,-0.1496400,0.0063400),(0.0091666,-0.1493722,0.0063400),(0.0067982,-0.1498831,0.0063400),(0.0079855,-0.1496400,0.0063400),(0.0091666,-0.1493722,0.0063400),(0.0079855,-0.1496400,0.0063400),(0.0080802,-0.1496229,0.0063400),(0.0091666,-0.1493722,0.0063400),(0.0080802,-0.1496229,0.0063400),(0.0081755,-0.1496127,0.0063400),(0.0091666,-0.1493722,0.0063400),(0.0081755,-0.1496127,0.0063400),(0.0082713,-0.1496093,0.0063400),(0.0091666,-0.1493722,0.0063400),(0.0082713,-0.1496093,0.0063400),(0.0082776,-0.1496093,0.0063400),(0.0091666,-0.1493722,0.0063400),(0.0082776,-0.1496093,0.0063400),(0.0083713,-0.1496114,0.0063400),(0.0091666,-0.1493722,0.0063400),(0.0083713,-0.1496114,0.0063400),(0.0084625,-0.1496176,0.0063400),(0.0091666,-0.1493722,0.0063400),(0.0084625,-0.1496176,0.0063400),(0.0085511,-0.1496281,0.0063400),(0.0091666,-0.1493722,0.0063400),(0.0085511,-0.1496281,0.0063400),(0.0086372,-0.1496426,0.0063400),(0.0091666,-0.1493722,0.0063400),(0.0086372,-0.1496426,0.0063400),(0.0087207,-0.1496614,0.0063400),(0.0091666,-0.1493722,0.0063400),(0.0087207,-0.1496614,0.0063400),(0.0088017,-0.1496843,0.0063400),(0.0091666,-0.1493722,0.0063400),(0.0088017,-0.1496843,0.0063400),(0.0088801,-0.1497114,0.0063400),(0.0091666,-0.1493722,0.0063400),(0.0088801,-0.1497114,0.0063400),(0.0089560,-0.1497427,0.0063400),(0.0069536,-0.1540977,0.0063400),(0.0091666,-0.1493722,0.0063400),(0.0089560,-0.1497427,0.0063400),(0.0069536,-0.1540977,0.0063400),(0.0089560,-0.1497427,0.0063400),(0.0073516,-0.1525377,0.0063400),(0.0069536,-0.1540977,0.0063400),(0.0073516,-0.1525377,0.0063400),(0.0072311,-0.1524349,0.0063400),(0.0069780,-0.1521297,0.0063400),(0.0069356,-0.1520604,0.0063400),(0.0065673,-0.1522689,0.0063400),(0.0070232,-0.1521962,0.0063400),(0.0069780,-0.1521297,0.0063400),(0.0065673,-0.1522689,0.0063400),(0.0071216,-0.1523210,0.0063400),(0.0070232,-0.1521962,0.0063400),(0.0065673,-0.1522689,0.0063400),(0.0072311,-0.1524349,0.0063400),(0.0071216,-0.1523210,0.0063400),(0.0065673,-0.1522689,0.0063400),(0.0072311,-0.1524349,0.0063400),(0.0065673,-0.1522689,0.0063400),(0.0066253,-0.1523640,0.0063400),(0.0072311,-0.1524349,0.0063400),(0.0066253,-0.1523640,0.0063400),(0.0066869,-0.1524549,0.0063400),(0.0072311,-0.1524349,0.0063400),(0.0066869,-0.1524549,0.0063400),(0.0067523,-0.1525418,0.0063400),(0.0072311,-0.1524349,0.0063400),(0.0067523,-0.1525418,0.0063400),(0.0068213,-0.1526245,0.0063400),(0.0072311,-0.1524349,0.0063400),(0.0068213,-0.1526245,0.0063400),(0.0068941,-0.1527031,0.0063400),(0.0072311,-0.1524349,0.0063400),(0.0068941,-0.1527031,0.0063400),(0.0069706,-0.1527777,0.0063400),(0.0072311,-0.1524349,0.0063400),(0.0069706,-0.1527777,0.0063400),(0.0070507,-0.1528481,0.0063400),(0.0072311,-0.1524349,0.0063400),(0.0070507,-0.1528481,0.0063400),(0.0071346,-0.1529145,0.0063400),(0.0069536,-0.1540977,0.0063400),(0.0072311,-0.1524349,0.0063400),(0.0071346,-0.1529145,0.0063400),(0.0069536,-0.1540977,0.0063400),(0.0071346,-0.1529145,0.0063400),(0.0065790,-0.1538850,0.0063400),(0.0069536,-0.1540977,0.0063400),(0.0065790,-0.1538850,0.0063400),(0.0065515,-0.1539866,0.0063400),(0.0069536,-0.1540977,0.0063400),(0.0065515,-0.1539866,0.0063400),(0.0065578,-0.1540469,0.0063400),(0.0069536,-0.1540977,0.0063400),(0.0065578,-0.1540469,0.0063400),(0.0065970,-0.1541239,0.0063400),(0.0069536,-0.1540977,0.0063400),(0.0065970,-0.1541239,0.0063400),(0.0066594,-0.1541792,0.0063400),(0.0069536,-0.1540977,0.0063400),(0.0066594,-0.1541792,0.0063400),(0.0067642,-0.1542067,0.0063400),(0.0069536,-0.1540977,0.0063400),(0.0067642,-0.1542067,0.0063400),(0.0068245,-0.1541993,0.0063400),(0.0069536,-0.1540977,0.0063400),(0.0068245,-0.1541993,0.0063400),(0.0068970,-0.1541638,0.0063400),(0.0149015,-0.1494026,0.0063400),(0.0148393,-0.1494686,0.0063400),(0.0147832,-0.1495412,0.0063400),(0.0149015,-0.1494026,0.0063400),(0.0147832,-0.1495412,0.0063400),(0.0147346,-0.1496183,0.0063400),(0.0149015,-0.1494026,0.0063400),(0.0147346,-0.1496183,0.0063400),(0.0146935,-0.1496999,0.0063400),(0.0149015,-0.1494026,0.0063400),(0.0146935,-0.1496999,0.0063400),(0.0146599,-0.1497861,0.0063400),(0.0149015,-0.1494026,0.0063400),(0.0146599,-0.1497861,0.0063400),(0.0146337,-0.1498767,0.0063400),(0.0149015,-0.1494026,0.0063400),(0.0146337,-0.1498767,0.0063400),(0.0146150,-0.1499718,0.0063400),(0.0149015,-0.1494026,0.0063400),(0.0146150,-0.1499718,0.0063400),(0.0146038,-0.1500714,0.0063400),(0.0149015,-0.1494026,0.0063400),(0.0146038,-0.1500714,0.0063400),(0.0146001,-0.1501755,0.0063400),(0.0149015,-0.1494026,0.0063400),(0.0146001,-0.1501755,0.0063400),(0.0146038,-0.1502797,0.0063400),(0.0149015,-0.1494026,0.0063400),(0.0146038,-0.1502797,0.0063400),(0.0146150,-0.1503801,0.0063400),(0.0149015,-0.1494026,0.0063400),(0.0146150,-0.1503801,0.0063400),(0.0146336,-0.1504767,0.0063400),(0.0149015,-0.1494026,0.0063400),(0.0146336,-0.1504767,0.0063400),(0.0146596,-0.1505695,0.0063400),(0.0149015,-0.1494026,0.0063400),(0.0146596,-0.1505695,0.0063400),(0.0146931,-0.1506585,0.0063400),(0.0149015,-0.1494026,0.0063400),(0.0146931,-0.1506585,0.0063400),(0.0147340,-0.1507436,0.0063400),(0.0147340,-0.1507436,0.0063400),(0.0150946,-0.1505216,0.0063400),(0.0150562,-0.1504189,0.0063400),(0.0147340,-0.1507436,0.0063400),(0.0150562,-0.1504189,0.0063400),(0.0150332,-0.1503036,0.0063400),(0.0149015,-0.1494026,0.0063400),(0.0147340,-0.1507436,0.0063400),(0.0150332,-0.1503036,0.0063400),(0.0149015,-0.1494026,0.0063400),(0.0150332,-0.1503036,0.0063400),(0.0150255,-0.1501755,0.0063400),(0.0149015,-0.1494026,0.0063400),(0.0150255,-0.1501755,0.0063400),(0.0150333,-0.1500500,0.0063400),(0.0149015,-0.1494026,0.0063400),(0.0150333,-0.1500500,0.0063400),(0.0150565,-0.1499392,0.0063400),(0.0149015,-0.1494026,0.0063400),(0.0150565,-0.1499392,0.0063400),(0.0150952,-0.1498431,0.0063400),(0.0149015,-0.1494026,0.0063400),(0.0150952,-0.1498431,0.0063400),(0.0151494,-0.1497617,0.0063400),(0.0149015,-0.1494026,0.0063400),(0.0151494,-0.1497617,0.0063400),(0.0152159,-0.1496969,0.0063400),(0.0149015,-0.1494026,0.0063400),(0.0152159,-0.1496969,0.0063400),(0.0152917,-0.1496506,0.0063400),(0.0149015,-0.1494026,0.0063400),(0.0152917,-0.1496506,0.0063400),(0.0153768,-0.1496228,0.0063400),(0.0149015,-0.1494026,0.0063400),(0.0153768,-0.1496228,0.0063400),(0.0154711,-0.1496135,0.0063400),(0.0149015,-0.1494026,0.0063400),(0.0154711,-0.1496135,0.0063400),(0.0155654,-0.1496228,0.0063400),(0.0149015,-0.1494026,0.0063400),(0.0155654,-0.1496228,0.0063400),(0.0156505,-0.1496506,0.0063400),(0.0151483,-0.1506116,0.0063400),(0.0150946,-0.1505216,0.0063400),(0.0147340,-0.1507436,0.0063400),(0.0152110,-0.1506764,0.0063400),(0.0151483,-0.1506116,0.0063400),(0.0147340,-0.1507436,0.0063400),(0.0152806,-0.1507227,0.0063400),(0.0152110,-0.1506764,0.0063400),(0.0147340,-0.1507436,0.0063400),(0.0153571,-0.1507505,0.0063400),(0.0152806,-0.1507227,0.0063400),(0.0147340,-0.1507436,0.0063400),(0.0154404,-0.1507597,0.0063400),(0.0153571,-0.1507505,0.0063400),(0.0147340,-0.1507436,0.0063400),(0.0154404,-0.1507597,0.0063400),(0.0147340,-0.1507436,0.0063400),(0.0147824,-0.1508250,0.0063400),(0.0155029,-0.1507597,0.0063400),(0.0154404,-0.1507597,0.0063400),(0.0147824,-0.1508250,0.0063400),(0.0155029,-0.1507597,0.0063400),(0.0147824,-0.1508250,0.0063400),(0.0148382,-0.1509026,0.0063400),(0.0155877,-0.1507505,0.0063400),(0.0155029,-0.1507597,0.0063400),(0.0148382,-0.1509026,0.0063400),(0.0155877,-0.1507505,0.0063400),(0.0148382,-0.1509026,0.0063400),(0.0148869,-0.1509513,0.0063400),(0.0155877,-0.1507505,0.0063400),(0.0148869,-0.1509513,0.0063400),(0.0148017,-0.1510275,0.0063400),(0.0155877,-0.1507505,0.0063400),(0.0148017,-0.1510275,0.0063400),(0.0147176,-0.1511206,0.0063400),(0.0156645,-0.1507227,0.0063400),(0.0155877,-0.1507505,0.0063400),(0.0147176,-0.1511206,0.0063400),(0.0156645,-0.1507227,0.0063400),(0.0147176,-0.1511206,0.0063400),(0.0146504,-0.1512129,0.0063400),(0.0156645,-0.1507227,0.0063400),(0.0146504,-0.1512129,0.0063400),(0.0145921,-0.1513106,0.0063400),(0.0156645,-0.1507227,0.0063400),(0.0145921,-0.1513106,0.0063400),(0.0145428,-0.1514135,0.0063400),(0.0156645,-0.1507227,0.0063400),(0.0145428,-0.1514135,0.0063400),(0.0145025,-0.1515217,0.0063400),(0.0157332,-0.1506764,0.0063400),(0.0156645,-0.1507227,0.0063400),(0.0145025,-0.1515217,0.0063400),(0.0157332,-0.1506764,0.0063400),(0.0145025,-0.1515217,0.0063400),(0.0144711,-0.1516352,0.0063400),(0.0157332,-0.1506764,0.0063400),(0.0144711,-0.1516352,0.0063400),(0.0144487,-0.1517540,0.0063400),(0.0157332,-0.1506764,0.0063400),(0.0144487,-0.1517540,0.0063400),(0.0144352,-0.1518781,0.0063400),(0.0157332,-0.1506764,0.0063400),(0.0144352,-0.1518781,0.0063400),(0.0144308,-0.1520075,0.0063400),(0.0144308,-0.1520075,0.0063400),(0.0144353,-0.1521356,0.0063400),(0.0144488,-0.1522584,0.0063400),(0.0144308,-0.1520075,0.0063400),(0.0144488,-0.1522584,0.0063400),(0.0144714,-0.1523759,0.0063400),(0.0144308,-0.1520075,0.0063400),(0.0144714,-0.1523759,0.0063400),(0.0145030,-0.1524882,0.0063400),(0.0144308,-0.1520075,0.0063400),(0.0145030,-0.1524882,0.0063400),(0.0145436,-0.1525953,0.0063400),(0.0144308,-0.1520075,0.0063400),(0.0145436,-0.1525953,0.0063400),(0.0145933,-0.1526971,0.0063400),(0.0144308,-0.1520075,0.0063400),(0.0145933,-0.1526971,0.0063400),(0.0146520,-0.1527936,0.0063400),(0.0144308,-0.1520075,0.0063400),(0.0146520,-0.1527936,0.0063400),(0.0147197,-0.1528849,0.0063400),(0.0144308,-0.1520075,0.0063400),(0.0147197,-0.1528849,0.0063400),(0.0147944,-0.1529672,0.0063400),(0.0144308,-0.1520075,0.0063400),(0.0147944,-0.1529672,0.0063400),(0.0148746,-0.1530386,0.0063400),(0.0144308,-0.1520075,0.0063400),(0.0148746,-0.1530386,0.0063400),(0.0149603,-0.1530990,0.0063400),(0.0144308,-0.1520075,0.0063400),(0.0149603,-0.1530990,0.0063400),(0.0150515,-0.1531484,0.0063400),(0.0144308,-0.1520075,0.0063400),(0.0150515,-0.1531484,0.0063400),(0.0151481,-0.1531868,0.0063400),(0.0144308,-0.1520075,0.0063400),(0.0151481,-0.1531868,0.0063400),(0.0152503,-0.1532143,0.0063400),(0.0144308,-0.1520075,0.0063400),(0.0152503,-0.1532143,0.0063400),(0.0153580,-0.1532307,0.0063400),(0.0144308,-0.1520075,0.0063400),(0.0153580,-0.1532307,0.0063400),(0.0154711,-0.1532362,0.0063400),(0.0144308,-0.1520075,0.0063400),(0.0154711,-0.1532362,0.0063400),(0.0155845,-0.1532307,0.0063400),(0.0155845,-0.1532307,0.0063400),(0.0156923,-0.1532143,0.0063400),(0.0157946,-0.1531868,0.0063400),(0.0155845,-0.1532307,0.0063400),(0.0157946,-0.1531868,0.0063400),(0.0158913,-0.1531484,0.0063400),(0.0155845,-0.1532307,0.0063400),(0.0158913,-0.1531484,0.0063400),(0.0159824,-0.1530990,0.0063400),(0.0155845,-0.1532307,0.0063400),(0.0159824,-0.1530990,0.0063400),(0.0160680,-0.1530386,0.0063400),(0.0155845,-0.1532307,0.0063400),(0.0160680,-0.1530386,0.0063400),(0.0161480,-0.1529672,0.0063400),(0.0155845,-0.1532307,0.0063400),(0.0161480,-0.1529672,0.0063400),(0.0162225,-0.1528849,0.0063400),(0.0155845,-0.1532307,0.0063400),(0.0162225,-0.1528849,0.0063400),(0.0162902,-0.1527936,0.0063400),(0.0155845,-0.1532307,0.0063400),(0.0162902,-0.1527936,0.0063400),(0.0163489,-0.1526971,0.0063400),(0.0155845,-0.1532307,0.0063400),(0.0163489,-0.1526971,0.0063400),(0.0163986,-0.1525953,0.0063400),(0.0155845,-0.1532307,0.0063400),(0.0163986,-0.1525953,0.0063400),(0.0164392,-0.1524882,0.0063400),(0.0155845,-0.1532307,0.0063400),(0.0164392,-0.1524882,0.0063400),(0.0164708,-0.1523759,0.0063400),(0.0155845,-0.1532307,0.0063400),(0.0164708,-0.1523759,0.0063400),(0.0164934,-0.1522584,0.0063400),(0.0155845,-0.1532307,0.0063400),(0.0164934,-0.1522584,0.0063400),(0.0165069,-0.1521356,0.0063400),(0.0155845,-0.1532307,0.0063400),(0.0165069,-0.1521356,0.0063400),(0.0165114,-0.1520075,0.0063400),(0.0155845,-0.1532307,0.0063400),(0.0165114,-0.1520075,0.0063400),(0.0165070,-0.1518781,0.0063400),(0.0155845,-0.1532307,0.0063400),(0.0165070,-0.1518781,0.0063400),(0.0164935,-0.1517540,0.0063400),(0.0155845,-0.1532307,0.0063400),(0.0164935,-0.1517540,0.0063400),(0.0164711,-0.1516352,0.0063400),(0.0164711,-0.1516352,0.0063400),(0.0164397,-0.1515217,0.0063400),(0.0163994,-0.1514135,0.0063400),(0.0164711,-0.1516352,0.0063400),(0.0163994,-0.1514135,0.0063400),(0.0163501,-0.1513106,0.0063400),(0.0164711,-0.1516352,0.0063400),(0.0163501,-0.1513106,0.0063400),(0.0159862,-0.1515303,0.0063400),(0.0164711,-0.1516352,0.0063400),(0.0159862,-0.1515303,0.0063400),(0.0160405,-0.1516712,0.0063400),(0.0164711,-0.1516352,0.0063400),(0.0160405,-0.1516712,0.0063400),(0.0160730,-0.1518303,0.0063400),(0.0164711,-0.1516352,0.0063400),(0.0160730,-0.1518303,0.0063400),(0.0160812,-0.1519166,0.0063400),(0.0164711,-0.1516352,0.0063400),(0.0160812,-0.1519166,0.0063400),(0.0160839,-0.1520075,0.0063400),(0.0164711,-0.1516352,0.0063400),(0.0160839,-0.1520075,0.0063400),(0.0160811,-0.1520982,0.0063400),(0.0164711,-0.1516352,0.0063400),(0.0160811,-0.1520982,0.0063400),(0.0160728,-0.1521840,0.0063400),(0.0164711,-0.1516352,0.0063400),(0.0160728,-0.1521840,0.0063400),(0.0160589,-0.1522649,0.0063400),(0.0164711,-0.1516352,0.0063400),(0.0160589,-0.1522649,0.0063400),(0.0160394,-0.1523409,0.0063400),(0.0164711,-0.1516352,0.0063400),(0.0160394,-0.1523409,0.0063400),(0.0159839,-0.1524782,0.0063400),(0.0155845,-0.1532307,0.0063400),(0.0164711,-0.1516352,0.0063400),(0.0159839,-0.1524782,0.0063400),(0.0155845,-0.1532307,0.0063400),(0.0159839,-0.1524782,0.0063400),(0.0159061,-0.1525959,0.0063400),(0.0155845,-0.1532307,0.0063400),(0.0159061,-0.1525959,0.0063400),(0.0158126,-0.1526899,0.0063400),(0.0155845,-0.1532307,0.0063400),(0.0158126,-0.1526899,0.0063400),(0.0157090,-0.1527571,0.0063400),(0.0155845,-0.1532307,0.0063400),(0.0157090,-0.1527571,0.0063400),(0.0155951,-0.1527973,0.0063400),(0.0155845,-0.1532307,0.0063400),(0.0155951,-0.1527973,0.0063400),(0.0154711,-0.1528108,0.0063400),(0.0155845,-0.1532307,0.0063400),(0.0154711,-0.1528108,0.0063400),(0.0153471,-0.1527973,0.0063400),(0.0155845,-0.1532307,0.0063400),(0.0153471,-0.1527973,0.0063400),(0.0152332,-0.1527571,0.0063400),(0.0155845,-0.1532307,0.0063400),(0.0152332,-0.1527571,0.0063400),(0.0151296,-0.1526899,0.0063400),(0.0144308,-0.1520075,0.0063400),(0.0155845,-0.1532307,0.0063400),(0.0151296,-0.1526899,0.0063400),(0.0144308,-0.1520075,0.0063400),(0.0151296,-0.1526899,0.0063400),(0.0150361,-0.1525959,0.0063400),(0.0144308,-0.1520075,0.0063400),(0.0150361,-0.1525959,0.0063400),(0.0149588,-0.1524782,0.0063400),(0.0144308,-0.1520075,0.0063400),(0.0149588,-0.1524782,0.0063400),(0.0149036,-0.1523409,0.0063400),(0.0144308,-0.1520075,0.0063400),(0.0149036,-0.1523409,0.0063400),(0.0148704,-0.1521840,0.0063400),(0.0144308,-0.1520075,0.0063400),(0.0148704,-0.1521840,0.0063400),(0.0148622,-0.1520982,0.0063400),(0.0144308,-0.1520075,0.0063400),(0.0148622,-0.1520982,0.0063400),(0.0148594,-0.1520075,0.0063400),(0.0144308,-0.1520075,0.0063400),(0.0148594,-0.1520075,0.0063400),(0.0148621,-0.1519166,0.0063400),(0.0144308,-0.1520075,0.0063400),(0.0148621,-0.1519166,0.0063400),(0.0148702,-0.1518303,0.0063400),(0.0144308,-0.1520075,0.0063400),(0.0148702,-0.1518303,0.0063400),(0.0148838,-0.1517485,0.0063400),(0.0144308,-0.1520075,0.0063400),(0.0148838,-0.1517485,0.0063400),(0.0149028,-0.1516712,0.0063400),(0.0144308,-0.1520075,0.0063400),(0.0149028,-0.1516712,0.0063400),(0.0149570,-0.1515303,0.0063400),(0.0144308,-0.1520075,0.0063400),(0.0149570,-0.1515303,0.0063400),(0.0150330,-0.1514074,0.0063400),(0.0144308,-0.1520075,0.0063400),(0.0150330,-0.1514074,0.0063400),(0.0151254,-0.1513102,0.0063400),(0.0157332,-0.1506764,0.0063400),(0.0144308,-0.1520075,0.0063400),(0.0151254,-0.1513102,0.0063400),(0.0157332,-0.1506764,0.0063400),(0.0151254,-0.1513102,0.0063400),(0.0152293,-0.1512407,0.0063400),(0.0157939,-0.1506116,0.0063400),(0.0157332,-0.1506764,0.0063400),(0.0152293,-0.1512407,0.0063400),(0.0157939,-0.1506116,0.0063400),(0.0152293,-0.1512407,0.0063400),(0.0153445,-0.1511991,0.0063400),(0.0157939,-0.1506116,0.0063400),(0.0153445,-0.1511991,0.0063400),(0.0154711,-0.1511852,0.0063400),(0.0158476,-0.1505216,0.0063400),(0.0157939,-0.1506116,0.0063400),(0.0154711,-0.1511852,0.0063400),(0.0158476,-0.1505216,0.0063400),(0.0154711,-0.1511852,0.0063400),(0.0155982,-0.1511991,0.0063400),(0.0158860,-0.1504189,0.0063400),(0.0158476,-0.1505216,0.0063400),(0.0155982,-0.1511991,0.0063400),(0.0158860,-0.1504189,0.0063400),(0.0155982,-0.1511991,0.0063400),(0.0157137,-0.1512407,0.0063400),(0.0158860,-0.1504189,0.0063400),(0.0157137,-0.1512407,0.0063400),(0.0158178,-0.1513102,0.0063400),(0.0159090,-0.1503036,0.0063400),(0.0158860,-0.1504189,0.0063400),(0.0158178,-0.1513102,0.0063400),(0.0159090,-0.1503036,0.0063400),(0.0158178,-0.1513102,0.0063400),(0.0159103,-0.1514074,0.0063400),(0.0159167,-0.1501755,0.0063400),(0.0159090,-0.1503036,0.0063400),(0.0159103,-0.1514074,0.0063400),(0.0159167,-0.1501755,0.0063400),(0.0159103,-0.1514074,0.0063400),(0.0159862,-0.1515303,0.0063400),(0.0159862,-0.1515303,0.0063400),(0.0163501,-0.1513106,0.0063400),(0.0162919,-0.1512129,0.0063400),(0.0159862,-0.1515303,0.0063400),(0.0162919,-0.1512129,0.0063400),(0.0162246,-0.1511206,0.0063400),(0.0159862,-0.1515303,0.0063400),(0.0162246,-0.1511206,0.0063400),(0.0161408,-0.1510275,0.0063400),(0.0159862,-0.1515303,0.0063400),(0.0161408,-0.1510275,0.0063400),(0.0160564,-0.1509513,0.0063400),(0.0159167,-0.1501755,0.0063400),(0.0159862,-0.1515303,0.0063400),(0.0160564,-0.1509513,0.0063400),(0.0159089,-0.1500500,0.0063400),(0.0159167,-0.1501755,0.0063400),(0.0160564,-0.1509513,0.0063400),(0.0159089,-0.1500500,0.0063400),(0.0160564,-0.1509513,0.0063400),(0.0161040,-0.1509026,0.0063400),(0.0158857,-0.1499392,0.0063400),(0.0159089,-0.1500500,0.0063400),(0.0161040,-0.1509026,0.0063400),(0.0158857,-0.1499392,0.0063400),(0.0161040,-0.1509026,0.0063400),(0.0161600,-0.1508250,0.0063400),(0.0158857,-0.1499392,0.0063400),(0.0161600,-0.1508250,0.0063400),(0.0162086,-0.1507436,0.0063400),(0.0158857,-0.1499392,0.0063400),(0.0162086,-0.1507436,0.0063400),(0.0162497,-0.1506585,0.0063400),(0.0158470,-0.1498431,0.0063400),(0.0158857,-0.1499392,0.0063400),(0.0162497,-0.1506585,0.0063400),(0.0158470,-0.1498431,0.0063400),(0.0162497,-0.1506585,0.0063400),(0.0162834,-0.1505695,0.0063400),(0.0158470,-0.1498431,0.0063400),(0.0162834,-0.1505695,0.0063400),(0.0163095,-0.1504767,0.0063400),(0.0157928,-0.1497617,0.0063400),(0.0158470,-0.1498431,0.0063400),(0.0163095,-0.1504767,0.0063400),(0.0157928,-0.1497617,0.0063400),(0.0163095,-0.1504767,0.0063400),(0.0163282,-0.1503801,0.0063400),(0.0157928,-0.1497617,0.0063400),(0.0163282,-0.1503801,0.0063400),(0.0163394,-0.1502797,0.0063400),(0.0157263,-0.1496969,0.0063400),(0.0157928,-0.1497617,0.0063400),(0.0163394,-0.1502797,0.0063400),(0.0157263,-0.1496969,0.0063400),(0.0163394,-0.1502797,0.0063400),(0.0163432,-0.1501755,0.0063400),(0.0157263,-0.1496969,0.0063400),(0.0163432,-0.1501755,0.0063400),(0.0163394,-0.1500714,0.0063400),(0.0157263,-0.1496969,0.0063400),(0.0163394,-0.1500714,0.0063400),(0.0163282,-0.1499718,0.0063400),(0.0156505,-0.1496506,0.0063400),(0.0157263,-0.1496969,0.0063400),(0.0163282,-0.1499718,0.0063400),(0.0156505,-0.1496506,0.0063400),(0.0163282,-0.1499718,0.0063400),(0.0163094,-0.1498767,0.0063400),(0.0156505,-0.1496506,0.0063400),(0.0163094,-0.1498767,0.0063400),(0.0162831,-0.1497861,0.0063400),(0.0149015,-0.1494026,0.0063400),(0.0156505,-0.1496506,0.0063400),(0.0162831,-0.1497861,0.0063400),(0.0149015,-0.1494026,0.0063400),(0.0162831,-0.1497861,0.0063400),(0.0162493,-0.1496999,0.0063400),(0.0149015,-0.1494026,0.0063400),(0.0162493,-0.1496999,0.0063400),(0.0162080,-0.1496183,0.0063400),(0.0149015,-0.1494026,0.0063400),(0.0162080,-0.1496183,0.0063400),(0.0161592,-0.1495412,0.0063400),(0.0149015,-0.1494026,0.0063400),(0.0161592,-0.1495412,0.0063400),(0.0161029,-0.1494686,0.0063400),(0.0149015,-0.1494026,0.0063400),(0.0161029,-0.1494686,0.0063400),(0.0160407,-0.1494026,0.0063400),(0.0149015,-0.1494026,0.0063400),(0.0160407,-0.1494026,0.0063400),(0.0159737,-0.1493454,0.0063400),(0.0149015,-0.1494026,0.0063400),(0.0159737,-0.1493454,0.0063400),(0.0159020,-0.1492970,0.0063400),(0.0149015,-0.1494026,0.0063400),(0.0159020,-0.1492970,0.0063400),(0.0158254,-0.1492574,0.0063400),(0.0149015,-0.1494026,0.0063400),(0.0158254,-0.1492574,0.0063400),(0.0157440,-0.1492266,0.0063400),(0.0149015,-0.1494026,0.0063400),(0.0157440,-0.1492266,0.0063400),(0.0156578,-0.1492046,0.0063400),(0.0149015,-0.1494026,0.0063400),(0.0156578,-0.1492046,0.0063400),(0.0155669,-0.1491914,0.0063400),(0.0149015,-0.1494026,0.0063400),(0.0155669,-0.1491914,0.0063400),(0.0154711,-0.1491870,0.0063400),(0.0149015,-0.1494026,0.0063400),(0.0154711,-0.1491870,0.0063400),(0.0153753,-0.1491914,0.0063400),(0.0149015,-0.1494026,0.0063400),(0.0153753,-0.1491914,0.0063400),(0.0152844,-0.1492046,0.0063400),(0.0149015,-0.1494026,0.0063400),(0.0152844,-0.1492046,0.0063400),(0.0151982,-0.1492266,0.0063400),(0.0149015,-0.1494026,0.0063400),(0.0151982,-0.1492266,0.0063400),(0.0151168,-0.1492574,0.0063400),(0.0149015,-0.1494026,0.0063400),(0.0151168,-0.1492574,0.0063400),(0.0150402,-0.1492970,0.0063400),(0.0149015,-0.1494026,0.0063400),(0.0150402,-0.1492970,0.0063400),(0.0149685,-0.1493454,0.0063400),(0.0114748,-0.1528150,0.0063400),(0.0126464,-0.1512243,0.0063400),(0.0127109,-0.1511306,0.0063400),(0.0114748,-0.1528150,0.0063400),(0.0127109,-0.1511306,0.0063400),(0.0127668,-0.1510330,0.0063400),(0.0114748,-0.1528150,0.0063400),(0.0127668,-0.1510330,0.0063400),(0.0128141,-0.1509315,0.0063400),(0.0114748,-0.1528150,0.0063400),(0.0128141,-0.1509315,0.0063400),(0.0128528,-0.1508261,0.0063400),(0.0114748,-0.1528150,0.0063400),(0.0128528,-0.1508261,0.0063400),(0.0128829,-0.1507169,0.0063400),(0.0114748,-0.1528150,0.0063400),(0.0128829,-0.1507169,0.0063400),(0.0129044,-0.1506038,0.0063400),(0.0114748,-0.1528150,0.0063400),(0.0129044,-0.1506038,0.0063400),(0.0129173,-0.1504869,0.0063400),(0.0114748,-0.1528150,0.0063400),(0.0129173,-0.1504869,0.0063400),(0.0129216,-0.1503660,0.0063400),(0.0114748,-0.1528150,0.0063400),(0.0129216,-0.1503660,0.0063400),(0.0129165,-0.1502411,0.0063400),(0.0114748,-0.1528150,0.0063400),(0.0129165,-0.1502411,0.0063400),(0.0129011,-0.1501207,0.0063400),(0.0114748,-0.1528150,0.0063400),(0.0129011,-0.1501207,0.0063400),(0.0128754,-0.1500049,0.0063400),(0.0114748,-0.1528150,0.0063400),(0.0128754,-0.1500049,0.0063400),(0.0128396,-0.1498937,0.0063400),(0.0128396,-0.1498937,0.0063400),(0.0127934,-0.1497872,0.0063400),(0.0127370,-0.1496852,0.0063400),(0.0128396,-0.1498937,0.0063400),(0.0127370,-0.1496852,0.0063400),(0.0126704,-0.1495878,0.0063400),(0.0128396,-0.1498937,0.0063400),(0.0126704,-0.1495878,0.0063400),(0.0125935,-0.1494950,0.0063400),(0.0128396,-0.1498937,0.0063400),(0.0125935,-0.1494950,0.0063400),(0.0125206,-0.1494218,0.0063400),(0.0128396,-0.1498937,0.0063400),(0.0125206,-0.1494218,0.0063400),(0.0124432,-0.1493584,0.0063400),(0.0128396,-0.1498937,0.0063400),(0.0124432,-0.1493584,0.0063400),(0.0123613,-0.1493048,0.0063400),(0.0128396,-0.1498937,0.0063400),(0.0123613,-0.1493048,0.0063400),(0.0122749,-0.1492609,0.0063400),(0.0128396,-0.1498937,0.0063400),(0.0122749,-0.1492609,0.0063400),(0.0121841,-0.1492267,0.0063400),(0.0128396,-0.1498937,0.0063400),(0.0121841,-0.1492267,0.0063400),(0.0120887,-0.1492023,0.0063400),(0.0128396,-0.1498937,0.0063400),(0.0120887,-0.1492023,0.0063400),(0.0119888,-0.1491877,0.0063400),(0.0128396,-0.1498937,0.0063400),(0.0119888,-0.1491877,0.0063400),(0.0118844,-0.1491828,0.0063400),(0.0128396,-0.1498937,0.0063400),(0.0118844,-0.1491828,0.0063400),(0.0117859,-0.1491876,0.0063400),(0.0128396,-0.1498937,0.0063400),(0.0117859,-0.1491876,0.0063400),(0.0116904,-0.1492019,0.0063400),(0.0128396,-0.1498937,0.0063400),(0.0116904,-0.1492019,0.0063400),(0.0115979,-0.1492258,0.0063400),(0.0128396,-0.1498937,0.0063400),(0.0115979,-0.1492258,0.0063400),(0.0115084,-0.1492593,0.0063400),(0.0128396,-0.1498937,0.0063400),(0.0115084,-0.1492593,0.0063400),(0.0114220,-0.1493023,0.0063400),(0.0128396,-0.1498937,0.0063400),(0.0114220,-0.1493023,0.0063400),(0.0113385,-0.1493548,0.0063400),(0.0113385,-0.1493548,0.0063400),(0.0112581,-0.1494170,0.0063400),(0.0111806,-0.1494887,0.0063400),(0.0113385,-0.1493548,0.0063400),(0.0111806,-0.1494887,0.0063400),(0.0111015,-0.1495752,0.0063400),(0.0113385,-0.1493548,0.0063400),(0.0111015,-0.1495752,0.0063400),(0.0110329,-0.1496680,0.0063400),(0.0113385,-0.1493548,0.0063400),(0.0110329,-0.1496680,0.0063400),(0.0109749,-0.1497673,0.0063400),(0.0113385,-0.1493548,0.0063400),(0.0109749,-0.1497673,0.0063400),(0.0109274,-0.1498728,0.0063400),(0.0113385,-0.1493548,0.0063400),(0.0109274,-0.1498728,0.0063400),(0.0108905,-0.1499848,0.0063400),(0.0113385,-0.1493548,0.0063400),(0.0108905,-0.1499848,0.0063400),(0.0108641,-0.1501030,0.0063400),(0.0113385,-0.1493548,0.0063400),(0.0108641,-0.1501030,0.0063400),(0.0108483,-0.1502276,0.0063400),(0.0113385,-0.1493548,0.0063400),(0.0108483,-0.1502276,0.0063400),(0.0108430,-0.1503586,0.0063400),(0.0113385,-0.1493548,0.0063400),(0.0108430,-0.1503586,0.0063400),(0.0108430,-0.1503639,0.0063400),(0.0113385,-0.1493548,0.0063400),(0.0108430,-0.1503639,0.0063400),(0.0108586,-0.1504454,0.0063400),(0.0113385,-0.1493548,0.0063400),(0.0108586,-0.1504454,0.0063400),(0.0109055,-0.1505142,0.0063400),(0.0113385,-0.1493548,0.0063400),(0.0109055,-0.1505142,0.0063400),(0.0109742,-0.1505610,0.0063400),(0.0113385,-0.1493548,0.0063400),(0.0109742,-0.1505610,0.0063400),(0.0110557,-0.1505766,0.0063400),(0.0113385,-0.1493548,0.0063400),(0.0110557,-0.1505766,0.0063400),(0.0111372,-0.1505610,0.0063400),(0.0113385,-0.1493548,0.0063400),(0.0111372,-0.1505610,0.0063400),(0.0112060,-0.1505142,0.0063400),(0.0113385,-0.1493548,0.0063400),(0.0112060,-0.1505142,0.0063400),(0.0112536,-0.1504454,0.0063400),(0.0112536,-0.1504454,0.0063400),(0.0112695,-0.1503639,0.0063400),(0.0112695,-0.1503586,0.0063400),(0.0112536,-0.1504454,0.0063400),(0.0112695,-0.1503586,0.0063400),(0.0112728,-0.1502717,0.0063400),(0.0113385,-0.1493548,0.0063400),(0.0112536,-0.1504454,0.0063400),(0.0112728,-0.1502717,0.0063400),(0.0113385,-0.1493548,0.0063400),(0.0112728,-0.1502717,0.0063400),(0.0112828,-0.1501893,0.0063400),(0.0113385,-0.1493548,0.0063400),(0.0112828,-0.1501893,0.0063400),(0.0112994,-0.1501114,0.0063400),(0.0113385,-0.1493548,0.0063400),(0.0112994,-0.1501114,0.0063400),(0.0113227,-0.1500379,0.0063400),(0.0113385,-0.1493548,0.0063400),(0.0113227,-0.1500379,0.0063400),(0.0113892,-0.1499046,0.0063400),(0.0113385,-0.1493548,0.0063400),(0.0113892,-0.1499046,0.0063400),(0.0114822,-0.1497892,0.0063400),(0.0113385,-0.1493548,0.0063400),(0.0114822,-0.1497892,0.0063400),(0.0115731,-0.1497105,0.0063400),(0.0113385,-0.1493548,0.0063400),(0.0115731,-0.1497105,0.0063400),(0.0116701,-0.1496543,0.0063400),(0.0113385,-0.1493548,0.0063400),(0.0116701,-0.1496543,0.0063400),(0.0117732,-0.1496206,0.0063400),(0.0113385,-0.1493548,0.0063400),(0.0117732,-0.1496206,0.0063400),(0.0118823,-0.1496093,0.0063400),(0.0113385,-0.1493548,0.0063400),(0.0118823,-0.1496093,0.0063400),(0.0119955,-0.1496202,0.0063400),(0.0113385,-0.1493548,0.0063400),(0.0119955,-0.1496202,0.0063400),(0.0120993,-0.1496527,0.0063400),(0.0128396,-0.1498937,0.0063400),(0.0113385,-0.1493548,0.0063400),(0.0120993,-0.1496527,0.0063400),(0.0128396,-0.1498937,0.0063400),(0.0120993,-0.1496527,0.0063400),(0.0121934,-0.1497069,0.0063400),(0.0128396,-0.1498937,0.0063400),(0.0121934,-0.1497069,0.0063400),(0.0122781,-0.1497829,0.0063400),(0.0128396,-0.1498937,0.0063400),(0.0122781,-0.1497829,0.0063400),(0.0123297,-0.1498440,0.0063400),(0.0128396,-0.1498937,0.0063400),(0.0123297,-0.1498440,0.0063400),(0.0123744,-0.1499085,0.0063400),(0.0128396,-0.1498937,0.0063400),(0.0123744,-0.1499085,0.0063400),(0.0124432,-0.1500472,0.0063400),(0.0128396,-0.1498937,0.0063400),(0.0124432,-0.1500472,0.0063400),(0.0124845,-0.1501990,0.0063400),(0.0128396,-0.1498937,0.0063400),(0.0124845,-0.1501990,0.0063400),(0.0124948,-0.1502798,0.0063400),(0.0128396,-0.1498937,0.0063400),(0.0124948,-0.1502798,0.0063400),(0.0124982,-0.1503639,0.0063400),(0.0128396,-0.1498937,0.0063400),(0.0124982,-0.1503639,0.0063400),(0.0124953,-0.1504506,0.0063400),(0.0128396,-0.1498937,0.0063400),(0.0124953,-0.1504506,0.0063400),(0.0124865,-0.1505340,0.0063400),(0.0128396,-0.1498937,0.0063400),(0.0124865,-0.1505340,0.0063400),(0.0124719,-0.1506141,0.0063400),(0.0128396,-0.1498937,0.0063400),(0.0124719,-0.1506141,0.0063400),(0.0124514,-0.1506909,0.0063400),(0.0128396,-0.1498937,0.0063400),(0.0124514,-0.1506909,0.0063400),(0.0123929,-0.1508346,0.0063400),(0.0114748,-0.1528150,0.0063400),(0.0128396,-0.1498937,0.0063400),(0.0123929,-0.1508346,0.0063400),(0.0114748,-0.1528150,0.0063400),(0.0123929,-0.1508346,0.0063400),(0.0123109,-0.1509650,0.0063400),(0.0114748,-0.1528150,0.0063400),(0.0123109,-0.1509650,0.0063400),(0.0108875,-0.1528986,0.0063400),(0.0127110,-0.1528150,0.0063400),(0.0114748,-0.1528150,0.0063400),(0.0108875,-0.1528986,0.0063400),(0.0127110,-0.1528150,0.0063400),(0.0108875,-0.1528986,0.0063400),(0.0108409,-0.1530235,0.0063400),(0.0127110,-0.1528150,0.0063400),(0.0108409,-0.1530235,0.0063400),(0.0108430,-0.1530584,0.0063400),(0.0127110,-0.1528150,0.0063400),(0.0108430,-0.1530584,0.0063400),(0.0108695,-0.1531370,0.0063400),(0.0127110,-0.1528150,0.0063400),(0.0108695,-0.1531370,0.0063400),(0.0109213,-0.1531928,0.0063400),(0.0127110,-0.1528150,0.0063400),(0.0109213,-0.1531928,0.0063400),(0.0109899,-0.1532278,0.0063400),(0.0127110,-0.1528150,0.0063400),(0.0109899,-0.1532278,0.0063400),(0.0110557,-0.1532394,0.0063400),(0.0127110,-0.1528150,0.0063400),(0.0110557,-0.1532394,0.0063400),(0.0127110,-0.1532394,0.0063400),(0.0127110,-0.1528150,0.0063400),(0.0127110,-0.1532394,0.0063400),(0.0127943,-0.1532243,0.0063400),(0.0127110,-0.1528150,0.0063400),(0.0127943,-0.1532243,0.0063400),(0.0128623,-0.1531791,0.0063400),(0.0127110,-0.1528150,0.0063400),(0.0128623,-0.1531791,0.0063400),(0.0129068,-0.1531111,0.0063400),(0.0127110,-0.1528150,0.0063400),(0.0129068,-0.1531111,0.0063400),(0.0129216,-0.1530277,0.0063400),(0.0127110,-0.1528150,0.0063400),(0.0129216,-0.1530277,0.0063400),(0.0129068,-0.1529436,0.0063400),(0.0127110,-0.1528150,0.0063400),(0.0129068,-0.1529436,0.0063400),(0.0128623,-0.1528753,0.0063400),(0.0127110,-0.1528150,0.0063400),(0.0128623,-0.1528753,0.0063400),(0.0127964,-0.1528301,0.0063400),(0.0133798,-0.1532090,0.0063400),(0.0134529,-0.1533156,0.0063400),(0.0135595,-0.1533886,0.0063400),(0.0133798,-0.1532090,0.0063400),(0.0135595,-0.1533886,0.0063400),(0.0136846,-0.1534130,0.0063400),(0.0133798,-0.1532090,0.0063400),(0.0136846,-0.1534130,0.0063400),(0.0138095,-0.1533886,0.0063400),(0.0133798,-0.1532090,0.0063400),(0.0138095,-0.1533886,0.0063400),(0.0139154,-0.1533156,0.0063400),(0.0133798,-0.1532090,0.0063400),(0.0139154,-0.1533156,0.0063400),(0.0139884,-0.1532090,0.0063400),(0.0133798,-0.1532090,0.0063400),(0.0139884,-0.1532090,0.0063400),(0.0140127,-0.1530838,0.0063400),(0.0133798,-0.1532090,0.0063400),(0.0140127,-0.1530838,0.0063400),(0.0139884,-0.1529587,0.0063400),(0.0133798,-0.1532090,0.0063400),(0.0139884,-0.1529587,0.0063400),(0.0139154,-0.1528520,0.0063400),(0.0133798,-0.1532090,0.0063400),(0.0139154,-0.1528520,0.0063400),(0.0138095,-0.1527790,0.0063400),(0.0133798,-0.1532090,0.0063400),(0.0138095,-0.1527790,0.0063400),(0.0136846,-0.1527547,0.0063400),(0.0133798,-0.1532090,0.0063400),(0.0136846,-0.1527547,0.0063400),(0.0135595,-0.1527790,0.0063400),(0.0133798,-0.1532090,0.0063400),(0.0135595,-0.1527790,0.0063400),(0.0134529,-0.1528520,0.0063400),(0.0133798,-0.1532090,0.0063400),(0.0134529,-0.1528520,0.0063400),(0.0133798,-0.1529587,0.0063400),(0.0133798,-0.1532090,0.0063400),(0.0133798,-0.1529587,0.0063400),(0.0133555,-0.1530838,0.0063400),(0.0202444,-0.1531389,0.0063400),(0.0203439,-0.1532479,0.0063400),(0.0204571,-0.1532754,0.0063400),(0.0202444,-0.1531389,0.0063400),(0.0204571,-0.1532754,0.0063400),(0.0205582,-0.1532500,0.0063400),(0.0202444,-0.1531389,0.0063400),(0.0205582,-0.1532500,0.0063400),(0.0206349,-0.1531738,0.0063400),(0.0202444,-0.1531389,0.0063400),(0.0206349,-0.1531738,0.0063400),(0.0206423,-0.1531674,0.0063400),(0.0202444,-0.1531389,0.0063400),(0.0206423,-0.1531674,0.0063400),(0.0218880,-0.1510000,0.0063400),(0.0202444,-0.1531389,0.0063400),(0.0218880,-0.1510000,0.0063400),(0.0219155,-0.1508931,0.0063400),(0.0202444,-0.1531389,0.0063400),(0.0219155,-0.1508931,0.0063400),(0.0218877,-0.1507838,0.0063400),(0.0202444,-0.1531389,0.0063400),(0.0218877,-0.1507838,0.0063400),(0.0218044,-0.1507057,0.0063400),(0.0202444,-0.1531389,0.0063400),(0.0218044,-0.1507057,0.0063400),(0.0216975,-0.1506761,0.0063400),(0.0202444,-0.1531389,0.0063400),(0.0216975,-0.1506761,0.0063400),(0.0215887,-0.1507039,0.0063400),(0.0202444,-0.1531389,0.0063400),(0.0215887,-0.1507039,0.0063400),(0.0215123,-0.1507872,0.0063400),(0.0202444,-0.1531389,0.0063400),(0.0215123,-0.1507872,0.0063400),(0.0206698,-0.1522530,0.0063400),(0.0202444,-0.1531389,0.0063400),(0.0206698,-0.1522530,0.0063400),(0.0206698,-0.1496453,0.0063400),(0.0206698,-0.1496453,0.0063400),(0.0222563,-0.1496453,0.0063400),(0.0223412,-0.1496294,0.0063400),(0.0206698,-0.1496453,0.0063400),(0.0223412,-0.1496294,0.0063400),(0.0224118,-0.1495818,0.0063400),(0.0206698,-0.1496453,0.0063400),(0.0224118,-0.1495818,0.0063400),(0.0224595,-0.1495122,0.0063400),(0.0206698,-0.1496453,0.0063400),(0.0224595,-0.1495122,0.0063400),(0.0224753,-0.1494305,0.0063400),(0.0206698,-0.1496453,0.0063400),(0.0224753,-0.1494305,0.0063400),(0.0224595,-0.1493484,0.0063400),(0.0206698,-0.1496453,0.0063400),(0.0224595,-0.1493484,0.0063400),(0.0224118,-0.1492781,0.0063400),(0.0206698,-0.1496453,0.0063400),(0.0224118,-0.1492781,0.0063400),(0.0223412,-0.1492288,0.0063400),(0.0206698,-0.1496453,0.0063400),(0.0223412,-0.1492288,0.0063400),(0.0222563,-0.1492124,0.0063400),(0.0206698,-0.1496453,0.0063400),(0.0222563,-0.1492124,0.0063400),(0.0204497,-0.1492124,0.0063400),(0.0202444,-0.1531389,0.0063400),(0.0206698,-0.1496453,0.0063400),(0.0204497,-0.1492124,0.0063400),(0.0204497,-0.1492124,0.0063400),(0.0186442,-0.1492124,0.0063400),(0.0185614,-0.1492288,0.0063400),(0.0204497,-0.1492124,0.0063400),(0.0185614,-0.1492288,0.0063400),(0.0184928,-0.1492781,0.0063400),(0.0204497,-0.1492124,0.0063400),(0.0184928,-0.1492781,0.0063400),(0.0184468,-0.1493484,0.0063400),(0.0204497,-0.1492124,0.0063400),(0.0184468,-0.1493484,0.0063400),(0.0184314,-0.1494305,0.0063400),(0.0204497,-0.1492124,0.0063400),(0.0184314,-0.1494305,0.0063400),(0.0184468,-0.1495122,0.0063400),(0.0204497,-0.1492124,0.0063400),(0.0184468,-0.1495122,0.0063400),(0.0184928,-0.1495818,0.0063400),(0.0204497,-0.1492124,0.0063400),(0.0184928,-0.1495818,0.0063400),(0.0185614,-0.1496294,0.0063400),(0.0204497,-0.1492124,0.0063400),(0.0185614,-0.1496294,0.0063400),(0.0186442,-0.1496453,0.0063400),(0.0204497,-0.1492124,0.0063400),(0.0186442,-0.1496453,0.0063400),(0.0202370,-0.1496453,0.0063400),(0.0202444,-0.1531389,0.0063400),(0.0204497,-0.1492124,0.0063400),(0.0202370,-0.1496453,0.0063400),(0.0202444,-0.1531389,0.0063400),(0.0202370,-0.1496453,0.0063400),(0.0202370,-0.1522573,0.0063400),(0.0202444,-0.1531389,0.0063400),(0.0202370,-0.1522573,0.0063400),(0.0193808,-0.1507682,0.0063400),(0.0202444,-0.1531389,0.0063400),(0.0193808,-0.1507682,0.0063400),(0.0193011,-0.1506888,0.0063400),(0.0202444,-0.1531389,0.0063400),(0.0193011,-0.1506888,0.0063400),(0.0191934,-0.1506624,0.0063400),(0.0202444,-0.1531389,0.0063400),(0.0191934,-0.1506624,0.0063400),(0.0190823,-0.1506899,0.0063400),(0.0202444,-0.1531389,0.0063400),(0.0190823,-0.1506899,0.0063400),(0.0190006,-0.1507695,0.0063400),(0.0202444,-0.1531389,0.0063400),(0.0190006,-0.1507695,0.0063400),(0.0189733,-0.1508793,0.0063400),(0.0202444,-0.1531389,0.0063400),(0.0189733,-0.1508793,0.0063400),(0.0190051,-0.1509883,0.0063400),(0.0314320,-0.1515514,0.0063400),(0.0310267,-0.1515514,0.0063400),(0.0303366,-0.1515651,0.0063400),(0.0316744,-0.1515514,0.0063400),(0.0314320,-0.1515514,0.0063400),(0.0303366,-0.1515651,0.0063400),(0.0310267,-0.1502157,0.0063400),(0.0310267,-0.1515514,0.0063400),(0.0314320,-0.1515514,0.0063400),(0.0310267,-0.1502157,0.0063400),(0.0314320,-0.1515514,0.0063400),(0.0314320,-0.1493638,0.0063400),(0.0303366,-0.1515651,0.0063400),(0.0310267,-0.1502157,0.0063400),(0.0314320,-0.1493638,0.0063400),(0.0303366,-0.1515651,0.0063400),(0.0314320,-0.1493638,0.0063400),(0.0314222,-0.1492889,0.0063400),(0.0303366,-0.1515651,0.0063400),(0.0314222,-0.1492889,0.0063400),(0.0313929,-0.1492315,0.0063400),(0.0303366,-0.1515651,0.0063400),(0.0313929,-0.1492315,0.0063400),(0.0312838,-0.1491574,0.0063400),(0.0303366,-0.1515651,0.0063400),(0.0312838,-0.1491574,0.0063400),(0.0312235,-0.1491500,0.0063400),(0.0303366,-0.1515651,0.0063400),(0.0312235,-0.1491500,0.0063400),(0.0311473,-0.1491595,0.0063400),(0.0303366,-0.1515651,0.0063400),(0.0311473,-0.1491595,0.0063400),(0.0310404,-0.1492431,0.0063400),(0.0303366,-0.1515651,0.0063400),(0.0310404,-0.1492431,0.0063400),(0.0297630,-0.1516625,0.0063400),(0.0316744,-0.1515514,0.0063400),(0.0303366,-0.1515651,0.0063400),(0.0297630,-0.1516625,0.0063400),(0.0316744,-0.1515514,0.0063400),(0.0297630,-0.1516625,0.0063400),(0.0297281,-0.1517895,0.0063400),(0.0316744,-0.1515514,0.0063400),(0.0297281,-0.1517895,0.0063400),(0.0297535,-0.1518773,0.0063400),(0.0316744,-0.1515514,0.0063400),(0.0297535,-0.1518773,0.0063400),(0.0298305,-0.1519519,0.0063400),(0.0316744,-0.1515514,0.0063400),(0.0298305,-0.1519519,0.0063400),(0.0299408,-0.1519768,0.0063400),(0.0316744,-0.1515514,0.0063400),(0.0299408,-0.1519768,0.0063400),(0.0310055,-0.1519768,0.0063400),(0.0310055,-0.1519768,0.0063400),(0.0310055,-0.1529886,0.0063400),(0.0310211,-0.1530719,0.0063400),(0.0310055,-0.1519768,0.0063400),(0.0310211,-0.1530719,0.0063400),(0.0310679,-0.1531399,0.0063400),(0.0310055,-0.1519768,0.0063400),(0.0310679,-0.1531399,0.0063400),(0.0311367,-0.1531859,0.0063400),(0.0310055,-0.1519768,0.0063400),(0.0311367,-0.1531859,0.0063400),(0.0312182,-0.1532013,0.0063400),(0.0310055,-0.1519768,0.0063400),(0.0312182,-0.1532013,0.0063400),(0.0313005,-0.1531859,0.0063400),(0.0310055,-0.1519768,0.0063400),(0.0313005,-0.1531859,0.0063400),(0.0313696,-0.1531399,0.0063400),(0.0310055,-0.1519768,0.0063400),(0.0313696,-0.1531399,0.0063400),(0.0314164,-0.1530719,0.0063400),(0.0310055,-0.1519768,0.0063400),(0.0314164,-0.1530719,0.0063400),(0.0314320,-0.1529886,0.0063400),(0.0310055,-0.1519768,0.0063400),(0.0314320,-0.1529886,0.0063400),(0.0314320,-0.1519768,0.0063400),(0.0316744,-0.1515514,0.0063400),(0.0310055,-0.1519768,0.0063400),(0.0314320,-0.1519768,0.0063400),(0.0316744,-0.1515514,0.0063400),(0.0314320,-0.1519768,0.0063400),(0.0316744,-0.1519768,0.0063400),(0.0316744,-0.1515514,0.0063400),(0.0316744,-0.1519768,0.0063400),(0.0317580,-0.1519612,0.0063400),(0.0316744,-0.1515514,0.0063400),(0.0317580,-0.1519612,0.0063400),(0.0318268,-0.1519144,0.0063400),(0.0316744,-0.1515514,0.0063400),(0.0318268,-0.1519144,0.0063400),(0.0318728,-0.1518456,0.0063400),(0.0316744,-0.1515514,0.0063400),(0.0318728,-0.1518456,0.0063400),(0.0318882,-0.1517641,0.0063400),(0.0316744,-0.1515514,0.0063400),(0.0318882,-0.1517641,0.0063400),(0.0318728,-0.1516826,0.0063400),(0.0316744,-0.1515514,0.0063400),(0.0318728,-0.1516826,0.0063400),(0.0318268,-0.1516138,0.0063400),(0.0316744,-0.1515514,0.0063400),(0.0318268,-0.1516138,0.0063400),(0.0317580,-0.1515670,0.0063400),(0.0268113,-0.1527917,0.0063400),(0.0279829,-0.1512010,0.0063400),(0.0280474,-0.1511073,0.0063400),(0.0268113,-0.1527917,0.0063400),(0.0280474,-0.1511073,0.0063400),(0.0281033,-0.1510097,0.0063400),(0.0268113,-0.1527917,0.0063400),(0.0281033,-0.1510097,0.0063400),(0.0281506,-0.1509082,0.0063400),(0.0268113,-0.1527917,0.0063400),(0.0281506,-0.1509082,0.0063400),(0.0281893,-0.1508028,0.0063400),(0.0268113,-0.1527917,0.0063400),(0.0281893,-0.1508028,0.0063400),(0.0282194,-0.1506936,0.0063400),(0.0268113,-0.1527917,0.0063400),(0.0282194,-0.1506936,0.0063400),(0.0282409,-0.1505805,0.0063400),(0.0268113,-0.1527917,0.0063400),(0.0282409,-0.1505805,0.0063400),(0.0282538,-0.1504636,0.0063400),(0.0268113,-0.1527917,0.0063400),(0.0282538,-0.1504636,0.0063400),(0.0282581,-0.1503427,0.0063400),(0.0268113,-0.1527917,0.0063400),(0.0282581,-0.1503427,0.0063400),(0.0282529,-0.1502178,0.0063400),(0.0268113,-0.1527917,0.0063400),(0.0282529,-0.1502178,0.0063400),(0.0282376,-0.1500974,0.0063400),(0.0268113,-0.1527917,0.0063400),(0.0282376,-0.1500974,0.0063400),(0.0282119,-0.1499816,0.0063400),(0.0268113,-0.1527917,0.0063400),(0.0282119,-0.1499816,0.0063400),(0.0281761,-0.1498705,0.0063400),(0.0281761,-0.1498705,0.0063400),(0.0281299,-0.1497639,0.0063400),(0.0280735,-0.1496619,0.0063400),(0.0281761,-0.1498705,0.0063400),(0.0280735,-0.1496619,0.0063400),(0.0280069,-0.1495645,0.0063400),(0.0281761,-0.1498705,0.0063400),(0.0280069,-0.1495645,0.0063400),(0.0279300,-0.1494717,0.0063400),(0.0281761,-0.1498705,0.0063400),(0.0279300,-0.1494717,0.0063400),(0.0278571,-0.1493986,0.0063400),(0.0281761,-0.1498705,0.0063400),(0.0278571,-0.1493986,0.0063400),(0.0277797,-0.1493351,0.0063400),(0.0281761,-0.1498705,0.0063400),(0.0277797,-0.1493351,0.0063400),(0.0276978,-0.1492815,0.0063400),(0.0281761,-0.1498705,0.0063400),(0.0276978,-0.1492815,0.0063400),(0.0276114,-0.1492376,0.0063400),(0.0281761,-0.1498705,0.0063400),(0.0276114,-0.1492376,0.0063400),(0.0275205,-0.1492034,0.0063400),(0.0281761,-0.1498705,0.0063400),(0.0275205,-0.1492034,0.0063400),(0.0274252,-0.1491790,0.0063400),(0.0281761,-0.1498705,0.0063400),(0.0274252,-0.1491790,0.0063400),(0.0273253,-0.1491644,0.0063400),(0.0281761,-0.1498705,0.0063400),(0.0273253,-0.1491644,0.0063400),(0.0272209,-0.1491595,0.0063400),(0.0281761,-0.1498705,0.0063400),(0.0272209,-0.1491595,0.0063400),(0.0271224,-0.1491643,0.0063400),(0.0281761,-0.1498705,0.0063400),(0.0271224,-0.1491643,0.0063400),(0.0270269,-0.1491786,0.0063400),(0.0281761,-0.1498705,0.0063400),(0.0270269,-0.1491786,0.0063400),(0.0269344,-0.1492025,0.0063400),(0.0281761,-0.1498705,0.0063400),(0.0269344,-0.1492025,0.0063400),(0.0268449,-0.1492360,0.0063400),(0.0281761,-0.1498705,0.0063400),(0.0268449,-0.1492360,0.0063400),(0.0267585,-0.1492790,0.0063400),(0.0281761,-0.1498705,0.0063400),(0.0267585,-0.1492790,0.0063400),(0.0266750,-0.1493316,0.0063400),(0.0266750,-0.1493316,0.0063400),(0.0265946,-0.1493937,0.0063400),(0.0265171,-0.1494654,0.0063400),(0.0266750,-0.1493316,0.0063400),(0.0265171,-0.1494654,0.0063400),(0.0264380,-0.1495519,0.0063400),(0.0266750,-0.1493316,0.0063400),(0.0264380,-0.1495519,0.0063400),(0.0263694,-0.1496448,0.0063400),(0.0266750,-0.1493316,0.0063400),(0.0263694,-0.1496448,0.0063400),(0.0263114,-0.1497440,0.0063400),(0.0266750,-0.1493316,0.0063400),(0.0263114,-0.1497440,0.0063400),(0.0262639,-0.1498496,0.0063400),(0.0266750,-0.1493316,0.0063400),(0.0262639,-0.1498496,0.0063400),(0.0262270,-0.1499615,0.0063400),(0.0266750,-0.1493316,0.0063400),(0.0262270,-0.1499615,0.0063400),(0.0262006,-0.1500797,0.0063400),(0.0266750,-0.1493316,0.0063400),(0.0262006,-0.1500797,0.0063400),(0.0261848,-0.1502044,0.0063400),(0.0266750,-0.1493316,0.0063400),(0.0261848,-0.1502044,0.0063400),(0.0261795,-0.1503353,0.0063400),(0.0266750,-0.1493316,0.0063400),(0.0261795,-0.1503353,0.0063400),(0.0261795,-0.1503406,0.0063400),(0.0266750,-0.1493316,0.0063400),(0.0261795,-0.1503406,0.0063400),(0.0261951,-0.1504221,0.0063400),(0.0266750,-0.1493316,0.0063400),(0.0261951,-0.1504221,0.0063400),(0.0262419,-0.1504909,0.0063400),(0.0266750,-0.1493316,0.0063400),(0.0262419,-0.1504909,0.0063400),(0.0263107,-0.1505377,0.0063400),(0.0266750,-0.1493316,0.0063400),(0.0263107,-0.1505377,0.0063400),(0.0263922,-0.1505533,0.0063400),(0.0266750,-0.1493316,0.0063400),(0.0263922,-0.1505533,0.0063400),(0.0264737,-0.1505377,0.0063400),(0.0266750,-0.1493316,0.0063400),(0.0264737,-0.1505377,0.0063400),(0.0265425,-0.1504909,0.0063400),(0.0266750,-0.1493316,0.0063400),(0.0265425,-0.1504909,0.0063400),(0.0265901,-0.1504221,0.0063400),(0.0265901,-0.1504221,0.0063400),(0.0266060,-0.1503406,0.0063400),(0.0266060,-0.1503353,0.0063400),(0.0265901,-0.1504221,0.0063400),(0.0266060,-0.1503353,0.0063400),(0.0266093,-0.1502484,0.0063400),(0.0266750,-0.1493316,0.0063400),(0.0265901,-0.1504221,0.0063400),(0.0266093,-0.1502484,0.0063400),(0.0266750,-0.1493316,0.0063400),(0.0266093,-0.1502484,0.0063400),(0.0266193,-0.1501660,0.0063400),(0.0266750,-0.1493316,0.0063400),(0.0266193,-0.1501660,0.0063400),(0.0266359,-0.1500881,0.0063400),(0.0266750,-0.1493316,0.0063400),(0.0266359,-0.1500881,0.0063400),(0.0266592,-0.1500147,0.0063400),(0.0266750,-0.1493316,0.0063400),(0.0266592,-0.1500147,0.0063400),(0.0267257,-0.1498813,0.0063400),(0.0266750,-0.1493316,0.0063400),(0.0267257,-0.1498813,0.0063400),(0.0268187,-0.1497659,0.0063400),(0.0266750,-0.1493316,0.0063400),(0.0268187,-0.1497659,0.0063400),(0.0269096,-0.1496872,0.0063400),(0.0266750,-0.1493316,0.0063400),(0.0269096,-0.1496872,0.0063400),(0.0270066,-0.1496310,0.0063400),(0.0266750,-0.1493316,0.0063400),(0.0270066,-0.1496310,0.0063400),(0.0271096,-0.1495973,0.0063400),(0.0266750,-0.1493316,0.0063400),(0.0271096,-0.1495973,0.0063400),(0.0272188,-0.1495860,0.0063400),(0.0266750,-0.1493316,0.0063400),(0.0272188,-0.1495860,0.0063400),(0.0273320,-0.1495969,0.0063400),(0.0266750,-0.1493316,0.0063400),(0.0273320,-0.1495969,0.0063400),(0.0274357,-0.1496294,0.0063400),(0.0281761,-0.1498705,0.0063400),(0.0266750,-0.1493316,0.0063400),(0.0274357,-0.1496294,0.0063400),(0.0281761,-0.1498705,0.0063400),(0.0274357,-0.1496294,0.0063400),(0.0275299,-0.1496837,0.0063400),(0.0281761,-0.1498705,0.0063400),(0.0275299,-0.1496837,0.0063400),(0.0276146,-0.1497596,0.0063400),(0.0281761,-0.1498705,0.0063400),(0.0276146,-0.1497596,0.0063400),(0.0276662,-0.1498208,0.0063400),(0.0281761,-0.1498705,0.0063400),(0.0276662,-0.1498208,0.0063400),(0.0277109,-0.1498852,0.0063400),(0.0281761,-0.1498705,0.0063400),(0.0277109,-0.1498852,0.0063400),(0.0277797,-0.1500239,0.0063400),(0.0281761,-0.1498705,0.0063400),(0.0277797,-0.1500239,0.0063400),(0.0278210,-0.1501757,0.0063400),(0.0281761,-0.1498705,0.0063400),(0.0278210,-0.1501757,0.0063400),(0.0278313,-0.1502565,0.0063400),(0.0281761,-0.1498705,0.0063400),(0.0278313,-0.1502565,0.0063400),(0.0278347,-0.1503406,0.0063400),(0.0281761,-0.1498705,0.0063400),(0.0278347,-0.1503406,0.0063400),(0.0278318,-0.1504273,0.0063400),(0.0281761,-0.1498705,0.0063400),(0.0278318,-0.1504273,0.0063400),(0.0278230,-0.1505107,0.0063400),(0.0281761,-0.1498705,0.0063400),(0.0278230,-0.1505107,0.0063400),(0.0278084,-0.1505908,0.0063400),(0.0281761,-0.1498705,0.0063400),(0.0278084,-0.1505908,0.0063400),(0.0277879,-0.1506676,0.0063400),(0.0281761,-0.1498705,0.0063400),(0.0277879,-0.1506676,0.0063400),(0.0277294,-0.1508113,0.0063400),(0.0268113,-0.1527917,0.0063400),(0.0281761,-0.1498705,0.0063400),(0.0277294,-0.1508113,0.0063400),(0.0268113,-0.1527917,0.0063400),(0.0277294,-0.1508113,0.0063400),(0.0276474,-0.1509418,0.0063400),(0.0268113,-0.1527917,0.0063400),(0.0276474,-0.1509418,0.0063400),(0.0262240,-0.1528753,0.0063400),(0.0280475,-0.1527917,0.0063400),(0.0268113,-0.1527917,0.0063400),(0.0262240,-0.1528753,0.0063400),(0.0280475,-0.1527917,0.0063400),(0.0262240,-0.1528753,0.0063400),(0.0261774,-0.1530002,0.0063400),(0.0280475,-0.1527917,0.0063400),(0.0261774,-0.1530002,0.0063400),(0.0261795,-0.1530351,0.0063400),(0.0280475,-0.1527917,0.0063400),(0.0261795,-0.1530351,0.0063400),(0.0262060,-0.1531137,0.0063400),(0.0280475,-0.1527917,0.0063400),(0.0262060,-0.1531137,0.0063400),(0.0262578,-0.1531695,0.0063400),(0.0280475,-0.1527917,0.0063400),(0.0262578,-0.1531695,0.0063400),(0.0263263,-0.1532045,0.0063400),(0.0280475,-0.1527917,0.0063400),(0.0263263,-0.1532045,0.0063400),(0.0263922,-0.1532161,0.0063400),(0.0280475,-0.1527917,0.0063400),(0.0263922,-0.1532161,0.0063400),(0.0280475,-0.1532161,0.0063400),(0.0280475,-0.1527917,0.0063400),(0.0280475,-0.1532161,0.0063400),(0.0281308,-0.1532010,0.0063400),(0.0280475,-0.1527917,0.0063400),(0.0281308,-0.1532010,0.0063400),(0.0281988,-0.1531558,0.0063400),(0.0280475,-0.1527917,0.0063400),(0.0281988,-0.1531558,0.0063400),(0.0282433,-0.1530878,0.0063400),(0.0280475,-0.1527917,0.0063400),(0.0282433,-0.1530878,0.0063400),(0.0282581,-0.1530044,0.0063400),(0.0280475,-0.1527917,0.0063400),(0.0282581,-0.1530044,0.0063400),(0.0282433,-0.1529203,0.0063400),(0.0280475,-0.1527917,0.0063400),(0.0282433,-0.1529203,0.0063400),(0.0281988,-0.1528520,0.0063400),(0.0280475,-0.1527917,0.0063400),(0.0281988,-0.1528520,0.0063400),(0.0281329,-0.1528068,0.0063400),(0.0248037,-0.1491574,0.0063400),(0.0246862,-0.1492040,0.0063400),(0.0240787,-0.1497056,0.0063400),(0.0248037,-0.1491574,0.0063400),(0.0240787,-0.1497056,0.0063400),(0.0240210,-0.1497734,0.0063400),(0.0248037,-0.1491574,0.0063400),(0.0240210,-0.1497734,0.0063400),(0.0239962,-0.1498453,0.0063400),(0.0248037,-0.1491574,0.0063400),(0.0239962,-0.1498453,0.0063400),(0.0239962,-0.1498792,0.0063400),(0.0248037,-0.1491574,0.0063400),(0.0239962,-0.1498792,0.0063400),(0.0240300,-0.1500072,0.0063400),(0.0248037,-0.1491574,0.0063400),(0.0240300,-0.1500072,0.0063400),(0.0240893,-0.1500641,0.0063400),(0.0248037,-0.1491574,0.0063400),(0.0240893,-0.1500641,0.0063400),(0.0241697,-0.1500930,0.0063400),(0.0248037,-0.1491574,0.0063400),(0.0241697,-0.1500930,0.0063400),(0.0242110,-0.1500951,0.0063400),(0.0248037,-0.1491574,0.0063400),(0.0242110,-0.1500951,0.0063400),(0.0243264,-0.1500580,0.0063400),(0.0248037,-0.1491574,0.0063400),(0.0243264,-0.1500580,0.0063400),(0.0245973,-0.1498189,0.0063400),(0.0248037,-0.1491574,0.0063400),(0.0245973,-0.1498189,0.0063400),(0.0245973,-0.1530044,0.0063400),(0.0248037,-0.1491574,0.0063400),(0.0245973,-0.1530044,0.0063400),(0.0246126,-0.1530865,0.0063400),(0.0248037,-0.1491574,0.0063400),(0.0246126,-0.1530865,0.0063400),(0.0246587,-0.1531547,0.0063400),(0.0248037,-0.1491574,0.0063400),(0.0246587,-0.1531547,0.0063400),(0.0247269,-0.1532008,0.0063400),(0.0248037,-0.1491574,0.0063400),(0.0247269,-0.1532008,0.0063400),(0.0248090,-0.1532161,0.0063400),(0.0248037,-0.1491574,0.0063400),(0.0248090,-0.1532161,0.0063400),(0.0248918,-0.1532008,0.0063400),(0.0248037,-0.1491574,0.0063400),(0.0248918,-0.1532008,0.0063400),(0.0249603,-0.1531547,0.0063400),(0.0248037,-0.1491574,0.0063400),(0.0249603,-0.1531547,0.0063400),(0.0250063,-0.1530865,0.0063400),(0.0248037,-0.1491574,0.0063400),(0.0250063,-0.1530865,0.0063400),(0.0250217,-0.1530044,0.0063400),(0.0248037,-0.1491574,0.0063400),(0.0250217,-0.1530044,0.0063400),(0.0250217,-0.1493775,0.0063400),(0.0248037,-0.1491574,0.0063400),(0.0250217,-0.1493775,0.0063400),(0.0249934,-0.1492643,0.0063400),(0.0248037,-0.1491574,0.0063400),(0.0249934,-0.1492643,0.0063400),(0.0249084,-0.1491892,0.0063400),(0.0287163,-0.1531857,0.0063400),(0.0287894,-0.1532923,0.0063400),(0.0288960,-0.1533653,0.0063400),(0.0287163,-0.1531857,0.0063400),(0.0288960,-0.1533653,0.0063400),(0.0290211,-0.1533897,0.0063400),(0.0287163,-0.1531857,0.0063400),(0.0290211,-0.1533897,0.0063400),(0.0291460,-0.1533653,0.0063400),(0.0287163,-0.1531857,0.0063400),(0.0291460,-0.1533653,0.0063400),(0.0292518,-0.1532923,0.0063400),(0.0287163,-0.1531857,0.0063400),(0.0292518,-0.1532923,0.0063400),(0.0293249,-0.1531857,0.0063400),(0.0287163,-0.1531857,0.0063400),(0.0293249,-0.1531857,0.0063400),(0.0293492,-0.1530605,0.0063400),(0.0287163,-0.1531857,0.0063400),(0.0293492,-0.1530605,0.0063400),(0.0293249,-0.1529354,0.0063400),(0.0287163,-0.1531857,0.0063400),(0.0293249,-0.1529354,0.0063400),(0.0292518,-0.1528288,0.0063400),(0.0287163,-0.1531857,0.0063400),(0.0292518,-0.1528288,0.0063400),(0.0291460,-0.1527557,0.0063400),(0.0287163,-0.1531857,0.0063400),(0.0291460,-0.1527557,0.0063400),(0.0290211,-0.1527314,0.0063400),(0.0287163,-0.1531857,0.0063400),(0.0290211,-0.1527314,0.0063400),(0.0288960,-0.1527557,0.0063400),(0.0287163,-0.1531857,0.0063400),(0.0288960,-0.1527557,0.0063400),(0.0287894,-0.1528288,0.0063400),(0.0287163,-0.1531857,0.0063400),(0.0287894,-0.1528288,0.0063400),(0.0287163,-0.1529354,0.0063400),(0.0287163,-0.1531857,0.0063400),(0.0287163,-0.1529354,0.0063400),(0.0286920,-0.1530605,0.0063400)));
#1758=COMPLEX_TRIANGULATED_SURFACE_SET('surface set',#1757,2085,(),(),(),((1,2,3),(4,5,6),(7,8,9),(10,11,12),(13,14,15),(16,17,18),(19,20,21),(22,23,24),(25,26,27),(28,29,30),(31,32,33),(34,35,36),(37,38,39),(40,41,42),(43,44,45),(46,47,48),(49,50,51),(52,53,54),(55,56,57),(58,59,60),(61,62,63),(64,65,66),(67,68,69),(70,71,72),(73,74,75),(76,77,78),(79,80,81),(82,83,84),(85,86,87),(88,89,90),(91,92,93),(94,95,96),(97,98,99),(100,101,102),(103,104,105),(106,107,108),(109,110,111),(112,113,114),(115,116,117),(118,119,120),(121,122,123),(124,125,126),(127,128,129),(130,131,132),(133,134,135),(136,137,138),(139,140,141),(142,143,144),(145,146,147),(148,149,150),(151,152,153),(154,155,156),(157,158,159),(160,161,162),(163,164,165),(166,167,168),(169,170,171),(172,173,174),(175,176,177),(178,179,180),(181,182,183),(184,185,186),(187,188,189),(190,191,192),(193,194,195),(196,197,198),(199,200,201),(202,203,204),(205,206,207),(208,209,210),(211,212,213),(214,215,216),(217,218,219),(220,221,222),(223,224,225),(226,227,228),(229,230,231),(232,233,234),(235,236,237),(238,239,240),(241,242,243),(244,245,246),(247,248,249),(250,251,252),(253,254,255),(256,257,258),(259,260,261),(262,263,264),(265,266,267),(268,269,270),(271,272,273),(274,275,276),(277,278,279),(280,281,282),(283,284,285),(286,287,288),(289,290,291),(292,293,294),(295,296,297),(298,299,300),(301,302,303),(304,305,306),(307,308,309),(310,311,312),(313,314,315),(316,317,318),(319,320,321),(322,323,324),(325,326,327),(328,329,330),(331,332,333),(334,335,336),(337,338,339),(340,341,342),(343,344,345),(346,347,348),(349,350,351),(352,353,354),(355,356,357),(358,359,360),(361,362,363),(364,365,366),(367,368,369),(370,371,372),(373,374,375),(376,377,378),(379,380,381),(382,383,384),(385,386,387),(388,389,390),(391,392,393),(394,395,396),(397,398,399),(400,401,402),(403,404,405),(406,407,408),(409,410,411),(412,413,414),(415,416,417),(418,419,420),(421,422,423),(424,425,426),(427,428,429),(430,431,432),(433,434,435),(436,437,438),(439,440,441),(442,443,444),(445,446,447),(448,449,450),(451,452,453),(454,455,456),(457,458,459),(460,461,462),(463,464,465),(466,467,468),(469,470,471),(472,473,474),(475,476,477),(478,479,480),(481,482,483),(484,485,486),(487,488,489),(490,491,492),(493,494,495),(496,497,498),(499,500,501),(502,503,504),(505,506,507),(508,509,510),(511,512,513),(514,515,516),(517,518,519),(520,521,522),(523,524,525),(526,527,528),(529,530,531),(532,533,534),(535,536,537),(538,539,540),(541,542,543),(544,545,546),(547,548,549),(550,551,552),(553,554,555),(556,557,558),(559,560,561),(562,563,564),(565,566,567),(568,569,570),(571,572,573),(574,575,576),(577,578,579),(580,581,582),(583,584,585),(586,587,588),(589,590,591),(592,593,594),(595,596,597),(598,599,600),(601,602,603),(604,605,606),(607,608,609),(610,611,612),(613,614,615),(616,617,618),(619,620,621),(622,623,624),(625,626,627),(628,629,630),(631,632,633),(634,635,636),(637,638,639),(640,641,642),(643,644,645),(646,647,648),(649,650,651),(652,653,654),(655,656,657),(658,659,660),(661,662,663),(664,665,666),(667,668,669),(670,671,672),(673,674,675),(676,677,678),(679,680,681),(682,683,684),(685,686,687),(688,689,690),(691,692,693),(694,695,696),(697,698,699),(700,701,702),(703,704,705),(706,707,708),(709,710,711),(712,713,714),(715,716,717),(718,719,720),(721,722,723),(724,725,726),(727,728,729),(730,731,732),(733,734,735),(736,737,738),(739,740,741),(742,743,744),(745,746,747),(748,749,750),(751,752,753),(754,755,756),(757,758,759),(760,761,762),(763,764,765),(766,767,768),(769,770,771),(772,773,774),(775,776,777),(778,779,780),(781,782,783),(784,785,786),(787,788,789),(790,791,792),(793,794,795),(796,797,798),(799,800,801),(802,803,804),(805,806,807),(808,809,810),(811,812,813),(814,815,816),(817,818,819),(820,821,822),(823,824,825),(826,827,828),(829,830,831),(832,833,834),(835,836,837),(838,839,840),(841,842,843),(844,845,846),(847,848,849),(850,851,852),(853,854,855),(856,857,858),(859,860,861),(862,863,864),(865,866,867),(868,869,870),(871,872,873),(874,875,876),(877,878,879),(880,881,882),(883,884,885),(886,887,888),(889,890,891),(892,893,894),(895,896,897),(898,899,900),(901,902,903),(904,905,906),(907,908,909),(910,911,912),(913,914,915),(916,917,918),(919,920,921),(922,923,924),(925,926,927),(928,929,930),(931,932,933),(934,935,936),(937,938,939),(940,941,942),(943,944,945),(946,947,948),(949,950,951),(952,953,954),(955,956,957),(958,959,960),(961,962,963),(964,965,966),(967,968,969),(970,971,972),(973,974,975),(976,977,978),(979,980,981),(982,983,984),(985,986,987),(988,989,990),(991,992,993),(994,995,996),(997,998,999),(1000,1001,1002),(1003,1004,1005),(1006,1007,1008),(1009,1010,1011),(1012,1013,1014),(1015,1016,1017),(1018,1019,1020),(1021,1022,1023),(1024,1025,1026),(1027,1028,1029),(1030,1031,1032),(1033,1034,1035),(1036,1037,1038),(1039,1040,1041),(1042,1043,1044),(1045,1046,1047),(1048,1049,1050),(1051,1052,1053),(1054,1055,1056),(1057,1058,1059),(1060,1061,1062),(1063,1064,1065),(1066,1067,1068),(1069,1070,1071),(1072,1073,1074),(1075,1076,1077),(1078,1079,1080),(1081,1082,1083),(1084,1085,1086),(1087,1088,1089),(1090,1091,1092),(1093,1094,1095),(1096,1097,1098),(1099,1100,1101),(1102,1103,1104),(1105,1106,1107),(1108,1109,1110),(1111,1112,1113),(1114,1115,1116),(1117,1118,1119),(1120,1121,1122),(1123,1124,1125),(1126,1127,1128),(1129,1130,1131),(1132,1133,1134),(1135,1136,1137),(1138,1139,1140),(1141,1142,1143),(1144,1145,1146),(1147,1148,1149),(1150,1151,1152),(1153,1154,1155),(1156,1157,1158),(1159,1160,1161),(1162,1163,1164),(1165,1166,1167),(1168,1169,1170),(1171,1172,1173),(1174,1175,1176),(1177,1178,1179),(1180,1181,1182),(1183,1184,1185),(1186,1187,1188),(1189,1190,1191),(1192,1193,1194),(1195,1196,1197),(1198,1199,1200),(1201,1202,1203),(1204,1205,1206),(1207,1208,1209),(1210,1211,1212),(1213,1214,1215),(1216,1217,1218),(1219,1220,1221),(1222,1223,1224),(1225,1226,1227),(1228,1229,1230),(1231,1232,1233),(1234,1235,1236),(1237,1238,1239),(1240,1241,1242),(1243,1244,1245),(1246,1247,1248),(1249,1250,1251),(1252,1253,1254),(1255,1256,1257),(1258,1259,1260),(1261,1262,1263),(1264,1265,1266),(1267,1268,1269),(1270,1271,1272),(1273,1274,1275),(1276,1277,1278),(1279,1280,1281),(1282,1283,1284),(1285,1286,1287),(1288,1289,1290),(1291,1292,1293),(1294,1295,1296),(1297,1298,1299),(1300,1301,1302),(1303,1304,1305),(1306,1307,1308),(1309,1310,1311),(1312,1313,1314),(1315,1316,1317),(1318,1319,1320),(1321,1322,1323),(1324,1325,1326),(1327,1328,1329),(1330,1331,1332),(1333,1334,1335),(1336,1337,1338),(1339,1340,1341),(1342,1343,1344),(1345,1346,1347),(1348,1349,1350),(1351,1352,1353),(1354,1355,1356),(1357,1358,1359),(1360,1361,1362),(1363,1364,1365),(1366,1367,1368),(1369,1370,1371),(1372,1373,1374),(1375,1376,1377),(1378,1379,1380),(1381,1382,1383),(1384,1385,1386),(1387,1388,1389),(1390,1391,1392),(1393,1394,1395),(1396,1397,1398),(1399,1400,1401),(1402,1403,1404),(1405,1406,1407),(1408,1409,1410),(1411,1412,1413),(1414,1415,1416),(1417,1418,1419),(1420,1421,1422),(1423,1424,1425),(1426,1427,1428),(1429,1430,1431),(1432,1433,1434),(1435,1436,1437),(1438,1439,1440),(1441,1442,1443),(1444,1445,1446),(1447,1448,1449),(1450,1451,1452),(1453,1454,1455),(1456,1457,1458),(1459,1460,1461),(1462,1463,1464),(1465,1466,1467),(1468,1469,1470),(1471,1472,1473),(1474,1475,1476),(1477,1478,1479),(1480,1481,1482),(1483,1484,1485),(1486,1487,1488),(1489,1490,1491),(1492,1493,1494),(1495,1496,1497),(1498,1499,1500),(1501,1502,1503),(1504,1505,1506),(1507,1508,1509),(1510,1511,1512),(1513,1514,1515),(1516,1517,1518),(1519,1520,1521),(1522,1523,1524),(1525,1526,1527),(1528,1529,1530),(1531,1532,1533),(1534,1535,1536),(1537,1538,1539),(1540,1541,1542),(1543,1544,1545),(1546,1547,1548),(1549,1550,1551),(1552,1553,1554),(1555,1556,1557),(1558,1559,1560),(1561,1562,1563),(1564,1565,1566),(1567,1568,1569),(1570,1571,1572),(1573,1574,1575),(1576,1577,1578),(1579,1580,1581),(1582,1583,1584),(1585,1586,1587),(1588,1589,1590),(1591,1592,1593),(1594,1595,1596),(1597,1598,1599),(1600,1601,1602),(1603,1604,1605),(1606,1607,1608),(1609,1610,1611),(1612,1613,1614),(1615,1616,1617),(1618,1619,1620),(1621,1622,1623),(1624,1625,1626),(1627,1628,1629),(1630,1631,1632),(1633,1634,1635),(1636,1637,1638),(1639,1640,1641),(1642,1643,1644),(1645,1646,1647),(1648,1649,1650),(1651,1652,1653),(1654,1655,1656),(1657,1658,1659),(1660,1661,1662),(1663,1664,1665),(1666,1667,1668),(1669,1670,1671),(1672,1673,1674),(1675,1676,1677),(1678,1679,1680),(1681,1682,1683),(1684,1685,1686),(1687,1688,1689),(1690,1691,1692),(1693,1694,1695),(1696,1697,1698),(1699,1700,1701),(1702,1703,1704),(1705,1706,1707),(1708,1709,1710),(1711,1712,1713),(1714,1715,1716),(1717,1718,1719),(1720,1721,1722),(1723,1724,1725),(1726,1727,1728),(1729,1730,1731),(1732,1733,1734),(1735,1736,1737),(1738,1739,1740),(1741,1742,1743),(1744,1745,1746),(1747,1748,1749),(1750,1751,1752),(1753,1754,1755),(1756,1757,1758),(1759,1760,1761),(1762,1763,1764),(1765,1766,1767),(1768,1769,1770),(1771,1772,1773),(1774,1775,1776),(1777,1778,1779),(1780,1781,1782),(1783,1784,1785),(1786,1787,1788),(1789,1790,1791),(1792,1793,1794),(1795,1796,1797),(1798,1799,1800),(1801,1802,1803),(1804,1805,1806),(1807,1808,1809),(1810,1811,1812),(1813,1814,1815),(1816,1817,1818),(1819,1820,1821),(1822,1823,1824),(1825,1826,1827),(1828,1829,1830),(1831,1832,1833),(1834,1835,1836),(1837,1838,1839),(1840,1841,1842),(1843,1844,1845),(1846,1847,1848),(1849,1850,1851),(1852,1853,1854),(1855,1856,1857),(1858,1859,1860),(1861,1862,1863),(1864,1865,1866),(1867,1868,1869),(1870,1871,1872),(1873,1874,1875),(1876,1877,1878),(1879,1880,1881),(1882,1883,1884),(1885,1886,1887),(1888,1889,1890),(1891,1892,1893),(1894,1895,1896),(1897,1898,1899),(1900,1901,1902),(1903,1904,1905),(1906,1907,1908),(1909,1910,1911),(1912,1913,1914),(1915,1916,1917),(1918,1919,1920),(1921,1922,1923),(1924,1925,1926),(1927,1928,1929),(1930,1931,1932),(1933,1934,1935),(1936,1937,1938),(1939,1940,1941),(1942,1943,1944),(1945,1946,1947),(1948,1949,1950),(1951,1952,1953),(1954,1955,1956),(1957,1958,1959),(1960,1961,1962),(1963,1964,1965),(1966,1967,1968),(1969,1970,1971),(1972,1973,1974),(1975,1976,1977),(1978,1979,1980),(1981,1982,1983),(1984,1985,1986),(1987,1988,1989),(1990,1991,1992),(1993,1994,1995),(1996,1997,1998),(1999,2000,2001),(2002,2003,2004),(2005,2006,2007),(2008,2009,2010),(2011,2012,2013),(2014,2015,2016),(2017,2018,2019),(2020,2021,2022),(2023,2024,2025),(2026,2027,2028),(2029,2030,2031),(2032,2033,2034),(2035,2036,2037),(2038,2039,2040),(2041,2042,2043),(2044,2045,2046),(2047,2048,2049),(2050,2051,2052),(2053,2054,2055),(2056,2057,2058),(2059,2060,2061),(2062,2063,2064),(2065,2066,2067),(2068,2069,2070),(2071,2072,2073),(2074,2075,2076),(2077,2078,2079),(2080,2081,2082),(2083,2084,2085)));
#1759=TESSELLATED_GEOMETRIC_SET('hole callout',(#1758));
#1760=COORDINATES_LIST('coordinates',5,((0.0062985,-0.1558067,0.0063400),(0.0325282,-0.1558067,0.0063400),(-0.0029015,-0.1600067,0.0063400),(0.0012985,-0.1558067,0.0063400),(0.0062985,-0.1558067,0.0063400)));
#1761=TESSELLATED_CURVE_SET('curve set',#1760,((1,2),(3,4,5)));
#1762=TESSELLATED_GEOMETRIC_SET('hole callout',(#1761));
#1763=TESSELLATED_ANNOTATION_OCCURRENCE('hole callout',(#1756),#1759);
#1764=TESSELLATED_ANNOTATION_OCCURRENCE('hole callout',(#1756),#1762);
#1765=DRAUGHTING_CALLOUT('hole callout',(#1763,#1764));
#1766=DRAUGHTING_MODEL_ITEM_ASSOCIATION('','',#1716,#1752,#1765);
#1767=DRAUGHTING_MODEL_ITEM_ASSOCIATION('','',#1724,#1752,#1765);
#1768=DRAUGHTING_MODEL_ITEM_ASSOCIATION('','',#1703,#1752,#1765);
ENDSEC;
END-ISO-10303-21;
